contract,strategy,cumulative_return,annualized_return,annualized_volatility,sharpe_ratio,max_drawdown,calmar_ratio,win_rate,turnover
T,long_only_benchmark,0.087254,0.026401,0.024206,1.090678,0.022459,1.175535,0.558714,0.0
T,vpin_strategy,-0.025223,-0.007926,0.009176,-0.863792,0.02737,-0.28959,0.086527,0.276885
TL,long_only_benchmark,0.136246,0.057886,0.070659,0.819232,0.09525,0.607727,0.557692,0.0
TL,vpin_strategy,0.005641,0.002481,0.033707,0.073608,0.041573,0.059681,0.075175,0.244755
