contract,strategy,cumulative_return,annualized_return,annualized_volatility,sharpe_ratio,max_drawdown,calmar_ratio,win_rate,turnover
T,long_only_benchmark,0.05836,0.026041,0.024506,1.062654,0.022459,1.159514,0.552158,0.0
T,vpin_strategy,0.051687,0.023104,0.022652,1.019954,0.02638,0.875799,0.465827,0.273381
TL,long_only_benchmark,0.121149,0.052903,0.071131,0.743747,0.09525,0.555418,0.556351,0.0
TL,vpin_strategy,0.130385,0.056805,0.062415,0.910117,0.072508,0.78343,0.463327,0.250447
