contract,date,position,turnover,strategy_return,benchmark_return,strategy_nav,benchmark_nav,strategy_drawdown,benchmark_drawdown
T,2015-03-20,1.0,0.0,0.0,0.0,1.0,1.0,0.0,0.0
T,2015-03-23,1.0,0.0,-0.0007209805335256503,-0.0007209805335256503,0.9992790194664743,0.9992790194664743,-0.0007209805335256503,-0.0007209805335256503
T,2015-03-24,1.0,0.0,-0.001030715316429509,-0.001030715316429509,0.9982490472757236,0.9982490472757236,-0.001750952724276389,-0.001750952724276389
T,2015-03-25,1.0,0.0,-0.0007222451506397887,-0.0007222451506397887,0.997528066742198,0.997528066742198,-0.002471933257802039,-0.002471933257802039
T,2015-03-26,1.0,0.0,-0.004956117707795471,-0.004956117707795471,0.992584200226594,0.992584200226594,-0.007415799773406007,-0.007415799773406007
T,2015-03-27,1.0,0.0,0.001245200788626999,0.001245200788626999,0.9938201668554949,0.9938201668554949,-0.006179833144505098,-0.006179833144505098
T,2015-03-30,1.0,0.0,-0.003420043527826655,-0.003420043527826655,0.9904212586260172,0.9904212586260172,-0.009578741373982846,-0.009578741373982846
T,2015-03-31,1.0,0.0,-0.0053036605657237335,-0.0053036605657237335,0.9851684004531879,0.9851684004531879,-0.014831599546812124,-0.014831599546812124
T,2015-04-01,1.0,0.0,0.004652378463146922,0.004652378463146922,0.9897517767020292,0.9897517767020292,-0.010248223297970815,-0.010248223297970815
T,2015-04-02,1.0,0.0,0.002341432956969536,0.002341432956969536,0.9920692141312185,0.9920692141312185,-0.007930785868781487,-0.007930785868781487
T,2015-04-03,1.0,0.0,-0.0032184385382058034,-0.0032184385382058034,0.988876300339891,0.988876300339891,-0.011123699660108954,-0.011123699660108954
T,2015-04-07,1.0,0.0,-0.0008332465368190434,-0.0008332465368190434,0.9880523225872904,0.9880523225872904,-0.011947677412709634,-0.011947677412709634
T,2015-04-08,1.0,0.0,-0.008026686125299776,-0.008026686125299776,0.9801215367185088,0.9801215367185088,-0.019878463281491232,-0.019878463281491232
T,2015-04-09,1.0,0.0,0.0011034047919293855,0.0011034047919293855,0.9812030075187972,0.9812030075187972,-0.018796992481202812,-0.018796992481202812
T,2015-04-10,1.0,0.0,-0.000787277594079705,-0.000787277594079705,0.980430528375734,0.980430528375734,-0.019569471624266033,-0.019569471624266033
T,2015-04-13,1.0,0.0,0.004622334278810758,0.004622334278810758,0.9849624060150377,0.9849624060150377,-0.015037593984962294,-0.015037593984962294
T,2015-04-14,1.0,0.0,-0.0006274181742131901,-0.0006274181742131901,0.9843444227005871,0.9843444227005871,-0.015655577299412915,-0.015655577299412915
T,2015-04-15,1.0,0.0,0.006068850057549646,0.006068850057549646,0.9903182614069422,0.9903182614069422,-0.009681738593057765,-0.009681738593057765
T,2015-04-16,1.0,0.0,0.00031201248049916863,0.00031201248049916863,0.9906272530641674,0.9906272530641674,-0.009372746935832565,-0.009372746935832565
T,2015-04-17,1.0,0.0,0.0012476606363067688,0.0012476606363067688,0.9918632196930683,0.9918632196930683,-0.008136780306931657,-0.008136780306931657
T,2015-04-20,1.0,0.0,0.00986500519210809,0.00986500519210809,1.0016479555052016,1.0016479555052016,0.0,0.0
T,2015-04-21,1.0,0.0,0.001439588688946003,0.001439588688946003,1.0030899165722527,1.0030899165722527,0.0,0.0
T,2015-04-22,1.0,0.0,0.00030803983981919636,0.00030803983981919636,1.0033989082294779,1.0033989082294779,0.0,0.0
T,2015-04-23,1.0,0.0,-0.0008211866146581315,-0.0008211866146581315,1.0025749304768772,1.0025749304768772,-0.0008211866146581315,-0.0008211866146581315
T,2015-04-24,1.0,0.0,-0.0031847133757961776,-0.0031847133757961776,0.9993820166855496,0.9993820166855496,-0.004003284746458613,-0.004003284746458613
T,2015-04-27,1.0,0.0,0.0075234463567968035,0.0075234463567968035,1.0069008136780306,1.0069008136780306,0.0,0.0
T,2015-04-28,1.0,0.0,-0.00020458265139122744,-0.00020458265139122744,1.0066948192398804,1.0066948192398804,-0.00020458265139122744,-0.00020458265139122744
T,2015-04-29,1.0,0.0,-0.0005115612850419282,-0.0005115612850419282,1.0061798331445049,1.0061798331445049,-0.000716039279869185,-0.000716039279869185
T,2015-04-30,1.0,0.0,0.0027126625038387253,0.0027126625038387253,1.0089092594499947,1.0089092594499947,0.0,0.0
T,2015-05-05,1.0,0.0,-0.004593946199785592,-0.004593946199785592,1.0042743845916158,1.0042743845916158,-0.004593946199785703,-0.004593946199785703
T,2015-05-06,1.0,0.0,-0.0035895595097686916,-0.0035895595097686916,1.0006694819239879,1.0006694819239879,-0.00816701546628551,-0.00816701546628551
T,2015-05-07,1.0,0.0,0.0004631773969430153,0.0004631773969430153,1.0011329694098257,1.0011329694098257,-0.007707620846307051,-0.007707620846307051
T,2015-05-08,1.0,0.0,0.002572016460905324,0.002572016460905324,1.0037078998867028,1.0037078998867028,-0.005155428513092808,-0.005155428513092808
T,2015-05-11,1.0,0.0,-0.001334017444843627,-0.001334017444843627,1.0023689360387267,1.0023689360387267,-0.006482568526364196,-0.006482568526364196
T,2015-05-12,0.0,1.0,-0.0,-0.00339087546239214,1.0023689360387267,0.9989700278092488,-0.006482568526364196,-0.009851462406207045
T,2015-05-13,1.0,1.0,0.002422930198989537,0.002422930198989537,1.004797606004384,1.0013904624575132,-0.0040753451384242245,-0.007452401612985882
T,2015-05-14,1.0,0.0,-0.001285677552069986,-0.001285677552069986,1.0035057602779704,1.0001029972190745,-0.005355783110732815,-0.008728497779593059
T,2015-05-15,1.0,0.0,0.0008753861997941037,0.0008753861997941037,1.0043842153719316,1.0009784735812128,-0.00448508528956304,-0.00786075238630013
T,2015-05-18,1.0,0.0,-0.004939033801512616,-0.004939033801512616,0.9994235277825039,0.9960346070656088,-0.009401967103227826,-0.012760961666071435
T,2015-05-19,0.0,1.0,-0.0,-0.0014994054082001496,0.9994235277825039,0.9945411473890201,-0.009401967103227826,-0.01424123321933557
T,2015-05-20,0.0,0.0,0.0,0.003314001657000798,0.9994235277825039,0.9978370583994228,-0.009401967103227826,-0.010974427032821366
T,2015-05-21,1.0,1.0,-0.0021160198183319823,-0.0021160198183319823,0.9973087277908088,0.9957256154083836,-0.011498092172838037,-0.013067224746057038
T,2015-05-22,1.0,0.0,0.0006723558313939115,0.0006723558313939115,0.997979274129639,0.9963950973323716,-0.010833467150766385,-0.0124036547394214
T,2015-05-25,1.0,0.0,-0.0022741368616910895,-0.0022741368616910895,0.9957097326751371,0.9941291585127198,-0.013082967225470088,-0.014649583992649928
T,2015-05-26,1.0,0.0,-0.008910070451719876,-0.008910070451719876,0.9868378888075384,0.9852713976722625,-0.021876467517493503,-0.023429125618906865
T,2015-05-27,1.0,0.0,0.0014635166213674555,0.0014635166213674555,0.9882821424604035,0.9867133587393138,-0.02044496746995461,-0.02199989791230672
T,2015-05-28,0.0,1.0,-0.0,-0.008350730688935215,0.9882821424604035,0.9784735812133071,-0.02044496746995461,-0.03016691337859223
T,2015-05-29,1.0,1.0,-0.0008421052631578663,-0.0008421052631578663,0.9874499048667527,0.9776496034607064,-0.021269855918400915,-0.030983614925220726
T,2015-06-01,1.0,0.0,-0.007427307206068212,-0.007427307206068212,0.9801158110727044,0.970388299515913,-0.028539185370334508,-0.03818079730488477
T,2015-06-02,0.0,1.0,0.0,0.008225866369474089,0.9801158110727044,0.978370583994232,-0.028539185370334508,-0.030269001071920654
T,2015-06-03,1.0,1.0,0.0007369196757553986,0.0007369196757553986,0.9808380776984028,0.9790915645277577,-0.027823296781808504,-0.029554387218620692
T,2015-06-04,1.0,0.0,-0.0015779507679360982,-0.0015779507679360982,0.9792903635004776,0.9775466062416314,-0.02935734375722132,-0.03108570261854926
T,2015-06-05,0.0,1.0,0.0,0.004109156042566564,0.9792903635004776,0.9815634977855596,-0.02935734375722132,-0.027104282578735095
T,2015-06-08,1.0,1.0,0.0027282266526758026,0.0027282266526758026,0.9819620895708882,0.9842414254815118,-0.026709210592235744,-0.024450002552192318
T,2015-06-09,1.0,0.0,-0.0008894935119297953,-0.0008894935119297953,0.9810886406632539,0.9833659491193735,-0.027574946434634984,-0.025317747945485247
T,2015-06-10,0.0,1.0,-0.0,-0.005184603299292934,0.9810886406632539,0.9782675867751568,-0.027574946434634984,-0.03037108876524941
T,2015-06-11,0.0,0.0,-0.0,-0.0015792798483892367,0.9810886406632539,0.9767226284890305,-0.027574946434634984,-0.03190240416517798
T,2015-06-12,1.0,1.0,-0.0022144890857322963,-0.0022144890857322963,0.9789160305763691,0.9745596868884537,-0.02972837110244808,-0.03404624572507797
T,2015-06-15,0.0,1.0,-0.0,-0.004385964912280715,0.9789160305763691,0.9702853022968377,-0.02972837110244808,-0.03828288499821353
T,2015-06-16,1.0,1.0,0.009819011729738314,0.009819011729738314,0.9885280185630273,0.9798125450612831,-0.02020126259727084,-0.028839773365320842
T,2015-06-17,1.0,0.0,-0.0017870282770945378,-0.0017870282770945378,0.986761491041155,0.9780615923370066,-0.021952190646870928,-0.03057526415190659
T,2015-06-18,0.0,1.0,0.0,0.003053917438921694,0.986761491041155,0.9810485116901841,-0.021952190646870928,-0.027614721045377988
T,2015-06-19,0.0,0.0,-0.0,-0.002414698162729656,0.986761491041155,0.9786795756514572,-0.021952190646870928,-0.02996273799193505
T,2015-06-23,1.0,1.0,-0.0011576510208377577,-0.0011576510208377577,0.9856191655937278,0.9775466062416313,-0.023084428691796832,-0.03108570261854937
T,2015-06-24,1.0,0.0,-0.00027394373617106726,-0.00027394373617106726,0.9853491613970632,0.977278813472036,-0.023352048593324626,-0.03135113062120365
T,2015-06-25,1.0,0.0,-0.0008852915138485296,-0.0008852915138485296,0.9844768401463007,0.9764136368318053,-0.024216666736722514,-0.03220866724516369
T,2015-06-26,1.0,0.0,-0.0008966244725737704,-0.0008966244725737704,0.9835941341187434,0.9755381604696671,-0.025091577953255895,-0.0330764126384564
T,2015-06-29,1.0,0.0,-0.001900438156575035,-0.001900438156575035,0.9817248742956808,0.9736842105263156,-0.02694433111767991,-0.03491399111837068
T,2015-06-30,1.0,0.0,0.002327180409372076,0.002327180409372076,0.984009525190535,0.9759501493459674,-0.024679855027828546,-0.03266806186514226
T,2015-07-01,1.0,0.0,-0.00116088860746133,-0.00116088860746133,0.9828671997431079,0.9748171799361415,-0.025812093072754227,-0.03379102649175647
T,2015-07-02,1.0,0.0,-0.0003698029478577114,-0.0003698029478577114,0.9825037325552902,0.9744566896693787,-0.026172350632503227,-0.034148333418406396
T,2015-07-03,0.0,1.0,0.0,0.006447521403657008,0.9825037325552902,0.9807395200329588,-0.026172350632503227,-0.027920984125363812
T,2015-07-06,0.0,0.0,0.0,0.007351396765385543,0.9825037325552902,0.9879493253682149,-0.026172350632503227,-0.020774845592363866
T,2015-07-07,1.0,1.0,0.003753127606338502,0.003753127606338502,0.9861911944372741,0.9916572252549178,-0.022517451197846317,-0.017099688632535415
T,2015-07-08,1.0,0.0,-0.004985459077690102,-0.004985459077690102,0.9812745785946287,0.9867133587393138,-0.027390650444055753,-0.02199989791230672
T,2015-07-09,1.0,0.0,0.0036534446764093786,0.0036534446764093786,0.9848596109798912,0.9903182614069419,-0.023837275993694562,-0.018426828645806692
T,2015-07-10,1.0,0.0,-0.002080083203328198,-0.002080083203328198,0.9828110210454556,0.9882583170254401,-0.025867775679615068,-0.020468582512378153
T,2015-07-13,1.0,0.0,-0.002397081813444557,-0.002397081813444557,0.9804551426208546,0.9858893809867131,-0.028202850318423844,-0.022816599458935327
T,2015-07-14,1.0,0.0,-0.001514834935227749,-0.001514834935227749,0.9789699149183889,0.9843959213101243,-0.029674962590716114,-0.024296871012199572
T,2015-07-15,1.0,0.0,-0.0013601883337693854,-0.0013601883337693854,0.9776383314610058,0.9830569574621482,-0.030994787386564582,-0.025624011025471072
T,2015-07-16,1.0,0.0,0.0031955576510032113,0.0031955576510032113,0.98076243111102,0.9861983726439383,-0.027898275365535685,-0.022510336378949614
T,2015-07-17,1.0,0.0,0.0005221932114882755,0.0005221932114882755,0.981274578594629,0.9867133587393138,-0.02739065044405553,-0.02199989791230672
T,2015-07-20,1.0,0.0,-0.0005219206680584509,-0.0005219206680584509,0.9807624311110201,0.9861983726439384,-0.027898275365535574,-0.022510336378949503
T,2015-07-21,1.0,0.0,-0.0021932114882505793,-0.0021932114882505793,0.9786114116798629,0.9840354310433617,-0.030030300035752133,-0.024654177938849497
T,2015-07-22,1.0,0.0,0.0009420138162026248,0.0009420138162026248,0.9795332771503589,0.9849624060150374,-0.029116575177087878,-0.023735388698892357
T,2015-07-23,1.0,0.0,0.002927951479661184,0.002927951479661184,0.9824013030585687,0.9878463281491398,-0.02627387561679906,-0.0208769332856924
T,2015-07-24,1.0,0.0,-0.0005213220727765533,-0.0005213220727765533,0.9818891555749598,0.9873313420537644,-0.0267815005382791,-0.021387371752335183
T,2015-07-27,1.0,0.0,0.0018777383684540627,0.0018777383684540627,0.9837328865159519,0.989185291997116,-0.02495405082095048,-0.0195497932724209
T,2015-07-28,1.0,0.0,-0.00010412328196585108,-0.00010412328196585108,0.9836304570192301,0.9890822947780409,-0.025055575805246533,-0.019651880965749546
T,2015-07-29,0.0,1.0,0.0,0.000833072998021489,0.9836304570192301,0.9899062725306416,-0.025055575805246533,-0.01883517941912094
T,2015-07-30,1.0,1.0,-0.0013526167932577104,-0.0013526167932577104,0.9822999819447061,0.9885673086826655,-0.026374302005905403,-0.02016231943239233
T,2015-07-31,1.0,0.0,-0.004532194207126472,-0.004532194207126472,0.9778480076568759,0.9840869296528993,-0.030786962754263736,-0.024603134092185064
T,2015-08-03,0.0,1.0,0.0,0.0001046627243708187,0.9778480076568759,0.9841899268719745,-0.030786962754263736,-0.02450104639885642
T,2015-08-04,1.0,1.0,0.0016221024540838958,0.0016221024540838958,0.9794341773098171,0.9857863837676382,-0.02921479990801734,-0.02291868715226375
T,2015-08-05,1.0,0.0,-0.0010970640476438698,-0.0010970640476438698,0.9783596752868569,0.9847049129673499,-0.030279813449022974,-0.023990607932213637
T,2015-08-06,1.0,0.0,0.002824120077401737,0.002824120077401737,0.9811226804887547,0.9874858378823771,-0.027541207200722617,-0.021234240212342326
T,2015-08-07,1.0,0.0,0.0004172099087353942,0.0004172099087353942,0.9815320145927396,0.9878978267586775,-0.027135487756529963,-0.020825889439027856
T,2015-08-10,0.0,1.0,-0.0,-0.002502215503310312,0.9815320145927396,0.9854258935008754,-0.027135487756529963,-0.023275994078913675
T,2015-08-11,1.0,1.0,-0.005069244839299714,-0.005069244839299714,0.976556388493158,0.9804305283757337,-0.03206717616455801,-0.028227247205349304
T,2015-08-12,0.0,1.0,0.0,0.0014707427250761906,0.976556388493158,0.9818724894427849,-0.03206717616455801,-0.02679801949874938
T,2015-08-13,0.0,0.0,0.0,0.0,0.976556388493158,0.9818724894427849,-0.03206717616455801,-0.02679801949874938
T,2015-08-14,1.0,1.0,0.0012562814070351536,0.0012562814070351536,0.9777832181269434,0.9831059975953512,-0.03085118015471444,-0.025575403945355846
T,2015-08-17,1.0,0.0,-0.003345880384776345,-0.003345880384776345,0.9745116724368489,0.979816642521841,-0.034093836180963955,-0.02883571208773872
T,2015-08-18,1.0,0.0,0.0017310113302559937,0.0017310113302559937,0.9761985631833038,0.9815127162316196,-0.03242184166742912,-0.02715461570182265
T,2015-08-19,1.0,0.0,-0.0012043776509398363,-0.0012043776509398363,0.9750228514509263,0.980330604252077,-0.033587171176862385,-0.028326288940491384
T,2015-08-20,1.0,0.0,0.0008388382090804836,0.0008388382090804836,0.9758407378734499,0.9811529430204545,-0.032776507170299896,-0.027511211904895583
T,2015-08-21,1.0,0.0,0.0007333682556311949,0.0007333682556311949,0.9765563884931581,0.9818724894427848,-0.0320671761645579,-0.026798019498749492
T,2015-08-24,0.0,1.0,0.0,0.0027742881072025938,0.9765563884931581,0.9845964866130353,-0.0320671761645579,-0.024098076818338865
T,2015-08-25,0.0,0.0,0.0,0.00015660072036327577,0.9765563884931581,0.9847506751321061,-0.0320671761645579,-0.023945249874164687
T,2015-08-26,1.0,1.0,0.002139874739039538,0.002139874739039538,0.9786460968401423,0.9868579182260735,-0.029995921165745232,-0.02185661497045077
T,2015-08-27,1.0,0.0,0.004114369043278998,0.004114369043278998,0.9826726080453072,0.9909182158949376,-0.02600496641193517,-0.01783217210719712
T,2015-08-28,1.0,0.0,-0.0015041493775934667,-0.0015041493775934667,0.9811945216535377,0.9894277268772531,-0.027470000435485753,-0.019309499234214433
T,2015-08-31,1.0,0.0,0.0052464807023013815,0.0052464807023013815,0.9863423397765968,0.9946187403526365,-0.022367640560361335,-0.014164325447016513
T,2015-09-01,1.0,0.0,0.0016019016122363894,0.0016019016122363894,0.987922363160902,0.9962120217163679,-0.020801569707600498,-0.012585113690549932
T,2015-09-02,1.0,0.0,-0.0030439044523551395,-0.0030439044523551395,0.9849152218810953,0.9931796475079757,-0.02378215616930679,-0.015590710259309026
T,2015-09-07,0.0,1.0,-0.0,-0.0020699648105982904,0.9849152218810953,0.9911238005870318,-0.02378215616930679,-0.017628402848298363
T,2015-09-08,1.0,1.0,-0.00046670815183569303,-0.00046670815183569303,0.9844555539181763,0.9906612350298194,-0.024237764994989974,-0.018086883680820898
T,2015-09-09,0.0,1.0,-0.0,-0.001867704280155702,0.9844555539181763,0.9888109728009699,-0.024237764994989974,-0.019920807010911368
T,2015-09-10,1.0,1.0,0.002079110140859708,0.002079110140859708,0.9865023454435532,0.9908668197219137,-0.022209047837123186,-0.01788311442192214
T,2015-09-11,0.0,1.0,-0.0,-0.0014523574874215628,0.9865023454435532,0.989427726877253,-0.022209047837123186,-0.019309499234214544
T,2015-09-14,1.0,1.0,0.0016103059581320522,0.0016103059581320522,0.9880909160481322,0.9910210082409845,-0.020634505241047707,-0.017730287477747964
T,2015-09-15,1.0,0.0,0.002541230162846242,0.002541230162846242,0.990601882487628,0.9935394207191408,-0.01814571210531546,-0.015234114056235981
T,2015-09-16,1.0,0.0,-0.00124152915006992,-0.00124152915006992,0.9893720213744055,0.9923059125665744,-0.019364712824857855,-0.016456729609629628
T,2015-09-17,1.0,0.0,-0.0017610193194178558,-0.0017610193194178558,0.9876297181306737,0.9905584426837721,-0.021091630510876147,-0.018188768310270498
T,2015-09-18,1.0,0.0,0.00031131634929693064,0.00031131634929693064,0.9879371834089793,0.9908668197219137,-0.02078688033099063,-0.01788311442192214
T,2015-09-21,0.0,1.0,0.0,0.00020747964106027084,0.9879371834089793,0.9910724044140081,-0.02078688033099063,-0.017679345163023164
T,2015-09-22,1.0,1.0,-0.001607633666960595,-0.001607633666960595,0.9863489423320888,0.9894791230502766,-0.022361096309299944,-0.019258556919489744
T,2015-09-23,0.0,1.0,0.0,0.0004570953667151212,0.9863489423320888,0.9899314093728843,-0.022361096309299944,-0.018810264549912192
T,2015-09-24,0.0,0.0,0.0,0.002190978567868429,0.9863489423320888,0.99210032787448,-0.022361096309299944,-0.016660498868528606
T,2015-09-25,1.0,1.0,0.0015541625654043045,0.0015541625654043045,0.9878818889346874,0.9936422130651879,-0.02084168652270102,-0.015132229426786714
T,2015-09-28,0.0,1.0,0.0,0.002793151606062194,0.9878818889346874,0.9964176064084621,-0.02084168652270102,-0.012381344431651176
T,2015-09-29,0.0,0.0,0.0,0.0030432764223449205,0.9878818889346874,0.9994499806168543,-0.02084168652270102,-0.009375747862892081
T,2015-09-30,0.0,0.0,0.0,0.0008742157770234016,0.9878818889346874,1.0003237155582554,-0.02084168652270102,-0.008509728512571701
T,2015-10-08,1.0,1.0,-0.0004624158660021527,-0.0004624158660021527,0.9874250766755078,0.999861150001043,-0.021294464862180895,-0.008968209345094347
T,2015-10-09,1.0,0.0,0.008841369384188447,0.008841369384188447,0.9961552665176066,1.0087012917611018,-0.012641367707677653,-0.00020613121244050792
T,2015-10-12,0.0,1.0,0.0,0.0005604809945991551,0.9961552665176066,1.0092666496643614,-0.012641367707677653,0.0
T,2015-10-13,1.0,1.0,0.005448897489433113,0.005448897489433113,1.00158321444842,1.0147660401778862,-0.007261351735009747,0.0
T,2015-10-14,1.0,0.0,-5.064829821710415e-05,-5.064829821710415e-05,1.0015324859630854,1.0147146440048627,-0.007311632258118705,-5.064829821710415e-05
T,2015-10-15,0.0,1.0,-0.0,-0.0018740819530973507,1.0015324859630854,1.0128129856029895,-0.007311632258118705,-0.0019246353322528442
T,2015-10-16,1.0,1.0,-0.004668628844006983,-0.004668628844006983,0.9968567025109082,1.0080845376848186,-0.011946125804868646,-0.00658427876823342
T,2015-10-19,1.0,0.0,0.0015295197308045072,0.0015295197308045072,0.9983814145061833,1.0096264228755265,-0.010434877909189288,-0.005064829821718075
T,2015-10-20,1.0,0.0,0.009621258399511445,0.009621258399511445,1.0079871000764171,1.0193402995769865,-0.0009140161664095148,0.0
T,2015-10-21,1.0,0.0,-0.0028235768668380956,-0.0028235768668380956,1.0051409710185701,1.016462113887665,-0.0037350122383441597,-0.0028235768668380956
T,2015-10-22,0.0,1.0,0.0,0.004095666683521237,1.0051409710185701,1.0206252039025763,-0.0037350122383441597,0.0
T,2015-10-23,1.0,1.0,-0.0033739550810757413,-0.0033739550810757413,1.0017496705322047,1.0171816603099952,-0.00709636555590043,-0.0033739550810757413
T,2015-10-26,1.0,0.0,0.0029306250315801474,0.0029306250315801474,1.0046854231920435,1.020162638345364,-0.004186537310851723,-0.0004532178467115955
T,2015-10-27,1.0,0.0,0.005239558667943012,0.005239558667943012,1.0099495314096854,1.025507840339818,0.0,0.0
T,2015-10-28,1.0,0.0,-0.003758833258156624,-0.003758833258156624,1.0061532995219629,1.0216531273630483,-0.003758833258156735,-0.003758833258156624
T,2015-10-29,1.0,0.0,-0.007093268940537301,-0.007093268940537301,0.9990163835730446,1.014406266966721,-0.010825439783491264,-0.010825439783491153
T,2015-10-30,1.0,0.0,0.001469321578760674,0.001469321578760674,1.000484259902964,1.0158967559844054,-0.009372024257004008,-0.009372024257003897
T,2015-11-02,1.0,0.0,-0.00025295962764337876,-0.00025295962764337876,1.0002311777771158,1.0156397751192876,-0.009622613140881087,-0.009622613140880865
T,2015-11-03,1.0,0.0,-0.0020747937857397147,-0.0020747937857397147,0.9981559043451607,1.0135325320253201,-0.011677441988673598,-0.011677441988673265
T,2015-11-04,1.0,0.0,-0.0024847870182554965,-0.0024847870182554965,0.9956756995118488,1.011014119547164,-0.014133213050669169,-0.014133213050668836
T,2015-11-05,0.0,1.0,0.0,0.0031518478979208897,0.9956756995118488,1.014200682274627,-0.014133213050669169,-0.011025910890592572
T,2015-11-06,1.0,1.0,-0.0041554755992501136,-0.0041554755992501136,0.991538193437761,1.009986196086692,-0.01822995842794828,-0.015135568586177262
T,2015-11-09,1.0,0.0,-0.00982138313571812,-0.00982138313571812,0.981799916946311,1.000066734693138,-0.027872298157397224,-0.024808299503833675
T,2015-11-10,1.0,0.0,0.0038030630075032157,0.0038030630075032157,0.9855337638912192,1.003870051496884,-0.024175235255950556,-0.02109958402245271
T,2015-11-11,1.0,0.0,0.005273397501535992,0.005273397501535992,0.9907308751794025,1.0091638573183144,-0.019029323379612384,-0.015937453014584158
T,2015-11-12,1.0,0.0,-0.0009167303284950412,-0.0009167303284950412,0.9898226421387492,1.0082387262038897,-0.019928608950234517,-0.016839572996541707
T,2015-11-13,1.0,0.0,0.0,0.0,0.9898226421387492,1.0082387262038897,-0.019928608950234517,-0.016839572996541707
T,2015-11-16,1.0,0.0,0.0017878122286356657,0.0017878122286356657,0.9915922591625452,1.010041267727981,-0.018176425332379842,-0.015081866762434282
T,2015-11-17,1.0,0.0,0.0007138486640831943,0.0007138486640831943,0.9923001059720636,1.0107622843376176,-0.017475551885237972,-0.014378784268791245
T,2015-11-18,1.0,0.0,-0.005146234586772658,-0.005146234586772658,0.987193496846252,1.005560664510954,-0.02253185318247586,-0.019451022258644146
T,2015-11-19,1.0,0.0,0.0008194622279129593,0.0008194622279129593,0.9880024646285588,1.0063846834933958,-0.021730854957170864,-0.01864749940876642
T,2015-11-20,1.0,0.0,0.005424492093546895,0.005424492093546895,0.9933618761863412,1.0118438092520725,-0.016424241714525167,-0.013324160528326745
T,2015-11-23,1.0,0.0,-0.0019341375273578265,-0.0019341375273578265,0.9914405777033626,1.0098867641687734,-0.01832661249962464,-0.015232527296786147
T,2015-11-24,1.0,0.0,0.004742720179509385,0.004742720179509385,0.9961427029380208,1.0146763745042162,-0.01367081031503925,-0.010562050731871997
T,2015-11-25,1.0,0.0,0.0008121002943863864,0.0008121002943863864,0.9969516707203275,1.015500393486658,-0.012869812089734256,-0.009758527881994383
T,2015-11-26,1.0,0.0,0.0035500557865908444,0.0035500557865908444,1.0004909047679196,1.0191054765348406,-0.009365444854025018,-0.006243115413779532
T,2015-11-27,1.0,0.0,-0.0024762482312512546,-0.0024762482312512546,0.9980134409346051,1.0165819184011127,-0.011818501919021562,-0.008703904141529994
T,2015-11-30,0.0,1.0,0.0,0.0032423121738691663,0.9980134409346051,1.0198779943308798,-0.011818501919021562,-0.005489812742019207
T,2015-12-01,1.0,1.0,-0.002676362167348345,-0.002676362167348345,0.9953423955187826,1.0171484314515415,-0.014463233494959038,-0.008151482182238934
T,2015-12-02,1.0,0.0,0.0008101265822784143,0.0008101265822784143,0.996148748851861,1.0179724504339833,-0.013664823962600603,-0.007347959332361209
T,2015-12-03,1.0,0.0,0.0013659819892746228,0.0013659819892746228,0.9975094701014311,1.019362982466854,-0.01231750787674557,-0.005992014523192424
T,2015-12-07,0.0,1.0,-0.0,-0.00015156873642196977,0.9975094701014311,1.019208478907646,-0.01231750787674557,-0.006142675057544622
T,2015-12-08,1.0,1.0,0.002475997978776956,0.002475997978776956,0.9999793015332131,1.0217320370413738,-0.00987200802257493,-0.0036818863297942706
T,2015-12-09,1.0,0.0,-0.0002520288320982944,-0.0002520288320982944,0.9997272779177252,1.021474531109361,-0.010121548824020943,-0.003932987220380935
T,2015-12-10,0.0,1.0,-0.0,-0.0006554401532721243,0.9997272779177252,1.020805015686127,-0.010121548824020943,-0.004585849535906572
T,2015-12-11,1.0,1.0,0.0026739316886130737,0.0026739316886130737,1.0024004803661204,1.0235345785654653,-0.007474681465546085,-0.001924180095686845
T,2015-12-14,1.0,0.0,-0.005031699708161419,-0.005031699708161419,0.9973567021616013,1.0183844599252043,-0.012468770821158714,-0.006946197907422236
T,2015-12-15,1.0,0.0,0.0021745726711843716,0.0021745726711843716,0.9995255267895445,1.0205990109405165,-0.010321312398245297,-0.004786730248376059
T,2015-12-16,1.0,0.0,0.0007569258717263772,0.0007569258717263772,1.0002820935202226,1.0213715287365557,-0.009572198994903247,-0.0040334275766157335
T,2015-12-17,1.0,0.0,-0.00010084711577240668,-0.00010084711577240668,1.0001812179561322,1.0212685263637507,-0.009672080782015424,-0.004133867932850199
T,2015-12-18,1.0,0.0,0.004135148764498275,0.004135148764498275,1.004317116083838,1.0254916236487648,-0.0055769275104129434,-1.5813327226998908e-05
T,2015-12-21,1.0,0.0,0.0024608276416231423,0.0024608276416231423,1.0067885674040524,1.0280151817824927,-0.0031298237261626616,0.0
T,2015-12-22,0.0,1.0,0.0,0.0010019538099292902,1.0067885674040524,1.0290452055105448,-0.0031298237261626616,0.0
T,2015-12-23,1.0,1.0,0.0007507131775186249,0.0007507131775186249,1.0075443768485777,1.029817723306584,-0.0023814601485586673,0.0
T,2015-12-24,1.0,0.0,0.0030006001200240107,0.0030006001200240107,1.010567614626679,1.0329077944907405,0.0,0.0
T,2015-12-25,0.0,1.0,-0.0,-0.0001994415636218383,1.010567614626679,1.03270178974513,0.0,-0.00019944156362194931
T,2015-12-28,1.0,1.0,0.0021942948334330303,0.0021942948334330303,1.0127850979222892,1.0349678419468449,0.0,0.0
T,2015-12-29,1.0,0.0,-0.002488057324840809,-0.002488057324840809,1.010265230540914,1.0323927826267143,-0.002488057324840698,-0.002488057324840809
T,2015-12-30,1.0,0.0,-0.0007981642222887331,-0.0007981642222887331,1.009458872978874,1.0315687636442725,-0.00328423566878977,-0.003284235668789881
T,2015-12-31,1.0,0.0,-0.0011482775836246795,-0.0011482775836246795,1.0082997339834414,1.0303842363570124,-0.004428742038216638,-0.004428742038216749
T,2016-01-04,1.0,0.0,-0.0016994052081771294,-0.0016994052081771294,1.0065862241641064,1.0286331960193236,-0.006120621019108374,-0.006120621019108596
T,2016-01-05,0.0,1.0,-0.0,-0.0027036499274019077,1.0065862241641064,1.0258521319535827,-0.006120621019108374,-0.00880772292993659
T,2016-01-06,1.0,1.0,0.004267282494101021,0.004267282494101021,1.0108816119372852,1.0302297327978045,-0.0018794569439350983,-0.004578025477707248
T,2016-01-07,1.0,0.0,-0.0015496900619875742,-0.0015496900619875742,1.00931505874942,1.0286331960193236,-0.003426234430174757,-0.006120621019108596
T,2016-01-08,1.0,0.0,0.003755069343613915,0.003755069343613915,1.0131051067845778,1.0324957849995193,0.0,-0.0023885350318474385
T,2016-01-11,1.0,0.0,-9.976057462079968e-05,-9.976057462079968e-05,1.0130040388369737,1.0323927826267143,-9.976057462079968e-05,-0.002488057324840809
T,2016-01-12,1.0,0.0,0.0038910505836575737,0.0038910505836575737,1.0169456887935377,1.036409875166118,0.0,0.0
T,2016-01-13,1.0,0.0,0.001987676406280947,0.001987676406280947,1.0189670477456219,1.0384699226222223,0.0,0.0
T,2016-01-14,1.0,0.0,-0.0037195000991866456,-0.0037195000991866456,1.015176999710464,1.0346073336420265,-0.0037195000991866456,-0.0037195000991866456
T,2016-01-15,0.0,1.0,0.0,0.0019911394295386575,1.015176999710464,1.036667381098131,-0.0037195000991866456,-0.0017357667129536125
T,2016-01-18,1.0,1.0,-0.0035769288091808127,-0.0035769288091808127,1.011545783853782,1.0329592956771432,-0.007283124521306861,-0.005306486808172806
T,2016-01-19,0.0,1.0,-0.0,-0.0015455950540957941,1.011545783853782,1.0313627588986622,-0.007283124521306861,-0.00684388018250337
T,2016-01-20,0.0,0.0,0.0,0.001398182362928102,1.011545783853782,1.0328047921179353,-0.007283124521306861,-0.005455266812140369
T,2016-01-21,0.0,0.0,0.0,0.0009474419068515871,1.011545783853782,1.033783314659585,-0.007283124521306861,-0.004512993453679615
T,2016-01-22,1.0,1.0,0.0005479998007273945,0.0005479998007273945,1.0121001107417604,1.0343498277100136,-0.006739115871365997,-0.003967466772465622
T,2016-01-25,1.0,0.0,-0.005825532762398056,-0.005825532762398056,1.0062040883878076,1.028324188900908,-0.012525389693465727,-0.009769886927197047
T,2016-01-26,1.0,0.0,0.0007512395452495824,0.0007512395452495824,1.0069599886895964,1.0290967066969472,-0.01178355971627354,-0.009025986907359784
T,2016-01-27,1.0,0.0,-0.001401261135021481,-0.001401261135021481,1.005548974792924,1.0276546734776741,-0.013168309007032364,-0.010414600277722785
T,2016-01-28,1.0,0.0,0.001954495339280493,0.001954495339280493,1.007514315577575,1.029663219747376,-0.011239551066332343,-0.00848046022614557
T,2016-01-29,1.0,0.0,0.004001400490171392,0.004001400490171392,1.0115457838537818,1.0337833146595847,-0.007283124521307083,-0.004512993453679837
T,2016-02-01,1.0,0.0,-0.00024909081851232084,-0.00024909081851232084,1.0112938170865189,1.0335258087275718,-0.007530401180371182,-0.004760960126958813
T,2016-02-02,1.0,0.0,-0.004185768387482525,-0.004185768387482525,1.0070607753965015,1.0291997090697527,-0.011684649052647877,-0.008926800238047816
T,2016-02-03,1.0,0.0,0.0015012009607684451,0.0015012009607684451,1.008572576000079,1.0307447446618307,-0.010200989098263502,-0.007439000198373402
T,2016-02-04,1.0,0.0,0.0,0.0,1.008572576000079,1.0307447446618307,-0.010200989098263502,-0.007439000198373402
T,2016-02-05,1.0,0.0,0.0012558396543929096,0.0012558396543929096,1.0098391814353531,1.0320391947857341,-0.008957960250494224,-0.0061925027354187145
T,2016-02-15,1.0,0.0,0.005267910897049921,0.005267910897049921,1.0151589242635044,1.0374758853061286,-0.0037372390898632313,-0.0009572133910086267
T,2016-02-16,1.0,0.0,-0.004142336677147362,-0.004142336677147362,1.0109537942183942,1.033178310894769,-0.007864094864457494,-0.005095584968018652
T,2016-02-17,1.0,0.0,0.0001002305302195694,0.0001002305302195694,1.011055122653216,1.0332818669046813,-0.0077646525566359426,-0.004995865170982272
T,2016-02-18,1.0,0.0,0.001102425335738566,0.001102425335738566,1.0121697354362573,1.0344209830137163,-0.00667078717059888,-0.003898947403581987
T,2016-02-19,0.0,1.0,-0.0,-0.0012513765141656252,1.0121697354362573,1.033126532889813,-0.00667078717059888,-0.005145444866536786
T,2016-02-22,1.0,1.0,-0.0007016488748560201,-0.0007016488748560201,1.011459547680225,1.0324016408204268,-0.007367755495142347,-0.005843483445791553
T,2016-02-23,1.0,0.0,-0.0009027533978633873,-0.0009027533978633873,1.0105464491367553,1.0314696367312164,-0.008263857626698012,-0.006740961619118968
T,2016-02-24,1.0,0.0,-0.0009537673811556013,-0.0009537673811556013,1.009582622896426,1.0304858546370497,-0.009209743210006782,-0.007688299690964739
T,2016-02-25,1.0,0.0,-0.0016581248115767888,-0.0016581248115767888,1.0079086089000646,1.028777180473497,-0.010852597117858798,-0.009333676342065056
T,2016-02-26,0.0,1.0,0.0,0.000754944889023168,1.0079086089000646,1.0295538505478392,-0.010852597117858798,-0.008585777864292155
T,2016-02-29,1.0,1.0,0.0004023335345000323,0.0004023335345000323,1.0083141243331364,1.0299680745874882,-0.010454629947115768,-0.008186898676146748
T,2016-03-01,1.0,0.0,-0.0007540719887391134,-0.0007540719887391134,1.0075537828961267,1.0291914045131463,-0.01120081839225906,-0.008934797153919427
T,2016-03-02,1.0,0.0,-0.002515470141369436,-0.002515470141369436,1.0050193114394277,1.0266025042653393,-0.013688113209403885,-0.011427792079829135
T,2016-03-03,1.0,0.0,-0.0017652695818833886,-0.0017652695818833886,1.0032451814197383,1.0247902740918744,-0.015429219581405418,-0.013172888527965831
T,2016-03-04,0.0,1.0,0.0,0.001263136620856864,1.0032451814197383,1.0260847242157778,-0.015429219581405418,-0.011926391065011144
T,2016-03-07,1.0,1.0,-0.0039360145329767615,-0.0039360145329767615,0.9992963938055313,1.022046039829199,-0.01930450448187726,-0.015815463149430053
T,2016-03-08,1.0,0.0,0.0012665281929176153,0.0012665281929176153,1.000562030861367,1.0233404899531025,-0.01806242598813612,-0.014568965686475255
T,2016-03-09,1.0,0.0,0.0031876138433517553,0.0031876138433517553,1.0037514362420727,1.0266025042653393,-0.01493238818390874,-0.011427792079829135
T,2016-03-10,1.0,0.0,0.002874867604781395,0.002874867604781395,1.0066370887293778,1.0295538505478392,-0.012100449218179321,-0.008585777864292155
T,2016-03-11,1.0,0.0,0.0037215851941259093,0.0037215851941259093,1.010383374414651,1.0333854229145933,-0.008423896876706083,-0.004896145373946115
T,2016-03-14,1.0,0.0,-0.0014029461869926596,-0.0014029461869926596,1.0089658609121153,1.0319356387758216,-0.00981502478969598,-0.006292222532455316
T,2016-03-15,0.0,1.0,0.0,0.0006021073758153417,1.0089658609121153,1.0325569748352952,-0.00981502478969598,-0.005693903750237039
T,2016-03-16,0.0,0.0,0.0,0.0027579981947649657,1.0089658609121153,1.0354047651078828,-0.00981502478969598,-0.002951609331736549
T,2016-03-17,1.0,1.0,-0.002900435065259832,-0.002900435065259832,1.0060394209494756,1.0324016408204268,-0.012686992012889475,-0.005843483445791553
T,2016-03-18,0.0,1.0,-0.0,-0.00015045889964382386,1.0060394209494756,1.0322463068055585,-0.012686992012889475,-0.005993063141346067
T,2016-03-21,0.0,0.0,-0.0,-0.0017054574638843967,1.0060394209494756,1.03048585463705,-0.012686992012889475,-0.007688299690964517
T,2016-03-22,1.0,1.0,0.0011556627474624825,0.0011556627474624825,1.0072020632307457,1.031676748751041,-0.011545991149473633,-0.006541522025046209
T,2016-03-23,1.0,0.0,0.0002007528230865141,0.0002007528230865141,1.0074042618883579,1.0318838607708656,-0.011347556216705579,-0.006342082430973339
T,2016-03-24,1.0,0.0,0.0021074815595363283,0.0021074815595363283,1.0095273477932858,1.0340585369790234,-0.009263989422641838,-0.004247966693209371
T,2016-03-25,1.0,0.0,-0.00040058084222127643,-0.00040058084222127643,1.0091229504780614,1.0336443129393742,-0.009660859288177837,-0.0046468458813549995
T,2016-03-28,1.0,0.0,-0.0020037068576868045,-0.0020037068576868045,1.0071009639019395,1.0315731927411287,-0.011645208615857716,-0.006641241822082589
T,2016-03-29,1.0,0.0,0.0019073432715956962,0.0019073432715956962,1.0090218511492555,1.033540756929462,-0.009760076754561697,-0.004746565678391379
T,2016-03-30,1.0,0.0,-5.009769049657553e-05,-5.009769049657553e-05,1.0089713014848523,1.0334889789245056,-0.00980968548775385,-0.004796425576909624
T,2016-03-31,0.0,1.0,0.0,0.0,1.0089713014848523,1.0334889789245056,-0.00980968548775385,-0.004796425576909624
T,2016-04-01,1.0,1.0,0.000701402805611373,0.000701402805611373,1.0096789967864952,1.0342138709938917,-0.009115163223065603,-0.004098386997654857
T,2016-04-05,1.0,0.0,-0.0024031240612797378,-0.0024031240612797378,1.007252612895149,1.031728526755997,-0.011496382416281481,-0.006491662126528075
T,2016-04-06,1.0,0.0,-0.0005520425574625509,-0.0005520425574625509,1.0066965665867154,1.0311589687014795,-0.012042078481393381,-0.0070401210102282175
T,2016-04-07,1.0,0.0,-0.0010042681395933117,-0.0010042681395933117,1.0056855732986543,1.0301234086023567,-0.013034253145233432,-0.008037318980592012
T,2016-04-08,1.0,0.0,0.002060819301332062,0.002060819301332062,1.0077581095391794,1.0322463068055585,-0.0110002950843614,-0.005993063141346067
T,2016-04-11,1.0,0.0,0.0006520866773676026,0.0006520866773676026,1.0084152551764192,1.0329194208699883,-0.010355381552865306,-0.005344884460609545
T,2016-04-12,0.0,1.0,0.0,5.012782595614773e-05,1.0084152551764192,1.0329711988749444,-0.010355381552865306,-0.0052950245620914105
T,2016-04-13,1.0,1.0,-0.002005012531328343,-0.002005012531328343,1.0063933699530079,1.0309000786766989,-0.01233963141441341,-0.007289420502819111
T,2016-04-14,0.0,1.0,-0.0,-0.002862882973380221,1.0063933699530079,1.027948732394199,-0.01233963141441341,-0.010131434718356092
T,2016-04-15,1.0,1.0,0.0022162897295119333,0.0022162897295119333,1.0086238292426837,1.030226964612269,-0.010150689883271169,-0.007937599183555633
T,2016-04-18,1.0,0.0,0.00020103533195947598,0.00020103533195947598,1.0088265982690177,1.0304340766320934,-0.009951695198622046,-0.007738159589482985
T,2016-04-19,1.0,0.0,0.0007537309682930093,0.0007537309682930093,1.0095869821177708,1.0312107467064355,-0.009205465131187252,-0.006990261111710083
T,2016-04-20,1.0,0.0,-0.002862020486041339,-0.002862020486041339,1.006697523492509,1.0282594004239358,-0.012041139387439559,-0.009832275327246842
T,2016-04-21,1.0,0.0,0.00010071000553901754,0.00010071000553901754,1.006798908005676,1.0283629564338481,-0.011941642045114942,-0.009732555530210463
T,2016-04-22,1.0,0.0,0.0008055989124413632,0.0008055989124413632,1.0076099841110127,1.0291914045131463,-0.011145663306517894,-0.008934797153919427
T,2016-04-25,1.0,0.0,-0.003370729989435106,-0.003370729989435106,1.0042136029199153,1.025722278181085,-0.01447882427439362,-0.012275410354638194
T,2016-04-26,1.0,0.0,0.0029782937910145524,0.0029782937910145524,1.007204446058344,1.028777180473497,-0.011543652675816696,-0.009333676342065056
T,2016-04-27,1.0,0.0,0.0,0.0,1.007204446058344,1.028777180473497,-0.011543652675816696,-0.009333676342065056
T,2016-04-28,1.0,0.0,0.0026674719412149717,0.0026674719412149717,1.0098911356572717,1.0315214147361724,-0.008906973104213511,-0.006691101720600945
T,2016-04-29,1.0,0.0,-0.0009537195060737025,-0.0009537195060737025,1.0089279827821844,1.0305376326420057,-0.009852197856297762,-0.007638439792446605
T,2016-05-03,1.0,0.0,0.002361453047279305,0.002361453047279305,1.0113105188416107,1.0329711988749442,-0.007514010311668651,-0.0052950245620916325
T,2016-05-04,1.0,0.0,0.0009523809523810378,0.0009523809523810378,1.012273671716698,1.0339549809691109,-0.0065687855595844,-0.004347686490245972
T,2016-05-05,1.0,0.0,0.0,0.0,1.012273671716698,1.0339549809691109,-0.0065687855595844,-0.004347686490245972
T,2016-05-06,1.0,0.0,0.0006097251155936512,0.0006097251155936512,1.012890880398198,1.034585409289401,-0.005963065597525352,-0.0037406122683001364
T,2016-05-09,1.0,0.0,0.007159904534606243,0.007159904534606243,1.0201430824058224,1.0419929420528096,0.0,0.0
T,2016-05-10,1.0,0.0,0.0007058586266006639,0.0007058586266006639,1.0208631592009056,1.0427284417598146,0.0,0.0
T,2016-05-11,1.0,0.0,-0.00045344619105203154,-0.00045344619105203154,1.0204002526897806,1.042255620519597,-0.00045344619105203154,-0.00045344619105203154
T,2016-05-12,1.0,0.0,0.002973940218760962,0.002973940218760962,1.0234348620404887,1.04535522642769,0.0,0.0
T,2016-05-13,1.0,0.0,-0.0012061513719970884,-0.0012061513719970884,1.0222004446774888,1.04409436978711,-0.0012061513719971995,-0.0012061513719970884
T,2016-05-16,1.0,0.0,-0.003824091778202754,-0.003824091778202754,1.0182914563613223,1.0401016570919392,-0.005025630716655072,-0.00502563071665485
T,2016-05-17,1.0,0.0,0.0002020406101628236,0.0002020406101628236,1.0184971925884891,1.0403117998653695,-0.004824605487988798,-0.004824605487988465
T,2016-05-18,0.0,1.0,-0.0,-0.0021714978285022335,1.0184971925884891,1.0380527650509965,-0.004824605487988798,-0.006985626696150216
T,2016-05-19,1.0,1.0,0.0005060984867655272,0.0005060984867655272,1.0190126524764331,1.0385781219845716,-0.004320948726759921,-0.006483063624484808
T,2016-05-20,1.0,0.0,0.0025292124032576524,0.0025292124032576524,1.021589951916153,1.041204906652447,-0.0018026649206157597,-0.003970248266157328
T,2016-05-23,1.0,0.0,-0.00020182653009737095,-0.00020182653009737095,1.0213837679609754,1.040994763879017,-0.002004127625107377,-0.004171273494823491
T,2016-05-24,1.0,0.0,0.0021700731768863335,0.0021700731768863335,1.0236002454791346,1.0432537986933899,0.0,-0.00201025228666174
T,2016-05-25,1.0,0.0,-0.0002014301540941288,-0.0002014301540941288,1.023394061523957,1.0430436559199598,-0.0002014301540941288,-0.002211277515328014
T,2016-05-26,1.0,0.0,-0.0013095597864409836,-0.0013095597864409836,1.0220538658153027,1.0416777278926648,-0.0015107261557055773,-0.003517941501658073
T,2016-05-27,1.0,0.0,-0.000706072221101528,-0.000706072221101528,1.021332221972181,1.0409422281856595,-0.0022157316950349726,-0.004221529801989976
T,2016-05-30,0.0,1.0,-0.0,-0.001413142222670749,1.021332221972181,1.0394712287716494,-0.0022157316950349726,-0.005628706402653227
T,2016-05-31,1.0,1.0,0.0021732538158292236,0.0021732538158292236,1.0235518361208114,1.0417302635860222,-4.7293226566824664e-05,-0.0034676851944916987
T,2016-06-01,0.0,1.0,-0.0,-0.0007060366130414719,1.0235518361208114,1.0409947638790171,-4.7293226566824664e-05,-0.004171273494823269
T,2016-06-02,1.0,1.0,-0.0013121372697452172,-0.0013121372697452172,1.022208795609121,1.0396288358517218,-0.0013593684411068452,-0.005477937481153661
T,2016-06-03,1.0,0.0,0.0004042649957047839,0.0004042649957047839,1.0226220388434875,1.040049121398582,-0.0009556529904790612,-0.005075887023821113
T,2016-06-06,1.0,0.0,0.000555639743395453,0.000555639743395453,1.023190248290741,1.0406270140255147,-0.0004005442458659969,-0.004523067644988998
T,2016-06-07,1.0,0.0,-0.0008582390953151275,-0.0008582390953151275,1.0223121064177125,1.039733907238437,-0.0012584395784500657,-0.005377424866820357
T,2016-06-08,1.0,0.0,-0.00015158405335757852,-0.00015158405335757852,1.0221571402048253,1.0395763001583644,-0.001409832872435346,-0.005528193788320146
T,2016-06-13,1.0,0.0,0.0025267839094400557,0.0025267839094400557,1.0247399104196142,1.0422030848262398,0.0,-0.0030153784299926656
T,2016-06-14,1.0,0.0,0.002217965520717735,0.002217965520717735,1.0270127482086282,1.0445146553339701,0.0,-0.0008041009146645406
T,2016-06-15,0.0,1.0,0.0,0.0007544512624484412,1.0270127482086282,1.0453026907343328,0.0,-5.025630716626317e-05
T,2016-06-16,1.0,1.0,0.003116047645373765,0.003116047645373765,1.0302129688644526,1.0485599037224984,0.0,0.0
T,2016-06-17,1.0,0.0,-0.0006513352372362613,-0.0006513352372362613,1.0295419548559734,1.047876939708851,-0.0006513352372361503,-0.0006513352372361503
T,2016-06-20,0.0,1.0,-0.0,-0.00015040609646044256,1.0295419548559734,1.0477193326287784,-0.0006513352372361503,-0.0008016433689062019
T,2016-06-21,0.0,0.0,0.0,0.0012034297748582112,1.0295419548559734,1.0489801892693584,-0.0006513352372361503,0.0
T,2016-06-22,0.0,0.0,0.0,0.000450743727149705,1.0295419548559734,1.0494530105095758,-0.0006513352372361503,0.0
T,2016-06-23,1.0,1.0,-0.00015018021625956557,-0.00015018021625956557,1.029387338022545,1.0492954034295032,-0.0008014176358289715,-0.00015018021625956557
T,2016-06-24,1.0,0.0,0.003004055474891132,0.003004055474891132,1.0324796746911151,1.0524475450309538,0.0,0.0
T,2016-06-27,1.0,0.0,0.0028453052463435213,0.0028453052463435213,1.0354173945262568,1.0554420795523318,0.0,0.0
T,2016-06-28,1.0,0.0,-0.0030861124937779927,-0.0030861124937779927,1.0322219799687342,1.0521848665641664,-0.0030861124937779927,-0.0030861124937778817
T,2016-06-29,1.0,0.0,-0.0003495106850408547,-0.0003495106850408547,1.0318612073574012,1.051817116710664,-0.0034345445495270743,-0.0034345445495268523
T,2016-06-30,1.0,0.0,0.002847010638829195,0.002847010638829195,1.0347989271925429,1.054811651232042,-0.0005973120955699018,-0.0005973120955696798
T,2016-07-01,1.0,0.0,0.0023906763621874827,0.0023906763621874827,1.0372727965273991,1.0573333645132024,0.0,0.0
T,2016-07-04,1.0,0.0,-0.0026830964920997458,-0.0026830964920997458,1.034489693525686,1.054496437071897,-0.0026830964920997458,-0.0026830964920997458
T,2016-07-05,1.0,0.0,-0.0009465922678357774,-0.0009465922678357774,1.0335104535806388,1.0534982588981043,-0.003627148961542259,-0.003627148961542259
T,2016-07-06,1.0,0.0,0.001645639056500281,0.001645639056500281,1.0352112387483523,1.055231936778902,-0.001987478883036853,-0.001987478883036853
T,2016-07-07,1.0,0.0,0.0025888678681667,0.0025888678681667,1.0378912638611129,1.0579637928334922,0.0,0.0
T,2016-07-08,1.0,0.0,4.9657364187050135e-05,4.9657364187050135e-05,1.037942802805589,1.0580163285268496,0.0,0.0
T,2016-07-11,1.0,0.0,-0.0019861959382292405,-0.0019861959382292405,1.0358812450265422,1.0559149007925492,-0.0019861959382293515,-0.0019861959382293515
T,2016-07-12,1.0,0.0,-0.0017911338872581561,-0.0017911338872581561,1.0340258430254,1.054023615831679,-0.0037737722826358677,-0.0037737722826357567
T,2016-07-13,1.0,0.0,-0.0006479589293724164,-0.0006479589293724164,1.0333558367472098,1.0533406518180313,-0.00441928596256036,-0.00441928596256036
T,2016-07-14,1.0,0.0,0.0006982543640896566,0.0006982543640896566,1.034077381969876,1.0540761515250363,-0.0037241173841801034,-0.0037241173841801034
T,2016-07-15,1.0,0.0,0.0022926634768740684,0.0022926634768740684,1.03644817341578,1.0564927934194817,-0.001439992055216388,-0.001439992055216388
T,2016-07-18,0.0,1.0,-0.0,-4.972650422674363e-05,1.03644817341578,1.0564402577261243,-0.001439992055216388,-0.0014896469536720414
T,2016-07-19,1.0,1.0,0.0005470187478242572,0.0005470187478242572,1.0370151299977866,1.0570181503530567,-0.0008937610100431259,-0.000943443070659189
T,2016-07-20,1.0,0.0,0.00293240556660046,0.00293240556660046,1.040056078937641,1.0601177562611497,0.0,0.0
T,2016-07-21,1.0,0.0,0.0005946776351652971,0.0005946776351652971,1.0406745770271029,1.0607481845814397,0.0,0.0
T,2016-07-22,1.0,0.0,4.9527016987793715e-05,4.9527016987793715e-05,1.040726118534558,1.0608007202747973,0.0,0.0
T,2016-07-25,1.0,0.0,-0.0016343106180665146,-0.0016343106180665146,1.0390252487885379,1.0590670423939996,-0.0016343106180665146,-0.0016343106180665146
T,2016-07-26,1.0,0.0,0.0019346197728060677,0.0019346197728060677,1.041035367579289,1.0611159344349423,0.0,0.0
T,2016-07-27,0.0,1.0,-0.0,-0.0008911773442914495,1.041035367579289,1.0601702919545073,0.0,-0.0008911773442914495
T,2016-07-28,1.0,1.0,0.0026263627353815266,0.0026263627353815266,1.0437695040749133,1.0629546837024553,0.0,0.0
T,2016-07-29,1.0,0.0,-0.0009884841595414473,-0.0009884841595414473,1.042737754453923,1.061903969835305,-0.0009884841595413363,-0.0009884841595414473
T,2016-08-01,1.0,0.0,-0.0012863008954632216,-0.0012863008954632216,1.0413964799466355,1.06053804180801,-0.0022735135669450512,-0.0022735135669450512
T,2016-08-02,1.0,0.0,0.001387031257740201,0.001387031257740201,1.0428409294160221,1.0620090412220202,-0.000889635743587025,-0.000889635743587136
T,2016-08-03,1.0,0.0,0.0010883007667572553,0.0010883007667572553,1.0439758539991115,1.0631648264758853,0.0,0.0
T,2016-08-04,1.0,0.0,0.00024707219449515705,0.00024707219449515705,1.0442337914043591,1.0634275049426727,0.0,0.0
T,2016-08-05,1.0,0.0,0.0025195138820275353,0.0025195138820275353,1.0468647529378847,1.0661068253039057,0.0,0.0
T,2016-08-08,1.0,0.0,9.855615236764592e-05,9.855615236764592e-05,1.0469679278999835,1.0662118966906204,0.0,0.0
T,2016-08-09,1.0,0.0,0.0,0.0,1.0469679278999835,1.0662118966906204,0.0,0.0
T,2016-08-10,1.0,0.0,-0.00029644268774708937,-0.00029644268774708937,1.0466575619134517,1.0658958259702576,-0.0002964426877472004,-0.00029644268774708937
T,2016-08-11,1.0,0.0,0.0014332311950182586,0.0014332311950182586,1.0481576641816879,1.067423501118678,0.0,0.0
T,2016-08-12,0.0,1.0,0.0,0.0023194985934955614,1.0481576641816879,1.0698993884281869,0.0,0.0
T,2016-08-15,1.0,1.0,0.0015755785327424832,0.0015755785327424832,1.0498091188963021,1.0715850989367885,0.0,0.0
T,2016-08-16,1.0,0.0,-0.0022613312358665816,-0.0022613312358665816,1.0474351527440444,1.0691618900806736,-0.0022613312358664706,-0.0022613312358665816
T,2016-08-17,1.0,0.0,-0.0006897910918408634,-0.0006897910918408634,1.0467126413064005,1.0684243917331602,-0.0029495624815653043,-0.0029495624815653043
T,2016-08-18,1.0,0.0,0.0002465240114388756,0.0002465240114388756,1.0469706811055592,1.0686877840001294,-0.0027037656081012607,-0.0027037656081012607
T,2016-08-19,1.0,0.0,-0.002464632523290766,-0.002464632523290766,1.0443902831139746,1.0660538613304391,-0.005161734342738922,-0.005161734342739033
T,2016-08-22,1.0,0.0,0.0018777486781638153,0.0018777486781638153,1.046351385587579,1.0680556425594039,-0.003293678104414166,-0.003293678104414277
T,2016-08-23,1.0,0.0,-0.0038471023427867346,-0.0038471023427867346,1.0423259647207068,1.063946723194687,-0.007128109330449162,-0.007128109330449051
T,2016-08-24,0.0,1.0,-0.0,-0.00014853691142246994,1.0423259647207068,1.0637886878345058,-0.007128109330449162,-0.007275587454527166
T,2016-08-25,0.0,0.0,-0.0,-0.0005447162523520843,1.0423259647207068,1.063209224847174,-0.007128109330449162,-0.00781634057614733
T,2016-08-26,1.0,1.0,0.002378239112124092,0.002378239112124092,1.044804865097588,1.0657377906100767,-0.004766822566730222,-0.005456690590895152
T,2016-08-29,1.0,0.0,-0.001977163758588363,-0.001977163758588363,1.0427391147835203,1.0636306524743244,-0.0067345615364959865,-0.007423065578605392
T,2016-08-30,1.0,0.0,-0.003417364172155879,-0.003417364172155879,1.0391756954917535,1.0599958391901518,-0.01012891125934201,-0.010815062432405376
T,2016-08-31,1.0,0.0,0.000894543285955729,0.000894543285955729,1.040105283133084,1.0609440513512405,-0.009243428722947478,-0.009930193687935684
T,2016-09-01,0.0,1.0,0.0,0.0006951340615688473,1.040105283133084,1.0616815496987535,-0.009243428722947478,-0.009241962442237406
T,2016-09-02,1.0,1.0,-0.00029770765108660946,-0.00029770765108660946,1.0397956358323597,1.0613654789783906,-0.00953838453458089,-0.00953691869039397
T,2016-09-05,1.0,0.0,-0.0003474290252133416,-0.0003474290252133416,1.0394343806481814,1.060996729804634,-0.009882499648153242,-0.009881034313243164
T,2016-09-06,1.0,0.0,-0.0008440494513678454,-0.0008440494513678454,1.0385570466294625,1.0601011960969395,-0.010718207781114875,-0.01071674368301978
T,2016-09-07,1.0,0.0,-0.0005466110117273715,-0.0005466110117273715,1.0379893599114678,1.0595217331096076,-0.011258960102442983,-0.011257496804640166
T,2016-09-08,1.0,0.0,0.0018893253119871556,0.0018893253119871556,1.0399504594827218,1.0615235143385722,-0.009390906628764184,-0.009389440566315632
T,2016-09-09,1.0,0.0,0.0009428812465881453,0.0009428812465881453,1.0409310092683488,1.0625244049530544,-0.008456879891924673,-0.00845541244715331
T,2016-09-12,0.0,1.0,-0.0,-0.0020327218641547073,1.0409310092683488,1.0603645883639083,-0.008456879891924673,-0.010470946809556292
T,2016-09-13,1.0,1.0,0.002732376173679718,0.002732376173679718,1.043775224356518,1.0632619033005677,-0.005747611095365479,-0.007767181201454809
T,2016-09-14,1.0,0.0,0.0005449861276258794,0.0005449861276258794,1.0443440673741518,1.0638413662878996,-0.005205757336053551,-0.007226428079834424
T,2016-09-19,1.0,0.0,0.00034662045060662727,0.00034662045060662727,1.0447060583853733,1.0642101154616563,-0.004860941307400557,-0.006882312456985007
T,2016-09-20,1.0,0.0,0.00029700029700041597,0.00029700029700041597,1.045016336394992,1.0645261861820192,-0.0045653847114119905,-0.006587356208828443
T,2016-09-21,1.0,0.0,-4.948535233584295e-05,-4.948535233584295e-05,1.044964623393389,1.0644735077286254,-0.004614644144076752,-0.006636515583521296
T,2016-09-22,0.0,1.0,-0.0,-0.0001484634037709487,1.044964623393389,1.064315472368444,-0.004614644144076752,-0.006783993707599412
T,2016-09-23,0.0,0.0,0.0,0.0012868738863591744,1.044964623393389,1.065685112156683,-0.004614644144076752,-0.0055058499655877835
T,2016-09-26,1.0,1.0,0.000988630746416197,0.000988630746416197,1.0459977075489928,1.0667386812245592,-0.0036305755767451764,-0.004522662471732719
T,2016-09-27,0.0,1.0,-0.0,-0.00024691358024697685,1.0459977075489928,1.0664752889575901,-0.0036305755767451764,-0.00476845934519643
T,2016-09-28,1.0,1.0,-0.00024697456162003917,-0.00024697456162003917,1.0457393727237154,1.0662118966906213,-0.0038766534785537043,-0.005014256218660029
T,2016-09-29,1.0,0.0,-0.00019762845849802257,-0.00019762845849802257,1.0455327048634933,1.0660011828770461,-0.004073515800000704,-0.005210893717430998
T,2016-09-30,1.0,0.0,9.883376161279323e-05,9.883376161279323e-05,1.0456360387936041,1.0661065397838336,-0.003975084639277426,-0.0051125749680456245
T,2016-10-10,1.0,0.0,0.003409427809071941,0.003409427809071941,1.0492010593824348,1.069741353068006,-0.0005792095943181197,-0.0017205781142457521
T,2016-10-11,1.0,0.0,-0.0009848820603731712,-0.0009848820603731712,1.0481677200813244,1.06868778400013,-0.0015635212015526756,-0.0027037656081007055
T,2016-10-12,1.0,0.0,-0.001281608912111154,-0.001281608912111154,1.046824378989881,1.0673181442118913,-0.0028431262909576205,-0.003981909350112112
T,2016-10-13,1.0,0.0,0.0010364740141157736,0.0010364740141157736,1.0479093852560468,1.0684243917331613,-0.0018095991033613146,-0.002949562481564305
T,2016-10-14,1.0,0.0,0.0005916576274529461,0.0005916576274529461,1.048529388836713,1.069056533173887,-0.0012190121390205366,-0.0023596499852510666
T,2016-10-17,1.0,0.0,0.0005913077756973806,0.0005913077756973806,1.0491493924173794,1.0696886746146128,-0.0006284251746797587,-0.0017697374889379391
T,2016-10-18,1.0,0.0,-0.00044321875307795633,-0.00044321875307795633,1.0486843897318796,1.0692145685340686,-0.0010713653979353976,-0.0022121718611727292
T,2016-10-19,1.0,0.0,0.0017243927674039927,0.0017243927674039927,1.0504927335088228,1.0710583144028518,0.0,-0.000491593746926311
T,2016-10-20,0.0,1.0,0.0,0.002262443438914019,1.0504927335088228,1.073481523258967,0.0,0.0
T,2016-10-21,1.0,1.0,0.0005888703503778014,0.0005888703503778014,1.0511113375328736,1.0741136646996925,0.0,0.0
T,2016-10-24,1.0,0.0,-0.003384011770475759,-0.003384011770475759,1.0475543643945817,1.07047885141552,-0.00338401177047587,-0.003384011770475759
T,2016-10-25,1.0,0.0,-0.0010334137099552443,-0.0010334137099552443,1.046471807352493,1.06937260389425,-0.004413928396272748,-0.004413928396272748
T,2016-10-26,1.0,0.0,-0.0021182266009852624,-0.0021182266009852624,1.0442551429329778,1.0671074303983163,-0.006522805296714118,-0.006522805296714118
T,2016-10-27,1.0,0.0,0.002320185614849146,0.002320185614849146,1.0466780086938432,1.069583317707825,-0.004217753800882851,-0.004217753800882851
T,2016-10-28,1.0,0.0,0.00039401103230907175,0.00039401103230907175,1.0470904113765438,1.0700047453349757,-0.003825404610102945,-0.003825404610102945
T,2016-10-31,1.0,0.0,-0.003101614808979858,-0.003101614808979858,1.0438427402502775,1.066686002771166,-0.006915154487493802,-0.006915154487493802
T,2016-11-01,1.0,0.0,0.0008395476319817963,0.0008395476319817963,1.044719095951016,1.0675815364788606,-0.006081412457086821,-0.006081412457086821
T,2016-11-02,1.0,0.0,0.0003454060988847818,0.0003454060988847818,1.0450799482983788,1.067950285652617,-0.005738106915154528,-0.005738106915154639
T,2016-11-03,1.0,0.0,0.0016277807921867282,0.0016277807921867282,1.0467811093645183,1.0696886746146128,-0.004119666503187958,-0.0041196665031878466
T,2016-11-04,1.0,0.0,4.92465281196619e-05,4.92465281196619e-05,1.0468326596998558,1.0697413530680064,-0.0040706228543404555,-0.0040706228543405665
T,2016-11-07,1.0,0.0,-0.0023637169448957884,-0.0023637169448957884,1.044358243603653,1.0672127873051038,-0.006424717999019225,-0.006424717999019225
T,2016-11-08,1.0,0.0,-0.0005429685571844978,-0.0005429685571844978,1.0437911899149397,1.066633324317772,-0.006964198136341526,-0.006964198136341526
T,2016-11-09,0.0,1.0,0.0,0.0,1.0437911899149397,1.066633324317772,-0.006964198136341526,-0.006964198136341526
T,2016-11-10,1.0,1.0,-0.003286361599362797,-0.003286361599362797,1.04036091463065,1.0631279815201333,-0.01022767286237869,-0.01022767286237869
T,2016-11-11,1.0,0.0,-0.0021481740520556958,-0.0021481740520556958,1.0381260383090676,1.0608441975762175,-0.012353876092978444,-0.012353876092978444
T,2016-11-14,1.0,0.0,-0.002002603384399726,-0.002002603384399726,1.0360470835913163,1.0587197473958305,-0.014331739563304025,-0.014331739563303914
T,2016-11-15,1.0,0.0,0.001705628574295126,0.001705628574295126,1.0378141951014048,1.0605255300491594,-0.012650555613527348,-0.012650555613527348
T,2016-11-16,1.0,0.0,-0.002303685897435903,-0.002303685897435903,1.035423397175991,1.0580824123417145,-0.01492509860440161,-0.014925098604401499
T,2016-11-17,1.0,0.0,-0.0011545025599838388,-0.0011545025599838388,1.034227998213284,1.0568608534879922,-0.016062370099838685,-0.016062370099838463
T,2016-11-18,1.0,0.0,-0.0005527915975678255,-0.0005527915975678255,1.0336562856659024,1.0562766296883856,-0.016606282554178287,-0.016606282554178176
T,2016-11-21,1.0,0.0,0.0009553499597747539,0.0009553499597747539,1.0346437891568343,1.0572857435240695,-0.01566679740577359,-0.01566679740577348
T,2016-11-22,1.0,0.0,0.0001507007585270781,0.0001507007585270781,1.0347997107606655,1.0574450772875983,-0.015518457645499417,-0.015518457645499306
T,2016-11-23,1.0,0.0,0.002963335007533985,0.002963335007533985,1.0378661689693487,1.060578641303669,-0.012601109026769142,-0.012601109026769142
T,2016-11-24,1.0,0.0,-0.0015023286093445165,-0.0015023286093445165,1.0363069529310351,1.0589853036683787,-0.014084506629513327,-0.014084506629513438
T,2016-11-25,1.0,0.0,-0.0011535182306032787,-0.0011535182306032787,1.0351115539683282,1.0577637448146564,-0.015221778124950514,-0.015221778124950402
T,2016-11-28,1.0,0.0,0.000150632657160088,0.000150632657160088,1.0352674755721596,1.0579230785781855,-0.015073438364676006,-0.015073438364676006
T,2016-11-29,1.0,0.0,-0.0066770420201817116,-0.0066770420201817116,1.028354951135637,1.0508592817283988,-0.021649834403508095,-0.021649834403508206
T,2016-11-30,0.0,1.0,-0.0,-0.0007581117962195405,1.028354951135637,1.0500626129107538,-0.021649834403508095,-0.022391533204880187
T,2016-12-01,0.0,0.0,-0.0,-0.00677760356077084,1.028354951135637,1.0429457048064574,-0.021649834403508095,-0.029017375830470593
T,2016-12-02,1.0,1.0,0.0007129398584304614,0.0007129398584304614,1.029088106368916,1.0436892623695928,-0.0209523295749523,-0.028325123615856707
T,2016-12-05,1.0,0.0,-0.002798839753701987,-0.002798839753701987,1.0262078536667487,1.040768143371561,-0.02369252711570713,-0.031044685887554047
T,2016-12-06,1.0,0.0,-0.004082465809348901,-0.004082465809348901,1.0220183951908688,1.036519243010787,-0.027678268993169275,-0.035000412828205096
T,2016-12-07,1.0,0.0,0.0017934002869439691,0.0017934002869439691,1.023851283274066,1.0383781369186256,-0.025934506921779787,-0.033269782291670325
T,2016-12-08,1.0,0.0,0.000511482788604356,0.000511482788604356,1.0243749655835512,1.0389092494637224,-0.02543628918709684,-0.03277531642408882
T,2016-12-09,1.0,0.0,-0.0010224426154082922,-0.0010224426154082922,1.0233276009645813,1.037847024373529,-0.026432724656462292,-0.03376424815925161
T,2016-12-12,1.0,0.0,-0.010439588557392132,-0.010439588557392132,1.012644481851088,1.0270123284535555,-0.03659636644399,-0.04385135185791156
T,2016-12-13,1.0,0.0,-0.0016031442312665067,-0.0016031442312665067,1.0110210666916846,1.0253658795637557,-0.03814084142150653,-0.04538419604741373
T,2016-12-14,1.0,0.0,-0.0026934631720708646,-0.0026934631720708646,1.0082979186823626,1.0226040943292527,-0.040731573641856866,-0.04795541855883678
T,2016-12-15,1.0,0.0,-0.01781448010802944,-0.01781448010802944,0.9903356154670282,1.0043869340324347,-0.05782044194147473,-0.06491559781687761
T,2016-12-16,1.0,0.0,0.013801491195600368,0.013801491195600368,1.0040037237445858,1.0182489714594594,-0.04481695906625538,-0.05201003867300402
T,2016-12-19,1.0,0.0,-0.012413936991445884,-0.012413936991445884,0.9915400847788435,1.005608492886157,-0.05667454115170456,-0.06377832632144065
T,2016-12-20,1.0,0.0,0.0008450406675821753,0.0008450406675821753,0.9923779764740195,1.0064582729583118,-0.055877392776212176,-0.06298718093331046
T,2016-12-21,1.0,0.0,0.015778364116095123,0.015778364116095123,1.0080360775276203,1.0223385380567043,-0.040980682509198174,-0.04820265149262748
T,2016-12-22,1.0,0.0,0.0076367603511871,0.0076367603511871,1.0157342074770495,1.0301458924696263,-0.03365688180936177,-0.040934003239181393
T,2016-12-23,1.0,0.0,-0.004227675809445386,-0.004227675809445386,1.0114400125392726,1.025790769599833,-0.037742267233760285,-0.044988623353348745
T,2016-12-26,1.0,0.0,0.0008284146215182808,0.0008284146215182808,1.0122779042344487,1.026640549671988,-0.03694511885826779,-0.044197477965218335
T,2016-12-27,1.0,0.0,-0.0047077082255562175,-0.0047077082255562175,1.0075123952181355,1.0218074255116076,-0.04147890024388068,-0.048697117360208764
T,2016-12-28,1.0,0.0,0.004574042309891446,0.004574042309891446,1.0121207995416033,1.026481215908459,-0.03709458417867251,-0.04434581772549262
T,2016-12-29,0.0,1.0,0.0,0.010762146220313573,1.0121207995416033,1.0375283568464713,-0.03709458417867251,-0.03406092767980007
T,2016-12-30,1.0,1.0,-0.003634502175582366,-0.003634502175582366,1.008442244293717,1.0337574577762845,-0.04059426600735527,-0.03757163533962771
T,2017-01-03,1.0,0.0,0.0007192766132346762,0.0007192766132346762,1.0091675932158355,1.0345010153394198,-0.039904187900291044,-0.03687938312501382
T,2017-01-04,1.0,0.0,-0.0016428791457028247,-0.0016428791457028247,1.007509652822422,1.0328014551951104,-0.041481509287866314,-0.038461673901274196
T,2017-01-05,1.0,0.0,0.0022626761287667385,0.0022626761287667385,1.0097893208633655,1.0351383503935359,-0.03931269237995039,-0.036286024083916346
T,2017-01-06,0.0,1.0,-0.0,-0.0021549512570550045,1.0097893208633655,1.0329076777041295,-0.03931269237995039,-0.03836278072775812
T,2017-01-09,1.0,1.0,0.004062114356232049,0.004062114356232049,1.0138912005604144,1.0371034668103938,-0.035410270675817035,-0.03445650037386527
T,2017-01-10,1.0,0.0,-0.0004609002919034877,-0.0004609002919034877,1.0134238978101178,1.0366254655198068,-0.035854850363629676,-0.03490151965468835
T,2017-01-11,1.0,0.0,-0.003279024490214222,-0.003279024490214222,1.01010085603023,1.0332263452311876,-0.03901630592140859,-0.03806610120720921
T,2017-01-12,1.0,0.0,0.000873856276344176,0.000873856276344176,1.0109835390030126,1.034129236557852,-0.038176544288873626,-0.03722550923232093
T,2017-01-13,1.0,0.0,0.0014380360536181414,0.0014380360536181414,1.0124373697817135,1.0356163516841228,-0.036793407482345386,-0.03584100480309316
T,2017-01-16,1.0,0.0,-0.006513154520744746,-0.006513154520744746,1.0058432087497489,1.0288712223613943,-0.043066920854812785,-0.042120721321376564
T,2017-01-17,1.0,0.0,-0.0026842865992153797,-0.0026842865992153797,1.00314323730359,1.0261094371268913,-0.045635603495508215,-0.04469194383279962
T,2017-01-18,1.0,0.0,0.0,0.0,1.00314323730359,1.0261094371268913,-0.045635603495508215,-0.04469194383279962
T,2017-01-19,1.0,0.0,0.0026774464510710416,0.0026774464510710416,1.0058290996042245,1.0288567901977372,-0.043080343929058684,-0.04213415766813511
T,2017-01-20,1.0,0.0,0.0028797319231372853,0.0028797319231372853,1.0087256177715753,1.0318196219408062,-0.040324671847593474,-0.03937576082388927
T,2017-01-23,0.0,1.0,-0.0,-0.000678709407956557,1.0087256177715753,1.0311193162560808,-0.040324671847593474,-0.04002774553252919
T,2017-01-24,1.0,1.0,-0.008463507653727609,-0.008463507653727609,1.0001882607850545,1.022392430031041,-0.048446891332504904,-0.04815247805558087
T,2017-01-25,1.0,0.0,-0.003108699088466227,-0.003108699088466227,0.9970789764504574,1.0192141196157487,-0.05140498361404677,-0.05111148557940837
T,2017-01-26,0.0,1.0,-0.0,-0.0034883720930232176,0.9970789764504574,1.015658721524066,-0.05140498361404677,-0.05442156179250335
T,2017-02-03,1.0,1.0,-0.008221067147554773,-0.008221067147554773,0.988881923233643,1.007308922975417,-0.059203446939591564,-0.0621952256262871
T,2017-02-06,0.0,1.0,-0.0,-0.0013904486870957022,0.988881923233643,1.0059083116059662,-0.059203446939591564,-0.06349919504356705
T,2017-02-07,1.0,1.0,0.0033738552990951742,0.0033738552990951742,0.9922182677505242,1.009302100693482,-0.05602933550367817,-0.06033957684015778
T,2017-02-08,1.0,0.0,0.005337318531170032,0.005337318531170032,0.9975140526979546,1.014689067499062,-0.050991063383181046,-0.055324309850619646
T,2017-02-09,1.0,0.0,0.0011148863877679105,0.0011148863877679105,0.9986261675369147,1.0158203305282336,-0.049933026237876876,-0.054271103782816965
T,2017-02-10,1.0,0.0,0.0007424298668929907,0.0007424298668929907,0.999367577429555,1.016574505881015,-0.04922766814100732,-0.05356896640428155
T,2017-02-13,1.0,0.0,0.004186317630226144,0.004186317630226144,1.0035512475380246,1.020830209657423,-0.04524743316581481,-0.04960690548254665
T,2017-02-14,1.0,0.0,-0.0026912928759893484,-0.0026912928759893484,1.0008503972148353,1.0180828565865774,-0.047816951947268316,-0.052164691647210826
T,2017-02-15,0.0,1.0,-0.0,-0.0020106883962114352,1.0008503972148353,1.0160358092004569,-0.047816951947268316,-0.05407049310323542
T,2017-02-16,1.0,1.0,0.00890726896771099,0.00890726896771099,1.0097652408992681,1.0250859134338313,-0.03933560143176773,-0.04564484456081164
T,2017-02-17,0.0,1.0,-0.0,-0.0002627568448156925,1.0097652408992681,1.0248165650935523,-0.03933560143176773,-0.04589560791028846
T,2017-02-20,1.0,1.0,0.005309083263246306,0.005309083263246306,1.0151261686395343,1.0302574015671881,-0.03423535415173262,-0.04083018825085516
T,2017-02-21,1.0,0.0,-0.005908496732026092,-0.005908496732026092,1.0091282989895334,1.0241701290768828,-0.03994157140563348,-0.04649743994903299
T,2017-02-22,1.0,0.0,0.00589101620029453,0.00589101620029453,1.0150730901470564,1.0302035318991325,-0.03428585164955478,-0.040880340920750435
T,2017-02-23,1.0,0.0,-0.00010458063166707277,-0.00010458063166707277,1.0149669331621005,1.0300957925630208,-0.03438684664519909,-0.04098064626054132
T,2017-02-24,1.0,0.0,0.00047066206463752813,0.00047066206463752813,1.0154446395944015,1.030580619575523,-0.033932369164799914,-0.04052927223148284
T,2017-02-27,0.0,1.0,-0.0,-0.0009408812921436471,1.0154446395944015,1.0296109655505186,-0.033932369164799914,-0.04143202028959969
T,2017-02-28,1.0,1.0,0.0027729817401769274,0.0027729817401769274,1.0182604490381573,1.032466057957476,-0.03125348126471794,-0.03877392878514452
T,2017-03-01,1.0,0.0,-0.006835020348533893,-0.006835020348533893,1.0113006181488742,1.025409131442166,-0.03787488343284495,-0.04534392854143943
T,2017-03-02,0.0,1.0,-0.0,-0.0006304176516942483,1.0113006181488742,1.0247626954254965,-0.03787488343284495,-0.04594576058018396
T,2017-03-03,1.0,1.0,-0.001471902433895833,-0.001471902433895833,1.0098120823076204,1.023254344719934,-0.03929103773363252,-0.04735003533725457
T,2017-03-06,0.0,1.0,-0.0,-0.0004211634640693962,1.0098120823076204,1.0228233873754877,-0.03929103773363252,-0.047751256696417554
T,2017-03-07,0.0,0.0,0.0,0.0023173750460840914,1.0098120823076204,1.0251936527699428,-0.03929103773363252,-0.045544539221020974
T,2017-03-08,0.0,0.0,-0.0,-0.005044401240081986,1.0098120823076204,1.020022164636586,-0.03929103773363252,-0.05035919553097745
T,2017-03-09,0.0,0.0,-0.0,-0.0013203063110641677,1.0098120823076204,1.0186754229351909,-0.03929103773363252,-0.051613012278362014
T,2017-03-10,0.0,0.0,0.0,0.0014278159703859927,1.0098120823076204,1.0201299039726974,-0.03929103773363252,-0.05025889019118679
T,2017-03-13,1.0,1.0,0.008396261287426654,0.008396261287426654,1.0182907284018756,1.0286951811935696,-0.031224674265271646,-0.04228461567782149
T,2017-03-14,1.0,0.0,0.0007331378299120228,0.0007331378299120228,1.0190372758567157,1.0294493565463507,-0.030514428425290174,-0.041582478299286185
T,2017-03-15,1.0,0.0,0.0012558869701726483,0.0012558869701726483,1.0203170714935843,1.03074222857969,-0.029296864128179112,-0.04037881422179712
T,2017-03-16,1.0,0.0,0.007160029267272883,0.007160029267272883,1.0276225715873766,1.0381223731033344,-0.022346601265503252,-0.033507898446130224
T,2017-03-17,0.0,1.0,-0.0,-0.0007783716465155077,1.0276225715873766,1.0373143280824975,-0.022346601265503252,-0.03426018849456092
T,2017-03-20,1.0,1.0,0.0008828417116741871,0.0008828417116741871,1.0285297996574319,1.038230112439446,-0.021483488065540457,-0.03340759310633956
T,2017-03-21,1.0,0.0,0.0022311005032948916,0.0022311005032948916,1.0308245530111013,1.0405465081658456,-0.01930031938328114,-0.031251028300838035
T,2017-03-22,1.0,0.0,0.0,0.0,1.0308245530111013,1.0405465081658456,-0.01930031938328114,-0.031251028300838035
T,2017-03-23,1.0,0.0,0.00124249326982806,0.00124249326982806,1.032105345580591,1.0418393801991848,-0.018081806630392383,-0.03004736422334886
T,2017-03-24,1.0,0.0,0.006359875904860424,0.006359875904860424,1.0386694074992266,1.0484653493700482,-0.011836928771836952,-0.023878585826217158
T,2017-03-27,1.0,0.0,-5.1379540666807166e-05,-5.1379540666807166e-05,1.0386160411421648,1.0484114797019926,-0.011887700136540502,-0.023928738496112434
T,2017-03-28,0.0,1.0,-0.0,-0.004110574452779847,1.0386160411421648,1.0441019062575285,-0.011887700136540502,-0.027940952087742832
T,2017-03-29,1.0,1.0,-5.159426271794665e-05,-5.159426271794665e-05,1.038562454513275,1.0440480365894729,-0.01193868106213447,-0.027991104757638108
T,2017-03-30,1.0,0.0,-0.0005675661730561998,-0.0005675661730561998,1.037973001595487,1.043455470240859,-0.012499471243668792,-0.028542784126487364
T,2017-03-31,0.0,1.0,-0.0,-0.00010325245224562796,1.037973001595487,1.0433477309047474,-0.012499471243668792,-0.028643089466278027
T,2017-04-05,1.0,1.0,-0.0030978934324659146,-0.0030978934324659146,1.0347574718507675,1.0401155508213993,-0.015558642646259724,-0.03165224966000091
T,2017-04-06,1.0,0.0,0.002796768178993103,0.002796768178993103,1.037651448621015,1.0430245128964124,-0.012805388383927974,-0.02894400548565057
T,2017-04-07,1.0,0.0,0.003615328994938549,0.003615328994938549,1.0414028999898546,1.0467953896603184,-0.009236355080905367,-0.02543331859297404
T,2017-04-10,1.0,0.0,-0.0033449979415397513,-0.0033449979415397513,1.037919409433075,1.0432938612366913,-0.012550457433712081,-0.028693242136173747
T,2017-04-11,1.0,0.0,0.0010326844632624343,0.0010326844632624343,1.0389912526813152,1.0443712545978074,-0.011530733632848178,-0.02769018873826601
T,2017-04-12,1.0,0.0,-0.001702171558260801,-0.001702171558260801,1.0372227113217194,1.0425935555519659,-0.01321327790427318,-0.029345226844813666
T,2017-04-13,1.0,0.0,0.001395060452619612,0.001395060452619612,1.0386696997068432,1.0440480365894724,-0.01183665077310736,-0.02799110475763844
T,2017-04-14,1.0,0.0,-0.004282544760332296,-0.004282544760332296,1.0342215502266476,1.039576854140841,-0.01606850454669151,-0.032153776358955
T,2017-04-17,1.0,0.0,-0.0044046015131101734,-0.0044046015131101734,1.0296662164216281,1.0349979323560978,-0.020402330700361904,-0.03641675330006244
T,2017-04-18,0.0,1.0,0.0,0.0008848175714359918,1.0296662164216281,1.0359137167130463,-0.020402330700361904,-0.03556415791184109
T,2017-04-19,1.0,1.0,0.0013000520020800543,0.0013000520020800543,1.0310048360477613,1.0372604584144414,-0.019128802789155963,-0.034310341164456526
T,2017-04-20,1.0,0.0,-0.0005193456245132788,-0.0005193456245132788,1.030469388197308,1.036721761733883,-0.019638213953638406,-0.03481186786341062
T,2017-04-21,1.0,0.0,-0.004053000779423277,-0.004053000779423277,1.0262928949637724,1.0325199276255306,-0.023611621036601083,-0.03872377611525035
T,2017-04-24,1.0,0.0,-0.004643397506130298,-0.004643397506130298,1.0215274090947384,1.0277255271685644,-0.028145380400494413,-0.04318736373593912
T,2017-04-25,1.0,0.0,0.00513680679316475,0.00513680679316475,1.0267747980291801,1.0330047546380328,-0.023153150988567184,-0.03827240208619187
T,2017-04-26,1.0,0.0,0.0005214851898207584,0.0005214851898207584,1.0273102458796335,1.0335434513185908,-0.02264373982408474,-0.037770875387238
T,2017-04-27,0.0,1.0,0.0,0.001720004169706968,1.0273102458796335,1.0353211503644322,-0.02264373982408474,-0.036115837280690566
T,2017-04-28,1.0,1.0,-0.0019251782090640157,-0.0019251782090640157,1.0253324905803178,1.0333279726463676,-0.024525324798667647,-0.03797148606681966
T,2017-05-02,0.0,1.0,-0.0,-0.0014075695964965718,1.0253324905803178,1.031873491608861,-0.024525324798667647,-0.039325608153994884
T,2017-05-03,1.0,1.0,-0.001148525189245575,-0.001148525189245575,1.0241548703875345,1.0306883589116334,-0.025645682034607487,-0.040428966891693174
T,2017-05-04,1.0,0.0,-0.005069774734751453,-0.005069774734751453,1.0189626359011712,1.0254630011102208,-0.03058543893852439,-0.04529377587154493
T,2017-05-05,1.0,0.0,0.0005778524900188486,0.0005778524900188486,1.0195514459975628,1.0260555674588345,-0.030025260320554525,-0.044742096502695894
T,2017-05-08,0.0,1.0,-0.0,-0.00414763479813085,1.0195514459975628,1.0217998636824264,-0.030025260320554525,-0.048704157424430794
T,2017-05-09,1.0,1.0,0.0,0.0,1.0195514459975628,1.0217998636824264,-0.030025260320554525,-0.048704157424430794
T,2017-05-10,1.0,0.0,-0.0038823591980002847,-0.0038823591980002847,1.0155931810633596,1.0178328695831436,-0.03379105067297694,-0.05239742958887339
T,2017-05-11,1.0,0.0,0.007100907634810305,0.007100907634810305,1.0228048144366337,1.0250604067777274,-0.026930090167878618,-0.04566859126187517
T,2017-05-12,1.0,0.0,-0.003392885543126667,-0.003392885543126667,1.0193345547682913,1.0215824941427396,-0.03023160499739974,-0.048906528501934554
T,2017-05-15,1.0,0.0,0.005532209160061585,0.005532209160061585,1.0249737267293477,1.0272341021745945,-0.024866643399428012,-0.04364488048683823
T,2017-05-16,1.0,0.0,-0.002010262921229411,-0.002010262921229411,1.0229132600512694,1.0251690915475706,-0.02682691782945623,-0.045567405723123455
T,2017-05-17,1.0,0.0,0.0012721971905644835,0.0012721971905644835,1.0242146074268978,1.026473308785691,-0.025588849768385713,-0.04435317925810123
T,2017-05-18,0.0,1.0,0.0,0.002752924982794225,1.0242146074268978,1.0292991128016185,-0.025588849768385713,-0.04172235525055312
T,2017-05-19,1.0,1.0,-0.00047515970645695127,-0.00047515970645695127,1.0237279419146839,1.0288100313373232,-0.026051850684498334,-0.042177690174936555
T,2017-05-22,1.0,0.0,-0.006074371434608095,-0.006074371434608095,1.0175094381475072,1.0225606570713295,-0.03196797350148983,-0.047995858653168244
T,2017-05-23,1.0,0.0,-0.0002125737365148428,-0.0002125737365148428,1.017293142364301,1.0223432875316427,-0.032173751686428664,-0.048198229730672004
T,2017-05-24,1.0,0.0,0.00255142720459256,0.00255142720459256,1.0198886917627747,1.0249517220078836,-0.029704413467162682,-0.04576977680062744
T,2017-05-25,1.0,0.0,0.0009543502465403364,0.0009543502465403364,1.0208620227872023,1.0259298849364737,-0.028778411634937995,-0.044859106951860905
T,2017-05-26,1.0,0.0,-0.0010064092377773948,-0.0010064092377773948,1.019834617816973,1.0248973796229617,-0.02975585801339753,-0.04582036957000357
T,2017-05-31,1.0,0.0,0.004347826086956497,0.004347826086956497,1.0242686813726989,1.0293534551865398,-0.025537405222151532,-0.04167176248117754
T,2017-06-01,1.0,0.0,0.001055854714391291,0.001055854714391291,1.0253501602887296,1.0304403028849733,-0.024508514297457373,-0.040659907093659076
T,2017-06-02,1.0,0.0,-0.00031642231832085255,-0.00031642231832085255,1.0250257166139203,1.0301142485754433,-0.024817181574865677,-0.04096346370991455
T,2017-06-05,1.0,0.0,0.0024266722937329455,0.0024266722937329455,1.027513118120791,1.032613998281841,-0.022450732448069055,-0.038636196318621696
T,2017-06-06,1.0,0.0,-0.0018419113777498053,-0.0018419113777498053,1.0256205300177372,1.0307120148095819,-0.024251291566283917,-0.04040694324677929
T,2017-06-07,0.0,1.0,0.0,0.0011071861654452508,1.0256205300177372,1.0318532048929372,-0.024251291566283917,-0.03934449508988491
T,2017-06-08,1.0,1.0,-0.0008426374552348292,-0.0008426374552348292,1.0247563037442864,1.0309837267341904,-0.025073493974907213,-0.04015397939989962
T,2017-06-09,1.0,0.0,0.001001475859160772,0.001001475859160772,1.025782572444009,1.0320162320477022,-0.024097128614667174,-0.039192716781757175
T,2017-06-12,1.0,0.0,0.0040545521562846965,0.0040545521562846965,1.0299416613849912,1.036200595686672,-0.020140279523167326,-0.0352970735398106
T,2017-06-13,1.0,0.0,0.0009964338158170438,0.0009964338158170438,1.030967930084714,1.037233101000184,-0.019163914162927065,-0.03433581092166793
T,2017-06-14,1.0,0.0,0.0009430502436214017,0.0009430502436214017,1.0319401846423464,1.0382112639287744,-0.018238936453225718,-0.03342514107290118
T,2017-06-15,1.0,0.0,-0.000994504056529677,-0.000994504056529677,1.0309139159426235,1.0371787586152623,-0.01921530181346598,-0.03438640369104384
T,2017-06-16,1.0,0.0,-0.0008907052289637285,-0.0008907052289637285,1.0299956755270818,1.0362549380715935,-0.02008889187262841,-0.035246480770434796
T,2017-06-19,1.0,0.0,0.00613561277466057,0.00613561277466057,1.036315330151691,1.0426129971074307,-0.014076536759570324,-0.02932712675345117
T,2017-06-20,1.0,0.0,-0.0009903054310436143,-0.0009903054310436143,1.035289061451968,1.0415804917939187,-0.015052902119810474,-0.030288389371593838
T,2017-06-21,1.0,0.0,-0.0036521103980799996,-0.0036521103980799996,1.0315080715056208,1.0377765248494009,-0.018650037657537477,-0.0338298832279087
T,2017-06-22,1.0,0.0,-0.002722940776038185,-0.002722940776038185,1.0286993361169057,1.0349507208334732,-0.021322195485563356,-0.036460707235457024
T,2017-06-23,0.0,1.0,0.0,0.0020477815699659896,1.0286993361169057,1.037070073845419,-0.021322195485563356,-0.03448758922979567
T,2017-06-26,0.0,0.0,0.0,0.003458394466568926,1.0286993361169057,1.0406566712502503,-0.021322195485563356,-0.031148466450984347
T,2017-06-27,1.0,1.0,-0.0004699738903394257,-0.0004699738903394257,1.0282158742879213,1.0401675897859552,-0.021782148500739784,-0.03160380137536756
T,2017-06-28,1.0,0.0,-0.0012538529857374359,-0.0012538529857374359,1.0269266427439627,1.038863372547835,-0.023008689874543853,-0.032818027840389785
T,2017-06-29,1.0,0.0,-0.0017785217345817061,-0.0017785217345817061,1.0251002313900215,1.0370157314604977,-0.02474629015409946,-0.03453818199917125
T,2017-06-30,0.0,1.0,-0.0,-0.0014672745375464702,1.0251002313900215,1.0354941446826906,-0.02474629015409946,-0.035954779541697124
T,2017-07-03,1.0,1.0,-0.003935974809761267,-0.003935974809761267,1.0210654627017899,1.0314184658135643,-0.02858486418917916,-0.039749237244891766
T,2017-07-04,1.0,0.0,0.0010010537407798559,0.0010010537407798559,1.0220876041028086,1.0324509711270764,-0.02761242543362563,-0.03878797462674899
T,2017-07-05,0.0,1.0,0.0,0.002526448760461042,1.0220876041028086,1.035059405603317,-0.02761242543362563,-0.036359521696704644
T,2017-07-06,1.0,1.0,0.0012075392450254796,0.0012075392450254796,1.0233218149966168,1.036309280456516,-0.026438229275961622,-0.03519588800105822
T,2017-07-07,1.0,0.0,-0.0024646040901940003,-0.0024646040901940003,1.0207997318657913,1.0337551883651968,-0.028837673598144598,-0.03757374816172687
T,2017-07-10,1.0,0.0,-0.000210271776270754,-0.000210271776270754,1.020585086492955,1.03353781882551,-0.029041881625564425,-0.03777611923923052
T,2017-07-11,1.0,0.0,0.0009990009990010762,0.0009990009990010762,1.0216046520139273,1.034570324139022,-0.028071893495320133,-0.036814856621087855
T,2017-07-12,1.0,0.0,0.0008404244143291884,0.0008404244143291884,1.0224632335052721,1.0354398022977689,-0.02725506138564071,-0.03600537231107315
T,2017-07-13,0.0,1.0,0.0,0.0014170252965257646,1.0224632335052721,1.0369070466906545,-0.02725506138564071,-0.03463936753792296
T,2017-07-14,1.0,1.0,-0.00010481630941783227,-0.00010481630941783227,1.0223560626826207,1.036798361920811,-0.027357020920111164,-0.03474055307667501
T,2017-07-17,1.0,0.0,0.00015724094554214751,0.00015724094554214751,1.0225168189165976,1.036961389075576,-0.027204081618405707,-0.03458877476854716
T,2017-07-18,0.0,1.0,-0.0,-0.0028822974530970935,1.0225168189165976,1.0339725579048835,-0.027204081618405707,-0.03737137708422311
T,2017-07-19,1.0,1.0,-0.0003678982498556138,-0.0003678982498556138,1.0221406367684702,1.0335921612104315,-0.02756197153424511,-0.03772552646985483
T,2017-07-20,1.0,0.0,0.002523659305993853,0.002523659305993853,1.0247201714984855,1.0362005956866724,-0.025107869254205162,-0.03529707353981015
T,2017-07-21,0.0,1.0,-0.0,-0.0012586532410321372,1.0247201714984855,1.034896378448552,-0.025107869254205162,-0.03651130000483238
T,2017-07-24,1.0,1.0,0.0012077294685990392,0.0012077294685990392,1.0259577562466722,1.036146253301751,-0.023930463299198013,-0.035347666309185954
T,2017-07-25,1.0,0.0,-0.002255205328578036,-0.002255205328578036,1.0236440108478888,1.0338095307501187,-0.026131700519428258,-0.03752315539235063
T,2017-07-26,1.0,0.0,-0.0028385197645081073,-0.0028385197645081073,1.0207383770912768,1.0308750419643478,-0.028896044935531773,-0.04025516493865078
T,2017-07-27,1.0,0.0,0.0021085925144965767,0.0021085925144965767,1.0228906983924708,1.0330487373612152,-0.026848382405084803,-0.03823145416361362
T,2017-07-28,0.0,1.0,-0.0,-0.0009468700683851194,1.0228906983924708,1.0320705744326248,-0.026848382405084803,-0.039142124012380264
T,2017-07-31,1.0,1.0,-0.0028959561920808286,-0.0028959561920808286,1.0199284517406393,1.0290817432619324,-0.029666586857892252,-0.04192472632805622
T,2017-08-01,0.0,1.0,-0.0,-0.001425780218619721,1.0199284517406393,1.0276144988690468,-0.029666586857892252,-0.0432907311012064
T,2017-08-03,0.0,0.0,0.0,0.0017979904812268632,1.0199284517406393,1.029462139956384,-0.029666586857892252,-0.04157057694242494
T,2017-08-04,1.0,1.0,0.00021114864864868466,0.00021114864864868466,1.0201438082549428,1.0296795094960707,-0.029461702268968493,-0.04136820586492118
T,2017-08-07,1.0,0.0,-0.0037470973189781542,-0.0037470973189781542,1.0163212301260585,1.0258212001666311,-0.03309840372236217,-0.044960292490612064
T,2017-08-08,1.0,0.0,0.0,0.0,1.0163212301260585,1.0258212001666311,-0.03309840372236217,-0.044960292490612064
T,2017-08-09,1.0,0.0,-0.00010598272481587845,-0.00010598272481587845,1.0162135176328015,1.0257124808406637,-0.03320087858816434,-0.04506151020112115
T,2017-08-10,1.0,0.0,0.0015369123959934061,0.0015369123959934061,1.0177753487850274,1.0272889110671928,-0.031714993034031025,-0.043593853398738114
T,2017-08-11,1.0,0.0,0.001693300878399917,0.001693300878399917,1.019498748677139,1.0290284202826734,-0.030075395181194065,-0.04197437003059101
T,2017-08-14,1.0,0.0,0.0031695721077653616,0.0031695721077653616,1.0227301234748478,1.0322900000616992,-0.02700114920712493,-0.03893783871531564
T,2017-08-15,0.0,1.0,0.0,0.0002632964718272124,1.0227301234748478,1.032561798376618,-0.02700114920712493,-0.03868479443904271
T,2017-08-16,1.0,1.0,-0.0005790997630954475,-0.0005790997630954475,1.022137860702633,1.0319638420837967,-0.027564612611111095,-0.039241491846843224
T,2017-08-17,1.0,0.0,0.0003687315634217647,0.0003687315634217647,1.0225147551940426,1.0323443597246829,-0.027206044990392475,-0.03888722986006121
T,2017-08-18,1.0,0.0,-0.0003685956505712351,-0.0003685956505712351,1.022137860702633,1.0319638420837967,-0.027564612611111095,-0.039241491846843224
T,2017-08-21,1.0,0.0,-0.0010008428150021231,-0.0010008428150021231,1.0211148613688072,1.030931008487105,-0.028537867581633014,-0.04020306009668051
T,2017-08-22,1.0,0.0,-0.00010545742156609084,-0.00010545742156609084,1.0210071772284044,1.0308222891611374,-0.028640315473267064,-0.040304277807189814
T,2017-08-23,0.0,1.0,-0.0,-0.0007910140800506671,1.0210071772284044,1.030006894216381,-0.028640315473267064,-0.0410634106360086
T,2017-08-24,1.0,1.0,-0.0004749841671944921,-0.0004749841671944921,1.020522214984629,1.029517657249527,-0.029101695944068307,-0.04151889033329992
T,2017-08-25,0.0,1.0,-0.0,-0.0008976186704682254,1.020522214984629,1.0285935429788031,-0.029101695944068307,-0.0423792408726279
T,2017-08-28,1.0,1.0,-0.0011098192580065724,-0.0011098192580065724,1.0193896197772154,1.027451990056144,-0.030179217579475504,-0.04344202683297427
T,2017-08-29,0.0,1.0,0.0,0.0018517538754565521,1.0193896197772154,1.0293545782605762,-0.030179217579475504,-0.04167071689906332
T,2017-08-30,1.0,1.0,0.000950570342205248,0.000950570342205248,1.0203586213169276,1.030333052194284,-0.02925733470645231,-0.04075975750448069
T,2017-08-31,1.0,0.0,0.0008441489922972334,0.0008441489922972334,1.0212199560188941,1.0312028068020243,-0.02843788326376473,-0.039950015820407137
T,2017-09-01,0.0,1.0,-0.0,-0.0013178703215603882,1.0212199560188941,1.02984381522743,-0.02843788326376473,-0.041215237201772004
T,2017-09-04,1.0,1.0,-0.0003167062549485067,-0.0003167062549485067,1.0208965292711447,1.0295176572495275,-0.02874558306320607,-0.041518890333299585
T,2017-09-05,1.0,0.0,-0.002112043930513674,-0.002112043930513674,1.018740350952815,1.027343270730177,-0.03079691505948212,-0.04354324454348302
T,2017-09-06,1.0,0.0,0.002275252658870741,0.002275252658870741,1.0210582426450192,1.0296807362384788,-0.028591733163485622,-0.04136706376753574
T,2017-09-07,1.0,0.0,0.0030091859360152906,0.0030091859360152906,1.024130796748639,1.0327792370285536,-0.025668585068792216,-0.03848235901802388
T,2017-09-08,1.0,0.0,0.0016842991736407686,0.0016842991736407686,1.0258557394033028,1.0345187462440342,-0.024027519471771397,-0.03686287564987689
T,2017-09-11,0.0,1.0,-0.0,-0.0011560086175187445,1.0258557394033028,1.0333228336583913,-0.024027519471771397,-0.03797627046547791
T,2017-09-12,1.0,1.0,0.0008943132200536219,0.0008943132200536219,1.026773175752919,1.0342469479291152,-0.023154694380026486,-0.03711591992614993
T,2017-09-13,1.0,0.0,-0.001419110690633829,-0.001419110690633829,1.025316070962352,1.0327792370285536,-0.024540945996327168,-0.03848235901802388
T,2017-09-14,1.0,0.0,0.004158113584925571,0.004158113584925571,1.0295794516458632,1.037073650404271,-0.020484876452335876,-0.034484259452911226
T,2017-09-15,0.0,1.0,-0.0,-0.00036691477094030756,1.0295794516458632,1.0366931327633848,-0.020484876452335876,-0.03483852143969324
T,2017-09-18,1.0,1.0,-0.002883959939174674,-0.002883959939174674,1.0266101857531191,1.0337033512992777,-0.02330975882846298,-0.03762200847869579
T,2017-09-19,0.0,1.0,0.0,0.0011043331931006595,1.0266101857531191,1.034844904221937,-0.02330975882846298,-0.03655922251834909
T,2017-09-20,1.0,1.0,-0.0006828807059935382,-0.0006828807059935382,1.025909133464692,1.0341382286031482,-0.023976721749891183,-0.03721713763665868
T,2017-09-21,1.0,0.0,-0.0015769554247266893,-0.0015769554247266893,1.0242913204913981,1.0325074387136353,-0.025515866953187194,-0.03873540329429637
T,2017-09-22,0.0,1.0,0.0,0.0015267979361903716,1.0242913204913981,1.0340838689401644,-0.025515866953187194,-0.037267746491913334
T,2017-09-25,1.0,1.0,0.0012090627135574739,0.0012090627135574739,1.0255297529348248,1.035334141188791,-0.02433765452296688,-0.03610374282105766
T,2017-09-26,1.0,0.0,-5.250446287941024e-05,-5.250446287941024e-05,1.02547590804598,1.0352797815258072,-0.024388881150367858,-0.03615435167631231
T,2017-09-27,1.0,0.0,-0.0006825938566552558,-0.0006825938566552558,1.024775924491,1.0345731059070182,-0.025054827306579153,-0.03681226679462202
T,2017-09-28,1.0,0.0,0.0010508617065994041,0.0010508617065994041,1.0258528222678927,1.0356602991666934,-0.024030294758561666,-0.0358000896895303
T,2017-09-29,1.0,0.0,-0.0007348309888726146,-0.0007348309888726146,1.0250989938240678,1.0348992638849206,-0.02474746754217394,-0.03650861366309466
T,2017-10-09,1.0,0.0,-0.0034142241832125775,-0.0034142241832125775,1.0215990760491667,1.0313658857909758,-0.028077198323230856,-0.03979818925464318
T,2017-10-10,0.0,1.0,0.0,0.0007378906867654411,1.0215990760491667,1.0321269210727486,-0.028077198323230856,-0.03908966528107882
T,2017-10-11,0.0,0.0,-0.0,-0.0005266761468373238,1.0215990760491667,1.031583324442911,-0.028077198323230856,-0.03959575383362479
T,2017-10-12,0.0,0.0,-0.0,-0.0028455498761660314,1.0215990760491667,1.0286479026417874,-0.028077198323230856,-0.0423286320173728
T,2017-10-13,0.0,0.0,0.0,0.0,1.0215990760491667,1.0286479026417874,-0.028077198323230856,-0.0423286320173728
T,2017-10-16,1.0,1.0,-0.0031707445965226677,-0.0031707445965226677,1.0183598462989711,1.0253863228627615,-0.031158917294884625,-0.045365163332648284
T,2017-10-17,1.0,0.0,-0.003392885543126667,-0.003392885543126667,1.0149046678987628,1.0219073044318008,-0.0344460841979819,-0.04860413006894193
T,2017-10-18,1.0,0.0,0.0004787488696207376,0.0004787488696207376,1.015390552361292,1.0223965413986547,-0.03398382635223396,-0.048148650371650614
T,2017-10-19,1.0,0.0,0.0014355593364525632,0.0014355593364525632,1.0168482057488801,1.0238642522992163,-0.03259705281498959,-0.046782211279776664
T,2017-10-20,1.0,0.0,-0.001008760286700272,-0.001008760286700272,1.0158224496613182,1.0228314187025247,-0.03357293048934662,-0.04774377952961395
T,2017-10-23,1.0,0.0,0.0008503401360544505,0.0008503401360544505,1.0166862442613704,1.023701173310265,-0.03275113876357216,-0.0469340378455404
T,2017-10-24,1.0,0.0,-0.00015930331350888505,-0.00015930331350888505,1.0165242827738608,1.0235380943213137,-0.032905224712154846,-0.047085864411304246
T,2017-10-25,1.0,0.0,-0.006054490413723412,-0.006054490413723412,1.0103697462484893,1.0173410927411646,-0.03876049075829713,-0.052855273910327516
T,2017-10-26,0.0,1.0,0.0,0.0020838899278652345,1.0103697462484893,1.0194611195975314,-0.03876049075829713,-0.050881528555398514
T,2017-10-27,0.0,0.0,-0.0,-0.005278873840247278,1.0103697462484893,1.0140795129621387,-0.03876049075829713,-0.055891805225602886
T,2017-10-30,1.0,1.0,-0.0076655052264809065,-0.0076655052264809065,1.0026247516779434,1.0063060811554603,-0.046128877240289246,-0.06312887152700952
T,2017-10-31,1.0,0.0,0.0012964563526360884,0.0012964563526360884,1.0039246109065665,1.0076107130670706,-0.04489222496359124,-0.06191425900089931
T,2017-11-01,1.0,0.0,0.0027514026758739263,0.0027514026758739263,1.0066868117673906,1.0103830558792426,-0.04226433887560799,-0.059333207382915254
T,2017-11-02,1.0,0.0,-0.0011298219185452707,-0.0011298219185452707,1.0055494349423453,1.0092415029565835,-0.04334640961771885,-0.06039599334326162
T,2017-11-03,1.0,0.0,0.0008079284713993218,0.0008079284713993218,1.0063618469602347,1.01005689790134,-0.0425735019447826,-0.059636860514442724
T,2017-11-06,1.0,0.0,0.0017221893331897942,0.0017221893331897942,1.0080949925983989,1.0117964071168204,-0.04092463224251863,-0.058017377146295956
T,2017-11-07,1.0,0.0,-0.003921990006984344,-0.003921990006984344,1.004141254111337,1.0078281517190055,-0.044686116250808205,-0.06171182357988103
T,2017-11-08,1.0,0.0,0.0016181229773462036,0.0016181229773462036,1.0057660781471158,1.0094589416085185,-0.04314030090493581,-0.060193557922243346
T,2017-11-09,1.0,0.0,0.0,0.0,1.0057660781471158,1.0094589416085185,-0.04314030090493581,-0.060193557922243346
T,2017-11-10,1.0,0.0,-0.0005926404827326648,-0.0005926404827326648,1.0051700204530465,1.0088606953740649,-0.04370737469891506,-0.06075052526575153
T,2017-11-13,1.0,0.0,-0.006738544474393482,-0.006738544474393482,0.9983966375658966,1.0020624427098193,-0.05015139508504096,-0.0670796996237989
T,2017-11-14,0.0,1.0,0.0,0.0034735413839890317,0.9983966375658966,1.005543148073913,-0.05015139508504096,-0.06383916235247866
T,2017-11-15,0.0,0.0,-0.0,-0.00016225864027241688,0.9983966375658966,1.0053799900099714,-0.05015139508504096,-0.06399106253707154
T,2017-11-16,1.0,1.0,0.0031916044574271663,0.0031916044574271663,1.0015831247246323,1.0085887652674952,-0.04711985404371333,-0.06100369224007329
T,2017-11-17,1.0,0.0,-0.0003235373416015097,-0.0003235373416015097,1.001259075183066,1.0082624491396115,-0.047428146353000855,-0.061307492609259495
T,2017-11-20,1.0,0.0,-0.0009709261556717363,-0.0009709261556717363,1.000286926558367,1.0072835007559602,-0.04835302328086355,-0.06221889371681821
T,2017-11-21,1.0,0.0,-0.0005399276496949046,-0.0005399276496949046,0.9997468439890898,1.0067396405428206,-0.04886684379634276,-0.06272522766546196
T,2017-11-22,1.0,0.0,-0.0054562152233808,-0.0054562152233808,0.9942920100393896,1.00124665239011,-0.054056431002683314,-0.0678392005467644
T,2017-11-23,1.0,0.0,0.0005975013579577748,0.0005975013579577748,0.9948861008655947,1.0018448986245638,-0.05349122843565601,-0.06728223320325599
T,2017-11-24,1.0,0.0,0.004071440204114873,0.004071440204114873,0.998936720135174,1.0059238502231114,-0.04963757456956153,-0.06348472858842746
T,2017-11-27,1.0,0.0,-0.000648788927335664,-0.000648788927335664,0.9982886210520413,1.0052712179673438,-0.05025415918813669,-0.06409232932679998
T,2017-11-28,1.0,0.0,-0.001298420255355981,-0.001298420255355981,0.9969924228857759,1.0039659534558085,-0.051487328425286916,-0.06530753080354523
T,2017-11-29,1.0,0.0,0.007313109425785447,0.007313109425785447,1.0042835375710186,1.011308066333194,-0.04455075146631682,-0.058472022496853904
T,2017-11-30,1.0,0.0,0.000699112664694912,0.000699112664694912,1.0049856449110792,1.0120150846102756,-0.043882784796193675,-0.057813788363616836
T,2017-12-01,0.0,1.0,-0.0,-0.0006448839208942347,1.0049856449110792,1.011362452354508,-0.043882784796193675,-0.05842138910198946
T,2017-12-04,1.0,1.0,0.00010755001075479775,0.00010755001075479775,1.005093731127998,1.0114712243971358,-0.04377995437941551,-0.0583201223122608
T,2017-12-05,1.0,0.0,-0.00043015377997623894,-0.00043015377997623894,1.0046613862603229,1.0110361362266242,-0.04419127604652817,-0.058725189471175665
T,2017-12-06,1.0,0.0,0.00037654653039265185,0.00037654653039265185,1.0050396880195387,1.011416838375822,-0.043831369587804425,-0.05837075570712502
T,2017-12-07,1.0,0.0,-0.0010216701618540602,-0.0010216701618540602,1.00401286895881,1.0103835039708566,-0.0448082585471975,-0.05933279020954818
T,2017-12-08,1.0,0.0,-0.002314565615243902,-0.002314565615243902,1.0016890152950555,1.008044905054356,-0.04701911250792912,-0.06151002618871659
T,2017-12-11,1.0,0.0,-0.002104127326679195,-0.002104127326679195,0.9995813340651388,1.0059238502231114,-0.04902430563510418,-0.06348472858842746
T,2017-12-12,0.0,1.0,-0.0,-0.0009191176470588758,0.9995813340651388,1.0049992878607739,-0.04902430563510418,-0.06434549630112196
T,2017-12-13,1.0,1.0,0.0005411548243952069,0.0005411548243952069,1.0001222623264436,1.0055431480739134,-0.04850968055021598,-0.06383916235247822
T,2017-12-14,1.0,0.0,0.002001189896695399,0.002001189896695399,1.0021236968932714,1.0075554308625303,-0.04660556773612967,-0.06196572674249612
T,2017-12-15,1.0,0.0,0.0029688006045558435,0.0029688006045558435,1.005098802330448,1.0105466620347985,-0.04377512976924447,-0.05918089002495508
T,2017-12-18,1.0,0.0,-0.00048436574995969206,-0.00048436574995969206,1.0046119668952735,1.0100571878429727,-0.044238292345643915,-0.059636590578734605
T,2017-12-19,1.0,0.0,-0.0004307559767392499,-0.0004307559767392499,1.0041792242862295,1.009622099672461,-0.04464999241355461,-0.06004165773764969
T,2017-12-20,1.0,0.0,0.0005925447101917669,0.0005925447101917669,1.0047742453736648,1.0102203459069146,-0.044083904820177655,-0.059484690394141504
T,2017-12-21,0.0,1.0,0.0,0.0002153432032301339,1.0047742453736648,1.0104378899921704,-0.044083904820177655,-0.05928215681468396
T,2017-12-22,1.0,1.0,0.0034985736584316474,0.0034985736584316474,1.0082895220811996,1.0139729813775782,-0.040739561949910685,-0.05599098614849929
T,2017-12-25,0.0,1.0,-0.0,-0.0015018236429951148,1.0082895220811996,1.012450172780787,-0.040739561949910685,-0.057408721204701973
T,2017-12-26,1.0,1.0,-0.001504082509669158,-0.001504082509669158,1.0067729714463547,1.010927364183996,-0.042182368796999326,-0.05882645626090466
T,2017-12-27,1.0,0.0,0.0005379814934365346,0.0005379814934365346,1.007314596673085,1.0114712243971355,-0.04166708063732483,-0.058320122312261025
T,2017-12-28,1.0,0.0,0.0010753844499409304,0.0010753844499409304,1.0083978471265458,1.012558944823415,-0.04063650431797561,-0.05730745441497331
T,2017-12-29,1.0,0.0,0.0008056719303899396,0.0008056719303899396,1.0092102849666413,1.0133747351431244,-0.039863572078463805,-0.056547953492007696
T,2018-01-02,0.0,1.0,-0.0,-0.005635163419739242,1.0092102849666413,1.007664202905158,-0.039863572078463805,-0.06186445995276757
T,2018-01-03,1.0,1.0,-5.397236614845813e-05,-5.397236614845813e-05,1.0091558154996203,1.007609816883844,-0.03991539291330415,-0.0619150933476319
T,2018-01-04,0.0,1.0,-0.0,-0.0018351594969504559,1.0091558154996203,1.0057606921591693,-0.03991539291330415,-0.06363662877302068
T,2018-01-05,1.0,1.0,-0.00016222354404371586,-0.00016222354404371586,1.0089921066667376,1.0055975340952275,-0.04007114124084754,-0.06378852895761378
T,2018-01-08,1.0,0.0,0.002217414818820984,0.002217414818820984,1.0112294607161338,1.0078273609691,-0.03794258076442103,-0.06171255976817436
T,2018-01-09,0.0,1.0,-0.0,-0.0001079272570287948,1.0112294607161338,1.007718588926472,-0.03794258076442103,-0.06181382655790324
T,2018-01-10,1.0,1.0,-0.0032921366506556415,-0.0032921366506556415,1.0079003551462875,1.00440104162632,-0.04110980525432173,-0.06490246364463037
T,2018-01-11,1.0,0.0,-0.002274204028590132,-0.002274204028590132,1.0056081840981963,1.0021168287311333,-0.043290517198187994,-0.06702906622893445
T,2018-01-12,1.0,0.0,0.0015738630196462378,0.0015738630196462378,1.0071908736314021,1.0036940233492384,-0.04178478752266124,-0.06556069777786733
T,2018-01-15,1.0,0.0,-0.002546735302086156,-0.002546735302086156,1.0046258250775861,1.001137880347482,-0.04422510803127322,-0.06794046733649328
T,2018-01-16,0.0,1.0,-0.0,-0.0007605388961321458,1.0046258250775861,1.0003764760490865,-0.04422510803127322,-0.06864933486459446
T,2018-01-17,1.0,1.0,-0.002392084375339776,-0.002392084375339776,1.0022226753383552,0.997983491111272,-0.0465114022166937,-0.0708772042386272
T,2018-01-18,1.0,0.0,-0.0027792915531335005,-0.0027792915531335005,0.9994372063224284,0.9952098040242598,-0.049161425022521965,-0.07345950737671059
T,2018-01-19,1.0,0.0,0.00010929558992289756,0.00010929558992289756,0.9995464404014843,0.9953185760668878,-0.04905750255954833,-0.07335824058698182
T,2018-01-22,1.0,0.0,0.0031145839025190636,0.0031145839025190636,1.002659611654579,0.9984185792817839,-0.046095712364799146,-0.070472137079712
T,2018-01-23,1.0,0.0,-0.00038130515306689095,-0.00038130515306689095,1.002277292377883,0.9980378771325861,-0.046459440985206935,-0.07082657084376276
T,2018-01-24,1.0,0.0,0.0001634788294915257,0.0001634788294915257,1.002441143496467,0.9982010351965279,-0.04630355729074642,-0.07067467065916966
T,2018-01-25,1.0,0.0,0.0012531328320803947,0.0012531328320803947,1.0036973354056107,0.9994519136867493,-0.0451084489665492,-0.06951010257728873
T,2018-01-26,1.0,0.0,0.00021766338357731563,0.00021766338357731563,1.0039158035637226,0.9996694577720052,-0.04490060404060192,-0.06930756899783119
T,2018-01-29,1.0,0.0,-0.00043523203307771485,-0.00043523203307771485,1.0034788672474986,0.9992343696014934,-0.045316293892496695,-0.06971263615674639
T,2018-01-30,1.0,0.0,-0.0008708430849616589,-0.0008708430849616589,1.002604994615051,0.9983641932604699,-0.04614767359628591,-0.07052277047457645
T,2018-01-31,1.0,0.0,0.001688729095168151,0.001688729095168151,1.0042981228404184,1.0000501599212028,-0.04453687542019402,-0.06895313523378066
T,2018-02-01,1.0,0.0,0.0020665651511855287,0.0020665651511855287,1.0063735703424814,1.0021168287311335,-0.04256234862369468,-0.06702906622893423
T,2018-02-02,0.0,1.0,-0.0,-0.0017366764354715958,1.0063735703424814,1.0003764760490865,-0.04256234862369468,-0.06864933486459446
T,2018-02-05,1.0,1.0,-0.002337718821354806,-0.002337718821354806,1.0040209519057777,0.998037877132586,-0.04480056864159088,-0.07082657084376287
T,2018-02-06,0.0,1.0,0.0,0.0037055201351425815,1.0040209519057777,1.0017361265819358,-0.04480056864159088,-0.06738349999298487
T,2018-02-07,1.0,1.0,0.0,0.0,1.0040209519057777,1.0017361265819358,-0.04480056864159088,-0.06738349999298487
T,2018-02-08,1.0,0.0,-0.0034727874545552595,-0.0034727874545552595,1.0005342005398887,0.9982573099287673,-0.0481177732434106,-0.07062227887412054
T,2018-02-09,1.0,0.0,0.002668118704056477,0.002668118704056477,1.0032037445543973,1.0009207789288492,-0.04557803847014252,-0.06814258879325119
T,2018-02-12,0.0,1.0,0.0,0.0006516780710328351,1.0032037445543973,1.0015730570513182,-0.04557803847014252,-0.06753531775303845
T,2018-02-13,1.0,1.0,-0.001193965049386736,-0.001193965049386736,1.0020059543459854,1.0003772138267915,-0.04671758493457634,-0.06864864799342885
T,2018-02-14,1.0,0.0,-0.0008693762225603363,-0.0008693762225603363,1.001134834194413,0.9995075096634993,-0.047546345999619155,-0.06945834271371276
T,2018-02-22,1.0,0.0,-0.0026103980857080655,-0.0026103980857080655,0.9985214737396964,0.9968983971736229,-0.05003262919474738,-0.0718874268745644
T,2018-02-23,1.0,0.0,0.0010359869138494293,0.0010359869138494293,0.9995559289196884,0.9979311708675322,-0.04904847543000912,-0.07092591439422735
T,2018-02-26,1.0,0.0,0.005555858162209271,0.005555858162209271,1.0051093198859615,1.0034755349085196,-0.04376512364036156,-0.06576411055241749
T,2018-02-27,0.0,1.0,0.0,0.0038459455067438864,1.0051093198859615,1.0073348471331285,-0.04376512364036156,-0.06217109023115763
T,2018-02-28,0.0,0.0,-0.0,-0.0001618821497949563,1.0051093198859615,1.0071717776025113,-0.04376512364036156,-0.06232290799121076
T,2018-03-01,1.0,1.0,0.00010793890657900818,0.00010793890657900818,1.0052178102869425,1.007280490622923,-0.043661908693374496,-0.06222169615117523
T,2018-03-02,1.0,0.0,-0.00021585451405747857,-0.00021585451405747857,1.005000829484981,1.0070630645821,-0.04386833858734818,-0.06242411983124618
T,2018-03-05,1.0,0.0,-5.3975279322160397e-05,-5.3975279322160397e-05,1.0049465842844907,1.0070087080718941,-0.0439199460608416,-0.06247472575126389
T,2018-03-06,1.0,0.0,0.003886429882327569,0.003886429882327569,1.008852238719797,1.0109223768067088,-0.04020420796931512,-0.05883109950998633
T,2018-03-07,1.0,0.0,-0.0002688461124851216,-0.0002688461124851216,1.0085810127173451,1.01065059425568,-0.04046224533678222,-0.05908412911007499
T,2018-03-08,1.0,0.0,-0.0002689184101544173,-0.0002689184101544173,1.0083097867148934,1.0103788117046513,-0.04072028270424932,-0.05933715871016376
T,2018-03-09,1.0,0.0,-0.00010759629868717369,-0.00010759629868717369,1.0082012963139129,1.01027009868424,-0.04082349765123594,-0.05943837055019907
T,2018-03-12,1.0,0.0,0.0008608630151727414,0.0008608630151727414,1.0090692195217588,1.011139802847532,-0.039997778075341106,-0.058628675829915156
T,2018-03-13,1.0,0.0,-0.0033867326093969252,-0.0033867326093969252,1.0056517718908657,1.007715342704569,-0.0432490489054268,-0.06181684879103322
T,2018-03-14,1.0,0.0,-0.00026970170990869846,-0.00026970170990869846,1.005380545888414,1.0074435601535405,-0.0435070862728939,-0.06206987839112166
T,2018-03-15,0.0,1.0,0.0,0.0015107370238480744,1.005380545888414,1.0089655424393018,-0.0435070862728939,-0.06065291263062478
T,2018-03-16,1.0,1.0,0.00021549402004095164,0.00021549402004095164,1.0055971993839183,1.0091829684801248,-0.04330096776977421,-0.06045048895055394
T,2018-03-19,0.0,1.0,0.0,0.0009695141656791417,1.0055971993839183,1.0101613856638283,-0.04330096776977421,-0.0595395823902346
T,2018-03-20,1.0,1.0,0.003282393456736976,0.003282393456736976,1.008897965051289,1.0134771327863796,-0.0401607051263152,-0.05645262126915218
T,2018-03-21,1.0,0.0,-0.000536336819522587,-0.000536336819522587,1.0083568559254905,1.012933567684322,-0.04067550228098071,-0.056958680469329614
T,2018-03-22,1.0,0.0,0.0023611483767105312,0.0023611483767105312,1.010737736079004,1.0153252541333755,-0.03841039480045272,-0.05473201998854882
T,2018-03-23,0.0,1.0,0.0,0.006156646501418672,1.010737736079004,1.0215762528070378,-0.03841039480045272,-0.04891233918650817
T,2018-03-26,1.0,1.0,-0.0018090880068106774,-0.0018090880068106774,1.0089092225626324,1.019728131460042,-0.04014999502269312,-0.05063294046711153
T,2018-03-27,1.0,0.0,-0.0002132196162046851,-0.0002132196162046851,1.0086941033254122,1.019510705419219,-0.04035465387236847,-0.05083536414718248
T,2018-03-28,1.0,0.0,-0.0003198976327575265,-0.0003198976327575265,1.0083714244695818,1.0191845663579844,-0.040661642146881505,-0.051138999667288965
T,2018-03-29,1.0,0.0,-0.0007466666666665622,-0.0007466666666665622,1.0076185071393113,1.0184235752151038,-0.041377948120745134,-0.05184748254753735
T,2018-03-30,1.0,0.0,-0.0004803586678052696,-0.0004803586678052696,1.007134488855566,1.017934366623252,-0.04183843053251457,-0.05230293582769696
T,2018-04-02,1.0,0.0,0.00016019650771603722,0.00016019650771603722,1.007295828283481,1.0180974361538693,-0.041684936395258165,-0.05215111806764383
T,2018-04-03,1.0,0.0,-0.0019220501868660866,-0.0019220501868660866,1.0053597551484992,1.0161406017864618,-0.043526866042336354,-0.053972931188282725
T,2018-04-04,1.0,0.0,0.0008558895902428532,0.0008558895902428532,1.0062202320973799,1.017010305949754,-0.04270823064363505,-0.05316323646799881
T,2018-04-09,1.0,0.0,0.002779262426509943,0.002779262426509943,1.0090167821812421,1.0198368444804535,-0.040047665597855775,-0.050531728627076
T,2018-04-10,1.0,0.0,-0.0030913548662190315,-0.0030913548662190315,1.0058975532415495,1.0166841668885194,-0.04301521891814819,-0.05346687198810529
T,2018-04-11,1.0,0.0,0.0023524379811805662,0.0023524379811805662,1.0082638648509714,1.0190758533375728,-0.040763971571719515,-0.051240211507324496
T,2018-04-12,1.0,0.0,0.0017068487305313962,0.0017068487305313962,1.009984818748733,1.0208152616641573,-0.03912670077431668,-0.049620822066756554
T,2018-04-13,1.0,0.0,-0.00021299254526097045,-0.00021299254526097045,1.0097696995115129,1.020597835623334,-0.039331359623992035,-0.049823245746827616
T,2018-04-16,1.0,0.0,0.0050596506178099965,0.0050596506178099965,1.014878781395492,1.0257617040928813,-0.034470711944202925,-0.04501568334514183
T,2018-04-17,0.0,1.0,-0.0,-0.00015897408722376216,1.014878781395492,1.025598634562264,-0.034470711944202925,-0.04516750110519496
T,2018-04-18,1.0,1.0,0.010652957388170403,0.010652957388170403,1.0256902418078566,1.0365242931136216,-0.02418496958151395,-0.034995711181628364
T,2018-04-19,1.0,0.0,-0.0023598510671770656,-0.0023598510671770656,1.0232697655961331,1.0340782501543624,-0.026487747722414468,-0.03727297758242698
T,2018-04-20,1.0,0.0,-0.00047308662741796237,-0.00047308662741796237,1.0227856703537885,1.0335890415625106,-0.026948303350594505,-0.03772843086258659
T,2018-04-23,1.0,0.0,-0.0028398632658427347,-0.0028398632658427347,1.0198810988997205,1.0306537900113997,-0.02971163711967517,-0.04046115054354471
T,2018-04-24,1.0,0.0,0.0013184958599230523,0.0013184958599230523,1.0212258079062335,1.0320127027665438,-0.028432315930285945,-0.03919600254310107
T,2018-04-26,1.0,0.0,-0.0025808490466660006,-0.0025808490466660006,1.018590178253468,1.0293492337664616,-0.030939785461488678,-0.04167569262397053
T,2018-04-27,1.0,0.0,-0.001953846966256556,-0.001953846966256556,1.0166000089238287,1.0273380428888486,-0.03283318082178466,-0.04354811166462702
T,2018-05-02,1.0,0.0,-0.001164021164021145,-0.001164021164021145,1.0154166649980974,1.0261421996643219,-0.03395898346844717,-0.04466144190501742
T,2018-05-03,1.0,0.0,0.002118868524208173,0.002118868524208173,1.0175681994085182,1.0283164600725523,-0.03191206956542447,-0.042637205104307574
T,2018-05-04,1.0,0.0,0.0019029495718363432,0.0019029495718363432,1.0195045803778968,1.0302732944399595,-0.030069847052704102,-0.04081539198366879
T,2018-05-07,1.0,0.0,-0.0038514297773556416,-0.0038514297773556416,1.0155780300788788,1.0263052691949393,-0.03380546492572056,-0.044509624144964066
T,2018-05-08,0.0,1.0,-0.0,-0.0039192839362321985,1.0155780300788788,1.022282887439713,-0.03380546492572056,-0.04825446222627727
T,2018-05-09,0.0,0.0,-0.0,-0.0015951507417449884,1.0155780300788788,1.0206521921335403,-0.03380546492572056,-0.04977263982680946
T,2018-05-10,1.0,1.0,0.0025563189007828946,0.0025563189007828946,1.0181741713923893,1.0232613046234167,-0.03133556357387701,-0.047343555665957826
T,2018-05-11,1.0,0.0,-0.00026560424966803886,-0.00026560424966803886,1.0179037400055653,1.022989522072388,-0.031592844964694056,-0.04759658526604649
T,2018-05-14,1.0,0.0,5.3134962805678754e-05,5.3134962805678754e-05,1.0179578262829303,1.023043878582594,-0.03154138868653045,-0.047545979346028444
T,2018-05-15,1.0,0.0,-0.0006907178152063542,-0.0006907178152063542,1.017254704677188,1.0223372439499192,-0.03221032030265458,-0.04820385630625901
T,2018-05-16,1.0,0.0,0.0008507018290089263,0.0008507018290089263,1.018120085115025,1.0232069481132113,-0.031387019852039955,-0.0473941615859752
T,2018-05-17,1.0,0.0,0.0,0.0,1.018120085115025,1.0232069481132113,-0.031387019852039955,-0.0473941615859752
T,2018-05-18,0.0,1.0,0.0,0.0018637840140582895,1.018120085115025,1.025113984866178,-0.031387019852039955,-0.04561871005264051
T,2018-05-21,1.0,1.0,0.0024449877750611915,0.0024449877750611915,1.0206093762766755,1.0276203760272202,-0.029018772956812655,-0.04328525946597206
T,2018-05-22,1.0,0.0,0.003817603393425184,0.003817603393425184,1.0245056580949108,1.0315434230618945,-0.025311951729500515,-0.039632902025969474
T,2018-05-23,1.0,0.0,0.00010564124234102579,0.00010564124234102579,1.0246138881454174,1.0316523965906355,-0.02520898447318609,-0.039531447652636165
T,2018-05-24,1.0,0.0,-0.0010034857927537777,-0.0010034857927537777,1.0235857026656052,1.0306171480675963,-0.02618717340817145,-0.040495264199303604
T,2018-05-25,1.0,0.0,0.005392545598731147,0.005392545598731147,1.0291054352414388,1.036174798033385,-0.02093584333614562,-0.03532109115929982
T,2018-05-28,1.0,0.0,-0.002050796655623799,-0.002050796655623799,1.0269949492565613,1.0340498142229366,-0.022943704834273104,-0.037299451439301023
T,2018-05-29,0.0,1.0,0.0,0.0017915481083359275,1.0269949492565613,1.0359023642115328,-0.022943704834273104,-0.03557472709263321
T,2018-05-30,1.0,1.0,0.0009467704607617478,0.0009467704607617478,1.027967277737869,1.0368831259702016,-0.02201865679550885,-0.03466163773263242
T,2018-05-31,1.0,0.0,-0.0038885969521808006,-0.0038885969521808006,1.023969927314716,1.0328511054067862,-0.025821632065983424,-0.03841544954596843
T,2018-06-01,1.0,0.0,0.0008968136737708132,0.0008968136737708132,1.024888237547062,1.0337773804010844,-0.02494797558492834,-0.03755308737263441
T,2018-06-04,1.0,0.0,-0.0023717914931744577,-0.0023717914931744577,1.0224574163437934,1.0313254760044128,-0.027260595681838473,-0.03983581077263609
T,2018-06-05,1.0,0.0,-0.0011622992392222864,-0.0011622992392222864,1.02126901486664,1.0301267671882623,-0.028391209951438956,-0.0409518088793035
T,2018-06-06,1.0,0.0,-0.0001057865227970245,-0.0001057865227970245,1.0211609783687168,1.0300177936595214,-0.028493993066857293,-0.04105326325263692
T,2018-06-07,0.0,1.0,-0.0,-0.0006347862886162403,1.0211609783687168,1.0293639524870757,-0.028493993066857293,-0.04166198949263733
T,2018-06-08,1.0,1.0,0.002593690450984676,0.002593690450984676,1.0238095538472298,1.0320338039412293,-0.025974207213600553,-0.03917635734596869
T,2018-06-11,1.0,0.0,0.0,0.0,1.0238095538472298,1.0320338039412293,-0.025974207213600553,-0.03917635734596869
T,2018-06-12,0.0,1.0,-0.0,-0.00374848212871548,1.0238095538472298,1.0281652436709254,-0.025974207213600553,-0.04277798759930462
T,2018-06-13,1.0,1.0,0.0029676735559087675,0.0029676735559087675,1.026847886386469,1.031216502475672,-0.023083616625575343,-0.03993726514596929
T,2018-06-14,1.0,0.0,0.003170241995139156,0.003170241995139156,1.0301032426785113,1.034485708337901,-0.019986555281262253,-0.036893633945966786
T,2018-06-15,0.0,1.0,0.0,0.0018434636047612862,1.0301032426785113,1.0363927450908677,-0.019986555281262253,-0.035118182412632315
T,2018-06-19,1.0,1.0,0.0038378634141211787,0.0038378634141211787,1.0340566382263547,1.0403702788899125,-0.016225397536429376,-0.031415097785963075
T,2018-06-20,1.0,0.0,-0.0044516602073949585,-0.0044516602073949585,1.0294533694377699,1.035738903918422,-0.020604827787262137,-0.03572690865263284
T,2018-06-21,0.0,1.0,0.0,0.0036824662002208353,1.0294533694377699,1.0395529774243553,-0.020604827787262137,-0.032176005585963674
T,2018-06-22,1.0,1.0,0.0017296504009645108,0.0017296504009645108,1.0312339638709922,1.041351040648581,-0.018910816534941755,-0.0305020084259624
T,2018-06-25,1.0,0.0,-0.002720803683549655,-0.002720803683549655,1.0284281787034906,1.038517728901316,-0.021580167599204114,-0.033139822132631114
T,2018-06-26,1.0,0.0,0.0006295907660021083,0.0006295907660021083,1.0290756675882986,1.0391715700737618,-0.020964163507451228,-0.0325310958926307
T,2018-06-27,1.0,0.0,0.002097315436241587,0.002097315436241587,1.0312339638709922,1.0413510406485809,-0.018910816534941755,-0.030502008425962623
T,2018-06-28,1.0,0.0,0.0016220175805776726,0.0016220175805776726,1.0329066434900798,1.0430401303440657,-0.01731947263124678,-0.02892946563929477
T,2018-06-29,1.0,0.0,0.0016716293161991302,0.0016716293161991302,1.0346332805162346,1.044783706803921,-0.015676795053239156,-0.027306195665960376
T,2018-07-02,1.0,0.0,0.002242503259452411,0.002242503259452411,1.0369534490201302,1.0471266376718515,-0.013469447057791406,-0.02512492663929211
T,2018-07-03,1.0,0.0,-0.002653762098033141,-0.002653762098033141,1.0342016212596958,1.0443478126889572,-0.016087464447741118,-0.027712013159293947
T,2018-07-04,0.0,1.0,-0.0,-0.0006782490739291047,1.0342016212596958,1.043639484752141,-0.016087464447741118,-0.028371466585961014
T,2018-07-05,1.0,1.0,0.0006265009919599329,0.0006265009919599329,1.0348495496013017,1.0442933259245868,-0.015471042268215718,-0.0277627403459606
T,2018-07-06,1.0,0.0,-0.002347907753313061,-0.002347907753313061,1.0324198183202802,1.0418414215279155,-0.017782625441435496,-0.030045463745962064
T,2018-07-09,1.0,0.0,-0.0013074629987971376,-0.0013074629987971376,1.0310699676086015,1.0404792524186535,-0.019066838315446533,-0.031313643412629655
T,2018-07-10,1.0,0.0,0.0006284038542103687,0.0006284038542103687,1.0317178959502074,1.0411330935910992,-0.018450416135921133,-0.030704917172629242
T,2018-07-11,0.0,1.0,0.0,0.0030353778522083097,1.0317178959502074,1.0442933259245868,-0.018450416135921133,-0.0277627403459606
T,2018-07-12,1.0,1.0,-0.0008348116456224908,-0.0008348116456224908,1.030856605835671,1.0434215376946592,-0.01926982515928688,-0.028574375332627744
T,2018-07-13,1.0,0.0,0.0021409921671018406,0.0021409921671018406,1.0330636617541704,1.0456554950338488,-0.017170089536912347,-0.0264945606792929
T,2018-07-16,1.0,0.0,0.001511125006513403,0.001511125006513403,1.0346247500867674,1.0472356112005925,-0.015684910682062347,-0.02502347226595869
T,2018-07-17,1.0,0.0,-0.0002601456815816139,-0.0002601456815816139,1.0343555969259748,1.0469631773787402,-0.01594097600186406,-0.025277108199292075
T,2018-07-18,1.0,0.0,0.00010408534998695984,0.00010408534998695984,1.0344632581902917,1.0470721509074812,-0.015838549873943508,-0.025175653825958655
T,2018-07-19,1.0,0.0,0.003174272779310039,0.003174272779310039,1.0377469267519615,1.0503958435340803,-0.012714552972362125,-0.022081295439289828
T,2018-07-20,1.0,0.0,-0.00814399834007673,-0.00814399834007673,1.0292955175030738,1.0418414215279153,-0.0207550040141371,-0.030045463745962175
T,2018-07-23,0.0,1.0,0.0,0.0004706866795669562,1.0292955175030738,1.0423318024072497,-0.0207550040141371,-0.02958891906596184
T,2018-07-24,1.0,1.0,-0.0037637219027705227,-0.0037637219027705227,1.025421535419424,1.0384087553725752,-0.02444060985370744,-0.033241276505964534
T,2018-07-25,1.0,0.0,0.001311785077132921,0.001311785077132921,1.026766668087358,1.0397709244818372,-0.02316088560385665,-0.03197309683929683
T,2018-07-26,1.0,0.0,0.0008384425928837924,0.0008384425928837924,1.0276275529948358,1.040642712711765,-0.022341862083952058,-0.03116146185262947
T,2018-07-27,1.0,0.0,0.0005759463846273238,0.0005759463846273238,1.0282194113687266,1.0412420671198401,-0.021778783414017733,-0.030603462799295822
T,2018-07-30,1.0,0.0,-0.0003139717425432176,-0.0003139717425432176,1.0278965795284225,1.0409151465336173,-0.0220859172339819,-0.030907825919296084
T,2018-07-31,0.0,1.0,0.0,0.003978224455611468,1.0278965795284225,1.0450561406257737,-0.0220859172339819,-0.027052559732626547
T,2018-08-01,1.0,1.0,0.002085505735140547,0.002085505735140547,1.0300402637401604,1.0472356112005925,-0.02004647180589858,-0.02502347226595869
T,2018-08-02,1.0,0.0,-0.001248699271591991,-0.001248699271591991,1.0287540532131176,1.045927928855701,-0.02127013906274866,-0.026240924745959515
T,2018-08-03,0.0,1.0,0.0,0.0019795790789747247,1.0287540532131176,1.0479984259017792,-0.02127013906274866,-0.024313291652624858
T,2018-08-06,1.0,1.0,-0.0009358427784132983,-0.0009358427784132983,1.0277913011616546,1.0470176641431104,-0.02218607633512426,-0.025226381012625643
T,2018-08-07,1.0,0.0,-0.0019254787676936669,-0.0019254787676936669,1.0258123108336477,1.0450016538614026,-0.024068836283896222,-0.027103286919293756
T,2018-08-08,0.0,1.0,-0.0,-0.0028677199019759847,1.0258123108336477,1.0420048818210266,-0.024068836283896222,-0.02989328218596221
T,2018-08-09,1.0,1.0,-0.0027190964233424486,-0.0027190964233424486,1.0230230282482393,1.0391715700737616,-0.02672248722058501,-0.032531095892630923
T,2018-08-10,1.0,0.0,0.00026216442953019836,0.00026216442953019836,1.0232912284968363,1.039444003895614,-0.026467328476672658,-0.03227745995929732
T,2018-08-13,1.0,0.0,-0.0026733763170311287,-0.0026733763170311287,1.0205555859611473,1.0366651789127195,-0.029069947664579043,-0.034864546479299374
T,2018-08-14,1.0,0.0,0.0,0.0,1.0205555859611473,1.0366651789127195,-0.029069947664579043,-0.034864546479299374
T,2018-08-15,1.0,0.0,-0.0026756203766854503,-0.0026756203766854503,1.0178249666398094,1.0338914564362203,-0.03166778789694402,-0.03744688256500095
T,2018-08-16,1.0,0.0,-0.003945291951604424,-0.003945291951604424,1.0138093499907832,1.0298124527943098,-0.035488141179833566,-0.04124443563220914
T,2018-08-17,1.0,0.0,-0.002006865592817486,-0.002006865592817486,1.01177477088861,1.0277457576157418,-0.037423786843164275,-0.04316852918626124
T,2018-08-20,1.0,0.0,0.0011112875059533511,0.0011112875059533511,1.0128991435503374,1.0288878786354767,-0.036354087923955114,-0.042105214327442964
T,2018-08-21,1.0,0.0,5.285971032864545e-05,5.285971032864545e-05,1.0129526851056576,1.028942265350702,-0.03630314988018335,-0.04205458028654696
T,2018-08-22,1.0,0.0,0.0016385644061525095,0.0016385644061525095,1.0146124733205883,1.0306282535226916,-0.03472407052325577,-0.04048492501876777
T,2018-08-23,1.0,0.0,5.277044854867796e-05,5.277044854867796e-05,1.0146660148759086,1.030682640237917,-0.034673132479484,-0.040434290977871656
T,2018-08-24,1.0,0.0,-0.00116088860746133,-0.00116088860746133,1.013488100658861,1.0294861325029567,-0.03579376944246493,-0.041548239877585935
T,2018-08-27,1.0,0.0,-0.00026414496275550814,-0.00026414496275550814,1.0132203928822592,1.0292141989268295,-0.036048459661324306,-0.04180141008206639
T,2018-08-28,1.0,0.0,0.002060875079264335,0.002060875079264335,1.0153085135397526,1.0313352808206229,-0.03406187595422183,-0.03982668248711818
T,2018-08-29,1.0,0.0,0.00026367136001703706,0.00026367136001703706,1.0155762213163546,1.0316072143967503,-0.033807185735362344,-0.03957351228263761
T,2018-08-30,1.0,0.0,0.002161535217207966,0.002161535217207966,1.017771425084489,1.0338370697209947,-0.03171872594071601,-0.037497516605897174
T,2018-08-31,1.0,0.0,0.0007890999000472743,0.0007890999000472743,1.018574548414294,1.0346528704493767,-0.03095465528413821,-0.03673800599245569
T,2018-09-03,0.0,1.0,-0.0,-0.0020500420521447626,1.018574548414294,1.0325317885555831,-0.03095465528413821,-0.038712733587404013
T,2018-09-04,1.0,1.0,-0.0013695022386094324,-0.0013695022386094324,1.0171796082900502,1.0311177339597208,-0.03228176505304048,-0.04002921865070275
T,2018-09-05,1.0,0.0,-0.001107653357244609,-0.001107653357244609,1.016052925882007,1.029975612939986,-0.0333536614048463,-0.04109253350952102
T,2018-09-06,1.0,0.0,0.0005808427500264557,0.0005808427500264557,1.0166430928576486,1.0305738668074662,-0.0327921918872337,-0.04053555905966377
T,2018-09-07,1.0,0.0,-0.0006332788009921764,-0.0006332788009921764,1.0159992743387667,1.0299212262247606,-0.03340470408826579,-0.041143167550417026
T,2018-09-10,0.0,1.0,-0.0,-0.0027987537624756254,1.0159992743387667,1.0270387303178106,-0.03340470408826579,-0.04382677171791072
T,2018-09-11,0.0,0.0,-0.0,-0.00291251853420893,1.0159992743387667,1.0240474609804096,-0.03340470408826579,-0.046611643967196636
T,2018-09-12,0.0,0.0,0.0,0.0020181634712410634,1.0159992743387667,1.0261141561589773,-0.03340470408826579,-0.04468755041314476
T,2018-09-13,0.0,0.0,0.0,0.0003710181798908252,1.0159992743387667,1.0264948631655555,-0.03340470408826579,-0.044333112126872076
T,2018-09-14,1.0,1.0,0.0012186076083500197,0.0012186076083500197,1.0172373787845541,1.0277457576157412,-0.03222680370647224,-0.043168529186261795
T,2018-09-17,1.0,0.0,0.0006879398846377782,0.0006879398846377782,1.0179371769495644,1.0284527849136722,-0.031561033925458504,-0.04251028665461254
T,2018-09-18,1.0,0.0,-0.0016922263352723288,-0.0016922263352723288,1.0162145968510776,1.026712410026457,-0.03319985184795382,-0.044130575963287955
T,2018-09-19,1.0,0.0,-0.001748066532471726,-0.001748066532471726,1.014438186124513,1.0249176484240163,-0.034889882830526964,-0.045801499312859706
T,2018-09-20,0.0,1.0,-0.0,-0.003024674980100839,1.014438186124513,1.0218176056561645,-0.034889882830526964,-0.04868763964393774
T,2018-09-21,1.0,1.0,0.002608047690014992,0.002608047690014992,1.017083889292498,1.0244825547022127,-0.03237282961883314,-0.04620657164002839
T,2018-09-25,1.0,0.0,0.00026543504804354967,0.00026543504804354967,1.0173538590035167,1.02475448827834,-0.03211598745437472,-0.04595340143554805
T,2018-09-26,1.0,0.0,0.002653646109754826,0.002653646109754826,1.0200535561137054,1.0274738240396135,-0.029547565809789234,-0.043421699390742585
T,2018-09-27,0.0,1.0,0.0,0.0028054202837179965,1.0200535561137054,1.0303563199465635,-0.029547565809789234,-0.040738095223249005
T,2018-09-28,1.0,1.0,0.0006334125098970134,0.0006334125098970134,1.0206996707969127,1.0310089605292692,-0.0289328690977132,-0.04013048673249564
T,2018-10-08,0.0,1.0,-0.0,-0.0011605211795114867,1.0206996707969127,1.0298124527943089,-0.0289328690977132,-0.04124443563220992
T,2018-10-09,0.0,0.0,0.0,0.0010034327964087986,1.0206996707969127,1.030845800383593,-0.0289328690977132,-0.04028238885518376
T,2018-10-10,1.0,1.0,0.00036931518413019226,0.00036931518413019226,1.0210766306837746,1.0312265073901714,-0.0285742392614613,-0.039927950568910964
T,2018-10-11,1.0,0.0,0.0037972680765783196,0.0037972680765783196,1.0249539323772103,1.0351423508864055,-0.02488547523144302,-0.03628229962439111
T,2018-10-12,1.0,0.0,-0.0004728629222928715,-0.0004728629222928715,1.0244692696655309,1.0346528704493763,-0.025346570735195306,-0.036738005992456024
T,2018-10-15,1.0,0.0,-0.0013141295206055004,-0.0013141295206055004,1.0231229843553102,1.0332932025687396,-0.026627391578951554,-0.038003857014858644
T,2018-10-16,1.0,0.0,0.002526448760461042,0.002526448760461042,1.025707852150934,1.0359037648995622,-0.024168215558939443,-0.03557342305184552
T,2018-10-17,0.0,1.0,-0.0,-0.0007350238882762872,1.025707852150934,1.0351423508864057,-0.024168215558939443,-0.03628229962439089
T,2018-10-18,1.0,1.0,0.003415121105448282,0.003415121105448282,1.0292107686848386,1.0386774873760611,-0.02083563183652748,-0.03299108696614417
T,2018-10-19,1.0,0.0,-0.0017802911299612534,-0.0017802911299612534,1.0273784738824885,1.036828339058395,-0.02257882947594292,-0.03471264435661192
T,2018-10-22,1.0,0.0,-0.001783466219051455,-0.001783466219051455,1.0255461790801383,1.034979190740729,-0.02432202711535847,-0.03643420174707945
T,2018-10-23,1.0,0.0,0.0018917498686283896,0.0018917498686283896,1.0274862559296856,1.036937112488846,-0.022476288438330272,-0.03461137627481958
T,2018-10-24,1.0,0.0,0.00146858281758111,0.00146858281758111,1.0289952045904447,1.0384599405151593,-0.021040713911752662,-0.03319362312972851
T,2018-10-25,1.0,0.0,0.0006808421493662564,0.0006808421493662564,1.0296957878972257,1.0391669678130904,-0.02037419716727018,-0.032535380598079255
T,2018-10-26,1.0,0.0,0.0002616841995080055,0.0002616841995080055,1.0299652430152184,1.0394389013892178,-0.020117844573238508,-0.032282210393598576
T,2018-10-29,1.0,0.0,0.0023022185014649477,0.0023022185014649477,1.032336448053554,1.0418319168591386,-0.017861941745759613,-0.030054312594169907
T,2018-10-30,1.0,0.0,-0.0003132177907705369,-0.0003132177907705369,1.0320131019119627,1.0415055965677857,-0.018169564858597664,-0.03035811683954648
T,2018-10-31,1.0,0.0,0.000626631853785975,0.000626631853785975,1.0326597941951452,1.0421582371504914,-0.01755431863292145,-0.029750508348793225
T,2018-11-01,1.0,0.0,0.0014612253418224697,0.0014612253418224697,1.0341687428559043,1.0436810651768047,-0.01611874410634384,-0.028332755203702154
T,2018-11-02,1.0,0.0,-0.004689942678478443,-0.004689942678478443,1.029318550732036,1.0387862608065122,-0.02073309079891461,-0.03288981888435183
T,2018-11-05,1.0,0.0,0.0007853403141362403,0.0007853403141362403,1.030126916086014,1.0396020615348944,-0.019964033016819482,-0.032130308270910124
T,2018-11-06,1.0,0.0,0.0024588019879676626,0.0024588019879676626,1.0326597941951454,1.0421582371504916,-0.01755431863292134,-0.029750508348793003
T,2018-11-07,1.0,0.0,0.001826531677277865,0.001826531677277865,1.034545980021094,1.0440617721833831,-0.01575985047469952,-0.027978316917429247
T,2018-11-08,1.0,0.0,0.0011460123977704573,0.0011460123977704573,1.0357315825402618,1.0452582799183434,-0.014631899060960074,-0.026864368017714968
T,2018-11-09,1.0,0.0,-0.0009365731827879475,-0.0009365731827879475,1.034761544115488,1.0442793190442847,-0.015554768399474339,-0.027775780753845125
T,2018-11-12,1.0,0.0,-0.0004166449664079197,-0.0004166449664079197,1.0343304159267,1.0438442253224811,-0.015964932549924815,-0.028180853081013812
T,2018-11-13,1.0,0.0,0.0009899442505079126,0.0009899442505079126,1.035354345375072,1.044877572911765,-0.014990792692604504,-0.027218806303987875
T,2018-11-14,1.0,0.0,0.0,0.0,1.035354345375072,1.044877572911765,-0.014990792692604504,-0.027218806303987875
T,2018-11-15,1.0,0.0,0.0011406055578597751,0.0011406055578597751,1.0365352762957611,1.0460693660787113,-0.013867285716206545,-0.026109246667876618
T,2018-11-16,1.0,0.0,0.0037804246504402617,0.0037804246504402617,1.0404538198053206,1.0500239524963055,-0.010139285294522571,-0.022427526057144154
T,2018-11-19,1.0,0.0,-0.0013413816230718467,-0.0013413816230718467,1.0390581741717788,1.0486154696626417,-0.011467066266629189,-0.023738823808912013
T,2018-11-20,1.0,0.0,-0.0008265743658624203,-0.0008265743658624203,1.0381993153203686,1.0477487109957717,-0.012284162249464048,-0.02454577627153831
T,2018-11-21,1.0,0.0,0.0012925908691381327,0.0012925908691381327,1.039541282275697,1.0491030214127561,-0.01100744977628465,-0.02328491304868463
T,2018-11-22,1.0,0.0,-0.0024269338015078246,-0.0024269338015078246,1.0370183843996794,1.0465569178288254,-0.013407669225862007,-0.025655335907649568
T,2018-11-23,1.0,0.0,0.0007764377038148584,0.0007764377038148584,1.0378235645728764,1.047369504079016,-0.012641641741954479,-0.024898817973937337
T,2018-11-26,1.0,0.0,-0.0021206165304644697,-0.0021206165304644697,1.0356227387661376,1.0451484349951616,-0.014735450197968736,-0.026966633659417316
T,2018-11-27,1.0,0.0,0.0017104649354686696,0.0017104649354686696,1.0373941351471712,1.0469361247455808,-0.01305018973337202,-0.025302294205250764
T,2018-11-28,1.0,0.0,0.00015523129462891028,0.00015523129462891028,1.0375551711818105,1.047098641995619,-0.01289698423659047,-0.02515099061850834
T,2018-11-29,1.0,0.0,0.00201769362098414,0.00201769362098414,1.0396486396321232,1.0492113662461147,-0.010905312778430432,-0.023184043990856606
T,2018-11-30,1.0,0.0,-0.00165220983064851,-0.00165220983064851,1.0379309219293027,1.0474778489123746,-0.012539504744100038,-0.024797948916109314
T,2018-12-03,1.0,0.0,0.0015515101365328743,0.0015515101365328743,1.0395412822756969,1.049103021412756,-0.011007449776284872,-0.023284913048684852
T,2018-12-04,1.0,0.0,0.002375296912114022,0.002375296912114022,1.0420105014735013,1.051594952580007,-0.008658298825634736,-0.020964924718634315
T,2018-12-05,1.0,0.0,-0.000360601689676443,-0.000360601689676443,1.0416347507260093,1.0512157456632514,-0.009015778318125056,-0.02131796642103334
T,2018-12-06,1.0,0.0,0.0015975264107188636,0.0015975264107188636,1.0432987897506167,1.052895090580312,-0.0074326548513824475,-0.019754496024694812
T,2018-12-07,1.0,0.0,-0.00010290183165262423,-0.00010290183165262423,1.0431914323941904,1.0527867457469533,-0.007534791849236888,-0.019855365082523058
T,2018-12-10,1.0,0.0,0.0011834928475866757,0.0011834928475866757,1.0444260419930926,1.054032711330579,-0.00636021637391182,-0.018695370917497733
T,2018-12-11,1.0,0.0,-0.00041116307755550974,-0.00041116307755550974,1.0439966125673876,1.0535993319971442,-0.0067687643653291385,-0.019098847148810716
T,2018-12-12,1.0,0.0,0.0005655817779832706,0.0005655817779832706,1.044587078027732,1.054195228580617,-0.006207010877130381,-0.01854406733075531
T,2018-12-13,1.0,0.0,-0.006269270298047247,-0.006269270298047247,1.0380382792857288,1.0475861937457336,-0.012437367746245931,-0.024697079858280735
T,2018-12-14,0.0,1.0,-0.0,-0.0013445030509876554,1.0380382792857288,1.0461777109120698,-0.012437367746245931,-0.026008377610048594
T,2018-12-17,1.0,1.0,-0.0031068765534382203,-0.0031068765534382203,1.0348132224942446,1.0429273659113074,-0.015505602933446827,-0.029034449344897184
T,2018-12-18,1.0,0.0,0.0021815915229586036,0.0021815915229586036,1.0370707622482835,1.045202607411841,-0.013357838302406222,-0.02691619913050325
T,2018-12-19,0.0,1.0,0.0,0.0022286721260496023,1.0370707622482835,1.0475320213290542,-0.013357838302406222,-0.024747514387194913
T,2018-12-20,1.0,1.0,0.00377514609298224,0.00377514609298224,1.0409858558845313,1.0514866077466485,-0.009633120000501982,-0.02106579377646245
T,2018-12-21,1.0,0.0,-0.0015455950540957941,-0.0015455950540957941,1.0393769132942925,1.0498614352462674,-0.011163826151969425,-0.022578829643886578
T,2018-12-24,1.0,0.0,-0.0010319917440660964,-0.0010319917440660964,1.0383042849008,1.0487779869126799,-0.012184296919614424,-0.02358752022216959
T,2018-12-25,1.0,0.0,0.002530991735537169,0.002530991735537169,1.0409322244648567,1.051432435329969,-0.009684143538884138,-0.021116228305376517
T,2018-12-26,1.0,0.0,0.0025761244783348847,0.0025761244783348847,1.0436137954485882,1.054141056163938,-0.007132966619771475,-0.018594501859669266
T,2018-12-27,0.0,1.0,0.0,0.0001541703067988731,1.0436137954485882,1.054303573413976,-0.007132966619771475,-0.01844319827292673
T,2018-12-28,1.0,1.0,0.004367485356078449,0.004367485356078449,1.0481717634176113,1.0589082288317229,-0.0027966343909503477,-0.014156263315224571
T,2019-01-02,1.0,0.0,0.003785747173479459,0.003785747173479459,1.0521398767082906,1.0629169876659967,0.0,-0.010424108175577707
T,2019-01-03,1.0,0.0,0.0005606238214157511,0.0005606238214157511,1.0527297313866346,1.0635128842494697,0.0,-0.0098693283575223
T,2019-01-04,1.0,0.0,-0.0021903015484923127,-0.0021903015484923127,1.0504239358258345,1.0611834703322565,-0.0021903015484924238,-0.012038013100830525
T,2019-01-07,0.0,1.0,-0.0,-0.000102098116289695,1.0504239358258345,1.0610751254988977,-0.0021903015484924238,-0.012138882158658881
T,2019-01-08,1.0,1.0,0.005309644151733295,0.005309644151733295,1.0560013131335328,1.0667090568335527,0.0,-0.0068936911515877775
T,2019-01-09,1.0,0.0,-0.0016758925397388769,-0.0016758925397388769,1.0542315684108978,1.0649213670831335,-0.0016758925397389879,-0.00855803060575444
T,2019-01-10,1.0,0.0,-0.0027978431173060203,-0.0027978431173060203,1.0512819938731726,1.0619418841657677,-0.004469046772637375,-0.011331929696032472
T,2019-01-11,0.0,1.0,0.0,0.00030607560067341666,1.0512819938731726,1.062266918665844,-0.004469046772637375,-0.011029322522547624
T,2019-01-14,1.0,1.0,-0.0020398796471008396,-0.0020398796471008396,1.0491375051305072,1.060100021998669,-0.0064998101021847,-0.013046703679113536
T,2019-01-15,1.0,0.0,-0.000459911083857123,-0.000459911083857123,1.0486549951634074,1.0596124702485545,-0.006956731851332942,-0.013500614439340808
T,2019-01-16,1.0,0.0,0.005061349693251671,0.005061349693251671,1.0539626048015045,1.0649755394998126,-0.0019305926107030524,-0.008507596076840485
T,2019-01-17,1.0,0.0,0.0003560710107328724,0.0003560710107328724,1.0543378903314709,1.065354746416568,-0.0015752090280324316,-0.00815455437444168
T,2019-01-18,1.0,0.0,-0.002542459066409042,-0.002542459066409042,1.051657279403139,1.0626461255825994,-0.004113663189966754,-0.01067628082014882
T,2019-01-21,1.0,0.0,-0.0012234910277325595,-0.0012234910277325595,1.0503705861575396,1.0613459875822944,-0.005332121187695105,-0.011886709514088323
T,2019-01-22,1.0,0.0,0.0007145773785219856,0.0007145773785219856,1.0511211572174728,1.0621044014158056,-0.004621354022353308,-0.01118062610929027
T,2019-01-23,1.0,0.0,-0.002652249311435373,-0.002652249311435373,1.0483333218520077,1.059287435748478,-0.007261346350764919,-0.013803221612825878
T,2019-01-24,0.0,1.0,0.0,0.00030684258975144374,1.0483333218520077,1.0596124702485543,-0.007261346350764919,-0.01350061443934103
T,2019-01-25,1.0,1.0,-0.0016871165644171127,-0.0016871165644171127,1.0465646613396806,1.057824780498135,-0.008936212177473868,-0.015164953893507693
T,2019-01-28,1.0,0.0,0.0004609002919035987,0.0004609002919035987,1.0470470232975881,1.0583123322482495,-0.008479430588371306,-0.01471104313328031
T,2019-01-29,0.0,1.0,0.0,0.002303439803439833,1.0470470232975881,1.0607500909988214,-0.008479430588371306,-0.01244148933214373
T,2019-01-30,0.0,0.0,0.0,0.0013788876972575803,1.0470470232975881,1.0622127462491646,-0.008479430588371306,-0.011079757051461803
T,2019-01-31,1.0,1.0,-0.0001019991840065515,-0.0001019991840065515,1.0469402253555953,1.0621044014158059,-0.008580564877377017,-0.011180626109290048
T,2019-02-01,0.0,1.0,-0.0,-0.0012241150668163003,1.0469402253555953,1.0608042634155008,-0.008580564877377017,-0.012391054803229551
T,2019-02-11,0.0,0.0,0.0,0.0038300480032682493,1.0469402253555953,1.0648671946664539,-0.008580564877377017,-0.008608465134668841
T,2019-02-12,1.0,1.0,-0.0005087246273591806,-0.0005087246273591806,1.0464076210795838,1.06432547049966,-0.00908492436006647,-0.009112810423810291
T,2019-02-13,0.0,1.0,-0.0,-0.0008652720517127177,1.0464076210795838,1.0634045394161107,-0.00908492436006647,-0.009970197415350768
T,2019-02-14,1.0,1.0,-0.002343352012226241,-0.002343352012226241,1.0439555196751182,1.0609126082488594,-0.011406987196512564,-0.012290185745401527
T,2019-02-15,1.0,0.0,0.00040849673202614234,0.00040849673202614234,1.044381972093286,1.0613459875822944,-0.01100315018147846,-0.011886709514088323
T,2019-02-18,1.0,0.0,-0.0017864434463046308,-0.0017864434463046308,1.0425162427638013,1.0594499529985162,-0.012769937122252717,-0.013651918026083454
T,2019-02-19,1.0,0.0,0.002249833819092828,0.002249833819092828,1.044861731063725,1.0618335393324085,-0.010548833539565261,-0.011432798753861273
T,2019-02-20,1.0,0.0,0.0,0.0,1.044861731063725,1.0618335393324085,-0.010548833539565261,-0.011432798753861273
T,2019-02-21,1.0,0.0,0.0008192524321557482,0.0008192524321557482,1.0457177365781654,1.062703449042051,-0.009738223264943113,-0.010622912669891016
T,2019-02-22,1.0,0.0,-0.0018418090657935648,-0.0018418090657935648,1.0437917241706747,1.0607461521953554,-0.011562096382842557,-0.012445156358823928
T,2019-02-25,1.0,0.0,-0.0035879036391593955,-0.0035879036391593955,1.0400467000449982,1.0569402972156694,-0.015108516334313649,-0.015988407976193608
T,2019-02-26,1.0,0.0,-0.0028806584362139898,-0.0028806584362139898,1.037050680744457,1.0538956132319206,-0.0179456522954905,-0.018823009270089286
T,2019-02-27,0.0,1.0,0.0,0.0019087907552621797,1.037050680744457,1.0559072794354691,-0.0179456522954905,-0.01695014770090797
T,2019-02-28,1.0,1.0,-0.0016477009422790623,-0.0016477009422790623,1.0353419313606034,1.0541674600161839,-0.019563784169572385,-0.018569919868848594
T,2019-03-01,1.0,0.0,-0.0019598741554489596,-0.0019598741554489596,1.033312791467277,1.052101424455783,-0.021485315770044644,-0.020493399318277872
T,2019-03-04,1.0,0.0,0.0029972611234561075,0.0029972611234561075,1.0364098997255118,1.055254847153237,-0.01855245174827136,-0.01755756226388583
T,2019-03-05,1.0,0.0,0.000772837343500532,0.000772837343500532,1.0372108759991934,1.056070387506027,-0.017793952432295312,-0.016798294060163532
T,2019-03-06,1.0,0.0,0.0011841021416802988,0.0011841021416802988,1.038439039618838,1.0573208827136382,-0.0166309201477991,-0.01563408281445644
T,2019-03-07,1.0,0.0,0.00509075950018012,0.00509075950018012,1.0437254830251357,1.0627034490420515,-0.011624824662358035,-0.010622912669890572
T,2019-03-08,1.0,0.0,0.0002558068146933934,0.0002558068146933934,1.0439924751163627,1.0629752958263146,-0.011371991557032834,-0.010369823268650102
T,2019-03-11,0.0,1.0,-0.0,-0.0008695207406269612,1.0439924751163627,1.0620510167598194,-0.011371991557032834,-0.011230327232868431
T,2019-03-12,1.0,1.0,0.0005631207126035598,0.0005631207126035598,1.044580368902903,1.0626490796851986,-0.010815274648418693,-0.010673530550138977
T,2019-03-13,1.0,0.0,0.0008186236889231591,0.0008186236889231591,1.045435487137871,1.0635189893948414,-0.010005504599524762,-0.009863644466168497
T,2019-03-14,1.0,0.0,-0.002607228669291084,-0.002607228669291084,1.0427097977639108,1.0607461521953556,-0.012586646630373344,-0.012445156358823817
T,2019-03-15,0.0,1.0,0.0,0.001127626858021591,1.0427097977639108,1.061942278046114,-0.012586646630373344,-0.011331562993364797
T,2019-03-18,0.0,0.0,-0.0,-0.0015871390538603203,1.0427097977639108,1.0602568279836817,-0.012586646630373344,-0.012900717281057017
T,2019-03-19,1.0,1.0,-0.0012307061176348721,-0.0012307061176348721,1.0414265284368849,1.058951963419218,-0.0138018622849998,-0.014115546407012292
T,2019-03-20,1.0,0.0,0.0004620834830826315,0.0004620834830826315,1.0419077544345197,1.0594412876308918,-0.013346156414514865,-0.013659985484779091
T,2019-03-21,1.0,0.0,0.0021040747203120436,0.0021040747203120436,1.0441000062015224,1.0616704312618508,-0.011270163004527878,-0.011584652394605377
T,2019-03-22,1.0,0.0,0.0015875454498899266,0.0015875454498899266,1.0457575624155977,1.0633558813242832,-0.009700509450635275,-0.010015498106913157
T,2019-03-25,1.0,0.0,0.0031189283157786463,0.0031189283157786463,1.0490192052884553,1.0666724120922952,-0.0066118363284598525,-0.006927807411776787
T,2019-03-26,1.0,0.0,0.0,0.0,1.0490192052884553,1.0666724120922952,-0.0066118363284598525,-0.006927807411776787
T,2019-03-27,1.0,0.0,-0.001529129925072703,-0.001529129925072703,1.0474151186296727,1.0650413313867155,-0.008130855896743006,-0.008446343819220936
T,2019-03-28,0.0,1.0,0.0,0.0011230792791874222,1.0474151186296727,1.0662374572374742,-0.008130855896743006,-0.007332750453761694
T,2019-03-29,1.0,1.0,-0.001427770129009187,-0.001427770129009187,1.0459196506106208,1.0647151152455998,-0.00954701703257943,-0.008750051100709477
T,2019-04-01,1.0,0.0,-0.0047490170045447755,-0.0047490170045447755,1.0409525604044834,1.0596587650583027,-0.014250695090893828,-0.01345751396378636
T,2019-04-02,1.0,0.0,-0.002001026167265385,-0.002001026167265385,1.038869587092232,1.0575383601410488,-0.0162232052443807,-0.01543161129346382
T,2019-04-03,1.0,0.0,-0.0051925350881701915,-0.0051925350881701915,1.0334752203092228,1.0520470550989305,-0.02133150077007684,-0.02054401719852572
T,2019-04-04,1.0,0.0,-0.002997416020671939,-0.002997416020671939,1.0303774651269004,1.0488936324014762,-0.024264977408595567,-0.023479854252917987
T,2019-04-08,1.0,0.0,0.0022807381297949014,0.0022807381297949014,1.0327274862996967,1.0512858841029933,-0.022039581337995107,-0.021252667521999724
T,2019-04-09,1.0,0.0,-0.0018618121638395158,-0.0018618121638395158,1.0308047417037725,1.0493285872562976,-0.023860359941213716,-0.023074911210932636
T,2019-04-10,1.0,0.0,0.0021243523316061275,0.0021243523316061275,1.0329945341602416,1.0515577308872566,-0.02178669542088163,-0.020999578120759033
T,2019-04-11,0.0,1.0,0.0,0.0014994054082002606,1.0329945341602416,1.0531344422359836,-0.02178669542088163,-0.019531659593562956
T,2019-04-12,1.0,1.0,-0.002116675271037649,-0.002116675271037649,1.0308080201746674,1.0509052986050247,-0.023857255332484284,-0.02160699268373667
T,2019-04-15,1.0,0.0,-0.0028454653629260696,-0.0028454653629260696,1.027874891657434,1.0479149839781285,-0.026634835701707327,-0.024390976097384165
T,2019-04-16,1.0,0.0,-0.002127218013904697,-0.002127218013904697,1.02568837767186,1.0456858403471696,-0.02870539561330998,-0.02646630918755788
T,2019-04-17,1.0,0.0,0.0026516924036810163,0.0026516924036810163,1.0284081877514764,1.048458677546655,-0.02612982108912143,-0.023884797294903004
T,2019-04-18,0.0,1.0,0.0,0.000622277535780924,1.0284081877514764,1.0491111098288868,-0.02612982108912143,-0.023277382731925367
T,2019-04-19,1.0,1.0,-0.000932835820895539,-0.000932835820895539,1.0274488517554394,1.048132461405539,-0.027038282076911502,-0.024188504576391878
T,2019-04-22,1.0,0.0,-0.0017636684303351524,-0.0017636684303351524,1.0256367726518143,1.0462839032725486,-0.028754263942737057,-0.025909512504828536
T,2019-04-23,1.0,0.0,0.0010392849719391695,0.0010392849719391695,1.0267027015362995,1.0473712904096015,-0.02774486284519284,-0.024897154899865992
T,2019-04-24,1.0,0.0,-0.004256644518272346,-0.004256644518272346,1.0223323931099095,1.0429130031476836,-0.03188340734512496,-0.02904782108021331
T,2019-04-25,1.0,0.0,0.001876759461995725,0.001876759461995725,1.0242510651019834,1.0448702999943795,-0.030066485369544815,-0.027225577391280065
T,2019-04-26,0.0,1.0,0.0,0.0029139348527422726,1.0242510651019834,1.0479149839781283,-0.030066485369544815,-0.024390976097384387
T,2019-04-29,0.0,0.0,-0.0,-0.0017640344505551742,1.0242510651019834,1.046066425845138,-0.030066485369544815,-0.026111984025821044
T,2019-04-30,1.0,1.0,0.004937629937629806,0.004937629937629806,1.0293084378246802,1.0512315147461404,-0.025277312610194946,-0.021303285402248018
T,2019-05-06,0.0,1.0,0.0,0.0017067494181537413,1.0293084378246802,1.0530257035222783,-0.025277312610194946,-0.01963289535405932
T,2019-05-07,1.0,1.0,-0.0007744733581165342,-0.0007744733581165342,1.0285112658623004,1.0522101631694885,-0.02603220936313011,-0.020392163557781395
T,2019-05-08,1.0,0.0,0.0014468041130573095,0.0014468041130573095,1.0299993201920756,1.0537325051613629,-0.024623068757651523,-0.0189748629108335
T,2019-05-09,1.0,0.0,0.0018058923688148987,0.0018058923688148987,1.031859388104295,1.055635432651206,-0.022861643000802845,-0.01720323710214844
T,2019-05-10,1.0,0.0,0.0006180469715697523,0.0006180469715697523,1.0324971256741986,1.056287864933438,-0.022257725598454958,-0.0165958225391708
T,2019-05-13,1.0,0.0,0.002779493514515119,0.002779493514515119,1.0353669447387654,1.0592238102034814,-0.019540097287888636,-0.013862457005771378
T,2019-05-14,1.0,0.0,-0.001231906375115388,-0.001231906375115388,1.034091469598958,1.0579189456390177,-0.020747932092584742,-0.015077286131726653
T,2019-05-15,1.0,0.0,0.00025696371672312424,0.00025696371672312424,1.0343571935864178,1.058190792423281,-0.020496299841606502,-0.014824196730486072
T,2019-05-16,0.0,1.0,0.0,0.0006679340286697144,1.0343571935864178,1.0588975940623655,-0.020496299841606502,-0.014166164287260252
T,2019-05-17,0.0,0.0,0.0,0.0006161429451632117,1.0343571935864178,1.0595500263445974,-0.020496299841606502,-0.013558749724282615
T,2019-05-20,1.0,1.0,0.0,0.0,1.0343571935864178,1.0595500263445974,-0.020496299841606502,-0.013558749724282615
T,2019-05-21,1.0,0.0,-0.002477291494632494,-0.002477291494632494,1.0317947893083341,1.0569252120761963,-0.022922816026969994,-0.01600245224354524
T,2019-05-22,1.0,0.0,-0.0007243377483444613,-0.0007243377483444613,1.031047421393893,1.0561596412479126,-0.02363054991436786,-0.0167151988116635
T,2019-05-23,1.0,0.0,0.002278140209174717,0.002278140209174717,1.0333962919821362,1.058565720993947,-0.021406243411117964,-0.014475138169006141
T,2019-05-24,1.0,0.0,-0.00020663291662370575,-0.00020663291662370575,1.0331827582922959,1.0583469864715802,-0.021608453093231672,-0.014678780045611295
T,2019-05-27,1.0,0.0,-0.004856877131342308,-0.004856877131342308,1.0281647165810488,1.0532067251959614,-0.026360380622901802,-0.01946436414583408
T,2019-05-28,0.0,1.0,0.0,0.0024922118380064084,1.0281647165810488,1.0558315394643627,-0.026360380622901802,-0.01702066162657112
T,2019-05-29,1.0,1.0,0.003418272218769447,0.003418272218769447,1.0316792634680567,1.0594406590834142,-0.02303221536089184,-0.01366057066258497
T,2019-05-30,1.0,0.0,0.0001548467017653543,0.0001548467017653543,1.0318390155992845,1.0596047099751893,-0.02288093512170941,-0.013507839255131104
T,2019-05-31,1.0,0.0,0.0004644681839294229,0.0004644681839294229,1.0323182719929673,1.0600968626505145,-0.022427094404162684,-0.013049645032769286
T,2019-06-03,1.0,0.0,0.0027855153203342198,0.0027855153203342198,1.0351938103550646,1.0630497787024658,-0.019704050098881876,-0.010300479698598819
T,2019-06-04,1.0,0.0,0.0015946502057613277,0.0015946502057613277,1.0368445823777501,1.0647449712508081,-0.01814082096066516,-0.00872225515490832
T,2019-06-05,1.0,0.0,0.0015407529145907706,0.0015407529145907706,1.0384421036900262,1.0663854801685586,-0.016628018568842662,-0.0071949410803693326
T,2019-06-06,1.0,0.0,-0.00035895595097679145,-0.00035895595097679145,1.0380693487171617,1.0660026947544168,-0.01698100579360129,-0.007551314364428463
T,2019-06-10,0.0,1.0,-0.0,-0.000615574022776233,1.0380693487171617,1.0653464911873165,-0.01698100579360129,-0.008162239994244147
T,2019-06-11,0.0,0.0,-0.0,-0.003233754234678088,1.0380693487171617,1.06190142246004,-0.01698100579360129,-0.011369599550776432
T,2019-06-12,1.0,1.0,0.00036047170297126563,0.00036047170297126563,1.038443543343096,1.0622842078741819,-0.01662665526270668,-0.011013226266717302
T,2019-06-13,1.0,0.0,0.002162050859672693,0.002162050859672693,1.0406887110987026,1.064580920359033,-0.014500552077338136,-0.008874986562362186
T,2019-06-14,1.0,0.0,0.002414218204232599,0.002414218204232599,1.0432011607299765,1.0671510509968425,-0.012121341369902061,-0.0064821945122508495
T,2019-06-17,1.0,0.0,0.0009223674096849876,0.0009223674096849876,1.0441633754823794,1.0681353563474931,-0.011210154290458352,-0.0055658060675271015
T,2019-06-18,0.0,1.0,-0.0,-0.0017918394511853286,1.0441633754823794,1.0662214292767838,-0.011210154290458352,-0.007347672487823087
T,2019-06-19,1.0,1.0,-0.001333470099497358,-0.001333470099497358,1.0427710148421834,1.0647996548813998,-0.012528675984398552,-0.008671344685757032
T,2019-06-20,1.0,0.0,0.00010271158586694362,0.00010271158586694362,1.042878119506814,1.0649090221425832,-0.012427251238710801,-0.008569523747454455
T,2019-06-21,1.0,0.0,0.0010783608914448628,0.0010783608914448628,1.0440027184854337,1.0660573783850085,-0.011362291408989922,-0.0075004038952771745
T,2019-06-24,1.0,0.0,-0.001692741728648306,-0.001692741728648306,1.042235491519031,1.0642528185754827,-0.013035799712837193,-0.00918044937727025
T,2019-06-25,1.0,0.0,0.0008734970712156453,0.0008734970712156453,1.04314588116839,1.0651824402955414,-0.012173689374491592,-0.008314971401698124
T,2019-06-26,0.0,1.0,-0.0,-0.0013347707787874086,1.04314588116839,1.0637606659001575,-0.012173689374491592,-0.009638643599632069
T,2019-06-27,1.0,1.0,-0.0005654654809027493,-0.0005654654809027493,1.0425560181810434,1.063159145963649,-0.012732271054277877,-0.010198658760296353
T,2019-06-28,1.0,0.0,0.0033947124781401605,0.0033947124781401605,1.0460951961051226,1.0667682655827004,-0.009380780975560832,-0.006838567796310202
T,2019-07-01,0.0,1.0,0.0,0.000666393274554089,1.0460951961051226,1.0674791527803924,-0.009380780975560832,-0.00617673169734323
T,2019-07-02,1.0,1.0,0.004661646432047473,0.004661646432047473,1.050971722043628,1.0724553631642362,-0.004762864427677815,-0.0015438790045744222
T,2019-07-03,1.0,0.0,0.001733632469916424,0.001733632469916424,1.0527937207459268,1.0743146066043536,-0.0030374890141831035,0.0
T,2019-07-04,1.0,0.0,-0.00015270284027280034,-0.00015270284027280034,1.0526329561545475,1.0741505557125786,-0.0031897280212561663,-0.00015270284027280034
T,2019-07-05,1.0,0.0,-0.0017818052232346782,-0.0017818052232346782,1.0507573692551224,1.0722366286418694,-0.004965849770441788,-0.0019342359767891004
T,2019-07-08,1.0,0.0,-0.0007139942880457495,-0.0007139942880457495,1.0500071344953523,1.0714710578135858,-0.005676298470116192,-0.002646849231395687
T,2019-07-09,0.0,1.0,0.0,0.0019393691946514302,1.0500071344953523,1.07354903577607,-0.005676298470116192,-0.0007126132546064756
T,2019-07-10,1.0,1.0,-0.0005093724531377575,-0.0005093724531377575,1.0494722897854423,1.073002199470153,-0.006182779573177477,-0.0012216227221826248
T,2019-07-11,0.0,1.0,0.0,5.0963204566212283e-05,1.0494722897854423,1.0730568831007448,-0.006182779573177477,-0.0011707217754249877
T,2019-07-12,0.0,0.0,0.0,0.0017836212607655888,1.0494722897854423,1.0749708101714541,-0.006182779573177477,0.0
T,2019-07-15,1.0,1.0,-0.003052192491606598,-0.003052192491606598,1.0462690983424099,1.0716897923359525,-0.009216101031393586,-0.003052192491606598
T,2019-07-16,0.0,1.0,0.0,0.00045923053372787237,1.0462690983424099,1.0721819450112777,-0.009216101031393586,-0.0025943636178656915
T,2019-07-17,1.0,1.0,0.000510021930943072,0.000510021930943072,1.0468027185282325,1.0727287813171946,-0.00871077951409438,-0.0020856648692646473
T,2019-07-18,1.0,0.0,0.0018861191823418277,0.0018861191823418277,1.0487771132157762,1.0747520756490871,-0.006841089900087249,-0.0002034794994406619
T,2019-07-19,1.0,0.0,-0.00020352091177366916,-0.00020352091177366916,1.0485636651414472,1.0745333411267204,-0.007043218507006843,-0.00040695899888110176
T,2019-07-22,1.0,0.0,0.0012722646310432406,0.0012722646310432406,1.0498977156060036,1.0759004318915126,-0.005779914713758827,0.0
T,2019-07-23,0.0,1.0,0.0,5.082592121974372e-05,1.0498977156060036,1.0759551155221043,-0.005779914713758827,0.0
T,2019-07-24,1.0,1.0,-0.002388696889611741,-0.002388696889611741,1.0473898281983252,1.073384984884295,-0.00815480513907163,-0.00238869688961163
T,2019-07-25,1.0,0.0,0.0005603953334352152,0.0005603953334352152,1.047976780570335,1.0739865048208035,-0.007598979720381371,-0.0018296401707663668
T,2019-07-26,1.0,0.0,0.0004073319755599769,0.0004073319755599769,1.0484036550227058,1.074423973865537,-0.007194743052243102,-0.0014230534661516803
T,2019-07-29,1.0,0.0,-0.0018831433224754113,-0.0018831433224754113,1.046429360680491,1.0724006795336447,-0.00906433764238268,-0.003303516974994647
T,2019-07-30,0.0,1.0,0.0,0.0009688440161133016,1.046429360680491,1.0734396685148868,-0.00906433764238268,-0.002337873551534586
T,2019-07-31,1.0,1.0,0.0024452368823228987,0.0024452368823228987,1.0489881283479725,1.076064482783288,-0.006641265212776748,0.0
T,2019-08-01,0.0,1.0,0.0,0.0005589998983634992,1.0489881283479725,1.0766660027197963,-0.006641265212776748,0.0
T,2019-08-02,0.0,0.0,0.0,0.00279343796028253,1.0489881283479725,1.0796736024023394,-0.006641265212776748,0.0
T,2019-08-05,1.0,1.0,0.0034947325769854043,0.0034947325769854043,1.0526540613329811,1.083446772913166,-0.003169742081682858,0.0
T,2019-08-06,1.0,0.0,0.0,0.0,1.0526540613329811,1.083446772913166,-0.003169742081682858,0.0
T,2019-08-07,1.0,0.0,0.0007066067733307868,0.0007066067733307868,1.0533978738226932,1.08421234374145,-0.0024653750695766696,0.0
T,2019-08-08,1.0,0.0,-0.00010087254753621266,-0.00010087254753621266,1.0532916148955915,1.0841029764802665,-0.002565998928448887,-0.00010087254753621266
T,2019-08-09,1.0,0.0,0.0014627994955862533,0.0014627994955862533,1.054832369338566,1.0856888017674253,-0.001106952974801012,0.0
T,2019-08-12,1.0,0.0,-0.0005540445250327153,-0.0005540445250327153,1.0542479452395066,1.0850872818309167,-0.0016603841985985968,-0.0005540445250327153
T,2019-08-13,1.0,0.0,0.0013102857430831172,0.0013102857430831172,1.0556293112918287,1.0865090562263007,-0.0003522740332587704,0.0
T,2019-08-14,1.0,0.0,0.0,0.0,1.0556293112918287,1.0865090562263007,-0.0003522740332587704,0.0
T,2019-08-15,1.0,0.0,-0.0009594021409815578,-0.0009594021409815578,1.0546165382704924,1.0854666571115612,-0.0013113382017786446,-0.0009594021409816689
T,2019-08-16,1.0,0.0,-0.0007581501137225999,-0.0007581501137225999,1.053816980622069,1.08464371044203,-0.00206849412429444,-0.0017168248838620448
T,2019-08-19,1.0,0.0,0.0010622154779968973,0.0010622154779968973,1.0549363613298617,1.0857958357793733,-0.0010084758327725263,-0.000656433043829896
T,2019-08-20,1.0,0.0,-0.0009600323379314046,-0.0009600323379314046,1.0539235883085254,1.0847534366646339,-0.0019675400012922895,-0.0016158351848115649
T,2019-08-21,1.0,0.0,-0.0021242160631195217,-0.0021242160631195217,1.05168482689294,1.0824491859899468,-0.004087576584336228,-0.0037366188648760845
T,2019-08-22,0.0,1.0,0.0,0.0008616320324379423,1.05168482689294,1.083381858882082,-0.004087576584336228,-0.0028782064229451176
T,2019-08-23,0.0,0.0,0.0,0.0004051248290879439,1.05168482689294,1.0838207637724986,-0.004087576584336228,-0.0024742476267424207
T,2019-08-26,1.0,1.0,0.000607441154138133,0.000607441154138133,1.0523236635379773,1.0844791211081235,-0.003482618392436132,-0.0018683094324382088
T,2019-08-27,1.0,0.0,0.0008094298578440462,0.0008094298578440462,1.053175445731361,1.0853569308889568,-0.002676007469902264,-0.001060391840032593
T,2019-08-28,1.0,0.0,-0.0004549360562099425,-0.0004549360562099425,1.0526963182475828,1.084863162887238,-0.003129726113827447,-0.0015148454857607518
T,2019-08-29,1.0,0.0,0.0036917163952665533,0.0036917163952665533,1.0565825745048942,1.0888681700122895,0.0,0.0
T,2019-08-30,1.0,0.0,-0.003023126920945196,-0.003023126920945196,1.0533883912797068,1.085576383334165,-0.003023126920945196,-0.003023126920945307
T,2019-09-02,1.0,0.0,-0.001617223429524417,-0.001617223429524417,1.0516848268929402,1.0838207637724986,-0.004635461278782782,-0.004635461278782671
T,2019-09-03,1.0,0.0,-0.0003037205770690665,-0.0003037205770690665,1.0513654085704214,1.0834915851046862,-0.004937773970877357,-0.004937773970877135
T,2019-09-04,1.0,0.0,0.0014177933059902337,0.0014177933059902337,1.052856027408842,1.0850277522211444,-0.003526981407769636,-0.003526981407769303
T,2019-09-05,1.0,0.0,0.002578753097031816,0.002578753097031816,1.0555710831502512,1.0878257708975503,-0.0009573235249663581,-0.000957323524965803
T,2019-09-06,1.0,0.0,0.0003026023804719724,0.0003026023804719724,1.0558905014727697,1.0881549495653626,-0.000655010832872005,-0.0006550108328713389
T,2019-09-09,1.0,0.0,-0.0009075325199153772,-0.0009075325199153772,1.0549322465052136,1.0871674135619251,-0.0015619489091555083,-0.0015619489091550642
T,2019-09-10,0.0,1.0,-0.0,-0.0018167137666531552,1.0549322465052136,1.0851923415550504,-0.0015619489091555083,-0.003375825061722293
T,2019-09-11,1.0,1.0,-0.0012133468149646554,-0.0012133468149646554,1.053652247823913,1.0838756268838006,-0.0027734005383861504,-0.004585075830100371
T,2019-09-12,1.0,0.0,-0.0029358169669974066,-0.0029358169669974066,1.0505589176774366,1.0806935664282802,-0.0057010753090266375,-0.007507431853680746
T,2019-09-16,0.0,1.0,0.0,0.0010153315057366274,1.0505589176774366,1.0817908286543216,-0.0057010753090266375,-0.006499722880032421
T,2019-09-17,1.0,1.0,-0.0017243128106299022,-0.0017243128106299022,1.0487474254773639,1.079925482870051,-0.007415557682466822,-0.008212828135234718
T,2019-09-18,1.0,0.0,-0.0019305019305019266,-0.0019305019305019266,1.0467228165478708,1.0778406846405721,-0.009331743864547049,-0.010127475185166768
T,2019-09-19,1.0,0.0,0.0019851369235466265,0.0019851369235466265,1.0488007046597188,1.0799803459813528,-0.007365131730307062,-0.008162442686552529
T,2019-09-20,1.0,0.0,0.0011176022352044068,0.0011176022352044068,1.0499728466715303,1.0811873344299985,-0.006255760782787001,-0.007053962815539383
T,2019-09-23,1.0,0.0,-0.0006089206880803832,-0.0006089206880803832,1.0493334964832695,1.0805289770943736,-0.006860872208707014,-0.007658588199728422
T,2019-09-24,1.0,0.0,-0.0009139375476008293,-0.0009139375476008293,1.0483744712008782,1.0795414410909363,-0.0077685393475869224,-0.008565526276011814
T,2019-09-25,0.0,1.0,0.0,0.0012196981247141192,1.0483744712008782,1.0808581557621861,-0.0077685393475869224,-0.007356275507633736
T,2019-09-26,1.0,1.0,-0.002944012994264167,-0.002944012994264167,1.045288043134808,1.0776760953066657,-0.010689681661065431,-0.01027863153121411
T,2019-09-27,0.0,1.0,-0.0,-0.0017308965025708556,1.045288043134808,1.0758107495223952,-0.010689681661065431,-0.011991736786416407
T,2019-09-30,0.0,0.0,0.0,0.001937885664745842,1.045288043134808,1.0778955477518741,-0.010689681661065431,-0.010077089736484357
T,2019-10-08,0.0,0.0,0.0,0.0026467145111213064,1.045288043134808,1.0807484295395822,-0.010689681661065431,-0.007457046404998446
T,2019-10-09,1.0,1.0,-0.0004061119853799866,-0.0004061119853799866,1.0448635391323164,1.0803095246491656,-0.011091452438602989,-0.007860129994457732
T,2019-10-10,1.0,0.0,-0.0013711848052410103,-0.0013711848052410103,1.043430838123908,1.0788282206440096,-0.01244742881279215,-0.009220537108883042
T,2019-10-11,1.0,0.0,-0.0024410089503661414,-0.0024410089503661414,1.0408838141089594,1.07619479130151,-0.014858053478017275,-0.01163903864563931
T,2019-10-14,1.0,0.0,0.0007137030995105764,0.0007137030995105764,1.0416266961133194,1.076962874859739,-0.014154954617326632,-0.010933642364085339
T,2019-10-15,1.0,0.0,-0.00015282730514520892,-0.00015282730514520892,1.0414675071123851,1.076798285525833,-0.014305618658903119,-0.01108479871013257
T,2019-10-16,1.0,0.0,-0.00040760177306775613,-0.00040760177306775613,1.0410430031098936,1.0763593806354161,-0.014707389436440677,-0.011487882299592078
T,2019-10-17,1.0,0.0,0.002191752892604093,0.002191752892604093,1.043324712123285,1.0787184944214054,-0.012547871507176622,-0.009321308006247975
T,2019-10-18,1.0,0.0,-0.0027464144034177185,-0.0027464144034177185,1.0404593101064679,1.0757558864110934,-0.015259824255554832,-0.012042122235098596
T,2019-10-21,1.0,0.0,-0.002600979192166508,-0.002600979192166508,1.037753097090585,1.0729578677346876,-0.017821112962356556,-0.014611780117901985
T,2019-10-22,1.0,0.0,-0.00025566293398771034,-0.00025566293398771034,1.037487782089028,1.0726835521781775,-0.018072219698317293,-0.014863707361313927
T,2019-10-23,0.0,1.0,0.0,0.0011763502454991137,1.037487782089028,1.073945403738125,-0.018072219698317293,-0.01370484204161837
T,2019-10-24,1.0,1.0,-0.00040868454661568965,-0.00040868454661568965,1.0370637768651856,1.0735064988477083,-0.018473518408019363,-0.014107925631077878
T,2019-10-25,1.0,0.0,-0.0015331936423569337,-0.0015331936423569337,1.0354737572757773,1.0718606055086461,-0.01997838856940104,-0.01561948909155042
T,2019-10-28,1.0,0.0,-0.002712801351282157,-0.002712801351282157,1.0326647226678223,1.0689528606096361,-0.02263699252117579,-0.01828991787171874
T,2019-10-29,1.0,0.0,0.0,0.0,1.0326647226678223,1.0689528606096361,-0.02263699252117579,-0.01828991787171874
T,2019-10-30,1.0,0.0,-0.0031820981318004815,-0.0031820981318004815,1.0293786821830448,1.0655513477089074,-0.02574705752136497,-0.02141381569002887
T,2019-10-31,1.0,0.0,0.003861600247142327,0.003861600247142327,1.033353731156566,1.069666081056563,-0.021984882117910276,-0.01763490703884729
T,2019-11-01,1.0,0.0,0.00015386982612719535,0.00015386982612719535,1.033512733115507,1.0698306703904694,-0.021834395101771986,-0.017483750692799838
T,2019-11-04,1.0,0.0,-0.0008717948717947843,-0.0008717948717947843,1.0326117220148423,1.0688979974983341,-0.02268715485988826,-0.01834030332040104
T,2019-11-05,1.0,0.0,0.0039008366268027395,0.0039008366268027395,1.0366397716413436,1.0730675939572918,-0.018874817117720988,-0.014511009220537163
T,2019-11-06,1.0,0.0,0.0006135282989927493,0.0006135282989927493,1.037275779477107,1.0737259512929167,-0.01827286905316816,-0.013906383836348124
T,2019-11-07,1.0,0.0,-0.0004598640846149582,-0.0004598640846149582,1.0367987736002846,1.073232183291198,-0.018724330101582587,-0.014359852874489931
T,2019-11-08,1.0,0.0,-0.0015847050403844376,-0.0015847050403844376,1.035155753357896,1.0715314268408336,-0.020279362601677176,-0.015921801783644995
T,2019-11-11,1.0,0.0,0.0032256412882085694,0.0032256412882085694,1.0384947944956537,1.0749878028528643,-0.017119135262775198,-0.012747518516652567
T,2019-11-12,1.0,0.0,-0.0012248647545167746,-0.0012248647545167746,1.0372227788241268,1.0736710881816145,-0.01832303139188074,-0.013956769285030646
T,2019-11-13,1.0,0.0,0.0013285641287685834,0.0013285641287685834,1.0386007958016141,1.0750975290754685,-0.01701881058534982,-0.012646747619287635
T,2019-11-14,1.0,0.0,-0.000867523984486751,-0.000867523984486751,1.0376997847009493,1.074164856183333,-0.017871570343466314,-0.01350330024688895
T,2019-11-15,0.0,1.0,0.0,0.0011747280249247982,1.0376997847009493,1.0754267077432809,-0.017871570343466314,-0.01234443492719317
T,2019-11-18,1.0,1.0,0.0,0.0,1.0376997847009493,1.0754267077432809,-0.017871570343466314,-0.01234443492719317
T,2019-11-19,1.0,0.0,0.0010707729961247914,0.0010707729961247914,1.0388109256084916,1.0765782456212438,-0.016819933742263538,-0.011286880018640866
T,2019-11-20,1.0,0.0,-0.0004074772067438337,-0.0004074772067438337,1.0383876338341897,1.0761395645248768,-0.01722055720938842,-0.011689758079041934
T,2019-11-21,1.0,0.0,0.0005095541401274328,0.0005095541401274328,1.0389167485520672,1.0766879158953353,-0.01671977787548229,-0.01118616050354082
T,2019-11-22,1.0,0.0,-0.00030557677616505075,-0.00030557677616505075,1.0385992797213408,1.0763589050730602,-0.017020245475825924,-0.011488319048841511
T,2019-11-25,0.0,1.0,-0.0,-0.002343471394365415,1.0385992797213408,1.073836488768951,-0.017020245475825924,-0.013804867896146433
T,2019-11-26,1.0,1.0,0.0015319409692078345,0.0015319409692078345,1.0401903525085356,1.0754815428803266,-0.015514378517968552,-0.012294075169643204
T,2019-11-27,1.0,0.0,-0.0005608524957935179,-0.0005608524957935179,1.0396069591532309,1.0748783563728224,-0.016066529735849544,-0.012848032502694284
T,2019-11-28,1.0,0.0,5.101520253036895e-05,5.101520253036895e-05,1.039659994912804,1.0749331915098683,-0.016016334170587676,-0.012797672745144095
T,2019-11-29,1.0,0.0,0.0,0.0,1.039659994912804,1.0749331915098683,-0.016016334170587676,-0.012797672745144095
T,2019-12-02,1.0,0.0,-0.003366831607407028,-0.003366831607407028,1.036159634780975,1.071314072464842,-0.019329241477874404,-0.016121416743451467
T,2019-12-03,1.0,0.0,0.001074883554281758,0.001074883554281758,1.0372733857320116,1.0724656103428052,-0.018275134607373955,-0.01506386183489894
T,2019-12-04,1.0,0.0,0.0008692095306268577,0.0008692095306268577,1.0381749936447555,1.0733978076725847,-0.0174218099979212,-0.014207745956546947
T,2019-12-05,1.0,0.0,0.00010217113665400568,0.00010217113665400568,1.038281065163902,1.0735074779466767,-0.017321418867397242,-0.014107026441446568
T,2019-12-06,1.0,0.0,-0.0017367318792460562,-0.0017367318792460562,1.0364778493384144,1.0716430832871175,-0.01902806808630242,-0.015819258198150443
T,2019-12-09,0.0,1.0,-0.0,-0.0006140305991915174,1.0364778493384144,1.0709850616425673,-0.01902806808630242,-0.016423575288751713
T,2019-12-10,1.0,1.0,0.0017408222825252562,0.0017408222825252562,1.0382821730738865,1.0728494563021265,-0.017320370288695264,-0.014711343532047838
T,2019-12-11,1.0,0.0,0.001022233580373122,0.001022233580373122,1.0393435399771054,1.0739461590430435,-0.01631584217245574,-0.013704148381045611
T,2019-12-12,1.0,0.0,0.00030635690579527974,0.00030635690579527974,1.039661950048071,1.0742751698653186,-0.016014483737583962,-0.013401989835745032
T,2019-12-13,1.0,0.0,-0.001990710019907027,-0.001990710019907027,1.0375922845867942,1.0721365995205303,-0.017973313564251026,-0.015366020380199408
T,2019-12-16,1.0,0.0,5.114566284780686e-05,5.114566284780686e-05,1.0376453529319551,1.0721914346575763,-0.017923087158439044,-0.015315660622649108
T,2019-12-17,1.0,0.0,-0.00240372321382909,-0.00240372321382909,1.0351511407093907,1.0696141832164212,-0.02028372823160185,-0.01768256922750433
T,2019-12-18,1.0,0.0,-0.0007689941556444646,-0.0007689941556444646,1.0343551155319766,1.0687916561607333,-0.021037124318781464,-0.018437965590756167
T,2019-12-19,1.0,0.0,0.0010774203478529643,0.0010774203478529643,1.0354695507803566,1.0699431940386963,-0.01998236979672985,-0.01738041068220375
T,2019-12-20,1.0,0.0,0.0034850348503485673,0.0034850348503485673,1.0390781982513009,1.0736719833578143,-0.016566974201515428,-0.013955947168796112
T,2019-12-23,1.0,0.0,0.000868232890704812,0.000868232890704812,1.039980360119037,1.074604180687594,-0.01571312530271185,-0.01309983129044412
T,2019-12-24,0.0,1.0,0.0,0.0006123386232586014,1.039980360119037,1.075262202332144,-0.01571312530271185,-0.01249551419984285
T,2019-12-25,1.0,1.0,0.0008669488500177014,0.0008669488500177014,1.0408819698962832,1.0761943996619234,-0.01485979892860545,-0.011639398321491079
T,2019-12-26,1.0,0.0,0.0011719148068889407,0.0011719148068889407,1.0421017948890283,1.077455607813978,-0.01370529854010838,-0.010481123897838507
T,2019-12-27,1.0,0.0,-0.0005089317522520842,-0.0005089317522520842,1.0415714361965305,1.0769072564435196,-0.014207255230759275,-0.01098472147333951
T,2019-12-30,0.0,1.0,0.0,5.091908956678104e-05,1.0415714361965305,1.0769620915805656,-0.014207255230759275,-0.01093436171578932
T,2019-12-31,1.0,1.0,-0.0006619144602850735,-0.0006619144602850735,1.0408820050014922,1.0762492347989696,-0.014859765703366112,-0.011589038563940668
T,2020-01-02,1.0,0.0,-0.0012228053192031574,-0.0012228053192031574,1.0396092089491136,1.0749331915098692,-0.01606440042202495,-0.012797672745143318
T,2020-01-03,0.0,1.0,-0.0,-0.0004081008008979259,1.0396092089491136,1.0744945104135022,-0.01606440042202495,-0.013200550805544387
T,2020-01-06,0.0,0.0,0.0,0.002092370502679408,1.0396092089491136,1.0767427510323824,-0.01606440042202495,-0.011135800745989521
T,2020-01-07,1.0,1.0,-0.0017824404155634133,-0.0017824404155634133,1.0377561674786908,1.0748235212357773,-0.017818207001024322,-0.012898392260243696
T,2020-01-08,1.0,0.0,0.0010713739094945218,0.0010713739094945218,1.0388679923609445,1.0759750591137403,-0.016765923053624676,-0.01184083735169128
T,2020-01-09,1.0,0.0,0.0012231169095913152,0.0012231169095913152,1.0401386493692344,1.0772911024028409,-0.015563312828025144,-0.010632203170488519
T,2020-01-10,0.0,1.0,0.0,0.0033594624860022737,1.0401386493692344,1.0809102214478672,-0.015563312828025144,-0.007308459172181037
T,2020-01-13,1.0,1.0,-0.0006087662337662669,-0.0006087662337662669,1.039505448081063,1.080252199803317,-0.016162604642456224,-0.007912776262782417
T,2020-01-14,1.0,0.0,-0.0006091370558375386,-0.0006091370558375386,1.038872246792892,1.0795941781587668,-0.016761896456887193,-0.008517093353383687
T,2020-01-15,1.0,0.0,0.0008634701340919371,0.0008634701340919371,1.0397692819511346,1.0805263754885464,-0.015912899719776497,-0.007660977475031694
T,2020-01-16,1.0,0.0,-0.0007612281146917033,-0.0007612281146917033,1.0389777803409206,1.0797038484328585,-0.016662014487815235,-0.00841637383828342
T,2020-01-17,1.0,0.0,0.0017267648552565795,0.0017267648552565795,1.0407718506574057,1.0815682430924176,-0.014964021013594064,-0.006704142081579545
T,2020-01-20,0.0,1.0,0.0,0.0029912796592983515,1.0407718506574057,1.084803516178123,-0.014964021013594064,-0.003732916386122831
T,2020-01-21,1.0,1.0,0.002527422534499335,0.002527422534499335,1.04340232088603,1.0875452730304158,-0.01247441888301104,-0.0012149285086171524
T,2020-01-22,0.0,1.0,-0.0,-0.000352947108354873,1.04340232088603,1.0871614270710948,-0.01247441888301104,-0.0015674468114680318
T,2020-01-23,1.0,1.0,0.005649147583980607,0.005649147583980607,1.049296654586183,1.0933029624202304,-0.00689574113232494,0.0
T,2020-02-03,1.0,0.0,0.012839803390510607,0.012839803390510607,1.0627694173293902,1.1073407575039689,0.0,0.0
T,2020-02-04,1.0,0.0,-0.0018322273942755762,-0.0018322273942755762,1.060822182089161,1.1053118574332723,-0.0018322273942755762,-0.0018322273942754652
T,2020-02-05,1.0,0.0,0.0007937689140249393,0.0007937689140249393,1.0616642297606116,1.106189219626006,-0.0010399128453996154,-0.0010399128453996154
T,2020-02-06,1.0,0.0,0.000446140881376067,0.000446140881376067,1.0621378815758025,1.1066827358594187,-0.0005942359116568596,-0.0005942359116568596
T,2020-02-07,1.0,0.0,0.0026756515707067052,0.0026756515707067052,1.064979792466948,1.109643833259895,0.0,0.0
T,2020-02-10,0.0,1.0,-0.0,-0.0009883376161297086,1.064979792466948,1.1085471305189778,0.0,-0.0009883376161298196
T,2020-02-11,1.0,1.0,-0.003462603878116255,-0.003462603878116255,1.0612921893074365,1.104708670925768,-0.003462603878116255,-0.004447519272583578
T,2020-02-12,1.0,0.0,-0.00014891293557028895,-0.00014891293557028895,1.061134149172029,1.1045441655146306,-0.0036110011871782755,-0.00459576991500299
T,2020-02-13,1.0,0.0,0.0015389961773319971,0.0015389961773319971,1.0627672305712412,1.106244054763052,-0.0020775623268696197,-0.003063846610001919
T,2020-02-14,0.0,1.0,-0.0,-0.004758600178447536,1.0627672305712412,1.10097988160665,-0.0020775623268696197,-0.0078078671674244315
T,2020-02-17,1.0,1.0,0.0,0.0,1.0627672305712412,1.10097988160665,-0.0020775623268696197,-0.0078078671674244315
T,2020-02-18,1.0,0.0,0.003659331294801671,0.003659331294801671,1.0666562479571602,1.1050087317423603,0.0,-0.004177107445294204
T,2020-02-19,1.0,0.0,-9.989012086708549e-05,-9.989012086708549e-05,1.066549699535628,1.1048983522865874,-9.989012086708549e-05,-0.0042765803143937076
T,2020-02-20,1.0,0.0,-0.0021478521478520696,-0.0021478521478520696,1.0642589084726894,1.1025251939874705,-0.0022475277195085352,-0.006415247000031932
T,2020-02-21,1.0,0.0,0.0034539720678781194,0.0034539720678781194,1.0679348290155446,1.1063332852116352,0.0,-0.0029834330161003786
T,2020-02-24,1.0,0.0,0.002394492666866199,0.002394492666866199,1.0704919911323134,1.1089823921501845,0.0,-0.0005960841577133946
T,2020-02-25,1.0,0.0,-0.0001990643973325268,-0.0001990643973325268,1.0702788942892494,1.1087616332386387,-0.0001990643973325268,-0.0007950298959122915
T,2020-02-26,1.0,0.0,-0.0001493280238924477,-0.0001493280238924477,1.0701190716569513,1.1085960640549795,-0.0003483626953318941,-0.0009442391995614363
T,2020-02-27,1.0,0.0,0.0018917707970329545,0.0018917707970329545,1.07214349166606,1.1106932737146644,0.0,0.0
T,2020-02-28,1.0,0.0,0.004819875776397531,0.004819875776397531,1.0773110901103635,1.1160466773196493,0.0,0.0
T,2020-03-02,1.0,0.0,-0.0017802393432894137,-0.0017802393432894137,1.075393218522787,1.1140598471157375,-0.0017802393432894137,-0.0017802393432894137
T,2020-03-03,1.0,0.0,-0.0013375606856237399,-0.0013375606856237399,1.0739548148321045,1.1125697244628034,-0.0031154188507566127,-0.0031154188507566127
T,2020-03-04,1.0,0.0,0.004216478992013384,0.004216478992013384,1.0784831227472158,1.117260851333151,0.0,0.0
T,2020-03-05,1.0,0.0,-0.0005433708753209698,-0.0005433708753209698,1.0778971064287897,1.1166537643264003,-0.0005433708753210809,-0.0005433708753209698
T,2020-03-06,1.0,0.0,0.0031137251025552537,0.0031137251025552537,1.0812533817070487,1.1201307171832462,0.0,0.0
T,2020-03-09,1.0,0.0,0.004483642096964946,0.004483642096964946,1.086101334886756,1.1251529824209126,0.0,0.0
T,2020-03-10,1.0,0.0,-0.0072104772649237425,-0.0072104772649237425,1.0782700259041518,1.1170400924216055,-0.0072104772649237425,-0.0072104772649236315
T,2020-03-11,1.0,0.0,0.003260869565217428,0.003260869565217428,1.0817861238147088,1.1206826144621107,-0.003973120125570162,-0.003973120125570162
T,2020-03-12,1.0,0.0,-0.0021176007091500137,-0.0021176007091500137,1.0794953327517702,1.1183094561629936,-0.006082307352724747,-0.006082307352724747
T,2020-03-13,1.0,0.0,-0.0031584661698661476,-0.0031584661698661476,1.0760857832627453,1.1147773135782613,-0.009221562760582613,-0.009221562760582724
T,2020-03-16,0.0,1.0,0.0,0.0006931036189909978,1.0760857832627453,1.1155499697686715,-0.009221562760582613,-0.008534850640113834
T,2020-03-17,1.0,1.0,-0.004403106911393562,-0.004403106911393562,1.0713476625132088,1.1106380839867782,-0.013584066145251206,-0.012900377691666076
T,2020-03-18,1.0,0.0,0.004025044722719251,0.004025044722719251,1.0756598847684051,1.1151084519455803,-0.009613697896282969,-0.008927257566095692
T,2020-03-19,1.0,0.0,-0.0037119524870081744,-0.0037119524870081744,1.0716670863839641,1.110969222354097,-0.013289964793475662,-0.012606072497179266
T,2020-03-20,1.0,0.0,0.0017386984600098465,0.0017386984600098465,1.0735303922967032,1.1129008628301225,-0.011574373574785857,-0.010889292196007094
T,2020-03-23,0.0,1.0,0.0,0.005008678403173761,1.0735303922967032,1.118475025346653,-0.011574373574785857,-0.005935154755481342
T,2020-03-24,1.0,1.0,0.0004440935557090686,0.0004440935557090686,1.07400714022578,1.1189717328976312,-0.01113542012379265,-0.005493696963751238
T,2020-03-25,1.0,0.0,0.0019235511713933118,0.0019235511713933118,1.0760730479184462,1.1211241322852024,-0.009233288502822345,-0.0035807131995878594
T,2020-03-26,1.0,0.0,0.0019690853598504088,0.0019690853598504088,1.078191927603232,1.1233317214006602,-0.007282384276186216,-0.0016186785696765682
T,2020-03-27,1.0,0.0,-0.002161737250663265,-0.002161737250663265,1.0758611599499677,1.1209033733736566,-0.00942837892548587,-0.003776916662578955
T,2020-03-30,1.0,0.0,0.0006400787789266893,0.0006400787789266893,1.0765497958475232,1.1216208398361804,-0.008794335051829028,-0.003139255407857755
T,2020-03-31,0.0,1.0,0.0,0.0030507306992078043,1.0765497958475232,1.12504260296514,-0.008794335051829028,-9.810173149538137e-05
T,2020-04-01,1.0,1.0,0.0020112828059848376,0.0020112828059848376,1.0787150419416978,1.1273053818084842,-0.006800740140724071,0.0
T,2020-04-02,1.0,0.0,-0.002545774992656291,-0.002545774992656291,1.0759688761637205,1.1244355159583892,-0.009329201979198398,-0.002545774992656402
T,2020-04-03,0.0,1.0,-0.0,-0.003632080102090929,1.0759688761637205,1.1203514760947924,-0.009329201979198398,-0.006168608636052064
T,2020-04-07,0.0,0.0,0.0,0.007931034482758781,1.0759688761637205,1.1292370222845098,-0.009329201979198398,0.0
T,2020-04-08,0.0,0.0,0.0,0.0036166365280287938,1.0759688761637205,1.1333210621481065,-0.009329201979198398,0.0
T,2020-04-09,1.0,1.0,-0.002873143413683943,-0.002873143413683943,1.0728774632738418,1.1300648682028063,-0.012175541257660849,-0.002873143413684054
T,2020-04-10,1.0,0.0,-0.0018069935534283932,-0.0018069935534283932,1.0709387806140873,1.128022848271008,-0.013960533686527277,-0.004674945215485726
T,2020-04-13,1.0,0.0,0.00034248250892909837,0.00034248250892909837,1.0713055584145814,1.1284091763662132,-0.013622832416201214,-0.00433406379352308
T,2020-04-14,1.0,0.0,-0.00014672796635040175,-0.00014672796635040175,1.0711483679286553,1.128243607182554,-0.013767561532055272,-0.00448015583150696
T,2020-04-15,1.0,0.0,0.0021034094800176373,0.0021034094800176373,1.0734014315602618,1.130616765481671,-0.01169311087148095,-0.002386169953737305
T,2020-04-16,0.0,1.0,0.0,0.0015620423703992525,1.0734014315602618,1.1323828367740372,-0.01169311087148095,-0.0008278548819087295
T,2020-04-17,1.0,1.0,-0.0027293108490106244,-0.0027293108490106244,1.0704717853877608,1.1292922120123963,-0.014390507586131362,-0.003554906257608792
T,2020-04-20,0.0,1.0,-0.0,-0.001808229889551427,1.0704717853877608,1.1272501920805977,-0.014390507586131362,-0.005356708059410797
T,2020-04-21,1.0,1.0,0.0005385556915544765,0.0005385556915544765,1.0710482940604298,1.1278572790873487,-0.013859701984341832,-0.004821037253469607
T,2020-04-22,0.0,1.0,0.0,0.0025934625171264436,1.0710482940604298,1.1307823346653298,-0.013859701984341832,-0.0022400779157537576
T,2020-04-23,0.0,0.0,0.0,0.006247254624432541,1.0710482940604298,1.1378466198347945,-0.013859701984341832,0.0
T,2020-04-24,0.0,0.0,0.0,0.0022311684532183573,1.0710482940604298,1.1403853473175711,-0.013859701984341832,0.0
T,2020-04-27,1.0,1.0,-0.002032618690412713,-0.002032618690412713,1.0688712612795879,1.1380673787463407,-0.015864149185457643,-0.002032618690412713
T,2020-04-28,1.0,0.0,0.0015033218563600403,0.0015033218563600403,1.0704781188083046,1.1397782603108204,-0.014384676251300688,-0.0005323525141556207
T,2020-04-29,1.0,0.0,0.0020337013364322143,0.0020337013364322143,1.0726551515891465,1.1420962288820509,-0.012380229050184877,0.0
T,2020-04-30,1.0,0.0,-0.005122257659224916,-0.005122257659224916,1.067160735523212,1.1362461177260879,-0.01743907198633443,-0.005122257659224916
T,2020-05-06,1.0,0.0,-0.0029628910044685597,-0.0029628910044685597,1.0639988545796082,1.1328795443250148,-0.020350292921288426,-0.008069971972552548
T,2020-05-07,1.0,0.0,-0.00516393043308816,-0.00516393043308816,1.0585044385136737,1.1270294331690518,-0.02540913585743798,-0.013192229631777463
T,2020-05-08,0.0,1.0,0.0,0.0003427843886194548,1.0585044385136737,1.1274157612642568,-0.02540913585743798,-0.012853967333526839
T,2020-05-11,0.0,0.0,-0.0,-0.004944194243195588,1.0585044385136737,1.1218415987477262,-0.02540913585743798,-0.017734609065429674
T,2020-05-12,0.0,0.0,0.0,0.0025581738574309565,1.0585044385136737,1.1247114645978211,-0.02540913585743798,-0.015221803421281765
T,2020-05-13,1.0,1.0,-0.0023553658177535297,-0.0023553658177535297,1.056011273341258,1.1220623576592719,-0.027704653865134432,-0.017541316323572254
T,2020-05-14,1.0,0.0,0.00039348777728576145,0.00039348777728576145,1.056426800869994,1.1225038754823633,-0.027322067530518357,-0.01715473083985719
T,2020-05-15,0.0,1.0,0.0,0.0,1.056426800869994,1.1225038754823633,-0.027322067530518357,-0.01715473083985719
T,2020-05-18,1.0,1.0,-0.005043512658227889,-0.005043512658227889,1.051098698927315,1.1168425129774582,-0.0322277809953071,-0.022111723395945804
T,2020-05-19,1.0,0.0,0.000894543285955729,0.000894543285955729,1.0520389522113172,1.117841576948912,-0.03136206685446208,-0.021236960003694794
T,2020-05-20,1.0,0.0,0.0022840119165838946,0.0022840119165838946,1.0544418217148783,1.1203947404315162,-0.02914968627230241,-0.01900145355683147
T,2020-05-21,1.0,0.0,0.0010898642623600185,0.0010898642623600185,1.0555910201731031,1.1216158186188487,-0.028091591211269584,-0.01793229829963583
T,2020-05-22,1.0,0.0,0.006779493269992054,0.006779493269992054,1.0627473923902306,1.1292198055126919,-0.02150254469483781,-0.01127437692528166
T,2020-05-25,1.0,0.0,-0.005013516834603049,-0.005013516834603049,1.0574192904475517,1.1235584430077867,-0.026408258159626552,-0.01623136948137016
T,2020-05-26,1.0,0.0,-0.004149582571753241,-0.004149582571753241,1.0530314417888749,1.1188961444743355,-0.030448257483570162,-0.020313598645207764
T,2020-05-27,1.0,0.0,0.001289746515203971,0.001289746515203971,1.0543895854213223,1.1203392368775464,-0.02919778150234964,-0.019050051523067713
T,2020-05-28,1.0,0.0,0.0025266286846670205,0.0025266286846670205,1.057053636392662,1.1231699181299992,-0.02674492476995516,-0.016571555245023295
T,2020-05-29,1.0,0.0,-0.0019272583514529096,-0.0019272583514529096,1.0550164209439905,1.1210052795251826,-0.02862063874178622,-0.018466875928233595
T,2020-06-01,1.0,0.0,-0.0017824429370697503,-0.0017824429370697503,1.0531359143759862,1.119007151582275,-0.03035206702347626,-0.020216402712735282
T,2020-06-02,1.0,0.0,-0.005009672139278942,-0.005009672139278942,1.0478600487268628,1.1134012926313395,-0.035209685258218215,-0.025124797302587765
T,2020-06-03,0.0,1.0,0.0,0.0007477567298106447,1.0478600487268628,1.1142338459408845,-0.035209685258218215,-0.024395827809045145
T,2020-06-04,0.0,0.0,-0.0,-0.0026899128268991213,1.0478600487268628,1.111236654026523,-0.035209685258218215,-0.027020117985797842
T,2020-06-05,1.0,1.0,-0.0025972728634934272,-0.0025972728634934272,1.0451384702575657,1.1083504692201007,-0.037715508961658206,-0.02954721223007839
T,2020-06-08,0.0,1.0,0.0,0.0033051229405578475,1.0451384702575657,1.112013703782098,-0.037715508961658206,-0.026339746458491797
T,2020-06-09,1.0,1.0,-0.001247816321437445,-0.001247816321437445,1.0438343294162162,1.1106261149328567,-0.03891626325544184,-0.02755469561439572
T,2020-06-10,1.0,0.0,0.0007496251874063997,0.0007496251874063997,1.0446168139210261,1.1114586682424017,-0.03819581067917144,-0.02682572612085321
T,2020-06-11,1.0,0.0,0.0031460674157304247,0.0031460674157304247,1.0479032488412272,1.1149553921424902,-0.03516990985883617,-0.02376405424797501
T,2020-06-12,1.0,0.0,0.0021405814416568525,0.0021405814416568525,1.0501463710883487,1.1173420449631857,-0.033104612473527806,-0.021674341699819855
T,2020-06-15,1.0,0.0,0.0012915404103124306,0.0012915404103124306,1.0515026775633523,1.1187851373663968,-0.031855828007992804,-0.02041079457767958
T,2020-06-16,1.0,0.0,-0.0062013196408196025,-0.0062013196408196025,1.0449819733566041,1.1118471931201896,-0.037859599476911865,-0.026485540357199744
T,2020-06-17,1.0,0.0,-0.0009484824281149606,-0.0009484824281149606,1.0439908263171784,1.1107926255947662,-0.03877217274018763,-0.027408901715686773
T,2020-06-18,1.0,0.0,0.0012991555488932605,0.0012991555488932605,1.0453471327921822,1.1122357179979774,-0.03752338827465229,-0.0261453545935465
T,2020-06-19,1.0,0.0,0.00024951344877499615,0.00024951344877499615,1.0456079609604523,1.1125132357678258,-0.03728323741589534,-0.025902364762365626
T,2020-06-22,1.0,0.0,-0.0026940730393134604,-0.0026940730393134604,1.0427910167431371,1.1095160438534644,-0.039876866690468415,-0.028526654939118323
T,2020-06-23,0.0,1.0,-0.0,-0.00040020010005004103,1.0427910167431371,1.109072015421707,-0.039876866690468415,-0.028915438669007587
T,2020-06-24,0.0,0.0,0.0,0.0023521169052147517,1.0427910167431371,1.111680682458281,-0.039876866690468415,-0.026631334255907912
T,2020-06-29,1.0,1.0,0.0004493484447551932,0.0004493484447551932,1.0432595932647153,1.112180214444008,-0.039445436853742355,-0.026193952559782407
T,2020-06-30,1.0,0.0,0.0012476295039425267,0.0012476295039425267,1.0445611947135434,1.1135678032932494,-0.03824702064061447,-0.024979003403878375
T,2020-07-01,1.0,0.0,-0.0006479589293724164,-0.0006479589293724164,1.0438843619601528,1.112846257091644,-0.038870197071441015,-0.0256107769649484
T,2020-07-02,0.0,1.0,0.0,0.00024937655860357566,1.0438843619601528,1.1131237748614924,-0.038870197071441015,-0.025367787133767528
T,2020-07-03,1.0,1.0,-0.0030914983794565476,-0.0030914983794565476,1.0406571951468129,1.1096825545153735,-0.04184152829964205,-0.02838086104040971
T,2020-07-06,1.0,0.0,-0.010303606262191733,-0.010303606262191733,1.0299346731541033,1.098248822397624,-0.05171401592882596,-0.038392042085059086
T,2020-07-07,0.0,1.0,0.0,0.0003537676252083344,1.0299346731541033,1.0986373472754114,-0.05171401592882596,-0.03805185632140606
T,2020-07-08,1.0,1.0,-0.004395271294331593,-0.004395271294331593,1.0254078308501522,1.093808538080051,-0.05588199009343098,-0.04227987938395217
T,2020-07-09,1.0,0.0,-0.0010148678134672684,-0.0010148678134672684,1.0243671774469452,1.0926984670006579,-0.056840145073799864,-0.04325183870867555
T,2020-07-10,1.0,0.0,0.0013714634022450323,0.0013714634022450323,1.0257720595412747,1.0941970629578386,-0.05554663585030184,-0.041939693620299145
T,2020-07-13,1.0,0.0,-0.0019275641675966515,-0.0019275641675966515,1.023794818075181,1.0920879279069915,-0.057367130313003,-0.043786416337273426
T,2020-07-14,0.0,1.0,0.0,0.002439520227688563,1.023794818075181,1.0947520984975352,-0.057367130313003,-0.04145371395793751
T,2020-07-15,1.0,1.0,0.004106672074629891,0.004106672074629891,1.027999207664721,1.0992478863690776,-0.05349604623043125,-0.0375172786928083
T,2020-07-16,1.0,0.0,0.002474122696288772,0.002474122696288772,1.0305426038361711,1.1019675605135908,-0.051154279316283024,-0.03513597834723636
T,2020-07-17,1.0,0.0,-0.0008562506295959338,-0.0008562506295959338,1.029660201082811,1.1010240000961067,-0.05196672906200772,-0.03596214377325113
T,2020-07-20,1.0,0.0,0.0006049301809749608,0.0006049301809749608,1.030283073614595,1.1016900427437426,-0.05139323512384886,-0.035378968178417125
T,2020-07-21,1.0,0.0,0.0014106504105999562,0.0014106504105999562,1.0317364428554234,1.1032441422548929,-0.05005508260147851,-0.0340182251238047
T,2020-07-22,1.0,0.0,0.003873824017708749,0.003873824017708749,1.0357332082677022,1.1075179159105564,-0.04637516316495971,-0.030276181723620343
T,2020-07-23,0.0,1.0,-0.0,-0.001152651097524271,1.0357332082677022,1.1062413341692543,-0.04637516316495971,-0.031393934947052005
T,2020-07-24,0.0,0.0,0.0,0.0033114244142291582,1.0357332082677022,1.1099045687312519,-0.04637516316495971,-0.02818646917546519
T,2020-07-27,1.0,1.0,-0.0013001950292543807,-0.0013001950292543807,1.0343865530986789,1.1084614763280407,-0.04761506143758609,-0.029450016297605464
T,2020-07-28,0.0,1.0,-0.0,-0.0035551549747133704,1.0343865530986789,1.104520723996195,-0.04761506143758609,-0.03290047190037304
T,2020-07-29,1.0,1.0,-0.002663316582914632,-0.002663316582914632,1.0316316542386672,1.101579035635803,-0.05015156403777765,-0.03547616411088961
T,2020-07-30,1.0,0.0,-0.0007557817302363823,-0.0007557817302363823,1.03085196588206,1.100746482326258,-0.05086944213217148,-0.03620513360443223
T,2020-07-31,1.0,0.0,-0.0032271077047195673,-0.0032271077047195673,1.0275252955605367,1.0971942548722,-0.05393238866825156,-0.03931540344354645
T,2020-08-03,0.0,1.0,0.0,0.002326993120194132,1.0275252955605367,1.0997474183548042,-0.05393238866825156,-0.037079896996683126
T,2020-08-04,1.0,1.0,0.001211264762289277,0.001211264762289277,1.0287699007434101,1.101079503650076,-0.05278645030790219,-0.035913545807015224
T,2020-08-05,1.0,0.0,-0.0020163322915617288,-0.0020163322915617288,1.0266955587719544,1.0988593614912896,-0.05469634757515118,-0.037857464456461765
T,2020-08-06,1.0,0.0,-0.0010102030508131188,-0.0010102030508131188,1.0256583877862266,1.0977492904118966,-0.055651296208775625,-0.03882942378118481
T,2020-08-07,1.0,0.0,-0.0009606633633330031,-0.0009606633633330031,1.0246730753497852,1.0966947228864732,-0.05655849741071883,-0.03975278513967184
T,2020-08-10,1.0,0.0,0.004757325775595955,0.004757325775595955,1.0295477789827059,1.101912056959621,-0.05207023883268391,-0.035184576313472604
T,2020-08-11,1.0,0.0,-0.0007051830957538474,-0.0007051830957538474,1.0288217592926963,1.1011350072040458,-0.05273870287622118,-0.03586494784077898
T,2020-08-12,1.0,0.0,0.0010585210948133028,0.0010585210948133028,1.0299107888277106,1.1023005818374088,-0.05173600681091539,-0.03484439054981936
T,2020-08-13,0.0,1.0,0.0,0.0003021148036252974,1.0299107888277106,1.1026336031612267,-0.05173600681091539,-0.03455280275240247
T,2020-08-14,1.0,1.0,0.0017114668277458112,0.0017114668277458112,1.0316734469783266,1.104520723996195,-0.05011308444262652,-0.03290047190037304
T,2020-08-17,1.0,0.0,0.000603015075376856,0.000603015075376856,1.0322955616197205,1.1051867666438309,-0.049540288312642344,-0.032317296305539034
T,2020-08-18,1.0,0.0,-0.0019586179188429975,-0.0019586179188429975,1.03027368903519,1.103022128039014,-0.051401875735091584,-0.034212616988749556
T,2020-08-19,1.0,0.0,-0.0031198107985708212,-0.0031198107985708212,1.0270594300546547,1.0995809076928953,-0.054361322406677126,-0.03722569089539152
T,2020-08-21,1.0,0.0,0.0,0.0,1.0270594300546547,1.0995809076928953,-0.054361322406677126,-0.03722569089539152
T,2020-08-24,1.0,0.0,-0.0009656434234600608,-0.0009656434234600608,1.0260676568705198,1.0985191046208194,-0.05527447217666459,-0.03815538757525472
T,2020-08-25,1.0,0.0,-0.003561072391514375,-0.003561072391514375,1.0224137556658124,1.094607198565803,-0.05863870817135508,-0.04158058586948743
T,2020-08-27,1.0,0.0,-0.0011231939551743508,-0.0011231939551743508,1.0212653867157615,1.0933777423770836,-0.05969603948397206,-0.04265707676196051
T,2020-08-28,1.0,0.0,-0.0003066700741118922,-0.0003066700741118922,1.0209521951839295,1.0930424361437965,-0.05998440256923121,-0.04295066518718049
T,2020-08-31,1.0,0.0,0.002556367912470048,0.002556367912470048,1.0235621246158635,1.0958366547545226,-0.057581376858737876,-0.04050409497701413
T,2020-09-01,1.0,0.0,-0.0007649548676628148,-0.0007649548676628148,1.0227791457862834,1.0949983891713049,-0.0583022845718858,-0.04123806604006397
T,2020-09-02,0.0,1.0,-0.0,-0.002806981729100766,1.0227791457862834,1.0919247486995063,-0.0583022845718858,-0.04392929327124673
T,2020-09-03,1.0,1.0,0.001535390756947752,0.001535390756947752,1.0243495114331225,1.093601279865942,-0.05685641060377877,-0.04246135114514693
T,2020-09-04,1.0,0.0,-0.0015841381777300656,-0.0015841381777300656,1.022726800264722,1.091868864327292,-0.05835048037082269,-0.04397822467544987
T,2020-09-07,1.0,0.0,-0.0010236462278635505,-0.0010236462278635505,1.0216798898334962,1.0907511768830018,-0.059314396349560594,-0.04495685275951622
T,2020-09-08,1.0,0.0,0.003176554974894996,0.003176554974894996,1.024925312170297,1.094216007960302,-0.05632625681547265,-0.04192310569891011
T,2020-09-09,1.0,0.0,0.0037793667007148812,0.0037793667007148812,1.0287988807658333,1.0983514515041763,-0.052759767694142035,-0.038302181787864265
T,2020-09-10,1.0,0.0,0.0007123231912080641,0.0007123231912080641,1.0295317180676917,1.0991338327151798,-0.052085026509025245,-0.03761714212901757
T,2020-09-11,1.0,0.0,-0.004881025015253226,-0.004881025015253226,1.0245065479978066,1.093768932982586,-0.05671182320696788,-0.04231455693253661
T,2020-09-14,1.0,0.0,-0.0016349887594522272,-0.0016349887594522272,1.022831491307845,1.0919806330717214,-0.05825408877294869,-0.043880361867042916
T,2020-09-15,1.0,0.0,0.0034288638689865536,0.0034288638689865536,1.026338641252452,1.095724886010094,-0.05502497024417641,-0.040601957785420306
T,2020-09-16,1.0,0.0,-0.000816035089508782,-0.000816035089508782,1.0255011129074711,1.0948307360546619,-0.055796103027166866,-0.041384860252673406
T,2020-09-17,1.0,0.0,-0.0007146138532999613,-0.0007146138532999613,1.024768275605613,1.0940483548436586,-0.056470844212283544,-0.04206989991151999
T,2020-09-18,1.0,0.0,-0.00020432139755843792,-0.00020432139755843792,1.0245588935193677,1.0938248173548004,-0.0566636274080311,-0.04226562552833335
T,2020-09-21,1.0,0.0,0.003985081489807474,0.003985081489807474,1.0286418442011493,1.098183798387533,-0.052904355090952704,-0.03844897600047392
T,2020-09-22,1.0,0.0,0.002951503740267647,0.002951503740267647,1.031677884451705,1.1014250919759752,-0.05010899875261243,-0.035610954556681174
T,2020-09-23,1.0,0.0,-0.001319194276726332,-0.001319194276726332,1.030316900891111,1.0999720982983976,-0.0513620895249719,-0.036883171065967724
T,2020-09-24,1.0,0.0,-0.0007112736879540948,-0.0007112736879540948,1.0295840635892528,1.0991897170873943,-0.052036830710088466,-0.0375682107248142
T,2020-09-25,1.0,0.0,-0.0024912298540851197,-0.0024912298540851197,1.027019133032749,1.0964513828488829,-0.05439842485799673,-0.03996584953077709
T,2020-09-28,1.0,0.0,0.0017838939857288683,0.0017838939857288683,1.0288512262873946,1.098407335876391,-0.052711571895205145,-0.038253250383660786
T,2020-09-29,1.0,0.0,-0.0023403714067667947,-0.0023403714067667947,1.0264433322955746,1.095836654754523,-0.05492857864630263,-0.04050409497701368
T,2020-09-30,1.0,0.0,-0.0027538375235860446,-0.0027538375235860446,1.0236166741312644,1.092818898654939,-0.05753115178889523,-0.043146390803993295
T,2020-10-09,0.0,1.0,-0.0,-0.0032728202505754034,1.0236166741312644,1.0892422988332096,-0.05753115178889523,-0.04627800067300614
T,2020-10-12,1.0,1.0,0.0017443948489046512,0.0017443948489046512,1.025402265784872,1.0911423674885032,-0.05588711398482249,-0.04461433293009309
T,2020-10-13,1.0,0.0,-0.0009218950064020515,-0.0009218950064020515,1.0244569525564917,1.0901364487886418,-0.056757486939919666,-0.04549509820575304
T,2020-10-14,1.0,0.0,-0.00010252729789295145,-0.00010252729789295145,1.0243519177533384,1.0900246800442128,-0.0568541950460415,-0.04559296101415955
T,2020-10-15,1.0,0.0,-0.00174314278390153,-0.00174314278390153,1.022566326099731,1.0881246113889191,-0.05849823285011391,-0.047256628757072594
T,2020-10-16,1.0,0.0,0.0014380360536181414,0.0014380360536181414,1.0240368133438784,1.0896893738109257,-0.057144319364407115,-0.04588654943937953
T,2020-10-19,1.0,0.0,0.003282219601005165,0.003282219601005165,1.0273979270447866,1.0932659736326549,-0.05404965996850586,-0.04275493957036691
T,2020-10-20,0.0,1.0,0.0,0.0006134028523232526,1.0273979270447866,1.0939365860992292,-0.05404965996850586,-0.04216776271992695
T,2020-10-21,1.0,1.0,-0.0005619412515964761,-0.0005619412515964761,1.0268205897677753,1.0933218580048694,-0.05458122848653135,-0.042706008166163545
T,2020-10-22,1.0,0.0,0.0031690860764670425,0.0031690860764670425,1.0300746726018382,1.0967866890821696,-0.05158511502129737,-0.03967226110555755
T,2020-10-23,1.0,0.0,-0.0016814429837969103,-0.0016814429837969103,1.0283426607708048,1.0949425047990906,-0.053179820575373404,-0.041286997444267004
T,2020-10-26,1.0,0.0,0.0002551931812380115,0.0002551931812380115,1.0286050868058096,1.095221926660163,-0.052938198521725766,-0.04104234042325061
T,2020-10-27,1.0,0.0,0.002296152668639806,0.002296152668639806,1.0309669211208552,1.0977367234098165,-0.050763600038894685,-0.03884042723410086
T,2020-10-28,0.0,1.0,-0.0,-0.0007636308099577827,1.0309669211208552,1.0968984578265988,-0.050763600038894685,-0.039574398297150704
T,2020-10-29,1.0,1.0,-0.001120847768493971,-0.001120847768493971,1.0298113641479258,1.0956690016378794,-0.051827549539564255,-0.040650889189623785
T,2020-10-30,1.0,0.0,0.0005610527389574571,0.0005610527389574571,1.0303891426343905,1.0962837297322392,-0.051295574789229526,-0.04011264374338719
T,2020-11-02,1.0,0.0,0.002191976347045932,0.002191976347045932,1.032647731263298,1.0986867577374635,-0.049216037128829715,-0.03800859336264428
T,2020-11-03,0.0,1.0,0.0,0.0004577822990845526,1.032647731263298,1.0991897170873943,-0.049216037128829715,-0.0375682107248142
T,2020-11-04,1.0,1.0,0.0009659870862779307,0.0009659870862779307,1.0336452556363727,1.1002515201594703,-0.04829759209885587,-0.036638514044951
T,2020-11-05,0.0,1.0,-0.0,-0.001422186103210099,1.0336452556363727,1.0986867577374637,-0.04829759209885587,-0.03800859336264406
T,2020-11-06,1.0,1.0,-0.0023906408952186764,-0.0023906408952186764,1.0311741810170996,1.0960601922433812,-0.050572770795262456,-0.040308369360200325
T,2020-11-09,1.0,0.0,-0.0018865038494876307,-0.0018865038494876307,1.0292288669551186,1.0939924704714439,-0.05236386891796552,-0.04211883131572347
T,2020-11-10,1.0,0.0,0.0004597466285247709,0.0004597466285247709,1.0297020514566817,1.0944954298213747,-0.051928196401632265,-0.04167844867789339
T,2020-11-11,1.0,0.0,-5.105948429917628e-05,-5.105948429917628e-05,1.0296494754009524,1.0944395454491602,-0.05197660445900265,-0.041727380082096754
T,2020-11-12,1.0,0.0,-0.0007659313725491002,-0.0007659313725491002,1.028860834565014,1.0936012798659422,-0.052702725319558,-0.04246135114514671
T,2020-11-13,1.0,0.0,-0.002146251724666537,-0.002146251724666537,1.0266526402243872,1.0912541362329324,-0.054735863729112766,-0.04451647012168636
T,2020-11-16,0.0,1.0,-0.0,-0.0001536334306344589,1.0266526402243872,1.091086483116289,-0.054735863729112766,-0.04466326433429624
T,2020-11-17,1.0,1.0,-0.0010755992624462696,-0.0010755992624462696,1.0255483734017734,1.089912911299784,-0.05575258913690251,-0.04569082382256595
T,2020-11-18,1.0,0.0,-0.003076449776957313,-0.003076449776957313,1.0223933253371627,1.086559848966913,-0.058657518873444725,-0.048626708074765324
T,2020-11-19,1.0,0.0,-0.0007200534896878441,-0.0007200534896878441,1.0216571474554201,1.0857774677559098,-0.05933533581197126,-0.0493117477336118
T,2020-11-20,0.0,1.0,0.0,0.0,1.0216571474554201,1.0857774677559098,-0.05933533581197126,-0.0493117477336118
T,2020-11-23,1.0,1.0,0.0028344671201814275,0.0028344671201814275,1.0245530010479809,1.0888550682880977,-0.05666905275021383,-0.04661705314102005
T,2020-11-24,1.0,0.0,-0.0011305822498586249,-0.0011305822498586249,1.0233946596109567,1.0876240280752225,-0.05773556597491669,-0.04769493097805677
T,2020-11-25,1.0,0.0,0.0027267582445851257,0.0027267582445851257,1.0261852094365151,1.0905897158607856,-0.05516623866085957,-0.045098225279740944
T,2020-11-26,0.0,1.0,-0.0,-0.0013853258081067965,1.0261852094365151,1.0890788937813478,-0.05516623866085957,-0.04642107535246787
T,2020-11-27,1.0,1.0,-0.0014386271386733762,-0.0014386271386733762,1.0247089115449146,1.0875121153285976,-0.0565255021514568,-0.047792919872332806
T,2020-11-30,0.0,1.0,0.0,0.005093902752765667,1.0247089115449146,1.093051796286536,-0.0565255021514568,-0.04294246960566739
T,2020-12-01,1.0,1.0,-0.0018941333060304988,-0.0018941333060304988,1.0227679762665711,1.0909814104739732,-0.05831256862122214,-0.0447552641497746
T,2020-12-02,1.0,0.0,-0.0023593373339488855,-0.0023593373339488855,1.020354921596198,1.0884074173015978,-0.06053432693498462,-0.04700900871812408
T,2020-12-03,1.0,0.0,-0.0002056449539868943,-0.0002056449539868943,1.020145090755296,1.0881835918083478,-0.060727523310094345,-0.04720498650667626
T,2020-12-04,1.0,0.0,0.0020568725253253817,0.0020568725253253817,1.022243399164316,1.0904218467408482,-0.058795559558996624,-0.045245208621154887
T,2020-12-07,0.0,1.0,-0.0,-0.0012829065530867156,1.022243399164316,1.0890229374080354,-0.058795559558996624,-0.046470069799605884
T,2020-12-08,0.0,0.0,0.0,0.0023121981296885252,1.022243399164316,1.091540974207098,-0.058795559558996624,-0.04426531967839453
T,2020-12-09,1.0,1.0,-0.00035884554262566315,-0.00035884554262566315,1.0218765716770475,1.0911492795939106,-0.059133306577148326,-0.044608280808360656
T,2020-12-10,1.0,0.0,0.0004615384615385132,0.0004615384615385132,1.0223482070178216,1.0916528869537232,-0.058699060410953074,-0.044167330784118386
T,2020-12-11,1.0,0.0,-0.0033830539750884236,-0.0033830539750884236,1.0188895478521454,1.0879597663150977,-0.061883532296384325,-0.04740096429522844
T,2020-12-14,1.0,0.0,5.1432392120576154e-05,5.1432392120576154e-05,1.018941951778898,1.0880157226884102,-0.06183528272236272,-0.047351969848090425
T,2020-12-15,1.0,0.0,0.0014400329150381364,0.0014400329150381364,1.0204092617279727,1.0895825011411604,-0.060484294649755466,-0.045980125328225596
T,2020-12-16,1.0,0.0,-0.0001540673788003044,-0.0001540673788003044,1.0202520499477148,1.0894146320212228,-0.06062904337182051,-0.04612710866963976
T,2020-12-17,1.0,0.0,-0.0012840926601263014,-0.0012840926601263014,1.018941951778898,1.0880157226884102,-0.06183528272236272,-0.047351969848090425
T,2020-12-18,1.0,0.0,-0.001594322155935024,-0.001594322155935024,1.0173174300495653,1.0862810751157224,-0.0633310195170349,-0.04887079770936953
T,2020-12-21,1.0,0.0,0.0021119868129604313,0.0021119868129604313,1.0194659910464248,1.0885752864215352,-0.061352786982145746,-0.04686202537671014
T,2020-12-22,1.0,0.0,0.003701038346869634,0.003701038346869634,1.0232390737726171,1.092604145300036,-0.05787881765258429,-0.04333442518277175
T,2020-12-23,1.0,0.0,0.0011779166239886951,0.0011779166239886951,1.0244443640879286,1.0938911418862238,-0.056769077450085526,-0.04220755289859679
T,2020-12-24,1.0,0.0,-0.0014322983272802015,-0.0014322983272802015,1.0229770541388539,1.0923243634334736,-0.058120065522692665,-0.04357939741846162
T,2020-12-25,1.0,0.0,0.0025613441934326797,0.0025613441934326797,1.0255972504764872,1.095122182099099,-0.05570758682160848,-0.041129675061559956
T,2020-12-28,1.0,0.0,0.00025548004700826077,0.00025548004700826077,1.0258592701102505,1.0954019639656616,-0.055466338951500216,-0.04088470282586987
T,2020-12-29,1.0,0.0,0.0014303228442991145,0.0014303228442991145,1.0273265800593252,1.0969687424184118,-0.054115350878892965,-0.03951285830600493
T,2020-12-30,1.0,0.0,0.0019383799224648168,0.0019383799224648168,1.0293179292759267,1.099095084604287,-0.052281867066068965,-0.0376510693147597
T,2020-12-31,1.0,0.0,-0.0021891864372262093,-0.0021891864372262093,1.0270645604255622,1.0966889605518493,-0.05435659874900112,-0.03975783054169513
T,2021-01-04,0.0,1.0,-0.0,-0.0015817133527220584,1.0270645604255622,1.0949543129791615,-0.05435659874900112,-0.04127665840297412
T,2021-01-05,1.0,1.0,0.0023507767784136657,0.0023507767784136657,1.0294789599441423,1.0975283061515368,-0.052133602200680085,-0.03902291383462464
T,2021-01-06,1.0,0.0,0.00035688793718779976,0.00035688793718779976,1.029846368566535,1.0979200007647245,-0.05179532011723975,-0.038679952704658294
T,2021-01-07,0.0,1.0,0.0,0.00020386320778742473,1.029846368566535,1.0981438262579744,-0.05179532011723975,-0.038483974916106334
T,2021-01-08,1.0,1.0,-0.0018853503184713682,-0.0018853503184713682,1.0279047473875815,1.0960734404454116,-0.05358301811243282,-0.040296769460213544
T,2021-01-11,1.0,0.0,-0.0010720849499694651,-0.0010720849499694651,1.0268027461779052,1.0948983566058488,-0.05459765751510992,-0.04132565285011236
T,2021-01-12,0.0,1.0,0.0,0.001328767823376209,1.0268027461779052,1.096353222311974,-0.05459765751510992,-0.040051797224523455
T,2021-01-13,1.0,1.0,0.0007655795437147006,0.0007655795437147006,1.027588845355809,1.0971925679116619,-0.053873876821123545,-0.039316880517452746
T,2021-01-14,1.0,0.0,0.00163198694410438,0.00163198694410438,1.029265856935337,1.0989831718576621,-0.05232981134061965,-0.037749058209035735
T,2021-01-15,1.0,0.0,-0.0028513238289206155,-0.0028513238289206155,1.0263310866711628,1.0958496149521617,-0.05503192593150186,-0.040492747248765504
T,2021-01-18,1.0,0.0,-0.0009701797385620603,-0.0009701797385620603,1.025335361045818,1.094786443859224,-0.05594871481055119,-0.04142364174438817
T,2021-01-19,0.0,1.0,0.0,0.0003577817531306149,1.025335361045818,1.0951781384724117,-0.05594871481055119,-0.04108068061442183
T,2021-01-20,1.0,1.0,0.0011240547721234062,0.0011240547721234062,1.0264878941514284,1.096409178685287,-0.05488754945830476,-0.040002802777384994
T,2021-01-21,1.0,0.0,0.0021945493518424897,0.0021945493518424897,1.0287405724942125,1.098815302737725,-0.052813453542550404,-0.037896041550449455
T,2021-01-22,1.0,0.0,0.0016805010948719445,0.0016805010948719445,1.0304693721526281,1.1006618630570377,-0.051221705514180704,-0.03627922479489443
T,2021-01-25,0.0,1.0,-0.0,-0.00015251652262326942,1.0304693721526281,1.1004939939371001,-0.051221705514180704,-0.03642620813630859
T,2021-01-26,1.0,1.0,-0.004169420857273565,-0.004169420857273565,1.0261729116595935,1.0959055713254744,-0.05517756152413822,-0.040443752801627375
T,2021-01-27,1.0,0.0,0.0004595353586929196,0.0004595353586929196,1.0266444743966339,1.096409178685287,-0.05474338220597208,-0.040002802777384994
T,2021-01-28,1.0,0.0,-0.002960089823415224,-0.002960089823415224,1.023605514535707,1.0931637090331616,-0.057541426700820075,-0.0428444807113908
T,2021-01-29,0.0,1.0,0.0,0.0006654381654380703,1.023605514535707,1.093891141886224,-0.057541426700820075,-0.04220755289859657
T,2021-02-01,0.0,0.0,0.0,0.0006138421402630545,1.023605514535707,1.0945626183659742,-0.057541426700820075,-0.04161961953294013
T,2021-02-02,1.0,1.0,-0.0005623434384746107,-0.0005623434384746107,1.0230298966910214,1.0939470982595365,-0.058071412095549,-0.04215855845145855
T,2021-02-03,1.0,0.0,-0.003478260869565264,-0.003478260869565264,1.0194715318329657,1.0901420648742859,-0.06134768544478186,-0.045490180856844864
T,2021-02-04,1.0,0.0,-0.001847859562673193,-0.001847859562673193,1.017587691613995,1.0881276354350355,-0.06308218310025815,-0.047253980953814056
T,2021-02-05,1.0,0.0,5.142445747186031e-05,5.142445747186031e-05,1.0176400205089662,1.088183591808348,-0.06303400260982839,-0.04720498650667604
T,2021-02-08,1.0,0.0,0.00041137450506512074,0.00041137450506512074,1.0180586516687375,1.0886312427948481,-0.06264855868638919,-0.046813030929571786
T,2021-02-09,1.0,0.0,0.0005140066820867872,0.0005140066820867872,1.0185819406184515,1.0891908065279732,-0.062166753782090245,-0.0463230864581915
T,2021-02-10,1.0,0.0,-0.0019008476753147319,-0.0019008476753147319,1.0166457715045094,1.0871204207154104,-0.0639494319279964,-0.04813588100229871
T,2021-02-18,0.0,1.0,-0.0,-0.0038604076590488257,1.0166457715045094,1.0829236927169723,-0.0639494319279964,-0.051810464537651146
T,2021-02-19,1.0,1.0,0.0,0.0,1.0166457715045094,1.0829236927169723,-0.0639494319279964,-0.051810464537651146
T,2021-02-22,1.0,0.0,-0.0007757550682664371,-0.0007757550682664371,1.015857103394633,1.0820836091738013,-0.06467557790033207,-0.05254602737546321
T,2021-02-23,1.0,0.0,0.00036230008798709967,0.00036230008798709967,1.0162251485125753,1.0824756481606144,-0.0643367097799088,-0.052202764717817596
T,2021-02-24,1.0,0.0,0.0007760761589403753,0.0007760761589403753,1.0170138166224516,1.0833157317037854,-0.06361056380757324,-0.05146720188000553
T,2021-02-25,1.0,0.0,-0.0006720777542262857,-0.0006720777542262857,1.016330304260559,1.082587659299704,-0.06423989031693067,-0.05210468967277593
T,2021-02-26,1.0,0.0,-0.002224521469218921,-0.002224521469218921,1.0140694556789136,1.0801794198092802,-0.06632150877095921,-0.05421330314117079
T,2021-03-01,0.0,1.0,0.0,0.0038886296469125003,1.0140694556789136,1.0843798375251354,-0.06632150877095921,-0.05053548895211002
T,2021-03-02,1.0,1.0,0.0005681231277758769,0.0005681231277758769,1.014645571989856,1.0849958987901274,-0.06579106442618499,-0.04999607620438129
T,2021-03-03,1.0,0.0,-0.0004645640840345022,-0.0004645640840345022,1.0141742040990849,1.0844918486642248,-0.06622506434463671,-0.05043741390706857
T,2021-03-04,1.0,0.0,-0.001239413344350293,-0.001239413344350293,1.0129172230570287,1.0831477149951512,-0.06738239746050767,-0.05161431444756792
T,2021-03-05,1.0,0.0,0.003567735263702243,0.003567735263702243,1.0165310435529407,1.0870120992937378,-0.0640550647523781,-0.04823072539363216
T,2021-03-08,0.0,1.0,0.0,0.0011334947704673137,1.0165310435529407,1.0882442218237218,-0.0640550647523781,-0.047151899898174476
T,2021-03-09,1.0,1.0,-0.0008748906386703004,-0.0008748906386703004,1.0156416900590184,1.0872921271414613,-0.06487391421453714,-0.04798553778102832
T,2021-03-10,1.0,0.0,0.001081693623158575,0.001081693623158575,1.0167403031985691,1.0884682441019007,-0.06386239429069385,-0.04695574980809136
T,2021-03-11,0.0,1.0,-0.0,-0.002161049652688374,1.0167403031985691,1.0861160101810219,-0.06386239429069385,-0.04901532575396528
T,2021-03-12,1.0,1.0,-0.0007734749651936434,-0.0007734749651936434,1.0159538800279417,1.0852759266378509,-0.0645864732926863,-0.04975088859177734
T,2021-03-15,1.0,0.0,-0.0014965424708431874,-0.0014965424708431874,1.014433461898062,1.0836517651210535,-0.06598635936320496,-0.05117297674488086
T,2021-03-16,1.0,0.0,0.000620187089772184,0.000620187089772184,1.015062600434564,1.0843238319555906,-0.065407096161611,-0.050584526474630964
T,2021-03-17,0.0,1.0,0.0,0.0009813542688910104,1.015062600434564,1.0853879377769404,-0.065407096161611,-0.049652813546735675
T,2021-03-18,1.0,1.0,-0.0010835913312693402,-0.0010835913312693402,1.0139626874000374,1.084211820816501,-0.06641981293047605,-0.05068260151967263
T,2021-03-19,1.0,0.0,0.002789400278939924,0.002789400278939924,1.0167910352031058,1.0872361215719166,-0.06381568409625149,-0.04803457530354904
T,2021-03-22,1.0,0.0,0.0005666306083553785,0.0005666306083553785,1.0173671801259532,1.0878521828369088,-0.06328521340779825,-0.04749516255582009
T,2021-03-23,1.0,0.0,0.0010296540362437767,0.0010296540362437767,1.0184147163493118,1.0889722942278033,-0.06232072124697441,-0.04651441210540408
T,2021-03-24,1.0,0.0,0.0030857848179386416,0.0030857848179386416,1.021557325019388,1.0923326284004873,-0.05942724476450256,-0.0435721607541556
T,2021-03-25,1.0,0.0,0.0005127153404429485,0.0005127153404429485,1.022081093131067,1.0928926840959345,-0.058944998684090644,-0.04308178552894759
T,2021-03-26,1.0,0.0,-0.0013323767551500776,-0.0013323767551500776,1.0207192960407008,1.0914365392877716,-0.06019883849316188,-0.0443567611144885
T,2021-03-29,1.0,0.0,-0.00020525451559927355,-0.00020525451559927355,1.020509788796029,1.0912125170095928,-0.06039173692532662,-0.04455291120457161
T,2021-03-30,1.0,0.0,-0.0009238349414905089,-0.0009238349414905089,1.0195670061950062,1.0902044167577876,-0.061259779870068254,-0.04543558660994618
T,2021-03-31,1.0,0.0,0.0015925202917908,0.0015925202917908,1.0211906873412122,1.0919405894136742,-0.05976481702079106,-0.04391542341180121
T,2021-04-01,1.0,0.0,-0.0008719290147201075,-0.0008719290147201075,1.0203002815513575,1.090988494731414,-0.060584635357491146,-0.044749061294654724
T,2021-04-02,1.0,0.0,0.0002566735112934371,0.0002566735112934371,1.020562165607197,1.0912685225791374,-0.06034351231728541,-0.04450387368205089
T,2021-04-06,0.0,1.0,-0.0,-0.0008211444701051729,1.020562165607197,1.0903724334664218,-0.06034351231728541,-0.045288474042383675
T,2021-04-07,1.0,1.0,-0.0015409111921517171,-0.0015409111921517171,1.0189895699439264,1.0886922663800795,-0.06179143951593358,-0.04675959971800814
T,2021-04-08,1.0,0.0,-0.0008230876073871407,-0.0008230876073871407,1.0181508522568488,1.0877961772673639,-0.06256366735521257,-0.04754420007834104
T,2021-04-09,1.0,0.0,0.0009267363435103704,0.0009267363435103704,1.0190944096548111,1.0888042775191693,-0.06169491103602365,-0.04666152467296625
T,2021-04-12,1.0,0.0,0.0026233218455840035,0.0026233218455840035,1.0217678222823712,1.0916605615659507,-0.05923343479832177,-0.04416061102440505
T,2021-04-13,1.0,0.0,0.003539913810794326,0.003539913810794326,1.0253847923078938,1.0955249458645375,-0.05590320224143075,-0.040777021970469174
T,2021-04-14,1.0,0.0,-0.00015336639231122717,-0.00015336639231122717,1.0252275327415667,1.0953569291559033,-0.056047994961295644,-0.040924134538031565
T,2021-04-15,1.0,0.0,-0.0009203395030167316,-0.0009203395030167316,1.0242839753436044,1.0943488289040981,-0.05691675128048446,-0.04180680994340613
T,2021-04-16,1.0,0.0,0.0008700102354144423,0.0008700102354144423,1.0251751128861244,1.0953009235863584,-0.0560962592012505,-0.04097317206055251
T,2021-04-19,0.0,1.0,0.0,0.0008181213887610284,1.0251751128861244,1.096197012699074,-0.0560962592012505,-0.04018857170021961
T,2021-04-20,1.0,1.0,0.0001532723649926293,0.0001532723649926293,1.025332243900208,1.0963650294077083,-0.05595158484257301,-0.04004145913265722
T,2021-04-21,1.0,0.0,0.0009194932570495418,0.0009194932570495418,1.0262750299847097,1.0973731296595135,-0.055083538690507416,-0.03915878372728265
T,2021-04-22,0.0,1.0,-0.0,-0.0008676125344492247,1.0262750299847097,1.0964210349772532,-0.055083538690507416,-0.039992421610136275
T,2021-04-23,1.0,1.0,0.0003064820963376569,0.0003064820963376569,1.0265895649073185,1.0967570683945218,-0.054793938712581314,-0.03969819647501127
T,2021-04-26,1.0,0.0,-0.0024511055507329127,-0.0024511055507329127,1.0240732855264496,1.0940688010563744,-0.05711073853598925,-0.04205199755601019
T,2021-04-27,1.0,0.0,-0.0009726132582543734,-0.0009726132582543734,1.0230772582715224,1.0930046952350245,-0.05802780513275496,-0.04298371048390548
T,2021-04-28,1.0,0.0,0.0006148800983807323,0.0006148800983807323,1.0237063281167396,1.0936767620695613,-0.05744860517690298,-0.042395260213655805
T,2021-04-29,1.0,0.0,-5.120852109785634e-05,-5.120852109785634e-05,1.023653905629638,1.0936207565000167,-0.05749687183989072,-0.04244429773617653
T,2021-04-30,1.0,0.0,0.003892046909407476,0.003892046909407476,1.027638014649347,1.0978771797854163,-0.05382860545282819,-0.03871744602459526
T,2021-05-06,0.0,1.0,0.0,0.0006121512013468333,1.027638014649347,1.0985492466199533,-0.05382860545282819,-0.03812899575434536
T,2021-05-07,0.0,0.0,-0.0,-0.0013255161865920462,1.027638014649347,1.0970931018117902,-0.05382860545282819,-0.03940397133988638
T,2021-05-10,0.0,0.0,0.0,0.0004594415233039051,1.027638014649347,1.0975971519376928,-0.05382860545282819,-0.038962633637199096
T,2021-05-11,0.0,0.0,0.0,0.002245127053780882,1.027638014649347,1.100061396997661,-0.05382860545282819,-0.036804982646283735
T,2021-05-12,1.0,1.0,0.00045820181244282665,0.00045820181244282665,1.0281088802501943,1.1005654471235637,-0.053395068004965185,-0.03636364494359623
T,2021-05-13,1.0,0.0,0.00045799195969675743,0.00045799195969675743,1.0285797458510417,1.1010694972494663,-0.05296153055710218,-0.035922307240908946
T,2021-05-14,1.0,0.0,0.0005086469989827869,0.0005086469989827869,1.0291029298519834,1.1016295529449138,-0.052479822281698674,-0.03543193201570072
T,2021-05-17,1.0,0.0,-0.0008134214539908813,-0.0008134214539908813,1.028265835450477,1.100733463832198,-0.05325055552234392,-0.03621653237603384
T,2021-05-18,1.0,0.0,-0.0005088022794341729,-0.0005088022794341729,1.0277426514495356,1.1001734081367507,-0.053732263797747204,-0.036706907601241845
T,2021-05-19,0.0,1.0,0.0,0.002952555487680808,1.0277426514495356,1.1034217311703454,-0.053732263797747204,-0.03386273129503481
T,2021-05-20,1.0,1.0,0.0,0.0,1.0277426514495356,1.1034217311703454,-0.053732263797747204,-0.03386273129503481
T,2021-05-21,1.0,0.0,0.0018796037592074821,0.0018796037592074821,1.029674400400698,1.1054957268042445,-0.05195365540356478,-0.03204677605286643
T,2021-05-24,1.0,0.0,-0.0012676199168440982,-0.0012676199168440982,1.0283691646228854,1.1040943784029613,-0.053155417832066454,-0.03327377283811539
T,2021-05-25,1.0,0.0,-0.00025384576331421993,-0.00025384576331421993,1.028108117467323,1.1038141087227047,-0.053395770317766766,-0.03351917219516509
T,2021-05-26,1.0,0.0,0.0010156408693886565,0.0010156408693886565,1.029152306089573,1.1049351874437312,-0.052434360374965294,-0.03253757476696606
T,2021-05-27,1.0,0.0,-0.0020292207792208528,-0.0020292207792208528,1.0270639288450731,1.1026930300016782,-0.05435718026056802,-0.034500769623364236
T,2021-05-28,1.0,0.0,-0.0009658397722651646,-0.0009658397722651646,1.0260719496539357,1.101628005216703,-0.055270519706229315,-0.03543328718015348
T,2021-05-31,1.0,0.0,0.0011703047880731177,0.0011703047880731177,1.0272727665695232,1.1029172457458833,-0.054164898272007767,-0.03430445013772454
T,2021-06-01,0.0,1.0,0.0,0.0002541166903842207,1.0272727665695232,1.10319751542614,-0.054164898272007767,-0.03405905078067473
T,2021-06-02,1.0,1.0,-0.002083227478278493,-0.002083227478278493,1.0251327237145182,1.1008993040480357,-0.05613528794584788,-0.0360713255084828
T,2021-06-03,1.0,0.0,0.0009674134419552782,0.0009674134419552782,1.026124450891228,1.101964328833011,-0.05522218053601946,-0.03513880795169355
T,2021-06-04,1.0,0.0,-0.0027977007986165203,-0.0027977007986165203,1.0232536616954897,1.0988813623501879,-0.05786538619604886,-0.03783820087924128
T,2021-06-07,1.0,0.0,-0.0020914099163436006,-0.0020914099163436006,1.0211136188404848,1.0965831509720836,-0.059835775869889085,-0.03985047560704935
T,2021-06-08,1.0,0.0,0.00046005213924238397,0.00046005213924238397,1.021583384345242,1.0970876363965454,-0.05940325130733881,-0.03940875676435995
T,2021-06-09,1.0,0.0,-0.0009196811771919888,-0.0009196811771919888,1.0206438533357276,1.0960786655476213,-0.06026830043243936,-0.040292194449739305
T,2021-06-10,1.0,0.0,0.0011250894957552937,0.0011250894957552937,1.0217921690140228,1.0973118521407506,-0.059211018168427665,-0.03921243727872026
T,2021-06-11,1.0,0.0,-0.0019411524315487982,-0.0019411524315487982,1.0198087146606036,1.0951818025708002,-0.06103723298808439,-0.04107747239229853
T,2021-06-15,1.0,0.0,0.0007165523595047407,0.0007165523595047407,1.0205394610013372,1.095966557675519,-0.06036441700189499,-0.040390354192558875
T,2021-06-16,1.0,0.0,0.00010229132569539168,0.00010229132569539168,1.0206438533357274,1.0960786655476216,-0.06026830043243958,-0.04029219444973908
T,2021-06-17,1.0,0.0,-0.0009716682008795718,-0.0009716682008795718,1.019652126159018,1.0950136407626465,-0.06118140784226789,-0.04122471200652811
T,2021-06-18,1.0,0.0,0.0034297414896340417,0.0034297414896340417,1.023149269361099,1.0987692544780854,-0.05796150276550471,-0.03793636062206107
T,2021-06-21,0.0,1.0,0.0,0.0028058361391694042,1.023149269361099,1.1018522209609083,-0.05796150276550471,-0.035236967694513566
T,2021-06-22,1.0,1.0,0.0002543623136797013,0.0002543623136797013,1.0234095199764934,1.102132490641165,-0.057721883673772734,-0.03499156833746375
T,2021-06-23,1.0,0.0,0.0002542976299459987,0.0002542976299459987,1.0236697705918876,1.1024127603214215,-0.05748226458204109,-0.03474616898041405
T,2021-06-24,1.0,0.0,-0.00010169319164077262,-0.00010169319164077262,1.0235656703457299,1.1023006524493189,-0.05757811221873377,-0.03484432872323395
T,2021-06-25,0.0,1.0,-0.0,-0.0004068141367913336,1.0235656703457299,1.101852220960908,-0.05757811221873377,-0.03523696769451379
T,2021-06-28,0.0,0.0,-0.0,-0.0012209391056620111,1.0235656703457299,1.1005069264956764,-0.05757811221873377,-0.036414884608352516
T,2021-06-29,1.0,1.0,0.001578974176131842,0.001578974176131842,1.0251818541067808,1.1022445985132672,-0.05609005239490583,-0.03489340859464418
T,2021-06-30,1.0,0.0,0.0010170870626526884,0.0010170870626526884,1.026224553307459,1.103365677234294,-0.0551300137988876,-0.03391181116644493
T,2021-07-01,1.0,0.0,-0.001066856330014243,-0.001066856330014243,1.0251297191467468,1.1021885445772162,-0.056138054324706865,-0.034942488466053856
T,2021-07-02,0.0,1.0,0.0,0.0005594263337234118,1.0251297191467468,1.1028051378737809,-0.056138054324706865,-0.03440260988054422
T,2021-07-05,1.0,1.0,0.0002541425231268324,0.0002541425231268324,1.025390248200103,1.1030854075540373,-0.05589817886834958,-0.03415721052349474
T,2021-07-06,0.0,1.0,-0.0,-0.0011687585751307683,1.025390248200103,1.1017961670248568,-0.05589817886834958,-0.03528604756592357
T,2021-07-07,1.0,1.0,0.004019129019128931,0.004019129019128931,1.0295114239025758,1.1062244279729114,-0.05210371184202689,-0.03140873772453734
T,2021-07-08,1.0,0.0,0.003952368887762958,0.003952368887762958,1.0335804328240048,1.110596634984915,-0.0483572760438854,-0.027580507754560668
T,2021-07-09,1.0,0.0,-0.000605662948569119,-0.000605662948569119,1.0329544314514774,1.109923987752299,-0.04893365078206091,-0.028169466211480088
T,2021-07-12,1.0,0.0,0.0036866824907832996,0.0036866824907832996,1.0367626064676865,1.1140159250840458,-0.04542737112482598,-0.024586635598553452
T,2021-07-13,0.0,1.0,0.0,0.0005534869678975873,1.0367626064676865,1.1146325183806103,-0.04542737112482598,-0.02404675701304404
T,2021-07-14,1.0,1.0,0.0018104098566760207,0.0018104098566760207,1.0386395717094687,1.1166504600784581,-0.04369920342859723,-0.02227988164228556
T,2021-07-15,1.0,0.0,-0.0036644746749662227,-0.0036644746749662227,1.0348335033025216,1.1125585227467112,-0.04720354347928324,-0.025862712255212417
T,2021-07-16,1.0,0.0,0.0015114873035066978,0.0015114873035066978,1.0363976410040068,1.114240140828251,-0.045763403732425934,-0.024390316112913757
T,2021-07-19,1.0,0.0,-0.00035214810343087155,-0.00035214810343087155,1.036032675540327,1.1138477632758916,-0.04609943634002578,-0.024733875212783474
T,2021-07-20,1.0,0.0,0.0016607115897537827,0.0016607115897537827,1.0377532270119605,1.1156975431655853,-0.04451528261848303,-0.023114239456255015
T,2021-07-21,0.0,1.0,0.0,0.0016579581993569903,1.0377532270119605,1.1175473230552793,-0.04451528261848303,-0.021494603699726333
T,2021-07-22,1.0,1.0,-0.0009530019561618808,-0.0009530019561618808,1.036764246156605,1.1164822982703042,-0.04542586142323024,-0.02242712125651536
T,2021-07-23,1.0,0.0,0.00145596947484683,0.00145596947484683,1.0382737432516216,1.1181078624157925,-0.044036030615984156,-0.021003804985626817
T,2021-07-26,1.0,0.0,0.0019551812302602833,0.0019551812302602833,1.0403037565862991,1.1202939659217943,-0.04216694780623953,-0.019089690000638426
T,2021-07-27,1.0,0.0,-0.0033023116181327694,-0.0033023116181327694,1.036868349404537,1.1165944061424067,-0.0453300110227306,-0.022328961513695567
T,2021-07-28,1.0,0.0,0.0013052208835342416,0.0013052208835342416,1.0382216916276554,1.1180518084797413,-0.044083955816234144,-0.021052884857036602
T,2021-07-29,1.0,0.0,0.0012533841371704657,0.0012533841371704657,1.0395229822268077,1.1194531568810246,-0.042885825809987566,-0.019825888071787534
T,2021-07-30,1.0,0.0,0.005007260527765345,0.005007260527765345,1.044728144623417,1.1250585504861572,-0.03809330578500114,-0.014917900930792038
T,2021-08-02,1.0,0.0,0.0013950475810871055,0.0013950475810871055,1.0461855900944674,1.1266280606955943,-0.036751400178005045,-0.013543664531313393
T,2021-08-03,1.0,0.0,-0.0016418727299866154,-0.0016418727299866154,1.0444678865035864,1.1247782808059006,-0.038332931786250635,-0.015163300287841852
T,2021-08-04,1.0,0.0,-0.0002990132562543657,-0.0002990132562543657,1.0441555767597899,1.1244419571895927,-0.03862048298774967,-0.01545777951630145
T,2021-08-05,1.0,0.0,0.002492522432701927,0.002492522432701927,1.0467581579580945,1.127244653992159,-0.036224222975256515,-0.013003785945803759
T,2021-08-06,1.0,0.0,-0.0006464445549477782,-0.0006464445549477782,1.0460814868465353,1.1265159528234918,-0.03684725057850469,-0.013641824274133074
T,2021-08-09,1.0,0.0,-0.00542369507886753,-0.00542369507886753,1.0404078598342315,1.1204060737938972,-0.042071097405739666,-0.0189915302578183
T,2021-08-10,1.0,0.0,-0.0001500900540324368,-0.0001500900540324368,1.0402517049623332,1.1202379119857433,-0.042214873006489295,-0.0191387698720481
T,2021-08-11,1.0,0.0,-0.0012509382036527406,-0.0012509382036527406,1.038950414363181,1.1188365635844602,-0.043413003012735873,-0.020365766657296946
T,2021-08-12,1.0,0.0,0.002104208416833675,0.002104208416833675,1.0411365825697567,1.1211908288986159,-0.04140014460224162,-0.018304412058078867
T,2021-08-13,1.0,0.0,-0.00114988501149893,-0.00114988501149893,1.0399393952185365,1.1199015883694352,-0.042502424207988554,-0.01943324910050792
T,2021-08-16,1.0,0.0,-0.0009009459932928232,-0.0009009459932928232,1.039002465987147,1.1188926175205114,-0.043365077812485886,-0.02031668678588716
T,2021-08-17,0.0,1.0,0.0,0.0012023445719151482,1.039002465987147,1.120237911985743,-0.043365077812485886,-0.019138769872048322
T,2021-08-18,1.0,1.0,0.0038028521391044734,0.0038028521391044734,1.0429536387374612,1.124498011125644,-0.0397271366523031,-0.015408699644891666
T,2021-08-19,1.0,0.0,0.0,0.0,1.0429536387374612,1.124498011125644,-0.0397271366523031,-0.015408699644891666
T,2021-08-20,0.0,1.0,-0.0,-0.001348247278537773,1.0429536387374612,1.1229819097424227,-0.0397271366523031,-0.016736172186067266
T,2021-08-23,0.0,0.0,-0.0,-0.0015000750037502675,1.0429536387374612,1.1212973526499543,-0.0397271366523031,-0.01821114167626281
T,2021-08-24,1.0,1.0,0.0015023286093445165,0.0015023286093445165,1.0445204978271565,1.1229819097424227,-0.038284491256918574,-0.016736172186067266
T,2021-08-25,1.0,0.0,0.001200060002999992,0.001200060002999992,1.0457739850989125,1.1243295554163972,-0.03713037494061122,-0.015556196593911054
T,2021-08-26,1.0,0.0,-0.0038455775857763053,-0.0038455775857763053,1.041752380102028,1.120005858879062,-0.04083316478876453,-0.019341951618745967
T,2021-08-27,1.0,0.0,0.0017046024265516824,0.0017046024265516824,1.043528153737016,1.1219150235838593,-0.03919816667399545,-0.01767031952985787
T,2021-08-30,1.0,0.0,0.002002002002001957,0.002002002002001957,1.0456172991899428,1.1241610997071503,-0.03727463948014975,-0.015703693542930774
T,2021-08-31,1.0,0.0,-0.0010489510489509746,-0.0010489510489509746,1.0445204978271563,1.1229819097424225,-0.038284491256918796,-0.01673617218606749
T,2021-09-01,1.0,0.0,0.004650232511625552,0.004650232511625552,1.0493777610052115,1.128204036729074,-0.03381229053122714,-0.012163766766461803
T,2021-09-02,1.0,0.0,-0.0011945052757315056,-0.0011945052757315056,1.0481242737334555,1.1268563910550995,-0.03496640684753449,-0.013343742358618016
T,2021-09-03,1.0,0.0,-0.000647797488538937,-0.000647797488538937,1.0474453014612544,1.12612641631503,-0.0355915531855342,-0.0139828958043694
T,2021-09-06,1.0,0.0,-0.0007479431563200967,-0.0007479431563200967,1.0466618719164067,1.1252841377687959,-0.036312875883226514,-0.014720380549467005
T,2021-09-07,1.0,0.0,-0.0023952095808383866,-0.0023952095808383866,1.0441548973728942,1.1225888464208467,-0.03862110851584166,-0.017080331733779652
T,2021-09-08,1.0,0.0,0.0,0.0,1.0441548973728942,1.1225888464208467,-0.03862110851584166,-0.017080331733779652
T,2021-09-09,1.0,0.0,-0.0008003201280512018,-0.0008003201280512018,1.0433192391917234,1.1216904159715302,-0.03939051939338001,-0.017866982128550646
T,2021-09-10,1.0,0.0,0.001051261513816515,0.001051261513816515,1.04441604055451,1.122869605936258,-0.038380667616610964,-0.01683450348541382
T,2021-09-13,1.0,0.0,-0.003750562584387662,-0.003750562584387662,1.0404988928302719,1.1186582132050873,-0.041987281105072105,-0.020521927210902402
T,2021-09-14,1.0,0.0,0.0004517618712980287,0.0004517618712980287,1.0409689505571804,1.1191635803328277,-0.04155448748645674,-0.020079436363843794
T,2021-09-15,0.0,1.0,-0.0,-0.0017560584014850722,1.0409689505571804,1.117198263724948,-0.04155448748645674,-0.02180023410240517
T,2021-09-16,1.0,1.0,0.0014575794129472186,0.0014575794129472186,1.0424862454690298,1.1188266689143338,-0.04015747703898542,-0.020374430261883125
T,2021-09-17,1.0,0.0,0.0016060225846925569,0.0016060225846925569,1.0441605019234843,1.1206235298129665,-0.038615948269361766,-0.01880112947234147
T,2021-09-22,1.0,0.0,0.0018539860700506061,0.0018539860700506061,1.0460963609489475,1.1227011502270108,-0.036833555629484316,-0.016982000434433653
T,2021-09-23,1.0,0.0,0.0011503451035310697,0.0011503451035310697,1.0472997327755869,1.123992643997903,-0.03572558182631724,-0.015851190491950606
T,2021-09-24,1.0,0.0,-0.0017485137633012071,-0.0017485137633012071,1.045468514778527,1.1220273273900234,-0.037411628918093354,-0.01757198823051187
T,2021-09-27,1.0,0.0,-0.001050945851266083,-0.001050945851266083,1.0443697839802912,1.1208481374252957,-0.038423257173158754,-0.018604466873648695
T,2021-09-28,1.0,0.0,-0.0009017584289364722,-0.0009017584289364722,1.0434280147246604,1.1198374031698146,-0.039290367106072144,-0.01948944856776602
T,2021-09-29,1.0,0.0,0.00230657373514509,0.00230657373514509,1.0458347583779388,1.1224203907115993,-0.03707441949973822,-0.017227828682799706
T,2021-09-30,1.0,0.0,-0.0008504677572663821,-0.0008504677572663821,1.04494530963651,1.1214658083592006,-0.03789335665860061,-0.018063644727243755
T,2021-10-08,0.0,1.0,-0.0,-0.0035549769677548637,1.04494530963651,1.117479023240359,-0.03789335665860061,-0.02155440585403956
T,2021-10-11,1.0,1.0,-0.004321390884880039,-0.004321390884880039,1.0404296925002485,1.1126499595752835,-0.042050995537418756,-0.02578265172593308
T,2021-10-12,1.0,0.0,0.0003028009084027339,0.0003028009084027339,1.0407447355562667,1.1129868709937771,-0.04176092770866413,-0.025487657827893972
T,2021-10-13,1.0,0.0,0.00020180616517828653,0.00020180616517828653,1.0409547642602788,1.1132114786061063,-0.04156754915616101,-0.025290995229201196
T,2021-10-14,1.0,0.0,0.00045397225725096746,0.00045397225725096746,1.041427328844306,1.1137168457338467,-0.041132447413028905,-0.02484850438214259
T,2021-10-15,0.0,1.0,-0.0,-0.0003025108399717924,1.041427328844306,1.113379934315353,-0.041132447413028905,-0.025143498280181698
T,2021-10-18,0.0,0.0,-0.0,-0.004740770627395641,1.041427328844306,1.1081016554256191,-0.041132447413028905,-0.02976506934946066
T,2021-10-19,1.0,1.0,0.002533698185872124,0.002533698185872124,1.0440659913781165,1.1109092505797329,-0.038702966434547736,-0.02730678686580168
T,2021-10-20,1.0,0.0,-0.00045491306105949203,-0.00045491306105949203,1.0435910321220305,1.1104038834519923,-0.039140273010674465,-0.0277492777128604
T,2021-10-21,1.0,0.0,0.0031352718078381248,0.0031352718078381248,1.0468629736639554,1.1138853014430932,-0.036127716597357695,-0.024701007433123312
T,2021-10-22,1.0,0.0,-0.0014619146040227848,-0.0014619146040227848,1.0453325493943453,1.1122568962537072,-0.03753681556487698,-0.026126811273645578
T,2021-10-25,1.0,0.0,0.0,0.0,1.0453325493943453,1.1122568962537072,-0.03753681556487698,-0.026126811273645578
T,2021-10-26,0.0,1.0,0.0,0.0011106623586429887,1.0453325493943453,1.1134922381215173,-0.03753681556487698,-0.025045166980835587
T,2021-10-27,1.0,1.0,0.0,0.0,1.0453325493943453,1.1134922381215173,-0.03753681556487698,-0.025045166980835587
T,2021-10-28,1.0,0.0,0.001210287443267788,0.001210287443267788,1.0465977022529163,1.114839883795492,-0.03637195845814767,-0.023865191388679152
T,2021-10-29,0.0,1.0,-0.0,-0.0008562506295959338,1.0465977022529163,1.1138853014430934,-0.03637195845814767,-0.0247010074331232
T,2021-11-01,1.0,1.0,0.00307506175328931,0.00307506175328931,1.0498160548181947,1.1173105675311121,-0.033408742723205154,-0.02170190280305917
T,2021-11-02,0.0,1.0,0.0,0.002010252286662073,1.0498160548181947,1.1195566436544033,-0.033408742723205154,-0.019735276816131853
T,2021-11-03,1.0,1.0,-0.00015046644598259995,-0.00015046644598259995,1.0496580927274908,1.1193881879451564,-0.03355418227440543,-0.019882773765151462
T,2021-11-04,1.0,0.0,0.0008026084775520914,0.0008026084775520914,1.050500557211245,1.1202866183944729,-0.03277850466800425,-0.01909612337038058
T,2021-11-05,1.0,0.0,0.0036589644629343443,0.0036589644629343443,1.0543443014183735,1.1243857073194792,-0.029239475588798247,-0.01550703094423822
T,2021-11-08,1.0,0.0,-0.00039952057530967533,-0.00039952057530967533,1.0539230691764965,1.123936492094821,-0.02962731439199895,-0.01590035614162366
T,2021-11-09,1.0,0.0,0.0007494004796162468,0.0007494004796162468,1.054712879630016,1.124778770641055,-0.028900116635997675,-0.015162871396525945
T,2021-11-10,1.0,0.0,-0.0008986071589037747,-0.0008986071589037747,1.0537651070857925,1.123768036385574,-0.029772753943199226,-0.01604785309064327
T,2021-11-11,0.0,1.0,-0.0,-0.0022985059711188027,1.0537651070857925,1.1211850488437893,-0.029772753943199226,-0.018309472975609586
T,2021-11-12,1.0,1.0,-0.0005008263634997956,-0.0005008263634997956,1.0532373537392277,1.1206235298129665,-0.030258669326610366,-0.01880112947234147
T,2021-11-15,1.0,0.0,0.0029062484341333406,0.0029062484341333406,1.056298323149303,1.1238803401917385,-0.027440360102826356,-0.01594952179129694
T,2021-11-16,0.0,1.0,-0.0,-0.0003497376967274146,1.056298323149303,1.1234872768701627,-0.027440360102826356,-0.016293681339009103
T,2021-11-17,1.0,1.0,-0.0006997201119552932,-0.0006997201119552932,1.0555592099683708,1.1227011502270108,-0.028120879642938412,-0.016982000434433653
T,2021-11-18,1.0,0.0,0.0014004201260378046,0.0014004201260378046,1.057037436330235,1.1242734035133144,-0.02675984056271452,-0.015605362243584775
T,2021-11-19,1.0,0.0,-0.0032963739886124888,-0.0032963739886124888,1.0535530456201265,1.1205673779098844,-0.029968004108956614,-0.018850295122014527
T,2021-11-22,1.0,0.0,0.0,0.0,1.0535530456201265,1.1205673779098844,-0.029968004108956614,-0.018850295122014527
T,2021-11-23,1.0,0.0,-0.0006007509386734,-0.0006007509386734,1.0529201226390281,1.1198941960057582,-0.03055075174103128,-0.019439721728199078
T,2021-11-24,1.0,0.0,0.003306116315183072,0.003306116315183072,1.0564011990350697,1.1235966964784516,-0.027345639764620233,-0.01619787539418427
T,2021-11-25,0.0,1.0,-0.0,-0.0006490588646462792,1.0564011990350697,1.122867416082315,-0.027345639764620233,-0.01683642088421744
T,2021-11-26,1.0,1.0,0.002747801758593127,0.002747801758593127,1.059303980107558,1.125952833142893,-0.024672978403062262,-0.014134882272538452
T,2021-11-29,1.0,0.0,-0.0007971700463355047,-0.0007971700463355047,1.0584595347046524,1.1250552572707249,-0.025450479890060884,-0.014920784414117816
T,2021-11-30,1.0,0.0,-0.0005484916479681079,-0.0005484916479681079,1.0578789784901546,1.1244381738586093,-0.0259850121623727,-0.015461092136453525
T,2021-12-01,1.0,0.0,-0.0013470365196568412,-0.0013470365196568412,1.056453976872751,1.1229235145743255,-0.02729704592168314,-0.01678730200036882
T,2021-12-02,1.0,0.0,-0.0016485986911124462,-0.0016485986911124462,1.054712308229258,1.121072264337979,-0.02890064273861792,-0.01840822516737617
T,2021-12-03,1.0,0.0,-0.0017514011208966673,-0.0017514011208966673,1.0528650839104017,1.1191088171176111,-0.03060142724142756,-0.02012738610208098
T,2021-12-06,1.0,0.0,0.0045115043360568485,0.0045115043360568485,1.0576150893017464,1.1241576813985568,-0.02622798137705984,-0.01570668655569718
T,2021-12-07,1.0,0.0,-0.003892409800888119,-0.003892409800888119,1.053498417962581,1.1197819990217373,-0.030018301126178426,-0.01953795949589643
T,2021-12-08,1.0,0.0,-0.0004007815239718271,-0.0004007815239718271,1.053076195261128,1.119333211085653,-0.03040705186967796,-0.019930910566686277
T,2021-12-09,0.0,1.0,0.0,0.0009021199819576609,1.053076195261128,1.1203429839418424,-0.03040705186967796,-0.01904677065740934
T,2021-12-10,1.0,1.0,0.0016023233688848837,0.0016023233688848837,1.0547635638580113,1.1221381356861786,-0.02885345043058274,-0.01747496637425061
T,2021-12-13,0.0,1.0,-0.0,-0.0010498425236215025,1.0547635638580113,1.120960067353958,-0.02885345043058274,-0.01850646293507352
T,2021-12-14,1.0,1.0,0.0019517565809228365,0.0019517565809228365,1.0568222055850889,1.1231479085423677,-0.02695800876142007,-0.016590826464973896
T,2021-12-15,1.0,0.0,0.00039958044053745034,0.00039958044053745034,1.0572444910675662,1.1235966964784518,-0.026569200213899635,-0.016197875394184158
T,2021-12-16,1.0,0.0,-0.0016975385690748412,-0.0016975385690748412,1.055449777767037,1.1216893477500947,-0.02822163654086196,-0.017867917445040238
T,2021-12-17,1.0,0.0,0.0010502625656414466,0.0010502625656414466,1.0565582771585404,1.1228674160823153,-0.027201014103620413,-0.016836420884217218
T,2021-12-20,1.0,0.0,-0.00024980015987197124,-0.00024980015987197124,1.0562943487319922,1.122586923622263,-0.027444019445820644,-0.01708201530346065
T,2021-12-21,0.0,1.0,0.0,0.00044975263605007143,1.0562943487319922,1.1230918100503575,-0.027444019445820644,-0.016639945348822294
T,2021-12-22,1.0,1.0,0.0021478521478521806,0.0021478521478521806,1.0585631128176805,1.1255040452068095,-0.025355112994080775,-0.014527833343327634
T,2021-12-23,0.0,1.0,0.0,0.0016946618152817727,1.0585631128176805,1.1274113939351667,-0.025355112994080775,-0.012857791292471554
T,2021-12-24,1.0,1.0,-0.0010946907498631253,-0.0010946907498631253,1.0574043135699327,1.1261772271109356,-0.026422047736287424,-0.013938406737143083
T,2021-12-27,1.0,0.0,0.0008966376089662997,0.0008966376089662997,1.0583524220453626,1.1271869999671247,-0.02554910112902753,-0.013054266827866368
T,2021-12-28,1.0,0.0,0.0006469914895734785,0.0006469914895734785,1.0590371670553955,1.1279162803632612,-0.024918639690450606,-0.012415721337833197
T,2021-12-29,1.0,0.0,0.0010444643390032926,0.0010444643390032926,1.0601432936100639,1.1290943486954819,-0.023900201981980618,-0.011384224777010288
T,2021-12-30,1.0,0.0,0.0021861181497491167,0.0021861181497491167,1.0624608921055596,1.1315626823439442,-0.021766332497566987,-0.009222993887667008
T,2021-12-31,1.0,0.0,-0.0011898269793267913,-0.0011898269793267913,1.0611967474716528,1.130216318535692,-0.02293026130724718,-0.01040184710003611
T,2022-01-04,1.0,0.0,0.00014890554424984437,0.00014890554424984437,1.0613547655508913,1.1303846140117235,-0.022784770206037086,-0.010254490448489917
T,2022-01-05,1.0,0.0,-0.0014888337468983437,-0.0014888337468983437,1.0597745847585076,1.1287016592514083,-0.024239681218137465,-0.011728056963951183
T,2022-01-06,1.0,0.0,-0.0020874751491053445,-0.0020874751491053445,1.0575623316491707,1.126345522586967,-0.026276556635077775,-0.013791050085597112
T,2022-01-07,0.0,1.0,0.0,0.0001992230301821607,1.0575623316491707,1.126569916555009,-0.026276556635077775,-0.013594574550202299
T,2022-01-10,1.0,1.0,0.0013942834379045976,0.0013942834379045976,1.0590368732927409,1.1281406743313032,-0.02491891016489467,-0.012219245802438383
T,2022-01-11,1.0,0.0,0.0013923421183490436,0.0013923421183490436,1.060511414936311,1.1297114321075974,-0.023561263694711454,-0.010843917054674468
T,2022-01-12,1.0,0.0,-0.0005462310060581066,-0.0005462310060581066,1.0599321307191942,1.1290943486954819,-0.024094624807997733,-0.011384224777010288
T,2022-01-13,1.0,0.0,-4.968450340347985e-05,-4.968450340347985e-05,1.059879468517638,1.1290382502034713,-0.02414311218193288,-0.011433343660859019
T,2022-01-14,1.0,0.0,0.0004471827486833835,0.0004471827486833835,1.060353428331643,1.129543136631566,-0.023706725816516783,-0.010991273706220439
T,2022-01-17,0.0,1.0,0.0,0.0005463123913584944,1.060353428331643,1.1301602200436818,-0.023706725816516783,-0.010450965983884508
T,2022-01-18,0.0,0.0,0.0,0.003226446937357297,1.060353428331643,1.1338066220243648,-0.023706725816516783,-0.00725823853371832
T,2022-01-19,1.0,1.0,0.0018801642669832308,0.0018801642669832308,1.0623470669579653,1.135938364720764,-0.02187113408830088,-0.005391720947467427
T,2022-01-20,1.0,0.0,-0.0003950812385797864,-0.0003950812385797864,1.0619273535629499,1.1354895767846798,-0.022257574452135942,-0.005784672018257275
T,2022-01-21,1.0,0.0,0.0017291635788745374,0.0017291635788745374,1.0637635996661416,1.1374530240050476,-0.020566897860358035,-0.004065511083552353
T,2022-01-24,1.0,0.0,0.0011836654172421301,0.0011836654172421301,1.0650227398511876,1.1387993878132998,-0.019407576768853074,-0.0028866578711832513
T,2022-01-25,1.0,0.0,0.0001970443349752493,0.0001970443349752493,1.065232596548695,1.1390237817813418,-0.01921435658693571,-0.002690182335788438
T,2022-01-26,1.0,0.0,-0.0027088258471236193,-0.0027088258471236193,1.0623470669579653,1.135938364720764,-0.02187113408830088,-0.005391720947467427
T,2022-01-27,0.0,1.0,-0.0,-0.0012840140253840282,1.0623470669579653,1.1344798039284907,-0.02187113408830088,-0.006668811927533991
T,2022-01-28,1.0,1.0,0.002966918854769407,0.002966918854769407,1.0654989645012318,1.1378457134491213,-0.018969105113633256,-0.0037216788966111247
T,2022-02-07,1.0,0.0,-0.0024158162007592576,-0.0024158162007592576,1.0629249148408975,1.1350968873406064,-0.0213390954429451,-0.00612850420519806
T,2022-02-08,0.0,1.0,0.0,0.0002471088267272936,1.0629249148408975,1.135377379800659,-0.0213390954429451,-0.005882909785954404
T,2022-02-09,1.0,1.0,-0.000741143337121275,-0.000741143337121275,1.062137135122403,1.1345359024205015,-0.02206442345165871,-0.006619693043684927
T,2022-02-10,1.0,0.0,-0.00034612341772166655,-0.00034612341772166655,1.0617695045871052,1.1341432129764277,-0.02240290985572535,-0.006963525230626155
T,2022-02-11,1.0,0.0,-0.004303309096304941,-0.004303309096304941,1.0572003822198364,1.1292626441715137,-0.026609812306264358,-0.011236868125463872
T,2022-02-14,1.0,0.0,-0.0011425732737209149,-0.0011425732737209149,1.0559924533181444,1.1279723788552718,-0.027721981919625382,-0.012366602453984354
T,2022-02-15,1.0,0.0,-4.973392350915429e-05,-4.973392350915429e-05,1.0559399346702447,1.1279162803632614,-0.02777033712020638,-0.012415721337832974
T,2022-02-16,1.0,0.0,0.0012931463244802988,0.0012931463244802988,1.0573054195156355,1.1293748411555347,-0.0265131019051027,-0.01113863035776641
T,2022-02-17,0.0,1.0,0.0,0.0,1.0573054195156355,1.1293748411555347,-0.0265131019051027,-0.01113863035776641
T,2022-02-18,0.0,0.0,-0.0,-0.0016933957565494762,1.0573054195156355,1.1274623625919682,-0.0265131019051027,-0.012813164004934263
T,2022-02-21,0.0,0.0,-0.0,-0.004290560766314067,1.0573054195156355,1.1226249168135354,-0.0265131019051027,-0.017048749112476336
T,2022-02-22,0.0,0.0,0.0,0.0003507365467481094,1.0573054195156355,1.123018662400152,-0.0265131019051027,-0.01670399218511842
T,2022-02-23,0.0,0.0,0.0,0.001803155522163813,1.0573054195156355,1.1250436397027517,-0.0265131019051027,-0.014930956558705466
T,2022-02-24,1.0,1.0,0.000499975001249986,0.000499975001249986,1.0578340457940794,1.1256061333979184,-0.02602638279201086,-0.01443844666247951
T,2022-02-25,1.0,0.0,0.0015991204837340067,0.0015991204837340067,1.0595256498850998,1.1274061132224515,-0.02446888163011718,-0.01286241499455687
T,2022-02-28,1.0,0.0,0.00019957092251665642,0.00019957092251665642,1.0597371003964775,1.1276311107005184,-0.024274193984880288,-0.012665411036066332
T,2022-03-01,0.0,1.0,-0.0,-0.0024442559984038104,1.0597371003964775,1.124874891594202,-0.024274193984880288,-0.015078709527572953
T,2022-03-02,0.0,0.0,-0.0,-0.0007500750075006835,1.0597371003964775,1.124031151051452,-0.024274193984880288,-0.01581747437191172
T,2022-03-03,1.0,1.0,-0.0032527648501226025,-0.0032527648501226025,1.056290024805937,1.120374942032869,-0.02744800059004382,-0.019018788697379607
T,2022-03-04,1.0,0.0,0.0020584396023697327,0.0020584396023697327,1.0584643340245856,1.1226811661830522,-0.025446061039094525,-0.016999498122853618
T,2022-03-07,1.0,0.0,0.0008517460794628118,0.0008517460794628118,1.0593658768713423,1.1236374054648355,-0.024615988542359468,-0.016162231299269747
T,2022-03-08,1.0,0.0,0.0011013215859030367,0.0011013215859030367,1.0605325793789098,1.124874891594202,-0.023541777075996584,-0.015078709527572953
T,2022-03-09,1.0,0.0,-0.0024502450245023066,-0.0024502450245023066,1.0579340147029639,1.1221186724878858,-0.025934338978350624,-0.017492008019079353
T,2022-03-10,1.0,0.0,-0.000952428693167584,-0.000952428693167584,1.0569264079918828,1.1210499344670692,-0.026862067062936923,-0.018427776821908326
T,2022-03-11,1.0,0.0,0.005720020070245857,0.005720020070245857,1.062972048258369,1.1274623625919686,-0.02129569855541935,-0.01281316400493393
T,2022-03-14,0.0,1.0,0.0,0.0045400119736578315,1.062972048258369,1.1325810552179847,-0.02129569855541935,-0.008331323949278935
T,2022-03-15,1.0,1.0,-0.004668487707971236,-0.004668487707971236,1.058009576317158,1.1272936144834185,-0.02586476755645195,-0.01296091697380175
T,2022-03-16,1.0,0.0,0.0015468290005489216,0.0015468290005489216,1.059646136212664,1.129037344938435,-0.024357946928451724,-0.011434136295501718
T,2022-03-17,1.0,0.0,0.00019928258270218713,0.00019928258270218713,1.0598573052314388,1.1292623424165016,-0.02416351846032272,-0.011237132337011402
T,2022-03-18,1.0,0.0,0.001394700139470073,0.001394700139470073,1.0613354883628634,1.1308373247629682,-0.022802519183419467,-0.009858104627579078
T,2022-03-21,1.0,0.0,-0.0015419816951850462,-0.0015419816951850462,1.0596989284673577,1.1290935943079516,-0.024309339811419473,-0.011384885305879111
T,2022-03-22,1.0,0.0,-0.003287998804364034,-0.003287998804364034,1.0562146396575711,1.125381135919852,-0.02751740953554871,-0.014635450620969603
T,2022-03-23,1.0,0.0,0.0011495976408257835,0.0011495976408257835,1.0574288615155272,1.1266748714187353,-0.02639944584380649,-0.013502677859650092
T,2022-03-24,1.0,0.0,0.0019470793809286402,0.0019470793809286402,1.059487759448583,1.1288685968298853,-0.024503768279548255,-0.011581889264369205
T,2022-03-25,0.0,1.0,0.0,0.0006477652100254083,1.059487759448583,1.129599838633602,-0.024503768279548255,-0.01094162639927565
T,2022-03-28,1.0,1.0,-4.9795837067989623e-05,-4.9795837067989623e-05,1.059435001368738,1.1295435892640853,-0.024552343930963505,-0.010990877388898146
T,2022-03-29,1.0,0.0,0.00014939495045074302,0.00014939495045074302,1.059593275608273,1.1297123373726354,-0.024406616976717865,-0.010843124420030215
T,2022-03-30,1.0,0.0,0.0024397530372435305,0.0024397530372435305,1.0621784215206813,1.1324685564789518,-0.022026410057371937,-0.008429825928523704
T,2022-03-31,1.0,0.0,-0.002235136343317068,-0.002235136343317068,1.0598043079276533,1.129937334850702,-0.024212314371056975,-0.01064612046154001
T,2022-04-01,1.0,0.0,0.0012445240939864544,0.0012445240939864544,1.0611232599237799,1.1313435690886187,-0.022997923085676497,-0.009414845720975284
T,2022-04-06,1.0,0.0,0.001044100830308814,0.001044100830308814,1.0622311796005264,1.1325248058484687,-0.021977834405956798,-0.008380574938900875
T,2022-04-07,0.0,1.0,0.0,0.001937021952915341,1.0622311796005264,1.1347185312596184,-0.021977834405956798,-0.006459786343620211
T,2022-04-08,1.0,1.0,-0.0008427105537103241,-0.0008427105537103241,1.061336026174997,1.1337622919778352,-0.022802024006665422,-0.007297053167204193
T,2022-04-11,0.0,1.0,-0.0,-0.0016868426275055137,1.061336026174997,1.1318498134142687,-0.022802024006665422,-0.008971586814371935
T,2022-04-12,0.0,0.0,-0.0,-0.000993936984395094,1.061336026174997,1.1307248260239355,-0.022802024006665422,-0.009956606606823626
T,2022-04-13,0.0,0.0,0.0,0.001591881404835238,1.061336026174997,1.1325248058484687,-0.022802024006665422,-0.008380574938900875
T,2022-04-14,1.0,1.0,0.00014900168868581254,0.00014900168868581254,1.06149416703516,1.1326935539570187,-0.022656419858062105,-0.008232821970033166
T,2022-04-15,1.0,0.0,-0.00034761881114364623,-0.00034761881114364623,1.0611251716947794,1.1322998083704021,-0.022996162871469883,-0.008577578897391192
T,2022-04-18,1.0,0.0,-0.004123199205166461,-0.004123199205166461,1.0567499412302654,1.1276311107005192,-0.027024544316162746,-0.012665411036065555
T,2022-04-19,1.0,0.0,-0.00044894497929870436,-0.00044894497929870436,1.0562755186497759,1.1271248663748692,-0.02746135676197292,-0.013108669942668905
T,2022-04-20,1.0,0.0,-0.00019962072063073322,-0.00019962072063073322,1.0560646641695584,1.1268998688968026,-0.027655495626777382,-0.01330567390115922
T,2022-04-21,1.0,0.0,0.000748727163821572,0.000748727163821572,1.0568553684703743,1.1277436094395525,-0.02692747488376046,-0.012566909056820452
T,2022-04-22,1.0,0.0,-0.001446456182353284,-0.001446456182353284,1.0553266734887972,1.1261123777235693,-0.028334981653592828,-0.013995187755875382
T,2022-04-25,1.0,0.0,0.002297702297702431,0.002297702297702431,1.0577515000112991,1.128699848721336,-0.026102384708341142,-0.01172964223323636
T,2022-04-26,1.0,0.0,-0.0005481909697996334,-0.0005481909697996334,1.057171650190701,1.1280811056566526,-0.02663626658655338,-0.012271403119084812
T,2022-04-27,1.0,0.0,-0.0008476689104962576,-0.0008476689104962576,1.0562755186497763,1.1271248663748692,-0.027461356761972477,-0.013108669942668905
T,2022-04-28,1.0,0.0,-0.001147819143627049,-0.001147819143627049,1.0550631053885255,1.125831130875986,-0.0285776552345981,-0.014241442703988305
T,2022-04-29,1.0,0.0,0.0022483137646764906,0.0022483137646764906,1.057435218290973,1.1283623525042359,-0.026393593005547666,-0.012025148170972
T,2022-05-05,1.0,0.0,0.0014955134596212893,0.0014955134596212893,1.0590166268926047,1.130049833589736,-0.024937551519514045,-0.010547618482294241
T,2022-05-06,1.0,0.0,0.0004977600796416404,0.0004977600796416404,1.0595437630931486,1.1306123272849027,-0.024452204357502727,-0.010055108586068395
T,2022-05-09,1.0,0.0,0.0008955223880597885,0.0008955223880597885,1.0604926082541275,1.1316248159362028,-0.0235785794658826,-0.009168590772861696
T,2022-05-10,1.0,0.0,0.001143254796699411,0.001143254796699411,1.0617050215153783,1.132918551435086,-0.022462280993256978,-0.008035818011542295
T,2022-05-11,1.0,0.0,-0.0013405491286431204,-0.0013405491286431204,1.0602817537739098,1.131399818458136,-0.02377271833068728,-0.009365594731352123
T,2022-05-12,1.0,0.0,0.001143482151735098,0.001143482151735098,1.0614941670351605,1.132693553957019,-0.02265641985806166,-0.008232821970032833
T,2022-05-13,1.0,0.0,-0.001142176093757885,-0.001142176093757885,1.0602817537739095,1.1313998184581358,-0.023772718330687503,-0.009365594731352345
T,2022-05-16,1.0,0.0,0.0005468827682211241,0.0005468827682211241,1.0608616035945078,1.132018561522819,-0.023238836452475153,-0.008823833845503892
T,2022-05-17,1.0,0.0,0.00029813664596267664,0.00029813664596267664,1.061177885314834,1.132356057739919,-0.02294762815526863,-0.008528327907768474
T,2022-05-18,1.0,0.0,0.001142516516814851,0.001142516516814851,1.0623902985760847,1.133649793238802,-0.021831329682643008,-0.007395555146449073
T,2022-05-19,0.0,1.0,0.0,0.0,1.0623902985760847,1.133649793238802,-0.021831329682643008,-0.007395555146449073
T,2022-05-20,0.0,0.0,-0.0,-0.0010460251046023883,1.0623902985760847,1.132463967095247,-0.021831329682643008,-0.00843384431470584
T,2022-05-23,1.0,1.0,0.0020443779606083012,0.0020443779606083012,1.0645622258880576,1.1347791514707595,-0.01983158321128875,-0.006406708319537824
T,2022-05-24,1.0,0.0,0.0003483280254776844,0.0003483280254776844,1.0649330427461994,1.1351744268519446,-0.019490163082033107,-0.006060611930118864
T,2022-05-25,1.0,0.0,0.000845644928617606,0.000845644928617606,1.065833597973115,1.1361343813491083,-0.01866099991098369,-0.00522009212724428
T,2022-05-26,1.0,0.0,0.0036282306163022415,0.0036282306163022415,1.0697006880651647,1.1402565388957526,-0.015100475705889238,-0.0016108012090181312
T,2022-05-27,1.0,0.0,4.952211162279063e-05,4.952211162279063e-05,1.069753661902042,1.1403130068073504,-0.015051701401709972,-0.0015613588676726131
T,2022-05-30,1.0,0.0,-0.0020303060314944554,-0.0020303060314944554,1.067581734590069,1.137997822431838,-0.01705144787306423,-0.003588494862840741
T,2022-05-31,1.0,0.0,-0.0024313997915943464,-0.0024313997915943464,1.064986016583077,1.1352308947635423,-0.01944138877785362,-0.006011169588773346
T,2022-06-01,1.0,0.0,-0.0006963788300834439,-0.0006963788300834439,1.0642443828667936,1.1344403440011723,-0.020124229036364683,-0.006703362367611154
T,2022-06-02,1.0,0.0,-0.0006470881035340881,-0.0006470881035340881,1.0635557229873875,1.1337062611504,-0.02075829499069648,-0.007346112805103444
T,2022-06-06,0.0,1.0,-0.0,-0.0011953977187827425,1.0635557229873875,1.1323510312720513,-0.02075829499069648,-0.008532728997396988
T,2022-06-07,0.0,0.0,0.0,0.001645639056500281,1.0635557229873875,1.134214472354781,-0.02075829499069648,-0.0069011317329933375
T,2022-06-08,0.0,0.0,-0.0,-0.0004978592054167841,1.0635557229873875,1.133649793238802,-0.02075829499069648,-0.007395555146449073
T,2022-06-09,1.0,1.0,0.0010958358238692956,0.0010958358238692956,1.0647212054493183,1.1348920872939552,-0.01968520685012054,-0.006307823636846677
T,2022-06-10,1.0,0.0,-0.0007463429196934435,-0.0007463429196934435,1.0639265583161837,1.1340450686199872,-0.020416857855058756,-0.007049458757030114
T,2022-06-13,0.0,1.0,-0.0,-0.0005975202907931854,1.0639265583161837,1.133367453680813,-0.020416857855058756,-0.0076427668531767745
T,2022-06-14,1.0,1.0,-4.9823127896031494e-05,-4.9823127896031494e-05,1.0638735501671968,1.133310985769215,-0.020465663751234486,-0.007692209194522404
T,2022-06-15,1.0,0.0,-0.0012456402590931281,-0.0012456402590931281,1.0625483464425243,1.1318992879792682,-0.021685811155629953,-0.008928267728161576
T,2022-06-16,1.0,0.0,0.001097530556248394,0.001097530556248394,1.063714525720236,1.1331415820344213,-0.02061208143976201,-0.00784053621855918
T,2022-06-17,1.0,0.0,0.0005979967110181228,0.0005979967110181228,1.0643506235080789,1.1338191969735958,-0.02002641068565214,-0.007247228122412297
T,2022-06-20,1.0,0.0,-0.0020917376363364104,-0.0020917376363364104,1.0621242812506289,1.1314475446864853,-0.02207625832503668,-0.009323806458926054
T,2022-06-21,1.0,0.0,9.981534161784822e-05,9.981534161784822e-05,1.0622302975486024,1.1315604805096808,-0.02197864653268533,-0.009224921776235129
T,2022-06-22,1.0,0.0,0.00139727531313949,0.00139727531313949,1.0637145257202358,1.1331415820344213,-0.02061208143976223,-0.00784053621855918
T,2022-06-23,1.0,0.0,-0.001494991777545085,-0.001494991777545085,1.0621242812506289,1.1314475446864853,-0.02207625832503668,-0.009323806458926054
T,2022-06-24,1.0,0.0,-0.0008983380745620773,-0.0008983380745620773,1.0611701345688644,1.1304311222777237,-0.022954764456201593,-0.010213768603146156
T,2022-06-27,1.0,0.0,-0.0033468205205055,-0.0033468205205055,1.0576185885867417,1.1266477722006665,-0.02622475949998182,-0.013526405473299086
T,2022-06-28,1.0,0.0,-0.0009522854851643503,-0.0009522854851643503,1.0566114337559906,1.125574881880307,-0.027152071527322352,-0.014465809958864706
T,2022-06-29,1.0,0.0,0.0011538654492548872,0.0011538654492548872,1.0578306211826893,1.126873643847058,-0.026029535915278457,-0.013328636107916791
T,2022-06-30,1.0,0.0,0.002154740428943702,0.002154740428943702,1.0601099715891262,1.1293017640457663,-0.023930882379718188,-0.011202615430057516
T,2022-07-01,1.0,0.0,-0.00040002000100014534,-0.00040002000100014534,1.0596859063972308,1.1288500207529832,-0.024321329549124915,-0.011598154160822105
T,2022-07-04,1.0,0.0,-0.002050922915311837,-0.002050922915311837,1.0575125722887677,1.1265348363774708,-0.026322371292333613,-0.013625290155990122
T,2022-07-05,0.0,1.0,0.0,0.0011027568922306052,1.0575125722887677,1.1277771304326238,-0.026322371292333613,-0.012537558646387725
T,2022-07-06,0.0,0.0,0.0,0.0009012617664732048,1.0575125722887677,1.1287935528413857,-0.026322371292333613,-0.011647596502167401
T,2022-07-07,1.0,1.0,0.00025012506253108135,0.00025012506253108135,1.0577770826870387,1.129075892399375,-0.02607883011456813,-0.0114003847954397
T,2022-07-08,1.0,0.0,-0.0003500875218804822,-0.0003500875218804822,1.0574067681294588,1.1286806170181898,-0.02641978776344034,-0.01174648118485866
T,2022-07-11,1.0,0.0,0.0029517710626376648,0.0029517710626376648,1.0605279908290606,1.1320122238024641,-0.0235460018658038,-0.008829383045470318
T,2022-07-12,1.0,0.0,0.0008480071831196145,0.0008480071831196145,1.061427326183183,1.1329721782996278,-0.02271796186140007,-0.007988863242595734
T,2022-07-13,1.0,0.0,0.0007974481658692412,0.0007974481658692412,1.0622737594576512,1.1338756648851938,-0.021938630092549594,-0.007197785781066668
T,2022-07-14,1.0,0.0,0.0009462151394421525,0.0009462151394421525,1.0632788989710822,1.1349485552055532,-0.021013173617039582,-0.006258381295501048
T,2022-07-15,1.0,0.0,0.001094581819991003,0.001094581819991003,1.0644427447234759,1.1361908492607062,-0.01994159243487026,-0.005170649785898651
T,2022-07-18,0.0,1.0,-0.0,-0.00029819591471602624,1.0644427447234759,1.1358520417911189,-0.01994159243487026,-0.0054673038339722035
T,2022-07-19,0.0,0.0,0.0,0.0,1.0644427447234759,1.1358520417911189,-0.01994159243487026,-0.0054673038339722035
T,2022-07-20,1.0,1.0,0.0015908525975638632,0.0015908525975638632,1.0661361162288772,1.1376590149622505,-0.018382463971431062,-0.0038851489109141824
T,2022-07-21,1.0,0.0,0.0009430684469151629,0.0009430684469151629,1.0671415555602093,1.13873190528261,-0.017456731446263918,-0.002945744425348562
T,2022-07-22,1.0,0.0,-0.0010413567390658018,-0.0010413567390658018,1.0660302805097894,1.1375460791390546,-0.01847990950039613,-0.0039840335936055515
T,2022-07-25,1.0,0.0,4.9640109208271e-05,4.9640109208271e-05,1.0660831983693333,1.1376025470506526,-0.018431186735913596,-0.0039345912522599225
T,2022-07-26,0.0,1.0,0.0,0.0021344187431746597,1.0660831983693333,1.1400306672493608,-0.018431186735913596,-0.0018085705744007585
T,2022-07-27,0.0,0.0,-0.0,-0.0009411065431670362,1.0660831983693333,1.1389577769290014,-0.018431186735913596,-0.002747975059966379
T,2022-07-28,1.0,1.0,-0.001338621715418875,-0.001338621715418875,1.064656116249553,1.1374331433158589,-0.01974513606452677,-0.004082918276296588
T,2022-07-29,1.0,0.0,0.003326217544556309,0.003326217544556309,1.0681973941023413,1.1412164933929159,-0.016484595137968072,-0.0007702814061439911
T,2022-08-01,1.0,0.0,0.0020286986640276616,0.0020286986640276616,1.0703644447286744,1.1435316777684283,-0.014489338750073855,0.0
T,2022-08-02,1.0,0.0,0.0008888449953088351,0.0008888449953088351,1.071315832808528,1.14454810017719,-0.01361337253099848,0.0
T,2022-08-03,1.0,0.0,0.0002960185504958801,0.0002960185504958801,1.0716329621684793,1.1448869076467774,-0.01332138379130654,0.0
T,2022-08-04,1.0,0.0,-0.0006905055487052003,-0.0006905055487052003,1.0708929936619265,1.1440963568844074,-0.014002690850587474,-0.0006905055487052003
T,2022-08-05,1.0,0.0,-0.0006909826760772564,-0.0006909826760772564,1.0701530251553735,1.1433058061220371,-0.014683997909868629,-0.0013810110974105116
T,2022-08-08,1.0,0.0,-0.00034573023163919636,-0.00034573023163919636,1.0697830409020972,1.142910530740852,-0.01502465143950893,-0.0017262638717632228
T,2022-08-09,0.0,1.0,0.0,0.00019762845849791155,1.0697830409020972,1.1431364023872435,-0.01502465143950893,-0.0015289765721331339
T,2022-08-10,1.0,1.0,-0.0007903576368306631,-0.0007903576368306631,1.0689375297059682,1.1422329158016775,-0.015803134228333793,-0.0023181257706536007
T,2022-08-11,0.0,1.0,0.0,0.0018785841407948922,1.0689375297059682,1.1443786964423965,-0.015803134228333793,-0.00044389642416775565
T,2022-08-12,0.0,0.0,-0.0,-0.0006908121977695636,1.0689375297059682,1.1435881456800265,-0.015803134228333793,-0.001134401972872845
T,2022-08-15,1.0,1.0,0.006715386134702683,0.006715386134702683,1.076115857971819,1.1512677816573365,-0.009193872242112766,0.0
T,2022-08-16,1.0,0.0,0.00044143613890534894,0.00044143613890534894,1.076590894401177,1.1517759928617175,-0.008756494610671517,0.0
T,2022-08-17,1.0,0.0,0.00029416090601563916,0.00029416090601563916,1.0769075853540824,1.1521148003313049,-0.008464909523044017,0.0
T,2022-08-18,1.0,0.0,0.0009802480027445437,0.0009802480027445437,1.0779632218637663,1.153244158563262,-0.007492959230952723,0.0
T,2022-08-19,1.0,0.0,0.0,0.0,1.0779632218637663,1.153244158563262,-0.007492959230952723,0.0
T,2022-08-22,1.0,0.0,-0.0005413918692784847,-0.0005413918692784847,1.077379621340068,1.1526198015525229,-0.008030294473026833,-0.0005413918692785957
T,2022-08-23,1.0,0.0,-0.0010341261633918242,-0.0010341261633918242,1.076265474885735,1.1514278472592938,-0.009056116298804318,-0.0015749581651738342
T,2022-08-24,1.0,0.0,0.0008380163659666984,0.0008380163659666984,1.0771674029678142,1.152392762639527,-0.008225689106508116,-0.0007382616399251862
T,2022-08-25,1.0,0.0,-0.002117913608826294,-0.002117913608826294,1.0748860554660846,1.1499520943248198,-0.01032618141643371,-0.002854611674377394
T,2022-08-26,1.0,0.0,0.0006910167818361401,0.0006910167818361401,1.0756288197689734,1.1507467305203058,-0.009642300199248499,-0.002165567477113828
T,2022-08-29,1.0,0.0,0.0010851336687383029,0.0010851336687383029,1.07679602081637,1.151995444541784,-0.0085676297151005,-0.0010827837385569694
T,2022-08-30,0.0,1.0,0.0,4.9270792274347386e-05,1.07679602081637,1.152052204270033,-0.0085676297151005,-0.0010335662958952385
T,2022-08-31,1.0,1.0,-0.0004926836478297281,-0.0004926836478297281,1.0762655010248656,1.1514846069875428,-0.009056092231868984,-0.0015257407225121034
T,2022-09-01,1.0,0.0,0.0024646325232908772,0.0024646325232908772,1.0789180999823875,1.1543225933999932,-0.006613779648026563,0.0
T,2022-09-02,0.0,1.0,-0.0,-0.0007867433741456376,1.0789180999823875,1.1534144377480091,-0.006613779648026563,-0.0007867433741456376
T,2022-09-05,0.0,0.0,0.0,0.0010334137099550222,1.0789180999823875,1.154606392041238,-0.006613779648026563,0.0
T,2022-09-06,0.0,0.0,0.0,0.0003441156228494169,1.0789180999823875,1.1550037101389812,-0.006613779648026563,0.0
T,2022-09-07,1.0,1.0,-0.00147427392009436,-0.00147427392009436,1.0773274791656657,1.153300918291511,-0.008078303045272683,-0.00147427392009436
T,2022-09-08,1.0,0.0,-0.00024607510212126815,-0.00024607510212126815,1.077062375696212,1.1530171196502659,-0.008322390278146963,-0.0017199862401102717
T,2022-09-09,1.0,0.0,-0.002609038101801575,-0.002609038101801575,1.0742522789200037,1.1500088540530689,-0.010909714946614857,-0.0043245368322767375
T,2022-09-13,0.0,1.0,0.0,0.0008390503923794146,1.0742522789200037,1.150973769433302,-0.010909714946614857,-0.003489114944223215
T,2022-09-14,1.0,1.0,-0.0010849196173192688,-0.0010849196173192688,1.0730868015486534,1.149725055411824,-0.011982798400169248,-0.004570249152292427
T,2022-09-15,1.0,0.0,-9.87361769352324e-05,-9.87361769352324e-05,1.072980849060349,1.1496115359553258,-0.012080351441401294,-0.00466853408029877
T,2022-09-16,1.0,0.0,-4.937296336526842e-05,-4.937296336526842e-05,1.0729278728161966,1.1495547762270768,-0.012129127962017483,-0.004717676544301885
T,2022-09-19,1.0,0.0,0.0006912556164517802,0.0006912556164517802,1.0736695402343284,1.1503494124225628,-0.011446256673392163,-0.004029682048257932
T,2022-09-20,1.0,0.0,0.0011841910494894137,0.0011841910494894137,1.0749409700939834,1.151711645900539,-0.010275620178605505,-0.0028502629121823775
T,2022-09-21,1.0,0.0,0.000591395199842415,0.000591395199842415,1.0755766850238109,1.1523927626395272,-0.00969030193121212,-0.0022605533441445447
T,2022-09-22,1.0,0.0,-0.0005417918534207367,-0.0005417918534207367,1.0749939463381357,1.151768405628788,-0.010226843657989315,-0.0028011204481792618
T,2022-09-23,0.0,1.0,-0.0,-0.0018233786713974798,1.0749939463381357,1.149668295683575,-0.010226843657989315,-0.004619391616295432
T,2022-09-26,1.0,1.0,-0.0035053073315231,-0.0035053073315231,1.0712257621766936,1.1456383549778957,-0.013696302759459766,-0.008108506560518758
T,2022-09-27,1.0,0.0,0.0010404280618312445,0.0010404280618312445,1.0723402955202188,1.146830309271125,-0.012670124715362885,-0.00707651481645255
T,2022-09-28,1.0,0.0,-0.0017817371937639548,-0.0017817371937639548,1.0704296669313187,1.1447869590541608,-0.014429287076671793,-0.008845643520565827
T,2022-09-29,1.0,0.0,-0.0021815657692498824,-0.0021815657692498824,1.0680944542115518,1.1422895310112047,-0.016579374407160397,-0.01100791193670414
T,2022-09-30,1.0,0.0,-0.0005465838509317589,-0.0005465838509317589,1.06751065103161,1.1416651740004655,-0.017116896239782742,-0.011548479040738857
T,2022-10-10,1.0,0.0,0.0031818633787412676,0.0031818633787412676,1.0709073240785436,1.145297796608402,-0.013989496486344621,-0.008403361344537452
T,2022-10-11,1.0,0.0,-0.0002477946278125476,-0.0002477946278125476,1.0706419589967517,1.1450139979671567,-0.014233824592082112,-0.008649073664553364
T,2022-10-12,1.0,0.0,0.0018837059435881098,0.0018837059435881098,1.0726587336183688,1.1471708676406192,-0.01237693098847803,-0.006781660032433523
T,2022-10-13,1.0,0.0,0.000643214091336386,0.000643214091336386,1.0733486828310272,1.1479087441078561,-0.011741677913560955,-0.0061428080003926855
T,2022-10-14,0.0,1.0,0.0,0.002768987341772222,1.0733486828310272,1.1510872888898005,-0.011741677913560955,-0.0033908300162165395
T,2022-10-17,1.0,1.0,-0.0006410256410257498,-0.0006410256410257498,1.0726606388035713,1.1503494124225633,-0.012375176837975399,-0.004029682048257488
T,2022-10-18,0.0,1.0,0.0,0.0001973651749149763,1.0726606388035713,1.1505764513355594,-0.012375176837975399,-0.003833112192244803
T,2022-10-19,1.0,1.0,9.866311479433953e-05,9.866311479433953e-05,1.072766470843313,1.1506899707920573,-0.012277734696674147,-0.0037348272642386826
T,2022-10-20,1.0,0.0,-0.0015291274108419906,-0.0015291274108419906,1.071126074227314,1.148930419216338,-0.013788087886848377,-0.005258243648336269
T,2022-10-21,0.0,1.0,-0.0,-0.0008398379606757711,1.071126074227314,1.1479655038361052,-0.013788087886848377,-0.00609366553638957
T,2022-10-24,1.0,1.0,0.001878862793572189,0.001878862793572189,1.0731385731554048,1.1501223735095671,-0.01193513101860133,-0.004226251904270173
T,2022-10-25,1.0,0.0,-0.0012337758476039795,-0.0012337758476039795,1.0718145607027134,1.1487033803033422,-0.013154181589816627,-0.005454813504348732
T,2022-10-26,1.0,0.0,0.002025891886550113,0.002025891886550113,1.0739859411251274,1.1510305291615515,-0.011154938653023527,-0.003439972480219655
T,2022-10-27,1.0,0.0,0.001430050791459303,0.001430050791459303,1.0755217955702494,1.1526765612807728,-0.009740839990413752,-0.0020148410241283
T,2022-10-28,1.0,0.0,0.0010833169194406356,0.0010833169194406356,1.0766869265286179,1.1539252753022509,-0.008668075487744287,-0.0009337068160590878
T,2022-10-31,1.0,0.0,0.0011805213969502404,0.0011805213969502404,1.0779579784832014,1.1552875087802268,-0.0074977869393777485,0.0
T,2022-11-01,1.0,0.0,-0.0017686941141789037,-0.0017686941141789037,1.076051400551326,1.153244158563263,-0.009253219761927611,-0.0017686941141787926
T,2022-11-02,1.0,0.0,-0.0006398267546018355,-0.0006398267546018355,1.0753629140759264,1.152506282096026,-0.009887126058959583,-0.002407389210965616
T,2022-11-03,1.0,0.0,9.849790691940363e-05,9.849790691940363e-05,1.0754688350721417,1.1526198015525237,-0.0097896020132624,-0.00230912842684472
T,2022-11-04,1.0,0.0,-0.0014280789875411593,-0.0014280789875411593,1.07393298062702,1.1509737694333027,-0.011203700675871953,-0.0037339097966000434
T,2022-11-07,1.0,0.0,0.0004438307525396201,0.0004438307525396201,1.0744096251099888,1.1514846069875435,-0.01076484247023446,-0.0032917362680554563
T,2022-11-08,1.0,0.0,0.0011337309607137858,0.0011337309607137858,1.075627716566465,1.1527900807372706,-0.009643315944716346,-0.002161737250663265
T,2022-11-09,1.0,0.0,-0.0001969473165928104,-0.0001969473165928104,1.0754158745740343,1.1525630418242747,-0.009838364036110825,-0.002358258818905279
T,2022-11-10,1.0,0.0,-0.00019698611247898068,-0.00019698611247898068,1.0752040325816037,1.1523360029112788,-0.010033412127505192,-0.002554780387147293
T,2022-11-11,1.0,0.0,-0.003841986011230425,-0.003841986011230425,1.0710731137292067,1.1479087441078566,-0.013836849909696802,-0.006386950967868454
T,2022-11-14,1.0,0.0,-0.006873022151898778,-0.006873022151898778,1.0637116044922426,1.140019141881245,-0.020614771085653794,-0.01321607546428194
T,2022-11-15,1.0,0.0,0.0006472491909383926,0.0006472491909383926,1.0644000909676419,1.140757018348482,-0.019980864788622044,-0.012577380367495006
T,2022-11-16,1.0,0.0,-0.0021892725644342415,-0.0021892725644342415,1.0620698290509052,1.138259590305526,-0.022126393793960863,-0.01473911761815827
T,2022-11-17,1.0,0.0,0.0,0.0,1.0620698290509052,1.138259590305526,-0.022126393793960863,-0.01473911761815827
T,2022-11-18,1.0,0.0,-0.0026546456298522925,-0.0026546456298522925,1.0592504100206173,1.1352379144584839,-0.024722301689223625,-0.017354636113837696
T,2022-11-21,1.0,0.0,0.0011550823623944773,0.0011550823623944773,1.0604739314865912,1.1365492077505963,-0.023595775621468085,-0.01621959978552412
T,2022-11-22,1.0,0.0,0.0002508151492350841,0.0002508151492350841,1.0607399144139769,1.1368342715097512,-0.0233508786502169,-0.01597285275762983
T,2022-11-23,1.0,0.0,0.0023570712136409266,0.0023570712136409266,1.063240153931402,1.1395138708458072,-0.021048847120455627,-0.013653430695423685
T,2022-11-24,1.0,0.0,0.0017511382398558428,0.0017511382398558428,1.0651020344231015,1.1415093171598916,-0.019334568321697332,-0.011926201500163769
T,2022-11-25,1.0,0.0,-0.0035460992907802025,-0.0035460992907802025,1.061325076854225,1.1374614117798918,-0.022812105313464448,-0.015430009296262592
T,2022-11-28,1.0,0.0,-0.002255526038794975,-0.002255526038794975,1.0589312305077543,1.1348958379474978,-0.025016178054725224,-0.017650732547310977
T,2022-11-29,0.0,1.0,-0.0,-0.0033155832412338215,1.0589312305077543,1.131132996326653,-0.025016178054725224,-0.02090779331551551
T,2022-11-30,1.0,1.0,0.0009576612903225978,0.0009576612903225978,1.0599453279563253,1.1322162386114416,-0.024082473789757364,-0.019970154609517232
T,2022-12-01,1.0,0.0,0.002870235157862888,0.002870235157862888,1.062987620302038,1.1354659654658075,-0.021281360994854115,-0.01715723849152262
T,2022-12-02,0.0,1.0,0.0,0.000301265314320176,1.062987620302038,1.1358080419767933,-0.021281360994854115,-0.01686114205804945
T,2022-12-05,1.0,1.0,-0.0002007830539102473,-0.0002007830539102473,1.062774190401365,1.1355799909694695,-0.021477871112112523,-0.01705853968036486
T,2022-12-06,1.0,0.0,-0.0024098805100915,-0.0024098805100915,1.0602130315932885,1.1328433788815824,-0.023835992519212645,-0.019427311148149884
T,2022-12-07,0.0,1.0,0.0,0.0023653749370911026,1.0602130315932885,1.1355229782176384,-0.023835992519212645,-0.01710788908594374
T,2022-12-08,0.0,0.0,0.0,0.0020585429532562483,1.0602130315932885,1.1378605010427087,-0.023835992519212645,-0.015084563457210542
T,2022-12-09,1.0,1.0,-0.0006513678725323935,-0.0006513678725323935,1.0595224428864685,1.137119335268906,-0.024471834392008063,-0.015726105729735762
T,2022-12-12,1.0,0.0,-5.013787916763324e-05,-5.013787916763324e-05,1.0594693206782517,1.137062322517075,-0.024520745305299907,-0.01577545513531453
T,2022-12-13,1.0,0.0,-0.001153229041315651,-0.001153229041315651,1.0582475098892625,1.1357510292249626,-0.025645696311014876,-0.016910491463628108
T,2022-12-14,1.0,0.0,0.0046684403393402185,0.0046684403393402185,1.0631878752534358,1.1410532151452437,-0.021096981374863488,-0.012320996744794588
T,2022-12-15,1.0,0.0,-0.001149195563105776,-0.001149195563105776,1.0619660644644466,1.1397419218531313,-0.022221932380578457,-0.013456033073108165
T,2022-12-16,1.0,0.0,0.00040018008103648306,0.00040018008103648306,1.062391042130182,1.1401980238677791,-0.021830645074242705,-0.013061237828477346
T,2022-12-19,1.0,0.0,0.0019500975048751812,0.0019500975048751812,1.064462808250642,1.1424215211891873,-0.019923119455856564,-0.011136611010902131
T,2022-12-20,1.0,0.0,-0.0016967761253617875,-0.0016967761253617875,1.0626566531712667,1.140483087626934,-0.02158609050778293,-0.012814490800583056
T,2022-12-21,1.0,0.0,0.002549490101979801,0.002549490101979801,1.0653658857903299,1.1433907379703143,-0.019091633929893104,-0.01029767111606128
T,2022-12-22,0.0,1.0,-0.0,-0.0001994515083520998,1.0653658857903299,1.1431626869629903,-0.019091633929893104,-0.0104950687383768
T,2022-12-23,1.0,1.0,0.00229414991770982,0.00229414991770982,1.0678099948495465,1.1457852735472154,-0.016841283082592584,-0.008224996081749425
T,2022-12-26,0.0,1.0,-0.0,-0.002139622829278043,1.0678099948495465,1.1433337252184832,-0.016841283082592584,-0.01034702052164016
T,2022-12-27,1.0,1.0,-0.002792460357036064,-0.002792460357036064,1.0648281777700823,1.1401410111159482,-0.01958671482425889,-0.013110587234056115
T,2022-12-28,1.0,0.0,0.0007000700070007859,0.0007000700070007859,1.0655736320399485,1.1409391896415821,-0.018900356888842174,-0.012419695555952015
T,2022-12-29,1.0,0.0,0.0014491305216870476,0.0014491305216870476,1.0671177873132425,1.1425925594446806,-0.017478615451193558,-0.010988562794165158
T,2022-12-30,1.0,0.0,0.00019959083878040573,0.00019959083878040573,1.0673307742474898,1.1428206104520044,-0.017282513183931814,-0.010791165171849859
T,2023-01-03,1.0,0.0,0.0014467448241457515,0.0014467448241457515,1.0688749295207838,1.144473980255103,-0.015860771746283198,-0.009360032410063002
T,2023-01-04,1.0,0.0,0.001594101823253924,0.001594101823253924,1.0705788249947632,1.1462983883136943,-0.014291953608188246,-0.007780851431539615
T,2023-01-05,0.0,1.0,-0.0,-0.0009449915448125346,1.0705788249947632,1.1452151460289057,-0.014291953608188246,-0.008718490137537782
T,2023-01-06,1.0,1.0,-0.0008463185144621521,-0.0008463185144621521,1.069672774313979,1.144245929247779,-0.015126176577704098,-0.009557430032378522
T,2023-01-09,1.0,0.0,4.9825610363818384e-05,4.9825610363818384e-05,1.0697260714128487,1.14430294199961,-0.015077104638320682,-0.009508080626799531
T,2023-01-10,0.0,1.0,-0.0,-0.002889741417966274,1.0697260714128487,1.140996202393413,-0.015077104638320682,-0.012370346150373246
T,2023-01-11,1.0,1.0,0.0011492529855594569,0.0011492529855594569,1.0709554572941506,1.1423074956855257,-0.013945179060280477,-0.011235309822059447
T,2023-01-12,0.0,1.0,0.0,9.982032341770974e-05,1.0709554572941506,1.1424215211891875,-0.013945179060280477,-0.011136611010901909
T,2023-01-13,1.0,1.0,-0.0016468709452039931,-0.0016468709452039931,1.0691917318679252,1.1405401003787652,-0.015569084095264474,-0.012765141395004065
T,2023-01-16,1.0,0.0,-0.0022494376405899352,-0.0022494376405899352,1.0667866517412539,1.137974526546371,-0.017783500052061085,-0.01498586464605256
T,2023-01-17,0.0,1.0,0.0,0.00030060120240471555,1.0667866517412539,1.1383166030573568,-0.017783500052061085,-0.014689768212579501
T,2023-01-18,1.0,1.0,-0.000450766302714678,-0.000450766302714678,1.066305780266463,1.1378034882908779,-0.018226250152208023,-0.015133912862789312
T,2023-01-19,1.0,0.0,0.0006514005110989096,0.0006514005110989096,1.0670003723967163,1.1385446540646806,-0.017586722229773644,-0.014492370590264203
T,2023-01-20,1.0,0.0,-0.001552328492739119,-0.001552328492739119,1.0653440373168817,1.1367772587579201,-0.019111750352501566,-0.01602220216320882
T,2023-01-30,1.0,0.0,0.0033602487587141017,0.0033602487587141017,1.068923858295879,1.1405971131305959,-0.015815721829186447,-0.012715791989425518
T,2023-01-31,0.0,1.0,0.0,0.0017494751574527179,1.068923858295879,1.1425925594446802,-0.015815721829186447,-0.01098856279416549
T,2023-02-01,1.0,1.0,-0.0009480564842073713,-0.0009480564842073713,1.0679104581008978,1.1415093171598916,-0.016748784115761195,-0.011926201500163769
T,2023-02-02,1.0,0.0,0.0019478573569073898,0.0019478573569073898,1.069990595343228,1.1437328144812997,-0.014833551001212864,-0.010001574682588554
T,2023-02-03,0.0,1.0,0.0,0.0004984796371068079,1.069990595343228,1.1443029419996096,-0.014833551001212864,-0.009508080626799864
T,2023-02-06,1.0,1.0,-0.0008968163021274567,-0.0008968163021274567,1.0690310103342011,1.1432767124666519,-0.015717064332984032,-0.010396369927219373
T,2023-02-07,1.0,0.0,0.00214431755847011,0.00214431755847011,1.0713233523002097,1.145728260795384,-0.013606449151530864,-0.008274345487328638
T,2023-02-08,1.0,0.0,-0.0006468949044585726,-0.0006468949044585726,1.0706303186825792,1.1449870950215812,-0.014244542113365566,-0.008915887759853747
T,2023-02-09,1.0,0.0,0.0011452472240203182,0.0011452472240203182,1.0718564550830023,1.146298388313694,-0.013115608411658042,-0.007780851431539948
T,2023-02-10,1.0,0.0,-0.0005968367651447704,-0.0005968367651447704,1.071216731743651,1.145614235291722,-0.013704617299505562,-0.008373044298486398
T,2023-02-13,1.0,0.0,0.00029859659599873467,0.00029859659599873467,1.0715365934133265,1.1459563118027078,-0.013410112855581913,-0.008076947865013229
T,2023-02-14,1.0,0.0,0.0003980099502487455,0.0003980099502487455,1.0719630756395606,1.1464124138173557,-0.013017440263683677,-0.00768215262038241
T,2023-02-15,1.0,0.0,4.9731450169065994e-05,4.9731450169065994e-05,1.0720163859178398,1.1464694265691866,-0.012968356189696495,-0.007632803214803641
T,2023-02-16,1.0,0.0,0.0014421403351732032,0.0014421403351732032,1.0735623839879385,1.1481227963722849,-0.011544918044065433,-0.006201670453017005
T,2023-02-17,1.0,0.0,-0.0004965736418710565,-0.0004965736418710565,1.0730292812051458,1.147552668853975,-0.012035758783938144,-0.0066951645088055844
T,2023-02-20,0.0,1.0,-0.0,-0.0025337837837837718,1.0730292812051458,1.144645018510595,-0.012035758783938144,-0.00921198419332725
T,2023-02-21,1.0,1.0,0.0,0.0,1.0730292812051458,1.144645018510595,-0.012035758783938144,-0.00921198419332725
T,2023-02-22,1.0,0.0,0.0010052271813429936,0.0010052271813429936,1.0741079194049903,1.1457956467961907,-0.011042630274472831,-0.00821601714888942
T,2023-02-23,1.0,0.0,0.00025105442860007265,0.00025105442860007265,1.0743775789549512,1.1460833038675895,-0.010794348147106558,-0.007967025387780047
T,2023-02-24,1.0,0.0,0.001104362230811784,0.001104362230811784,1.0755640809747802,1.1473489949817448,-0.00970190678669458,-0.006871461638898513
T,2023-02-27,1.0,0.0,0.00020057162914310922,0.00020057162914310922,1.0757798086147492,1.147579120638864,-0.009503281084801474,-0.0066722682300109915
T,2023-02-28,1.0,0.0,0.0009023913370431735,0.0009023913370431735,1.0767505829946091,1.1486146860959001,-0.008609465426282603,-0.005775897890016979
T,2023-03-01,0.0,1.0,0.0,0.000601051840721345,1.0767505829946091,1.1493050630672577,-0.008609465426282603,-0.005178317663354193
T,2023-03-02,1.0,1.0,-0.0014016118536316347,-0.0014016118536316347,1.075241396614079,1.1476941834674237,-0.00999901015111948,-0.006572671525567064
T,2023-03-03,1.0,0.0,0.0006015339114742169,0.0006015339114742169,1.0758881907771634,1.148384560438781,-0.009403490983332263,-0.0059750912989045
T,2023-03-06,0.0,1.0,0.0,0.001953809929362116,1.0758881907771634,1.1506282855956924,-0.009403490983332263,-0.004032955562251028
T,2023-03-07,1.0,1.0,0.0014000000000000679,0.0014000000000000679,1.0773944342442514,1.1522391651955264,-0.008016655870708878,-0.0026386017000381567
T,2023-03-08,1.0,0.0,-0.00044937088076690834,-0.00044937088076690834,1.0769102845584018,1.1517213824670083,-0.008462424299766291,-0.003086786870035274
T,2023-03-09,1.0,0.0,0.0009990509016433169,0.0009990509016433169,1.0779861727491789,1.1528720107526038,-0.00747182779074973,-0.0020908198255976673
T,2023-03-10,1.0,0.0,0.0009481511053446301,0.0009481511053446301,1.0790082665304173,1.1539651076239197,-0.006530761107183758,-0.0011446511333818021
T,2023-03-13,1.0,0.0,-0.0008475421278293371,-0.0008475421278293371,1.0780937615682566,1.1529870735811634,-0.007372768139847996,-0.001991223121153851
T,2023-03-14,0.0,1.0,0.0,0.0013971358714635063,1.0780937615682566,1.1545979531809973,-0.007372768139847996,-0.0005968692589409796
T,2023-03-15,1.0,1.0,-0.0008969056754198901,-0.0008969056754198901,1.0771268131548712,1.1535623877239611,-0.008263061137679717,-0.0014932395989349923
T,2023-03-16,0.0,1.0,0.0,0.002144531444815856,1.0771268131548712,1.156036238537992,-0.008263061137679717,0.0
T,2023-03-17,1.0,1.0,-0.00044789489399821303,-0.00044789489399821303,1.0766443735550706,1.155518455809474,-0.008707255048785556,-0.00044789489399821303
T,2023-03-20,1.0,0.0,0.0006472491909383926,0.0006472491909383926,1.0773412307547825,1.156266364195111,-0.008065641621632813,0.0
T,2023-03-21,1.0,0.0,-0.0010946362822171762,-0.0010946362822171762,1.0761619339552697,1.1550006730809557,-0.009151448959891728,-0.0010946362822171762
T,2023-03-22,1.0,0.0,0.0002490535963339813,0.0002490535963339813,1.0764299559551591,1.1552883301523547,-0.008904674564832682,-0.0008458553089859544
T,2023-03-23,0.0,1.0,-0.0,-0.0006971764354365417,1.0764299559551591,1.1544828903524376,-0.008904674564832682,-0.001542442034033309
T,2023-03-24,1.0,1.0,-0.0010464942442816039,-0.0010464942442816039,1.0753034782018798,1.1532747306525621,-0.009941850118434958,-0.002587322121604174
T,2023-03-27,1.0,0.0,0.002194951611294016,0.002194951611294016,1.0776637173039891,1.1558061128808728,-0.0077687203870776544,-0.0003980495571698217
T,2023-03-28,1.0,0.0,-4.9776007964297264e-05,-4.9776007964297264e-05,1.0776100755062137,1.1557485814665929,-0.007818109699154085,-0.0004478057518161327
T,2023-03-29,1.0,0.0,0.00024889242869230443,0.00024889242869230443,1.0778782844950898,1.1560362385379919,-0.007571163138772596,-0.00019902477858491086
T,2023-03-30,1.0,0.0,-0.000995321986662634,-0.000995321986662634,1.0768054485395857,1.1548856102523963,-0.008558949380298553,-0.0011941486715094651
T,2023-03-31,1.0,0.0,0.0008468665936036679,0.0008468665936036679,1.0777173591017644,1.1558636442951526,-0.007719331075001334,-0.00034829336252351073
T,2023-04-03,1.0,0.0,-0.0015927529739684365,-0.0015927529739684365,1.0760008215729575,1.1540226390381996,-0.00929978906144302,-0.0019404915912029086
T,2023-04-04,1.0,0.0,0.0006979410738321423,0.0006979410738321423,1.0767518067418105,1.1548280788381164,-0.008608338692374873,-0.0012439048661557761
T,2023-04-06,1.0,0.0,-0.00014945449110748132,-0.00014945449110748132,1.0765908813484848,1.154655484595277,-0.008756506628603722,-0.001393173450094487
T,2023-04-07,0.0,1.0,0.0,0.0019930244145491827,1.0765908813484848,1.1569567411664685,-0.008756506628603722,0.0
T,2023-04-10,0.0,0.0,0.0,0.000546991546494402,1.0765908813484848,1.1575895867235464,-0.008756506628603722,0.0
T,2023-04-11,0.0,0.0,0.0,0.0015903782118185106,1.0765908813484848,1.1594305919804995,-0.008756506628603722,0.0
T,2023-04-12,1.0,1.0,0.0006450652508311894,0.0006450652508311894,1.0772853527154045,1.1601785003661367,-0.008117089895917307,0.0
T,2023-04-13,1.0,0.0,-0.000644649409897835,-0.000644649409897835,1.076590881348485,1.1594305919804995,-0.00875650662860361,-0.000644649409897835
T,2023-04-14,1.0,0.0,-0.0003473428273705892,-0.0003473428273705892,1.0762169352278361,1.159027872080541,-0.009100807946203826,-0.000991768322919806
T,2023-04-17,0.0,1.0,-0.0,-0.001538767000893504,1.0762169352278361,1.1572443982378675,-0.009100807946203826,-0.0025290092234455663
T,2023-04-18,1.0,1.0,0.0011434253044990683,0.0011434253044990683,1.077447508904706,1.1585676207663025,-0.00796778873580195,-0.0013884756520878838
T,2023-04-19,1.0,0.0,0.0004469162776838953,0.0004469162776838953,1.0779290377347854,1.1590854034948204,-0.007524433392601226,-0.0009421799067741432
T,2023-04-20,1.0,0.0,-0.00014890554424973335,-0.00014890554424973335,1.0777685281247589,1.1589128092519811,-0.007672218507001505,-0.0010909451552120197
T,2023-04-21,1.0,0.0,0.0017871326449563352,0.0017871326449563352,1.0796946434450772,1.1609839401660533,-0.005898797134198275,0.0
T,2023-04-24,1.0,0.0,0.0005946481665013437,0.0005946481665013437,1.0803366818851832,1.1616743171374107,-0.005307656676597272,0.0
T,2023-04-25,1.0,0.0,-4.9524564183833775e-05,-4.9524564183833775e-05,1.080283178681841,1.1616167857231308,-0.005356918381397402,-4.95245641839448e-05
T,2023-04-26,1.0,0.0,0.0013372294586697642,0.0013372294586697642,1.0817277651720798,1.163170133908685,-0.004026852351794896,0.0
T,2023-04-27,1.0,0.0,0.0020773568107625984,0.0020773568107625984,1.083974899712451,1.165586453308436,-0.0019578607501912204,0.0
T,2023-04-28,1.0,0.0,-0.00044422507403751865,-0.00044422507403751865,1.0834933708823713,1.1650686705799178,-0.0024012160933921667,-0.00044422507403751865
T,2023-05-04,1.0,0.0,0.0012838872154461445,0.0012838872154461445,1.084884454169268,1.1665644873511922,-0.0011204117685897907,0.0
T,2023-05-05,1.0,0.0,0.0029097006460521158,0.0029097006460521158,1.088041143166456,1.1699588407936994,0.0,0.0
T,2023-05-08,1.0,0.0,-0.0019669551534224894,-0.0019669551534224894,1.085901015032769,1.167657584222508,-0.0019669551534226004,-0.0019669551534223784
T,2023-05-09,1.0,0.0,0.000640520299566294,0.000640520299566294,1.0865965566762172,1.168405492608145,-0.0013276947285603136,-0.0013276947285603136
T,2023-05-10,1.0,0.0,0.0015756561130533253,0.0015756561130533253,1.0883086591831668,1.1702464978650982,0.0,0.0
T,2023-05-11,1.0,0.0,0.001278206577847607,0.001278206577847607,1.0896997424700632,1.1717423146363724,0.0,0.0
T,2023-05-12,1.0,0.0,-0.0007855845239848058,-0.0007855845239848058,1.0888436912165884,1.170821812007896,-0.0007855845239848058,-0.0007855845239848058
T,2023-05-15,1.0,0.0,-0.0005405139796569314,-0.0005405139796569314,1.0882551559798246,1.1701889664508185,-0.001325673884224332,-0.001325673884224221
T,2023-05-16,1.0,0.0,9.83284169124854e-05,9.83284169124854e-05,1.088362162386509,1.170304029279378,-0.0012274758187262869,-0.0012274758187260648
T,2023-05-17,1.0,0.0,-0.000786549995084096,-0.000786549995084096,1.0875061111330342,1.1693835266509014,-0.0020130603427110927,-0.0020130603427110927
T,2023-05-18,1.0,0.0,0.0,0.0,1.0875061111330342,1.1693835266509014,-0.0020130603427110927,-0.0020130603427110927
T,2023-05-19,0.0,1.0,0.0,0.0,1.0875061111330342,1.1693835266509014,-0.0020130603427110927,-0.0020130603427110927
T,2023-05-22,1.0,1.0,0.0005429149597748761,0.0005429149597748761,1.088096534469615,1.1700184024612346,-0.0014712383035111465,-0.0014712383035111465
T,2023-05-23,1.0,0.0,0.0021704814522494065,0.0021704814522494065,1.090458227815938,1.1725579057025672,0.0,0.0
T,2023-05-24,1.0,0.0,-4.9222287851868884e-05,-4.9222287851868884e-05,1.090404552967158,1.1725001897198097,-4.9222287851868884e-05,-4.9222287851868884e-05
T,2023-05-25,1.0,0.0,-0.0010337189269012947,-0.0010337189269012947,1.0892773811427765,1.171288154081901,-0.0010828903327426698,-0.0010828903327426698
T,2023-05-26,1.0,0.0,-0.0010840642554449387,-0.0010840642554449387,1.088096534469615,1.1700184024612346,-0.0021657806654852285,-0.0021657806654854506
T,2023-05-29,0.0,1.0,0.0,0.001282557221783609,1.088096534469615,1.171519018012931,-0.0021657806654852285,-0.0008860011813351942
T,2023-05-30,0.0,0.0,-0.0,-0.0005911912503693273,1.088096534469615,1.1708264262198405,-0.0021657806654852285,-0.001476668635558176
T,2023-05-31,0.0,0.0,0.0,0.0008873114463174847,1.088096534469615,1.1718653139094763,-0.0021657806654852285,-0.0005906674542234258
T,2023-06-01,0.0,0.0,0.0,0.0012805358550040946,1.088096534469615,1.1733659294611731,-0.0021657806654852285,0.0
T,2023-06-02,1.0,1.0,-0.003492375799311387,-0.003492375799311387,1.0842964924653187,1.1692680946853864,-0.005650592744813943,-0.003492375799311387
T,2023-06-05,1.0,0.0,0.0017276272274051596,0.0017276272274051596,1.0861697526082816,1.1712881540819011,-0.003932727635285738,-0.0017707820954253606
T,2023-06-06,1.0,0.0,0.0014782694392432294,0.0014782694392432294,1.0877754041593928,1.173019633564628,-0.0024602718271186097,-0.0002951303492374491
T,2023-06-07,1.0,0.0,0.000787246604998959,0.000787246604998959,1.0886317516533186,1.1739430892887488,-0.0016749620627629636,0.0
T,2023-06-08,0.0,1.0,-0.0,-0.0007374631268436405,1.0886317516533186,1.1730773495473854,-0.0016749620627629636,-0.0007374631268436405
T,2023-06-09,0.0,0.0,0.0,0.0026076260762608605,1.0886317516533186,1.1761362966335362,-0.0016749620627629636,0.0
T,2023-06-12,1.0,1.0,-9.814505839633725e-05,-9.814505839633725e-05,1.0885249078264805,1.176020864668021,-0.0017729427319098656,-9.814505839644827e-05
T,2023-06-13,1.0,0.0,0.0026010993325480403,0.0026010993325480403,1.09135626923769,1.1790798117541716,0.0,0.0
T,2023-06-14,1.0,0.0,0.000489500220275163,0.000489500220275163,1.0918904883718805,1.1796569715817473,0.0,0.0
T,2023-06-15,1.0,0.0,-0.0034248250892899845,-0.0034248250892899845,1.0881509544325474,1.1756168527887183,-0.0034248250892899845,-0.0034248250892899845
T,2023-06-16,1.0,0.0,-0.0025528990132064333,-0.0025528990132064333,1.085373014934757,1.1726156216853252,-0.005968980869905605,-0.005968980869905494
T,2023-06-19,1.0,0.0,-0.0013781562238519562,-0.0013781562238519562,1.0838772013590237,1.1709995741681136,-0.007338910905621554,-0.007338910905621443
T,2023-06-20,0.0,1.0,0.0,0.0013307703681797456,1.0838772013590237,1.1725579057025677,-0.007338910905621554,-0.006017906942609619
T,2023-06-21,1.0,1.0,0.0008860011813349722,0.0008860011813349722,1.0848375178398497,1.1735967933922038,-0.0064594120080188056,-0.005137237633935032
T,2023-06-26,1.0,0.0,0.0005409658699713216,0.0005409658699713216,1.0854243779114654,1.1742316692025367,-0.00592194045948391,-0.004599050834189544
T,2023-06-27,1.0,0.0,-0.0008847382649298519,-0.0008847382649298519,1.0844640614306393,1.1731927815129009,-0.006801439357086769,-0.00547972014286402
T,2023-06-28,1.0,0.0,0.0013282825798197617,0.0013282825798197617,1.0859045361518782,1.1747511130473547,-0.005482191010682702,-0.0041587161798523065
T,2023-06-29,1.0,0.0,0.00039304313648425016,0.00039304313648425016,1.08633134347669,1.1752128409094151,-0.005091302611748061,-0.003767307598219194
T,2023-06-30,1.0,0.0,0.0017679992142225487,0.0017679992142225487,1.088251976438342,1.1772906162886871,-0.003332304816542453,-0.002005968980870132
T,2023-07-03,1.0,0.0,-0.0010785371114815367,-0.0010785371114815367,1.0870782562951102,1.1760208646680208,-0.0044072479136124665,-0.0030823425803613302
T,2023-07-04,1.0,0.0,-0.0013250883392225132,-0.0013250883392225132,1.0856377815738711,1.1744625331335667,-0.005726496260016645,-0.0044033465433731545
T,2023-07-05,1.0,0.0,0.001670843776107045,0.001670843776107045,1.0874517127043204,1.176424876547324,-0.004065220564544725,-0.002739860071432121
T,2023-07-06,1.0,0.0,-0.000588725899033582,-0.000588725899033582,1.086811501717103,1.175732284754233,-0.004651553162946631,-0.003326972943881956
T,2023-07-07,1.0,0.0,0.0007854302685188497,0.0007854302685188497,1.087665116366726,1.176655740478354,-0.0038697763650776817,-0.002544155780615731
T,2023-07-10,1.0,0.0,0.0003924069259821916,0.0003924069259821916,1.0880919236915374,1.1771174683404144,-0.0034788879661431515,-0.0021527471989826186
T,2023-07-11,0.0,1.0,0.0,0.0006864427555774988,1.0880919236915374,1.1779254920990205,-0.0034788879661431515,-0.0014677821811243108
T,2023-07-12,1.0,1.0,4.899799108226688e-05,4.899799108226688e-05,1.088145238009911,1.177983208081778,-0.0034300604335825158,-0.0014188561084201856
T,2023-07-13,1.0,0.0,-0.0004899559039686086,-0.0004899559039686086,1.0876120948261727,1.1774060482542026,-0.003918335759190761,-0.0019081168354615485
T,2023-07-14,1.0,0.0,-0.00034313725490198177,-0.00034313725490198177,1.087238894597556,1.1770020363748996,-0.0042601284871164324,-0.002250599344390647
T,2023-07-17,0.0,1.0,0.0,0.0017653116265383684,1.087238894597556,1.1790798117541716,-0.0042601284871164324,-0.0004892607270414739
T,2023-07-18,1.0,1.0,0.000783200352440172,0.000783200352440172,1.0880904204829915,1.1800032674782925,-0.003480264668808797,0.0
T,2023-07-19,1.0,0.0,-0.0004891171435558173,-0.0004891171435558173,1.0875582168045945,1.179426107650717,-0.0039676795552509025,-0.0004891171435557062
T,2023-07-20,1.0,0.0,0.0009297773427943135,0.0009297773427943135,1.0885694037935492,1.1805227113231107,-0.0030415912710105575,0.0
T,2023-07-21,1.0,0.0,0.0008311332746651079,0.0008311332746651079,1.0894741500468244,1.1815038830299893,-0.0022129859640587224,0.0
T,2023-07-24,0.0,1.0,0.0,0.0006838942894826783,1.0894741500468244,1.1823119067885952,-0.0022129859640587224,0.0
T,2023-07-25,1.0,1.0,-0.005613863802782504,-0.005613863802782504,1.0833579905518091,1.175674568771476,-0.007814426365041593,-0.005613863802782393
T,2023-07-26,1.0,0.0,0.0021600392734413276,0.0021600392734413276,1.0856980863585974,1.1782140720128087,-0.005671266559448274,-0.003465950695630826
T,2023-07-27,1.0,0.0,0.0010287057901441354,0.0010287057901441354,1.0868149502663829,1.1794261076507175,-0.004648394834051328,-0.002440810349035649
T,2023-07-28,1.0,0.0,-0.0011255199412771866,-0.0011255199412771866,1.0855917183673798,1.1780986400472937,-0.0057686829142479246,-0.00356358310959215
T,2023-07-31,1.0,0.0,-0.000685871056241516,-0.000685871056241516,1.0848471424288562,1.1772906162886878,-0.006450597397845925,-0.004247010007322194
T,2023-08-01,1.0,0.0,0.00019609765663308742,0.00019609765663308742,1.0850598784112915,1.1775214802197183,-0.006255764688246512,-0.004051745179399213
T,2023-08-02,1.0,0.0,0.0007842368395254429,0.0007842368395254429,1.0859108223410325,1.1784449359438391,-0.005476433849849083,-0.0032706858677077344
T,2023-08-03,1.0,0.0,0.0012733862278382357,0.0012733862278382357,1.087293606226862,1.1799455514955357,-0.004210021237452843,-0.0020014644862090814
T,2023-08-04,1.0,0.0,0.0002934846409705649,0.0002934846409705649,1.087612710200515,1.1802918473920812,-0.0039177721730537796,-0.0017085672443246658
T,2023-08-07,1.0,0.0,0.0005867970660147215,0.0005867970660147215,1.088250918147821,1.1809844391851718,-0.003333274044255541,-0.0011227727605561677
T,2023-08-08,1.0,0.0,0.0003909686247678401,0.0003909686247678401,1.0886763901126917,1.1814461670472323,-0.002943608625056715,-0.0007322431047104283
T,2023-08-09,1.0,0.0,-0.00014655593551538004,-0.00014655593551538004,1.0885168381258652,1.1812730190989595,-0.003089733157256247,-0.0008786917256525806
T,2023-08-10,1.0,0.0,-0.00034201397371369513,-0.00034201397371369513,1.0881445501566036,1.1808690072196568,-0.0034306903990549698,-0.0012204051745174915
T,2023-08-11,1.0,0.0,0.0005865102639297515,0.0005865102639297515,1.0887827581039098,1.1815615990127477,-0.00284619227025662,-0.0006346106907486604
T,2023-08-14,1.0,0.0,0.0008792497069167737,0.0008792497069167737,1.0897400700248687,1.1826004867023838,-0.0019694450770592065,0.0
T,2023-08-15,1.0,0.0,0.002489019033674822,0.002489019033674822,1.0924524538009188,1.1855440018230192,0.0,0.0
T,2023-08-16,1.0,0.0,0.0010710286743584874,0.0010710286743584874,1.0936225017043129,1.1868137534436853,0.0,0.0
T,2023-08-17,1.0,0.0,-0.0009239896902203393,-0.0009239896902203393,1.092612005787745,1.1857171497712917,-0.0009239896902203393,-0.0009239896902203393
T,2023-08-18,1.0,0.0,0.0009735202492211492,0.0009735202492211492,1.0936756856999217,1.1868714694264428,0.0,0.0
T,2023-08-21,1.0,0.0,0.002285547558840806,0.002285547558840806,1.0961753334935367,1.1895841206160482,0.0,0.0
T,2023-08-22,1.0,0.0,0.0,0.0,1.0961753334935367,1.1895841206160482,0.0,0.0
T,2023-08-23,1.0,0.0,-0.0001461062679588565,-0.0001461062679588565,1.0960151754065315,1.189410314919762,-0.00014610626795874548,-0.0001461062679588565
T,2023-08-24,1.0,0.0,0.000146127618119829,0.000146127618119829,1.096175333493537,1.1895841206160482,0.0,0.0
T,2023-08-25,1.0,0.0,-0.0016071689475478657,-0.0016071689475478657,1.0944135945364781,1.1876722579568981,-0.0016071689475478657,-0.0016071689475478657
T,2023-08-28,1.0,0.0,-0.00053658536585377,-0.00053658536585377,1.0938263482174584,1.1870349704038479,-0.002142891930064006,-0.002142891930064006
T,2023-08-29,1.0,0.0,-0.001464200302601304,-0.001464200302601304,1.092224767347405,1.1852969134409843,-0.003603954609652904,-0.003603954609652793
T,2023-08-30,1.0,0.0,0.0010753213744563173,0.0010753213744563173,1.0933992599854443,1.1865714885470846,-0.0025325086446209566,-0.0025325086446206235
T,2023-08-31,1.0,0.0,9.765148186136052e-05,9.765148186136052e-05,1.093506032043448,1.1866873590112756,-0.002435104465981497,-0.002435104465981275
T,2023-09-01,0.0,1.0,-0.0,-0.002978079382902954,1.093506032043448,1.1831533098534526,-0.002435104465981497,-0.005405931914478912
T,2023-09-04,1.0,1.0,-0.0016159044168054804,-0.0016159044168054804,1.0917390308164656,1.1812414471943025,-0.004047073986724992,-0.007013100862026778
T,2023-09-05,1.0,0.0,-0.00039236843395940024,-0.00039236843395940024,1.0913106668826518,1.180777965337539,-0.0044378544766021655,-0.007402717576583728
T,2023-09-06,1.0,0.0,-0.002207938766498163,-0.002207938766498163,1.0889011197549485,1.1781708798932433,-0.0066359947321613655,-0.009594311595967131
T,2023-09-07,1.0,0.0,-0.000885129819040209,-0.000885129819040209,1.087937300903867,1.1771280457155249,-0.007515250834385201,-0.010470949203720714
T,2023-09-08,0.0,1.0,0.0,0.0009351314105718878,1.087937300903867,1.1782288151253386,-0.007515250834385201,-0.009545609506647623
T,2023-09-11,1.0,1.0,0.0005900575306092559,0.0005900575306092559,1.0885792465010962,1.1789240379104842,-0.006929627734125199,-0.008961184434811975
T,2023-09-12,1.0,0.0,0.0004422821760283746,0.0004422821760283746,1.089060705699018,1.1794454549993434,-0.0064904104089300585,-0.008522865630935295
T,2023-09-13,1.0,0.0,0.0014245014245013454,0.0014245014245013454,1.0906120742256546,1.1811255767301116,-0.005075154583301988,-0.007110505040665904
T,2023-09-14,1.0,0.0,0.00132437337518998,0.00132437337518998,1.0920564518194198,1.1826898279966889,-0.0037575026077171225,-0.005795548629035974
T,2023-09-15,0.0,1.0,-0.0,-0.0025472714803564944,1.0920564518194198,1.1796771959277252,-0.0037575026077171225,-0.008328057273656708
T,2023-09-18,0.0,0.0,-0.0,-0.0009822217856793047,1.0920564518194198,1.178518491285816,-0.0037575026077171225,-0.009302099060049418
T,2023-09-19,1.0,1.0,0.0002949562481564527,0.0002949562481564527,1.0923785606932235,1.1788661026783886,-0.003463654658432236,-0.009009886524131705
T,2023-09-20,0.0,1.0,-0.0,-0.00019657951641438576,1.0923785606932235,1.1786343617500068,-0.003463654658432236,-0.009204694881410291
T,2023-09-21,1.0,1.0,0.001474636256390216,0.001474636256390216,1.093989421724525,1.1803724187128708,-0.0019941260327810406,-0.00774363220182106
T,2023-09-22,1.0,0.0,-0.0025031903406302902,-0.0025031903406302902,1.0912509579713123,1.1774177218760022,-0.004492324696388161,-0.010227438757122398
T,2023-09-25,0.0,1.0,-0.0,-0.000541258672440037,1.0912509579713123,1.1767804343229522,-0.004492324696388161,-0.010763161739638427
T,2023-09-26,0.0,0.0,0.0,0.0003938558487592836,1.0912509579713123,1.1772439161797157,-0.004492324696388161,-0.010373545025081476
T,2023-09-27,0.0,0.0,0.0,0.00019685039370087587,1.0912509579713123,1.1774756571080975,-0.004492324696388161,-0.010178736667803001
T,2023-09-28,1.0,1.0,0.0016236961228104363,0.0016236961228104363,1.0930228179207835,1.1793875197672476,-0.0028759227437696877,-0.008571567720255135
T,2023-10-09,1.0,0.0,0.000147369455224311,0.000147369455224311,1.0931838960980083,1.1795613254635342,-0.002728977111713382,-0.008425461452296057
T,2023-10-10,1.0,0.0,-0.0009823182711198308,-0.0009823182711198308,1.0921100415831773,1.178402620821625,-0.0037086146587548274,-0.009399503238688767
T,2023-10-11,1.0,0.0,-0.0020648967551623043,-0.0020648967551623043,1.089854947102032,1.1759693410736156,-0.005765853507542107,-0.011444990990113424
T,2023-10-12,1.0,0.0,0.0007389890629618812,0.0007389890629618812,1.0906603379881552,1.1768383695550475,-0.005031125347261134,-0.01071445965031892
T,2023-10-13,1.0,0.0,0.000935361591099193,0.000935361591099193,1.0916804997772447,1.177939138964861,-0.004100469677571605,-0.00978911995324605
T,2023-10-16,1.0,0.0,0.0009344875073775682,0.0009344875073775682,1.0927006615663342,1.1790399083746748,-0.003169814007882188,-0.00886378025617307
T,2023-10-17,1.0,0.0,-0.0014741290354280956,-0.0014741290354280956,1.0910898797940878,1.1773018514118112,-0.004639270328444356,-0.010324842935761858
T,2023-10-18,1.0,0.0,-0.0005413119433099745,-0.0005413119433099745,1.0904992598109307,1.176664563858761,-0.0051780709793172175,-0.010860565918277887
T,2023-10-19,1.0,0.0,-0.002954209748892156,-0.002954209748892156,1.0872776962664374,1.1731884499330334,-0.008116983620441887,-0.013782691277455905
T,2023-10-20,0.0,1.0,0.0,0.0021728395061728634,1.0872776962664374,1.1757376001452335,-0.008116983620441887,-0.011639799347392121
T,2023-10-23,1.0,1.0,0.0011826155513945391,0.0011826155513945391,1.0885635277787267,1.1771280457155247,-0.00694396734010716,-0.010470949203720825
T,2023-10-24,1.0,0.0,-0.0010827837385569694,-0.0010827837385569694,1.0873848488924616,1.1758534706094246,-0.008019232263747345,-0.011542395168752773
T,2023-10-25,1.0,0.0,0.002315727236893883,0.002315727236893883,1.0899029356040275,1.178576426517911,-0.005722075381425662,-0.009253396970730132
T,2023-10-26,0.0,1.0,-0.0,-0.0004424126235068604,1.0899029356040275,1.1780550094290518,-0.005722075381425662,-0.009691715774606924
T,2023-10-27,1.0,1.0,0.00014753614635587553,0.00014753614635587553,1.0900637356830485,1.1782288151253382,-0.005575383448020665,-0.009545609506648067
T,2023-10-30,1.0,0.0,0.00039337168707276327,0.00039337168707276327,1.090492535893771,1.1786922969821019,-0.005184204958941008,-0.009155992792090895
T,2023-10-31,1.0,0.0,0.0016220201523715616,0.0016220201523715616,1.0922613367630014,1.180604159641252,-0.003570593691486823,-0.00754882384454314
T,2023-11-01,1.0,0.0,0.0002453626459908431,0.0002453626459908431,1.092529336894703,1.1808938358017294,-0.003326107135811829,-0.007305313397944824
T,2023-11-02,0.0,1.0,0.0,0.0017661776971005239,1.092529336894703,1.1829795041571658,-0.003326107135811829,-0.0055520381824382126
T,2023-11-03,1.0,1.0,-0.00039179195846994475,-0.00039179195846994475,1.0921012926861153,1.1825160223004023,-0.0037165959522529324,-0.005941654896995052
T,2023-11-06,1.0,0.0,0.0003919455195726673,0.0003919455195726673,1.092529336894703,1.1829795041571658,-0.003326107135811829,-0.0055520381824382126
T,2023-11-07,0.0,1.0,-0.0,-0.000489739948087542,1.092529336894703,1.1824001518362113,-0.003326107135811829,-0.006039059075634401
T,2023-11-08,1.0,1.0,0.001028957812729825,0.001028957812729825,1.0936535034915373,1.183616791710216,-0.0023005717470054865,-0.005016315199922072
T,2023-11-09,0.0,1.0,-0.0,-0.00034263338228102125,1.0936535034915373,1.1832112450855479,-0.0023005717470054865,-0.005357229825159404
T,2023-11-10,1.0,1.0,0.0006365372374284028,0.0006365372374284028,1.0943496546713538,1.183964403102789,-0.0016654989091613448,-0.004724102664004137
T,2023-11-13,0.0,1.0,0.0,0.00014679976512033122,1.0943496546713538,1.1841382087990753,-0.0016654989091613448,-0.004577996396045281
T,2023-11-14,0.0,0.0,-0.0,-0.0010763735994911983,1.0943496546713538,1.1828636336929752,-0.0016654989091613448,-0.005649442361077117
T,2023-11-15,0.0,0.0,-0.0,-9.795758436592639e-05,1.0943496546713538,1.1827477632287844,-0.0016654989091613448,-0.005746846539716355
T,2023-11-16,0.0,0.0,0.0,0.001224589762429673,1.0943496546713538,1.184196144031171,-0.0016654989091613448,-0.00452929430672544
T,2023-11-17,1.0,1.0,0.0,0.0,1.0943496546713538,1.184196144031171,-0.0016654989091613448,-0.00452929430672544
T,2023-11-20,1.0,0.0,-4.8923679060730585e-05,-4.8923679060730585e-05,1.0942961150600685,1.1841382087990755,-0.0017143411058879732,-0.004577996396045059
T,2023-11-21,1.0,0.0,-0.0009295953813787117,-0.0009295953813787117,1.093278862445648,1.1830374393892618,-0.00264234284369258,-0.00550333609311815
T,2023-11-22,1.0,0.0,0.0,0.0,1.093278862445648,1.1830374393892618,-0.00264234284369258,-0.00550333609311815
T,2023-11-23,1.0,0.0,-0.002747657131642267,-0.002747657131642267,1.0902749069823754,1.179786858131924,-0.005382739723176155,-0.008235871944096362
T,2023-11-24,1.0,0.0,0.000688806888068827,0.000688806888068827,1.0910258958481935,1.1805995034462584,-0.004697640503305234,-0.007552737981351809
T,2023-11-27,1.0,0.0,-0.0010816657652785722,-0.0010816657652785722,1.089845770487622,1.1793224893808758,-0.005774224991673904,-0.00862623420852171
T,2023-11-28,0.0,1.0,0.0,0.002362553526603417,1.089845770487622,1.1821087018871652,-0.005774224991673904,-0.0062840606219690676
T,2023-11-29,1.0,1.0,0.0006874539651362532,0.0006874539651362532,1.0905949892839308,1.1829213472014997,-0.005090740540403704,-0.005600926659224514
T,2023-11-30,1.0,0.0,0.00019628048481279414,0.00019628048481279414,1.0908090517971618,1.1831535315770239,-0.0048954592686122345,-0.005405745527011674
T,2023-12-01,1.0,0.0,0.0005396654074472096,0.0005396654074472096,1.091397723708547,1.183792038609715,-0.004358435771185887,-0.004868997413426945
T,2023-12-04,1.0,0.0,-0.0007355104442483551,-0.0007355104442483551,1.0905949892839306,1.1829213472014994,-0.005090740540403926,-0.005600926659224736
T,2023-12-05,1.0,0.0,0.0010304725452672248,0.0010304725452672248,1.0917188174783936,1.184140315173001,-0.0040655138634987376,-0.004576225715107962
T,2023-12-06,0.0,1.0,-0.0,-0.0002941176470588891,1.0917188174783936,1.1837920386097147,-0.0040655138634987376,-0.004868997413427167
T,2023-12-07,1.0,1.0,0.0008826125330980705,0.0008826125330980705,1.092682382189319,1.1848368682995734,-0.003186489603890119,-0.003990682318469774
T,2023-12-08,0.0,1.0,-0.0,-4.899078973152893e-05,1.092682382189319,1.1847788222056923,-0.003186489603890119,-0.004039477601523012
T,2023-12-11,1.0,1.0,0.001910734407917225,0.001910734407917225,1.094770208013893,1.1870426198670523,-0.0012818437312995812,-0.0021364615624490657
T,2023-12-12,1.0,0.0,-0.0003422982885085135,-0.0003422982885085135,1.0943954700453797,1.1866362972098852,-0.0016237032468927604,-0.002478028543821287
T,2023-12-13,1.0,0.0,0.002543657975835112,0.002543657975835112,1.0971792378114784,1.1896546940916986,0.0,0.0
T,2023-12-14,1.0,0.0,-0.0011710173212977626,-0.0011710173212977626,1.0958944219194329,1.188261587838554,-0.0011710173212977626,-0.0011710173212976516
T,2023-12-15,1.0,0.0,0.0017097357237065847,0.0017097357237065847,1.0977681117619993,1.1902932011243899,0.0,0.0
T,2023-12-18,1.0,0.0,-0.0005364283624306188,-0.0005364283624306188,1.0971792378114782,1.1896546940916983,-0.0005364283624306188,-0.0005364283624307298
T,2023-12-19,1.0,0.0,0.0005367162722615948,0.0005367162722615948,1.0977681117619993,1.1902932011243896,0.0,-2.220446049250313e-16
T,2023-12-20,1.0,0.0,-0.0004876621476640475,-0.0004876621476640475,1.0972327718069803,1.1897127401855794,-0.0004876621476640475,-0.0004876621476642695
T,2023-12-21,0.0,1.0,0.0,0.0010733801717408564,1.0972327718069803,1.190989754250962,-0.0004876621476640475,0.0
T,2023-12-22,1.0,1.0,0.0007798030997172578,0.0007798030997172578,1.0980883973235467,1.1919184917530583,0.0,0.0
T,2023-12-25,1.0,0.0,0.0018018895490405917,0.0018018895490405917,1.1000670313306067,1.1940661972266564,0.0,0.0
T,2023-12-26,1.0,0.0,-9.722424772740101e-05,-9.722424772740101e-05,1.099960078141036,1.1939501050388943,-9.722424772728999e-05,-9.722424772740101e-05
T,2023-12-27,0.0,1.0,0.0,0.000777869609606574,1.099960078141036,1.1948788425409906,-9.722424772728999e-05,0.0
T,2023-12-28,1.0,1.0,-0.0011658974981781922,-0.0011658974981781922,1.0986776374378353,1.193485736287846,-0.001263008392398457,-0.0011658974981783032
T,2023-12-29,1.0,0.0,0.00038908613394283975,0.00038908613394283975,1.0991051176722355,1.193950105038894,-0.000874413677508068,-0.0007772649987856095
T,2024-01-02,1.0,0.0,-0.001166804414410083,-0.001166804414410083,1.097822676969035,1.1925569987857494,-0.002040197822179124,-0.0019431624969639127
T,2024-01-03,1.0,0.0,0.0008761255779996535,0.0008761255779996535,1.0987845074964355,1.193601828475608,-0.0011658597136756654,-0.0010687393733300743
T,2024-01-04,1.0,0.0,0.0,0.0,1.0987845074964355,1.193601828475608,-0.0011658597136756654,-0.0010687393733300743
T,2024-01-05,1.0,0.0,0.001313037980839482,0.001313037980839482,1.1002272532875363,1.1951690730103959,0.0,0.0
T,2024-01-08,1.0,0.0,-0.0002428363283147883,-0.0002428363283147883,1.0999600781410361,1.1948788425409906,-0.0002428363283147883,-0.0002428363283147883
T,2024-01-09,1.0,0.0,0.0017488462472674549,0.0017488462472674549,1.1018837391958372,1.1969685019207077,0.0,0.0
T,2024-01-10,1.0,0.0,-0.001357839096067126,-0.001357839096067126,1.1003875583754363,1.1953432112920388,-0.001357839096067237,-0.001357839096067126
T,2024-01-11,1.0,0.0,0.00024280095177964256,0.00024280095177964256,1.1006547335219363,1.1956334417614438,-0.001115367828912528,-0.001115367828912417
T,2024-01-12,1.0,0.0,-0.0021361297213321473,-0.0021361297213321473,1.098303592232735,1.1930794136306786,-0.003249114979875123,-0.003249114979875012
T,2024-01-15,1.0,0.0,0.0005838279653596068,0.0005838279653596068,1.0989448125843355,1.193775966757251,-0.0026671839387034657,-0.0026671839387033547
T,2024-01-16,0.0,1.0,-0.0,-0.00048623942429248945,1.0989448125843355,1.1931955058184407,-0.0026671839387034657,-0.003152126473012995
T,2024-01-17,1.0,1.0,0.0015080755010703495,0.0015080755010703495,1.1006021043332224,1.1949949347287527,-0.001163130752387831,-0.0016488046166528436
T,2024-01-18,1.0,0.0,-0.0007771894885121311,-0.0007771894885121311,1.0997467279467001,1.1940661972266564,-0.0019394162679055027,-0.0024247126715483125
T,2024-01-19,0.0,1.0,0.0,0.0013611394681833922,1.0997467279467001,1.1956914878553253,-0.0019394162679055027,-0.0010668735754810754
T,2024-01-22,1.0,1.0,0.001262197194038528,0.001262197194038528,1.1011348251808675,1.197200686296232,-0.0006796669996385063,0.0
T,2024-01-23,1.0,0.0,-0.001018181818181807,-0.001018181818181807,1.1000136697225016,1.1959817183247305,-0.0016971567932387854,-0.001018181818181807
T,2024-01-24,0.0,1.0,0.0,0.0003882741215297525,1.1000136697225016,1.1964460870757787,-0.0016971567932387854,-0.0006303030303030921
T,2024-01-25,1.0,1.0,0.0008732777023092719,0.0008732777023092719,1.1009742871325057,1.1974909167656371,-0.0008253611801143368,0.0
T,2024-01-26,0.0,1.0,-0.0,-0.0005332040717402897,1.1009742871325057,1.1968524097329456,-0.0008253611801143368,-0.0005332040717404007
T,2024-01-29,1.0,1.0,0.001115476017265582,0.001115476017265582,1.102202397545428,1.1981874698922093,0.0,0.0
T,2024-01-30,1.0,0.0,0.0023253560701483877,0.0023253560701483877,1.1047654105810925,1.2009736823984989,0.0,0.0
T,2024-01-31,1.0,0.0,0.001159980666988858,0.001159980666988858,1.1060469170989244,1.2023667886516436,0.0,0.0
T,2024-02-01,1.0,0.0,-0.0007241479192815481,-0.0007241479192815481,1.1052459755252795,1.2014960972434283,-0.0007241479192815481,-0.0007241479192815481
T,2024-02-02,1.0,0.0,0.00028986907580086374,0.00028986907580086374,1.1055663521547376,1.2018443738067146,-0.00043448875156881783,-0.0004344887515687068
T,2024-02-05,0.0,1.0,0.0,0.0009176527408838453,1.1055663521547376,1.202947249590454,-0.00043448875156881783,0.0
T,2024-02-06,1.0,1.0,-0.003281219841729466,-0.003281219841729466,1.1019387459036991,1.199000115206544,-0.003714282940185498,-0.003281219841729466
T,2024-02-07,1.0,0.0,0.0012587141750579622,0.0012587141750579622,1.1033257718232137,1.2005093136474505,-0.0024602439857145386,-0.00202663578459783
T,2024-02-08,1.0,0.0,-0.0015472391451503142,-0.0015472391451503142,1.1016186629991955,1.1986518386432576,-0.004003676545063617,-0.0035707392395292192
T,2024-02-19,1.0,0.0,0.0015980629539951163,0.0015980629539951163,1.1033791189739641,1.2005673597413316,-0.0024120117182350187,-0.001978382551631186
T,2024-02-20,1.0,0.0,0.0007735821689309752,0.0007735821689309752,1.104232673385973,1.201496097243428,-0.0016402954385605906,-0.0012063308241654358
T,2024-02-21,1.0,0.0,0.0,0.0,1.104232673385973,1.201496097243428,-0.0016402954385605906,-0.0012063308241654358
T,2024-02-22,0.0,1.0,0.0,0.0012060980316479508,1.104232673385973,1.2029452193213461,-0.0016402954385605906,-1.687745749934244e-06
T,2024-02-23,1.0,1.0,4.818580446186438e-05,4.818580446186438e-05,1.1042858817256533,1.2030031842044626,-0.0015921886730538848,0.0
T,2024-02-26,1.0,0.0,0.0010600366194468691,0.0010600366194468691,1.1054564651986207,1.2042784116330305,-0.0005338398319054694,0.0
T,2024-02-27,1.0,0.0,-0.000288794763188327,-0.000288794763188327,1.1051372151605388,1.2039306223343302,-0.0008224804249459261,-0.00028879476318821595
T,2024-02-28,1.0,0.0,0.0017332691381801713,0.0017332691381801713,1.1070527153890308,1.2060173581265323,0.0,0.0
T,2024-02-29,1.0,0.0,0.0005767567047967326,0.0005767567047967326,1.1076912154651948,1.206712936723933,0.0,0.0
T,2024-03-01,1.0,0.0,-0.004323181861850323,-0.004323181861850323,1.1029024648939647,1.201496097243428,-0.004323181861850323,-0.004323181861850323
T,2024-03-04,1.0,0.0,0.0022192203782323006,0.0022192203782323006,1.10535004851926,1.2041624818667973,-0.0021135555769046244,-0.0021135555769046244
T,2024-03-05,1.0,0.0,0.0008664677000094212,0.0008664677000094212,1.1063077986335057,1.2052058497628981,-0.0012489192045348485,-0.0012489192045347375
T,2024-03-06,1.0,0.0,0.002260484801846818,0.002260484801846818,1.1088085905984812,1.207930199269384,0.0,0.0
T,2024-03-07,1.0,0.0,-0.0006718172657036448,-0.0006718172657036448,1.1080636738429566,1.20711869090575,-0.0006718172657037558,-0.0006718172657036448
T,2024-03-08,1.0,0.0,-0.0006722689075630006,-0.0006722689075630006,1.1073187570874319,1.2063071825421159,-0.0013436345314075115,-0.0013436345314074005
T,2024-03-11,1.0,0.0,-0.0006727211570805025,-0.0006727211570805025,1.106573840331907,1.2054956741784817,-0.0020154517971113783,-0.0020154517971111563
T,2024-03-12,0.0,1.0,-0.0,-0.0018752704717025503,1.106573840331907,1.2032350437369297,-0.0020154517971113783,-0.0038869427515714206
T,2024-03-13,0.0,0.0,0.0,0.0009153097600924642,1.106573840331907,1.2043363765161474,-0.0020154517971113783,-0.002975190748116363
T,2024-03-14,1.0,1.0,-0.001636424892910493,-0.001636424892910493,1.1047630153537442,1.2023655704901788,-0.0036485785545307126,-0.004606746964825437
T,2024-03-15,0.0,1.0,0.0,0.0013498529624451638,1.1047630153537442,1.203988587217447,-0.0036485785545307126,-0.003263112433418036
T,2024-03-18,1.0,1.0,0.0004814404698858521,0.0004814404698858521,1.1052948929789685,1.204568236048614,-0.0031688946580186172,-0.0027832429579155438
T,2024-03-19,1.0,0.0,0.0018767143063374014,0.0018767143063374014,1.1073692157173438,1.206828866490166,-0.001298127461621279,-0.0009117520034552795
T,2024-03-20,1.0,0.0,-0.001681075888568695,-0.001681075888568695,1.105507644029058,1.2048000955810807,-0.002977021099414001,-0.0025912951677146134
T,2024-03-21,1.0,0.0,0.0013952369497232109,0.0013952369497232109,1.1070500891422088,1.2064810771914656,-0.0015859377995288693,-0.0011996736887569526
T,2024-03-22,0.0,1.0,-0.0,-0.0024983184395117597,1.1070500891422088,1.203466903269396,-0.0015859377995288693,-0.0036949949613707123
T,2024-03-25,1.0,1.0,-0.0001444947500240934,-0.0001444947500240934,1.106890126216314,1.203293008620046,-0.0017302033898670688,-0.0038389558040214933
T,2024-03-26,0.0,1.0,-0.0,-0.0002890312635484005,1.106890126216314,1.2029452193213455,-0.0017302033898670688,-0.004126877489323277
T,2024-03-27,1.0,1.0,0.0013973883293980638,0.0013973883293980638,1.1084368815606147,1.2046262009317303,-0.00033523282649339237,-0.0027352560103656165
T,2024-03-28,1.0,0.0,-9.623712828399356e-05,-9.623712828399356e-05,1.1083302087782492,1.204510271165497,-0.00043143769293296774,-0.002831229905466137
T,2024-03-29,1.0,0.0,0.0020211742059672577,0.0020211742059672577,1.110570337207926,1.2069447962563993,0.0,-0.0008157781083549809
T,2024-04-01,1.0,0.0,-0.003121698203822909,-0.003121698203822909,1.107103471781045,1.2031770788538123,-0.003121698203822909,-0.003934929699122236
T,2024-04-02,1.0,0.0,0.0012044129691188843,0.0012044129691188843,1.1084368815606147,1.2046262009317303,-0.0019210450485064312,-0.0027352560103656165
T,2024-04-03,1.0,0.0,0.0011067269752671471,0.0011067269752671471,1.1096636185578188,1.2059593932434152,-0.0008164441456152138,-0.0016315562167092956
T,2024-04-08,1.0,0.0,0.0008171112713288853,0.0008171112713288853,1.110570337207926,1.2069447962563993,0.0,-0.0008157781083549809
T,2024-04-09,1.0,0.0,0.0012486792815291636,0.0012486792815291636,1.1119570833786785,1.208451883217434,0.0,0.0
T,2024-04-10,1.0,0.0,-0.0009593246354565599,-0.0009593246354565599,1.110890355555023,1.2072925855550996,-0.0009593246354565599,-0.0009593246354566709
T,2024-04-11,1.0,0.0,0.0003360860380257069,0.0003360860380257069,1.1112637102933023,1.2076983397369165,-0.0006235610130468361,-0.0006235610130468361
T,2024-04-12,1.0,0.0,0.002111831053515756,0.002111831053515756,1.1136105115053447,1.2102487945940523,0.0,0.0
T,2024-04-15,1.0,0.0,0.00019158005651620513,0.00019158005651620513,1.113823857070076,1.2104806541265194,0.0,0.0
T,2024-04-16,1.0,0.0,0.0004309725614135562,0.0004309725614135562,1.114303884590721,1.2110023380745698,0.0,0.0
T,2024-04-17,1.0,0.0,4.78652115643019e-05,4.78652115643019e-05,1.1143572209819037,1.2110603029576865,0.0,0.0
T,2024-04-18,1.0,0.0,0.0013880246972670651,0.0013880246972670651,1.1159039763262044,1.2127412845680716,0.0,0.0
T,2024-04-19,1.0,0.0,-0.00033457604435516153,-0.00033457604435516153,1.115530621587925,1.2123355303862546,-0.00033457604435516153,-0.00033457604435516153
T,2024-04-22,1.0,0.0,0.0006693760459000053,0.0006693760459000053,1.116277331064484,1.2131470387498886,0.0,0.0
T,2024-04-23,1.0,0.0,0.0019112236609488686,0.0019112236609488686,1.1184107867117954,1.2154656340745575,0.0,0.0
T,2024-04-24,1.0,0.0,-0.0034813295817635037,-0.0034813295817635037,1.1145172301554522,1.2112341976070369,-0.0034813295817635037,-0.0034813295817635037
T,2024-04-25,1.0,0.0,-9.57120980091819e-05,-9.57120980091819e-05,1.1144105573730867,1.2111182678408035,-0.0035767084744144917,-0.0035767084744144917
T,2024-04-26,1.0,0.0,-0.0026323346415239035,-0.0026323346415239035,1.1114770558580336,1.2079301992693836,-0.0061996280223185485,-0.0061996280223186595
T,2024-04-29,1.0,0.0,-0.003934929699121792,-0.003934929699121792,1.1071034717810453,1.2031770788538123,-0.010110162621011942,-0.010110162621011942
T,2024-04-30,1.0,0.0,0.0031796502384737746,0.0031796502384737746,1.110623673599109,1.207002761139516,-0.006962659163527007,-0.0069626591635271184
T,2024-05-06,1.0,0.0,0.0,0.0,1.110623673599109,1.207002761139516,-0.006962659163527007,-0.0069626591635271184
T,2024-05-07,1.0,0.0,0.0024972386303607763,0.0024972386303607763,1.1133971659406139,1.2100169350615857,-0.004482807954599433,-0.004482807954599544
T,2024-05-08,1.0,0.0,0.0004790419161675441,0.0004790419161675441,1.1139305298524416,1.2105965838927528,-0.004005913491344382,-0.004005913491344382
T,2024-05-09,1.0,0.0,-0.002011012688532432,-0.002011012688532432,1.1116904014227647,1.2081620588018505,-0.0060088702370165725,-0.0060088702370165725
T,2024-05-10,1.0,0.0,0.0007676438132706576,0.0007676438132706576,1.1125437836816892,1.209089496931718,-0.005245839095808114,-0.005245839095808114
T,2024-05-13,0.0,1.0,0.0,0.0014382281029770017,1.1125437836816892,1.2108284434252197,-0.005245839095808114,-0.0038151557060422947
T,2024-05-14,1.0,1.0,0.00019148834314730578,0.00019148834314730578,1.112756822847505,1.2110603029576867,-0.005055355269697803,-0.0036243979207400967
T,2024-05-15,1.0,0.0,-0.00023931460297710316,-0.00023931460297710316,1.1124905238902354,1.2107704785421032,-0.005293460052335441,-0.0038628451523676777
T,2024-05-16,1.0,0.0,-0.001627728839525111,-0.001627728839525111,1.1106796909808008,1.2087996725161345,-0.00691257257427258,-0.0054842863274356946
T,2024-05-17,1.0,0.0,-0.0001918097247529671,-0.0001918097247529671,1.110466651814985,1.2085678129836677,-0.007103056400382779,-0.0056750441127377815
T,2024-05-20,0.0,1.0,0.0,0.0,1.110466651814985,1.2085678129836677,-0.007103056400382779,-0.0056750441127377815
T,2024-05-21,1.0,1.0,-0.0006712696586115285,-0.0006712696586115285,1.1097212292447216,1.2077565380804371,-0.007769557992749365,-0.0063425042864252434
T,2024-05-22,1.0,0.0,0.0006237405239422067,0.0006237405239422067,1.1104134073456804,1.208509864776294,-0.007150663656980472,-0.005722719839429846
T,2024-05-23,1.0,0.0,0.0008151522416686152,0.0008151522416686152,1.1113185633238571,1.209494984301645,-0.006341340294821252,-0.004912232485666745
T,2024-05-24,1.0,0.0,-0.0005270218474510147,-0.0005270218474510147,1.1107328741615077,1.2088575540205355,-0.006865020117394649,-0.005436665479278124
T,2024-05-27,0.0,1.0,0.0,0.00038349072431809184,1.1107328741615077,1.2093211396795243,-0.006865020117394649,-0.005055259665742495
T,2024-05-28,0.0,0.0,0.0,0.0011500311466769997,1.1107328741615077,1.2107118966564907,-0.006865020117394649,-0.003911042225135608
T,2024-05-29,1.0,1.0,0.0003350404441677668,0.0003350404441677668,1.1111050145970185,1.2111175341081057,-0.006532279732616275,-0.0035773121382920436
T,2024-05-30,1.0,0.0,-0.00014354066985644565,-0.00014354066985644565,1.1109455258389425,1.210943689485985,-0.006674882754664102,-0.0037203393183677935
T,2024-05-31,1.0,0.0,-0.0012920514906445968,-0.0012920514906445968,1.1095101270162573,1.209379087886898,-0.007958309953095766,-0.005007583939050542
T,2024-06-03,0.0,1.0,0.0,0.001724964063248846,1.1095101270162573,1.2114652233523475,-0.007958309953095766,-0.003291257778140211
T,2024-06-04,1.0,1.0,0.0004304984215057761,0.0004304984215057761,1.1099877693745825,1.2119867572187097,-0.007531237571462568,-0.002862176237912739
T,2024-06-05,1.0,0.0,0.0009084389194358167,0.0009084389194358167,1.11099612546438,1.2130877731588081,-0.0066296403213481625,-0.001956337430765731
T,2024-06-06,1.0,0.0,4.77691793254742e-05,4.77691793254742e-05,1.1110491968375273,1.2131457213661816,-0.006582187834500042,-0.0019086617040738885
T,2024-06-07,1.0,0.0,0.00019106759015996566,0.00019106759015996566,1.1112614823301163,1.213377514195676,-0.006392377887107559,-0.001717958797306074
T,2024-06-11,1.0,0.0,0.0006208510435075087,0.0006208510435075087,1.1119514101810306,1.214130840891533,-0.005775495558081878,-0.0010981743503104546
T,2024-06-12,0.0,1.0,-0.0,-0.0006204658266515395,1.1119514101810306,1.2133775141956762,-0.005775495558081878,-0.0017179587973058519
T,2024-06-13,1.0,1.0,0.00023878886288741796,0.00023878886288741796,1.1122169317938537,1.213667255232544,-0.005538085819211447,-0.0014795801638461947
T,2024-06-14,1.0,0.0,0.00033422459893039935,0.00033422459893039935,1.1125886620518062,1.214072892684159,-0.00520571218479271,-0.0011458500770027413
T,2024-06-17,1.0,0.0,9.546083719169651e-05,9.546083719169651e-05,1.1126948706969357,1.2141887890989065,-0.0051107482892442935,-0.001050498623618612
T,2024-06-18,1.0,0.0,0.0008590655276095038,0.0008590655276095038,1.1136507485030993,1.2152318568316314,-0.004256073229310431,-0.0001923355431634466
T,2024-06-19,1.0,0.0,0.0011444375566256326,0.0011444375566256326,1.1149252522446504,1.2166226138085974,-0.0031165064827322064,0.0
T,2024-06-20,0.0,1.0,0.0,0.00038104310550135523,1.1149252522446504,1.2170861994675861,-0.0031165064827322064,0.0
T,2024-06-21,1.0,1.0,-0.000999857163262452,-0.000999857163262452,1.1138104862446914,1.2158692871127406,-0.004113247584663582,-0.000999857163262452
T,2024-06-24,1.0,0.0,0.001382137069869449,0.001382137069869449,1.1153499250065395,1.2175497851265749,-0.0027367955867584337,0.0
T,2024-06-25,1.0,0.0,0.0009042882299747923,0.0009042882299747923,1.1163585228160262,1.2186508010666732,-0.0018349822088206125,0.0
T,2024-06-26,1.0,0.0,-0.00014265335235374987,-0.00014265335235374987,1.1161992705303179,1.2184769564445526,-0.0019773737948106662,-0.00014265335235363885
T,2024-06-27,1.0,0.0,0.001616968659342799,0.001616968659342799,1.1180041297683467,1.2204471954952547,-0.0003636024869219101,0.0
T,2024-06-28,0.0,1.0,0.0,0.00014244337875690682,1.1180041297683467,1.2206210401173754,-0.0003636024869219101,0.0
T,2024-07-01,1.0,1.0,-0.0032757311052031834,-0.0032757311052031834,1.114341848864719,1.2166226138085974,-0.003638142528148647,-0.0032757311052031834
T,2024-07-02,0.0,1.0,0.0,0.0025244105739461453,1.114341848864719,1.219693868799398,-0.003638142528148647,-0.0007595898214963759
T,2024-07-03,1.0,1.0,0.0012352717597872154,0.0012352717597872154,1.1157183638813706,1.2212005221911113,-0.0024073648630846822,0.0
T,2024-07-04,1.0,0.0,-0.0009490367277213974,-0.0009490367277213974,1.1146595061762539,1.2200415580436395,-0.003354116913134031,-0.0009490367277213974
T,2024-07-05,0.0,1.0,-0.0,-0.0012824166429181716,1.1146595061762539,1.2184769564445526,-0.003354116913134031,-0.002230236310145073
T,2024-07-08,1.0,1.0,-0.002473010890759575,-0.002473010890759575,1.1119029410779913,1.2154636496611255,-0.005818833036238535,-0.004697731802220773
T,2024-07-09,1.0,0.0,0.0020023837902263253,0.0020023837902263253,1.1141293975035107,1.2178974743708162,-0.0038281007829621405,-0.0027047546740061046
T,2024-07-10,1.0,0.0,0.00023790265023548862,0.00023790265023548862,1.114394451839882,1.218187215407684,-0.0035911088480482523,-0.0024674954920758108
T,2024-07-11,1.0,0.0,0.0001902768528208032,0.0001902768528208032,1.1146064953089792,1.2184190082371784,-0.0034015153001171194,-0.00227768814653162
T,2024-07-12,1.0,0.0,0.0010938837629601572,0.0010938837629601572,1.1158257452562876,1.2197518170067712,-0.002311352399513189,-0.0011862959096519132
T,2024-07-15,1.0,0.0,0.0009026557081095454,0.0009026557081095454,1.1168329517344988,1.2208528329468693,-0.0014107830468405025,-0.00028471101831673007
T,2024-07-16,0.0,1.0,0.0,0.00037972280235409883,1.1168329517344988,1.2213164186058578,-0.0014107830468405025,0.0
T,2024-07-17,1.0,1.0,0.0005219206680584509,0.0005219206680584509,1.1174158499347777,1.2219538488869675,-0.000889598695612448,0.0
T,2024-07-18,1.0,0.0,-0.001280409731113985,-0.001280409731113985,1.1159850998068201,1.2203892472878803,-0.0021688693758997735,-0.001280409731113985
T,2024-07-19,1.0,0.0,0.001519468186134798,0.001519468186134798,1.117680803662177,1.2222435899238353,-0.0006526967177816756,0.0
T,2024-07-22,1.0,0.0,0.002417978380428787,0.002417978380428787,1.1203833316816525,1.2251989484998889,0.0,0.0
T,2024-07-23,1.0,0.0,0.001466206309416851,0.001466206309416851,1.1220260447915296,1.2269953429284703,0.0,0.0
T,2024-07-24,1.0,0.0,-9.445546424868834e-05,-9.445546424868834e-05,1.1219200633005697,1.2268794465137232,-9.445546424868834e-05,-9.445546424857731e-05
T,2024-07-25,1.0,0.0,-0.00023616096731537972,-0.00023616096731537972,1.1216551095731702,1.226589705476855,-0.0003305941248701316,-0.00033059412487024264
T,2024-07-26,1.0,0.0,0.0008503803089714435,0.0008503803089714435,1.1226089429918085,1.2276327732095798,0.0,0.0
T,2024-07-29,1.0,0.0,0.00023601604909129215,0.00023601604909129215,1.122873896719208,1.2279225142464476,0.0,0.0
T,2024-07-30,1.0,0.0,9.43841434637438e-05,9.43841434637438e-05,1.1229798782101676,1.2280384106611946,0.0,0.0
T,2024-07-31,1.0,0.0,0.0014628161570404696,0.0014628161570404696,1.1246225913200447,1.229834805089776,0.0,0.0
T,2024-08-01,1.0,0.0,0.001413560759553345,0.001413560759553345,1.126212313684442,1.2315732513109838,0.0,0.0
T,2024-08-02,1.0,0.0,0.0004234696278173633,0.0004234696278173633,1.1266892303937612,1.2320947851773463,0.0,0.0
T,2024-08-05,1.0,0.0,0.0022575486783933396,0.0022575486783933396,1.1292327861767966,1.2348762991312787,0.0,0.0
T,2024-08-06,1.0,0.0,-0.0022524636320975233,-0.0022524636320975233,1.1266892303937612,1.2320947851773463,-0.0022524636320975233,-0.0022524636320975233
T,2024-08-07,1.0,0.0,0.0019283228294610932,0.0019283228294610932,1.1288618509584374,1.2344706616796637,-0.0003284842796807963,-0.0003284842796807963
T,2024-08-08,1.0,0.0,-0.0030512134441158523,-0.0030512134441158523,1.1254174525022436,1.23070402820038,-0.003378695448146174,-0.003378695448146396
T,2024-08-09,1.0,0.0,-0.0023071852340145194,-0.0023071852340145194,1.1228209059737282,1.227864566039074,-0.005678085405912525,-0.005678085405912747
T,2024-08-12,1.0,0.0,-0.005993675963943512,-0.005993675963943512,1.1160910812977802,1.2205051437026275,-0.011637728765837352,-0.011637728765837574
T,2024-08-13,1.0,0.0,0.002136549235590035,0.002136549235590035,1.1184756648443759,1.223112813034439,-0.009526044110745868,-0.009526044110746201
T,2024-08-14,1.0,0.0,0.0014687070640071465,0.0014687070640071465,1.120118377954253,1.2249092074630203,-0.0080713280150162,-0.008071328015016643
T,2024-08-15,1.0,0.0,-0.0013719367962909956,-0.0013719367962909956,1.1185816463353357,1.2232287094491863,-0.009432191459408434,-0.009432191459408878
T,2024-08-16,1.0,0.0,0.0014211947510540668,0.0014211947510540668,1.120171368699733,1.224967155670394,-0.008024401689347371,-0.008024401689347815
T,2024-08-19,1.0,0.0,0.0009934244760869682,0.0009934244760869682,1.1212841743548112,1.2261840680252396,-0.007038948850304538,-0.007038948850305093
T,2024-08-20,1.0,0.0,0.0,0.0,1.1212841743548112,1.2261840680252396,-0.007038948850304538,-0.007038948850305093
T,2024-08-21,1.0,0.0,-0.0025994895547784003,-0.0025994895547784003,1.1183694078556377,1.2229966153481724,-0.00962014073106987,-0.009620140731070426
T,2024-08-22,0.0,1.0,0.0,0.003269677297066842,1.1183694078556377,1.226995419615766,-0.00962014073106987,-0.006381918189746538
T,2024-08-23,1.0,1.0,0.0008501794823352338,0.0008501794823352338,1.119320222579868,1.2280385859464427,-0.00877814009500133,-0.005537164483314094
T,2024-08-26,1.0,0.0,0.0004719207173193851,0.0004719207173193851,1.119848452982218,1.2286181227968185,-0.008310361963852375,-0.005067856868629539
T,2024-08-27,1.0,0.0,-0.002452830188679256,-0.002452830188679256,1.1171016548899975,1.225604531174864,-0.01074280824582774,-0.007508256464989538
T,2024-08-28,1.0,0.0,0.00151314545110659,0.00151314545110659,1.118791992177518,1.2274590490960668,-0.009245918226150285,-0.00600647209799865
T,2024-08-29,1.0,0.0,-0.0006610009442871156,-0.0006610009442871156,1.1180524696142278,1.2266476975055405,-0.009900807609759199,-0.006663502758557205
T,2024-08-30,1.0,0.0,-0.0007086837380705369,-0.0007086837380705369,1.1172601240107025,1.2257783922299765,-0.01060247480648302,-0.0073674641805843155
T,2024-09-02,0.0,1.0,0.0,0.002600349865254703,1.1172601240107025,1.228965844907044,-0.01060247480648302,-0.004786272299818761
T,2024-09-03,1.0,1.0,0.0003300952560596482,0.0003300952560596482,1.117628926277423,1.229371520702307,-0.010275879377059427,-0.004457756969539539
T,2024-09-04,1.0,0.0,0.0006128317541129746,0.0006128317541129746,1.118313844772761,1.2301249186077956,-0.009669345008130215,-0.0038476570704496504
T,2024-09-05,1.0,0.0,0.00023556016206538466,0.00023556016206538466,1.1185772749632756,1.2304146870329835,-0.009436062558542013,-0.0036130032631073172
T,2024-09-06,1.0,0.0,0.0013188262446421906,0.0013188262446421906,1.1200524840301576,1.2320373902140358,-0.008129680840848086,-0.00229894194199054
T,2024-09-09,0.0,1.0,0.0,0.0009407780234254037,1.1200524840301576,1.2331964639147877,-0.008129680840848086,-0.001360326712621207
T,2024-09-10,0.0,0.0,0.0,0.0019267822736031004,1.1200524840301576,1.2355725650013287,-0.008129680840848086,0.0
T,2024-09-11,0.0,0.0,0.0,0.0009380863039401,1.1200524840301576,1.2367316387020806,-0.008129680840848086,0.0
T,2024-09-12,0.0,0.0,-0.0,-0.0006091846298031944,1.1200524840301576,1.235978240796592,-0.008129680840848086,-0.0006091846298031944
T,2024-09-13,0.0,0.0,0.0,0.0015942232850376659,1.1200524840301576,1.2379486660878698,-0.008129680840848086,0.0
T,2024-09-18,1.0,1.0,0.0009362857544121805,0.0009362857544121805,1.121101173215149,1.2391077397886214,-0.00720100679079505,0.0
T,2024-09-19,1.0,0.0,-0.0011224919320892424,-0.0011224919320892424,1.1198427461931593,1.2377168513477195,-0.008315415650858693,-0.0011224919320891313
T,2024-09-20,1.0,0.0,0.001685630004214067,0.001685630004214067,1.121730386726144,1.2398031840090726,-0.006643802360763229,0.0
T,2024-09-23,1.0,0.0,-0.0003272098349926811,-0.0003272098349926811,1.121363345511397,1.2393975082138096,-0.006968838278281764,-0.0003272098349926811
T,2024-09-24,1.0,0.0,-0.0024314972411858538,-0.0024314972411858538,1.1186367536304191,1.236383916591855,-0.009383390808419656,-0.002757911466367502
T,2024-09-25,0.0,1.0,0.0,0.0026249179713133675,1.1186367536304191,1.23962932295396,-0.009383390808419656,-0.0001402327864254982
T,2024-09-26,0.0,0.0,-0.0,-0.003225806451612856,1.1186367536304191,1.2356305186863665,-0.009383390808419656,-0.0033655868742111794
T,2024-09-27,1.0,1.0,-0.00905210825008207,-0.00905210825008207,1.1085107326440362,1.2244454574741124,-0.018350559589150994,-0.012387229467582861
T,2024-09-30,0.0,1.0,-0.0,-0.0026031806134040325,1.1085107326440362,1.2212580047970452,-0.018350559589150994,-0.014958163885383069
T,2024-10-08,1.0,1.0,-0.00018981635267878438,-0.00018981635267878438,1.1083003191798604,1.2210261900568948,-0.018536892705539043,-0.015145140933950363
T,2024-10-09,1.0,0.0,0.0025155441644122423,0.0025155441644122423,1.1110882975801895,1.2240977353638869,-0.016067978913398617,-0.012667695040433746
T,2024-10-10,1.0,0.0,0.0023672000757504197,0.0023672000757504197,1.1137184658823867,1.2269954196157662,-0.013738814958549117,-0.010330481933342628
T,2024-10-11,1.0,0.0,0.0004723219346305374,0.0004723219346305374,1.114244499542826,1.227574956466142,-0.013272982167579328,-0.009863039311924449
T,2024-10-14,1.0,0.0,0.0002360494759701126,0.0002360494759701126,1.1145075163730456,1.22786472489133,-0.013040065772094489,-0.009629318001215359
T,2024-10-15,1.0,0.0,0.002359937697644865,0.002359937697644865,1.1171376846752428,1.2307624091432092,-0.0107109018172451,-0.0072921048941242406
T,2024-10-16,1.0,0.0,-0.000894664971512027,-0.000894664971512027,1.1161382207204078,1.229661289127495,-0.011595984120087888,-0.008180245874819025
T,2024-10-17,1.0,0.0,0.002403619568291049,0.002403619568291049,1.118820992388649,1.2326169270644118,-0.009220236886141486,-0.005796288505586111
T,2024-10-18,1.0,0.0,-0.0017396210447130356,-0.0017396210447130356,1.116874667845023,1.230472640718021,-0.01094381821273005,-0.007525826204833552
T,2024-10-21,0.0,1.0,0.0,0.0008948756593820661,1.116874667845023,1.2315737607337351,-0.01094381821273005,-0.006637685224138989
T,2024-10-22,1.0,1.0,-0.002070490800432867,-0.002070490800432867,1.1145621891200133,1.2290237985920813,-0.012991649938231986,-0.008694432758379222
T,2024-10-23,1.0,0.0,-0.0015560899702927733,-0.0015560899702927733,1.112827830076256,1.2271113269858411,-0.014527523732358438,-0.010236993409059258
T,2024-10-24,0.0,1.0,-0.0,-0.0009917823746103949,1.112827830076256,1.2258942996000517,-0.014527523732358438,-0.011218622914037635
T,2024-10-25,1.0,1.0,0.00028364770954469876,0.00028364770954469876,1.1131434811413747,1.2262420217102772,-0.014247996721645673,-0.010938157341186638
T,2024-10-28,0.0,1.0,0.0,0.0005671345526725435,1.1131434811413747,1.2269374659307282,-0.014247996721645673,-0.010377226195484868
T,2024-10-29,1.0,1.0,0.0009919229134192076,0.0009919229134192076,1.1142476336662421,1.2281544933165174,-0.013270206722645006,-0.009395596690506602
T,2024-10-30,1.0,0.0,-0.00018875047187616456,-0.00018875047187616456,1.1140373188996007,1.227922678576367,-0.01345645243674043,-0.009582573739073896
T,2024-10-31,1.0,0.0,9.439305267133768e-05,9.439305267133768e-05,1.1141424762829213,1.2280385859464422,-0.013363329579692773,-0.009489085214790305
T,2024-11-01,1.0,0.0,0.0023124115148653868,0.0023124115148653868,1.1167188321742785,1.2308783165132837,-0.011081819582024477,-0.007198616369841204
T,2024-11-04,0.0,1.0,-0.0,-0.0005179151560806838,1.1167188321742785,1.2302408259778703,-0.011081819582024477,-0.007712803253401179
T,2024-11-05,1.0,1.0,0.001742980968532093,0.001742980968532093,1.1186652518459597,1.2323851123242608,-0.009358154014120545,-0.005983265554153849
T,2024-11-06,0.0,1.0,-0.0,-4.7025628967856115e-05,1.1186652518459597,1.2323271586392233,-0.009358154014120545,-0.006030009816295645
T,2024-11-07,1.0,1.0,0.0012227238525208683,0.0012227238525208683,1.120033070532378,1.2338339544502006,-0.008146872599728239,-0.004814659000608179
T,2024-11-08,1.0,0.0,0.00018788163457017504,0.00018788163457017504,1.1202435041764423,1.234065769190351,-0.007960521612898841,-0.004627681952040996
T,2024-11-11,0.0,1.0,0.0,0.00014088475626938823,1.1202435041764423,1.2342396302454637,-0.007960521612898841,-0.004487449165615498
T,2024-11-12,1.0,1.0,0.0028172982110155065,0.0028172982110155065,1.1233995641966603,1.2377168513477186,-0.005165650565182034,-0.0016827934371064224
T,2024-11-13,1.0,0.0,-0.0007023458350892131,-0.0007023458350892131,1.1226105491916059,1.2368475460721549,-0.005864368327111125,-0.0023839573692336913
T,2024-11-14,1.0,0.0,4.68559647643918e-05,4.68559647643918e-05,1.1226631501919428,1.2369054997571924,-0.005817787142982533,-0.0023372131070917845
T,2024-11-15,1.0,0.0,-4.685376938584618e-05,-4.685376938584618e-05,1.1226105491916059,1.2368475460721546,-0.005864368327111125,-0.0023839573692338023
T,2024-11-18,1.0,0.0,-0.001499390872457984,-0.001499390872457984,1.120927317180823,1.234993028150952,-0.007354966219226711,-0.0038797737577720426
T,2024-11-19,1.0,0.0,0.0018770530267480101,0.0018770530267480101,1.1230313571943018,1.2373111755524555,-0.005491718854082062,-0.0020100032720991035
T,2024-11-20,1.0,0.0,-0.0007494145199062885,-0.0007494145199062885,1.1221897411889104,1.2363839165918542,-0.006237017800139855,-0.002757911466368168
T,2024-11-21,1.0,0.0,0.0017811943376768724,0.0017811943376768724,1.1241885792017152,1.2385861566232823,-0.004466932803252499,-0.0009816295049790424
T,2024-11-22,1.0,0.0,0.0,0.0,1.1241885792017152,1.2385861566232823,-0.004466932803252499,-0.0009816295049790424
T,2024-11-25,1.0,0.0,0.00154306555690642,0.00154306555690642,1.1259232758777489,1.240497376260829,-0.0029307600164998338,0.0
T,2024-11-26,0.0,1.0,-0.0,-0.0005135627246836139,1.1259232758777489,1.2398603030483135,-0.0029307600164998338,-0.0005135627246836139
T,2024-11-27,1.0,1.0,-0.0002802690582959233,-0.0002802690582959233,1.125607714421505,1.2395128085687597,-0.0032102076734459306,-0.0007936878472383224
T,2024-11-28,1.0,0.0,0.0014951873656667836,0.0014951873656667836,1.1272907088548052,1.2413661124597137,-0.001719820169733599,0.0
T,2024-11-29,1.0,0.0,-0.0007464775590183548,-0.0007464775590183548,1.1264492116381553,1.2404394605142366,-0.0024650139215897093,-0.0007464775590184658
T,2024-12-02,1.0,0.0,0.0038285554206740624,0.0038285554206740624,1.1307618848734866,1.2451885517348065,0.0,0.0
T,2024-12-03,1.0,0.0,-0.0018604651162791308,-0.0018604651162791308,1.1286581418318615,1.2428719218711137,-0.0018604651162790198,-0.0018604651162791308
T,2024-12-04,1.0,0.0,0.002609506057781985,0.002609506057781985,1.1316033820901368,1.2461152036802836,0.0,0.0
T,2024-12-05,1.0,0.0,-0.00013943112102621225,-0.00013943112102621225,1.1314456013620149,1.2459414564405067,-0.00013943112102621225,-0.00013943112102621225
T,2024-12-06,1.0,0.0,-0.00013945056477482343,-0.00013945056477482343,1.131287820633893,1.2457677092007298,-0.0002788622420524245,-0.0002788622420524245
T,2024-12-09,1.0,0.0,-0.00032543003254292824,-0.00032543003254292824,1.1309196656016087,1.2453622989745836,-0.0006042015244468457,-0.0006042015244468457
T,2024-12-10,0.0,1.0,0.0,0.006510719434497547,1.1309196656016087,1.253470503497508,-0.0006042015244468457,0.0
T,2024-12-11,1.0,1.0,-0.0008778819941782645,-0.0008778819941782645,1.129926851590315,1.252370104312254,-0.0014815531009859662,-0.0008778819941782645
T,2024-12-12,1.0,0.0,0.0014798372179058994,0.0014798372179058994,1.1315989593988096,1.254223408203208,-3.908340499125806e-06,0.0
T,2024-12-13,1.0,0.0,0.0019394163280384014,0.0019394163280384014,1.133793600897459,1.2566558695600853,0.0,0.0
T,2024-12-16,1.0,0.0,0.0020739238639506663,0.0020739238639506663,1.1361450025031548,1.2592620781567396,0.0,0.0
T,2024-12-17,1.0,0.0,-0.0009198362691441586,-0.0009198362691441586,1.1350999351228455,1.2581037632248933,-0.0009198362691441586,-0.0009198362691441586
T,2024-12-18,1.0,0.0,-0.0013810247203424053,-0.0013810247203424053,1.1335323340523817,1.2563662908271238,-0.00229959067286023,-0.00229959067286023
T,2024-12-19,1.0,0.0,0.0006453694740238269,0.0006453694740238269,1.1342638812185981,1.2571771112794161,-0.0016557052844594633,-0.0016557052844594633
T,2024-12-20,1.0,0.0,0.0033169023817201104,0.0033169023817201104,1.1380261237877112,1.261347045034063,0.0,0.0
T,2024-12-23,1.0,0.0,-0.00128564213232929,-0.00128564213232929,1.1365630294552782,1.259725404129478,-0.001285642132329401,-0.00128564213232929
T,2024-12-24,1.0,0.0,-0.00050572387476433,-0.00050572387476433,1.1359882423961083,1.2590883309169627,-0.0017907158271729395,-0.0017907158271728285
T,2024-12-25,1.0,0.0,-0.0009199632014720294,-0.0009199632014720294,1.134943175015799,1.2579300159851163,-0.002709031635979575,-0.002709031635979575
T,2024-12-26,0.0,1.0,-0.0,-0.0009208103130754486,1.134943175015799,1.2567717010532702,-0.002709031635979575,-0.003627347444785989
T,2024-12-27,0.0,0.0,0.0,0.003317972350230347,1.134943175015799,1.260941634807917,-0.002709031635979575,-0.00032141053308210044
T,2024-12-30,1.0,1.0,-0.002434319309204458,-0.002434319309204458,1.1321803609300083,1.2578721002385242,-0.00513675629716337,-0.002754947426419685
T,2024-12-31,0.0,1.0,0.0,0.003038813941709906,1.1321803609300083,1.261694539513617,-0.00513675629716337,0.0
T,2025-01-02,1.0,1.0,0.002341060362635039,0.002341060362635039,1.1348308634963353,1.2646482425898253,-0.0028077213910880916,0.0
T,2025-01-03,1.0,0.0,0.002381388532698203,0.002381388532698203,1.1375333367012175,1.2676598614126258,-0.0004330191339136924,0.0
T,2025-01-06,1.0,0.0,0.00027412280701755165,0.00027412280701755165,1.1378451605325501,1.2680073558921796,-0.0001590150273165225,0.0
T,2025-01-07,1.0,0.0,-0.0008221430528911888,-0.0008221430528911888,1.1369096890385524,1.2669648724535179,-0.0009810273471078101,-0.0008221430528912999
T,2025-01-08,1.0,0.0,0.00041140976412501473,0.00041140976412501473,1.1373774247855513,1.2674861141728486,-0.0005700211872121663,-0.00041107152644570544
T,2025-01-09,0.0,1.0,-0.0,-0.002147589673292205,1.1373774247855513,1.2647640740830097,-0.0005700211872121663,-0.0025577783867727355
T,2025-01-10,1.0,1.0,-0.0002747504350215646,-0.0002747504350215646,1.1370649298433078,1.2644165796034559,-0.0008446150086645066,-0.0028318260710697984
T,2025-01-13,1.0,0.0,-0.0014657383657017409,-0.0014657383657017409,1.1353982901513424,1.2625632757125018,-0.0023091153897438765,-0.00429341372065406
T,2025-01-14,1.0,0.0,0.0012844036697248207,0.0012844036697248207,1.136856599881812,1.2641849166170867,-0.0010276775562994,-0.0030145245272678034
T,2025-01-15,1.0,0.0,0.0016492578339746267,0.0016492578339746267,1.1387315695352729,1.26626988349441,0.0,-0.0013702384214854257
T,2025-01-16,1.0,0.0,-9.14745700694164e-05,-9.14745700694164e-05,1.1386274045545253,1.2661540520012255,-9.147457006930537e-05,-0.0014615876495842617
T,2025-01-17,1.0,0.0,-0.0025157808068795307,-0.0025157808068795307,1.13576286758396,1.2629686859386482,-0.0026070252469811983,-0.003973691422307413
T,2025-01-20,1.0,0.0,0.0001375705048838327,0.0001375705048838327,1.1359191150550818,1.2631424331784253,-0.002469813391876796,-0.003836667580158659
T,2025-01-21,0.0,1.0,0.0,0.0017423200366804004,1.1359191150550818,1.2653432315489332,-0.002469813391876796,-0.0021010322462773345
T,2025-01-22,1.0,1.0,-0.0008238740388135657,-0.0008238740388135657,1.1349832607859958,1.2643007481102717,-0.0032916526155560843,-0.0029231752991684123
T,2025-01-23,1.0,0.0,-0.00041227668346310864,-0.00041227668346310864,1.1345153336514529,1.263779506390941,-0.003702572227395673,-0.0033342468256140068
T,2025-01-24,1.0,0.0,9.165482791795299e-05,9.165482791795299e-05,1.134619317459129,1.2638953378841253,-0.003611256758098036,-0.003242897597515171
T,2025-01-27,1.0,0.0,0.002062044631810478,0.002062044631810478,1.136958953131844,1.2665015464807796,-0.00155665869889976,-0.0011875399652870877
T,2025-02-05,1.0,0.0,0.0008688494603987795,0.0008688494603987795,1.1379467993047683,1.2676019456660337,-0.0006891617405714312,-0.0003197222983463144
T,2025-02-06,0.0,1.0,0.0,0.0009137844382509641,1.1379467993047683,1.26876026059788,-0.0006891617405714312,0.0
T,2025-02-07,1.0,1.0,-0.001186835258136676,-0.001186835258136676,1.1365962439214696,1.2672544511864798,-0.001875179077255873,-0.001186835258136676
T,2025-02-10,0.0,1.0,-0.0,-0.0016452630135734836,1.1365962439214696,1.2651694843091563,-0.001875179077255873,-0.002830145615556723
T,2025-02-11,0.0,0.0,0.0,0.0007324330510416477,1.1365962439214696,1.2660961362546337,-0.001875179077255873,-0.002099785456703196
T,2025-02-12,1.0,1.0,-0.0014637939709987169,-0.0014637939709987169,1.1349325011921576,1.2642428323636794,-0.003336228172426736,-0.0035605057744099167
T,2025-02-13,1.0,0.0,-0.00027486371340879057,-0.00027486371340879057,1.1346205494304116,1.2638953378841256,-0.003610174877771266,-0.0038343908339799615
T,2025-02-14,1.0,0.0,-0.00233698391605186,-0.00233698391605186,1.1319689594555709,1.2609416348079174,-0.005938721873199548,-0.0061624138403248985
T,2025-02-17,1.0,0.0,-0.0015157082491273899,-0.0015157082491273899,1.1302532247659678,1.2590304151703708,-0.007445428752594574,-0.007668781667960034
T,2025-02-18,1.0,0.0,-0.0009200055200330182,-0.0009200055200330182,1.129213385560148,1.2578721002385247,-0.008358584437076155,-0.008581731866526554
T,2025-02-19,1.0,0.0,0.0008287674386482369,0.0008287674386482369,1.1301492408453861,1.2589145836771864,-0.0075367443210424545,-0.007760076687816531
T,2025-02-20,1.0,0.0,0.0,0.0,1.1301492408453861,1.2589145836771864,-0.0075367443210424545,-0.007760076687816531
T,2025-02-21,0.0,1.0,-0.0,-0.0023980815347722784,1.1301492408453861,1.2558956038602147,-0.0075367443210424545,-0.01013954892597524
T,2025-02-24,0.0,0.0,-0.0,-0.0026812130177513716,1.1301492408453861,1.252528280218208,-0.0075367443210424545,-0.01279357565315209
T,2025-02-25,0.0,0.0,0.0,0.0018077315286919582,1.1301492408453861,1.254792515080937,-0.0075367443210424545,-0.011008971474533058
T,2025-02-26,0.0,0.0,0.0,0.001064174339517887,1.1301492408453861,1.2561278330769052,-0.0075367443210424545,-0.009956512599962775
T,2025-02-27,1.0,1.0,-0.0010630430763542975,-0.0010630430763542975,1.1289478435196585,1.254792515080937,-0.008591775513527966,-0.011008971474533058
T,2025-02-28,1.0,0.0,0.0017582010826817651,0.0017582010826817651,1.130932760840426,1.2569986926394932,-0.006848680499856208,-0.009270126377416976
T,2025-03-03,1.0,0.0,0.0018474897233384802,0.0018474897233384802,1.1330221474938655,1.2593209848063944,-0.005013843643359661,-0.007439763117294884
T,2025-03-04,1.0,0.0,-0.0005071227698123515,-0.0005071227698123515,1.1324475661641697,1.2586823544604966,-0.005518423778896109,-0.007943113013828551
T,2025-03-05,0.0,1.0,0.0,0.001014760147601379,1.1324475661641697,1.2599596151522923,-0.005518423778896109,-0.006936413220761328
T,2025-03-06,1.0,1.0,-0.0024421712284582453,-0.0024421712284582453,1.129681935300346,1.2568825780311481,-0.00794711807157511,-0.009361644540423097
T,2025-03-07,1.0,0.0,-0.005635364220056394,-0.005635364220056394,1.1233157661421103,1.2497995869220992,-0.013537697386798553,-0.014944252483795384
T,2025-03-10,1.0,0.0,0.0005109862033725321,0.0005109862033725321,1.1238897650006396,1.250438217267997,-0.013033628760016125,-0.014440902587261828
T,2025-03-11,1.0,0.0,-0.004225090537654408,-0.004225090537654408,1.119141228989169,1.2451550025882967,-0.0172036510361252,-0.018604979004039568
T,2025-03-12,1.0,0.0,0.004103137968014092,0.004103137968014092,1.1237332198574044,1.2502640453554794,-0.013171102021865888,-0.01457817983177112
T,2025-03-13,0.0,1.0,-0.0,-0.000510796377989231,1.1237332198574044,1.2496254150095816,-0.013171102021865888,-0.015081529728304677
T,2025-03-14,1.0,1.0,-0.00037167812674232525,-0.00037167812674232525,1.1233155527992897,1.2491609565762012,-0.013537884738081485,-0.015447602380329162
T,2025-03-17,1.0,0.0,-0.004694181074549109,-0.004694181074549109,1.1180425061905928,1.2432971688547756,-0.018168516530303602,-0.020069269612137286
T,2025-03-18,1.0,0.0,0.0015409759514357635,0.0015409759514357635,1.1197653828053153,1.2452130598924689,-0.016655537825914335,-0.01855921992253684
T,2025-03-19,1.0,0.0,-0.0001864975755314635,-0.0001864975755314635,1.119556549276258,1.2449808306757788,-0.01683892918402219,-0.018742256248548972
T,2025-03-20,1.0,0.0,0.0028912516321581982,0.0028912516321581982,1.1227934689766463,1.2485803835344758,-0.013996363133351064,-0.015905193195359768
T,2025-03-21,1.0,0.0,-0.001069468985399391,-0.001069468985399391,1.121592676184567,1.2472450655385077,-0.015050863442470863,-0.01695765206992983
T,2025-03-24,1.0,0.0,0.0016757436112273538,0.0016757436112273538,1.1234721779460826,1.2493351284887186,-0.013400341219500733,-0.015310325135820091
T,2025-03-25,1.0,0.0,0.0007435289743946694,0.0007435289743946694,1.1243075120623118,1.2502640453554792,-0.01266677578706954,-0.014578179831771232
T,2025-03-26,1.0,0.0,0.0029719061992106166,0.0029719061992106166,1.127648848527229,1.2539797128225212,-0.009732514057344432,-0.011649598615576018
T,2025-03-27,1.0,0.0,-0.0009722672345942041,-0.0009722672345942041,1.126552472499678,1.252760509434898,-0.010695318687410471,-0.01261053932714018
T,2025-03-28,1.0,0.0,-0.00013903049402164136,-0.00013903049402164136,1.1263958473528852,1.2525863375223805,-0.010832862205991112,-0.01274781657164914
T,2025-03-31,1.0,0.0,-4.634994206254017e-05,-4.634994206254017e-05,1.126343638970621,1.252528280218208,-0.010878710045518103,-0.01279357565315209
T,2025-04-01,1.0,0.0,-0.0010197459905442186,-0.0010197459905442186,1.1251950545608056,1.2512510195264124,-0.011887362515111133,-0.013800275446219312
T,2025-04-02,1.0,0.0,0.0026911655530807987,0.0026911655530807987,1.1282231407321366,1.254618343168419,-0.009228187822547973,-0.011146248719042351
T,2025-04-03,1.0,0.0,0.0048588616381306515,0.0048588616381306515,1.1337050208698913,1.2607143601065351,-0.004414164672217669,-0.006341545161221762
T,2025-04-07,1.0,0.0,0.005572185125489293,0.005572185125489293,1.1400222351238751,1.2677392939114116,0.0,-0.0008046962993523143
T,2025-04-08,1.0,0.0,-0.002564572265982834,-0.002564572265982834,1.1370985657170727,1.2644880848777498,-0.002564572265982834,-0.0033672048635232654
T,2025-04-09,1.0,0.0,0.0013314967860422744,0.0013314967860422744,1.1386126088027382,1.2661717466987532,-0.0012364901996703148,-0.0020401914999348403
T,2025-04-10,1.0,0.0,-9.170525929669271e-05,-9.170525929669271e-05,1.1385081920382094,1.266055632090408,-0.0013280820663126303,-0.0021317096629410726
T,2025-04-11,1.0,0.0,-0.0007795661943411636,-0.0007795661943411636,1.1376206495397159,1.265068657919475,-0.002106612932771701,-0.002909614048492881
T,2025-04-14,1.0,0.0,0.0008260670032125272,0.0008260670032125272,1.138560400420474,1.2661136893945806,-0.001282286132991417,-0.002085950581437901
T,2025-04-15,1.0,0.0,-0.0007336757153338924,-0.0007336757153338924,1.1377250663042446,1.26518477252782,-0.0020150210661293855,-0.00281809588548676
T,2025-04-16,1.0,0.0,0.0016060939794420026,0.0016060939794420026,1.1395523596834962,1.2672167781738586,-0.0004121633998900309,-0.001216528032879971
T,2025-04-17,1.0,0.0,-0.001328629678838178,-0.001328629678838178,1.1380383165978307,1.2655331163528551,-0.0017402454662025502,-0.002543541396468507
T,2025-04-18,1.0,0.0,0.00032113037893388707,0.00032113037893388707,1.138403775273681,1.265939517482063,-0.0014196739329546126,-0.002223227825947083
T,2025-04-21,1.0,0.0,-0.0022471910112360494,-0.0022471910112360494,1.1358455645427288,1.2630947095776086,-0.003663674665689731,-0.0044654228195968315
T,2025-04-22,1.0,0.0,0.0017466446037874839,0.0017466446037874839,1.1378294830687732,1.2653008871361648,-0.001923429199487181,-0.0027265777224808607
T,2025-04-23,1.0,0.0,-0.0018353675323483643,-0.0018353675323483643,1.1357411477782,1.2629785949692636,-0.0037552665323320467,-0.004556940982602953
T,2025-04-24,1.0,0.0,-0.0008274340351198672,-0.0008274340351198672,1.1348013968974422,1.2619335634941582,-0.0045795933321122195,-0.005380604449657711
T,2025-04-25,1.0,0.0,0.0008281192491716993,0.0008281192491716993,1.1357411477781998,1.2629785949692636,-0.0037552665323322687,-0.004556940982602953
T,2025-04-28,1.0,0.0,0.0006435598050933411,0.0006435598050933411,1.1364720651299005,1.263791397227679,-0.0031141234658365047,-0.003916313841560215
T,2025-04-29,0.0,1.0,0.0,0.0025725836089673937,1.1364720651299005,1.267042606261341,-0.0031141234658365047,-0.001353805277389264
T,2025-04-30,1.0,1.0,-0.0010997067448680342,-0.0010997067448680342,1.135222279134523,1.2656492309612002,-0.004210405588124799,-0.002452023233462386
T,2025-05-06,1.0,0.0,0.00041284403669727965,0.00041284403669727965,1.1356909488827895,1.266171746698753,-0.003799299792266675,-0.0020401914999349513
T,2025-05-07,1.0,0.0,-0.00178825255628412,-0.00178825255628412,1.133660046640301,1.2639075118360241,-0.005580758240985362,-0.0038247956785540937
T,2025-05-08,0.0,1.0,0.0,0.0019292604501608412,1.133660046640301,1.2663459186112707,-0.005580758240985362,-0.0019029142554257694
T,2025-05-09,1.0,1.0,0.0,0.0,1.133660046640301,1.2663459186112707,-0.005580758240985362,-0.0019029142554257694
T,2025-05-12,1.0,0.0,-0.004859710251237881,-0.004859710251237881,1.1281507872902243,1.2601918443689821,-0.010413347624189884,-0.006753376894749419
T,2025-05-13,0.0,1.0,0.0,0.001704597807058006,1.1281507872902243,1.262339964623366,-0.010413347624189884,-0.005060290879136287
T,2025-05-14,0.0,0.0,-0.0,-0.0016557052844594633,1.1281507872902243,1.2602499016731548,-0.010413347624189884,-0.006707617813246247
T,2025-05-15,1.0,1.0,0.0001842723545399938,0.0001842723545399938,1.1283586742920744,1.2604821308898448,-0.01023099416173523,-0.006524581487234116
T,2025-05-16,1.0,0.0,-0.0006908940168578459,-0.0006908940168578459,1.1275790980351363,1.259611271327257,-0.01091481964594021,-0.007210967709779803
T,2025-05-19,1.0,0.0,0.0011522861356931813,0.0011522861356931813,1.1288783917966996,1.2610627039315703,-0.00977511050559876,-0.006066990672203509
T,2025-05-20,1.0,0.0,0.0,0.0,1.1288783917966996,1.2610627039315703,-0.00977511050559876,-0.006066990672203509
T,2025-05-21,0.0,1.0,-0.0,-4.5938993017413665e-05,1.1288783917966996,1.26100477198082,-0.00977511050559876,-0.006112650953778664
T,2025-05-22,1.0,1.0,-0.0001837644140212369,-0.0001837644140212369,1.1286709441205298,1.2607730441778189,-0.00995707860216588,-0.006295292080079284
T,2025-05-23,0.0,1.0,0.0,0.0003216468317785992,1.1286709441205298,1.2611785678330705,-0.00995707860216588,-0.0059756701090534214
T,2025-05-26,1.0,1.0,4.593477262293533e-05,4.593477262293533e-05,1.1287227893637142,1.2612364997838208,-0.009911601205684462,-0.0059300098274782664
T,2025-05-27,1.0,0.0,-0.0011023839051950146,-0.0011023839051950146,1.1274785035272927,1.2598461329658146,-0.011003058721235748,-0.0070258565852817645
T,2025-05-28,1.0,0.0,-4.5983354025835865e-05,-4.5983354025835865e-05,1.1274266582841086,1.2597882010150643,-0.011048536117716945,-0.0070715168668570305
T,2025-05-29,0.0,1.0,-0.0,-0.0023452588981882627,1.1274266582841086,1.2568336715268011,-0.011048536117716945,-0.009400191227189492
T,2025-05-30,1.0,1.0,0.0023046784973497214,0.0023046784973497214,1.1300250142607948,1.259730269064314,-0.00876932094398497,-0.0071171771484321855
T,2025-06-03,1.0,0.0,-0.0003679006668199092,-0.0003679006668199092,1.1296092773045252,1.259266813458312,-0.009133995371781944,-0.0074824594010332035
T,2025-06-04,1.0,0.0,0.0007360721350693211,0.0007360721350693211,1.1304407512170649,1.2601937246703163,-0.008404646516187553,-0.0067518948958307234
T,2025-06-05,1.0,0.0,-0.0004137360364088183,-0.0004137360364088183,1.1299730471412612,1.2596723371135639,-0.008814905247459426,-0.0071628374300072295
T,2025-06-06,0.0,1.0,0.0,0.001885577630610813,1.1299730471412612,1.2620475470943244,-0.008814905247459426,-0.005290765885426096
T,2025-06-09,1.0,1.0,0.0006885471654809461,0.0006885471654809461,1.1307510868799402,1.2629165263555784,-0.008132427560000655,-0.004605861661798882
T,2025-06-10,0.0,1.0,-0.0,-4.587155963298173e-05,1.1307510868799402,1.2628585944048283,-0.008132427560000655,-0.004651521943373815
T,2025-06-11,1.0,1.0,0.00045873663929540953,0.00045873663929540953,1.131269803833415,1.2634379139123308,-0.0076774215631935094,-0.004194919127622376
T,2025-06-12,1.0,0.0,-0.0004585262964831305,-0.0004585262964831305,1.1307510868799402,1.2628585944048283,-0.008132427560000655,-0.004651521943373815
T,2025-06-13,0.0,1.0,0.0,0.00022936831964770477,1.1307510868799402,1.2631482541585797,-0.008132427560000655,-0.00442322053549804
T,2025-06-16,0.0,0.0,-0.0,-4.586314437715622e-05,1.1307510868799402,1.2630903222078294,-0.008132427560000655,-0.004468880817073195
T,2025-06-17,1.0,1.0,0.0013300921891481465,0.0013300921891481465,1.13225509006847,1.2647703487795865,-0.006813152249228849,-0.0031447326513941443
T,2025-06-18,1.0,0.0,-0.00018321729571268985,-0.00018321729571268985,1.1320476413528107,1.2645386209765854,-0.006995121257611259,-0.0033273737776947643
T,2025-06-19,1.0,0.0,-4.581271761039396e-05,-4.581271761039396e-05,1.131995779173896,1.264480689025835,-0.00704061350970675,-0.0033730340592700303
T,2025-06-20,1.0,0.0,0.0001374444495350069,0.0001374444495350069,1.1321513657106403,1.2646544848780858,-0.006904136753420054,-0.0032360532145445653
T,2025-06-23,1.0,0.0,4.5808520384715834e-05,4.5808520384715834e-05,1.132203227889555,1.264712416828836,-0.006858644501324562,-0.0031903929329695213
T,2025-06-24,1.0,0.0,-0.0011909669735696848,-0.0011909669735696848,1.1308548112377697,1.2632061861093293,-0.008041443055809672,-0.004377560253923329
T,2025-06-25,0.0,1.0,-0.0,-0.0002751662462737725,1.1308548112377697,1.2628585944048278,-0.008041443055809672,-0.004651521943374259
T,2025-06-26,0.0,0.0,-0.0,-0.000412862975365913,1.1308548112377697,1.2623372068480754,-0.008041443055809672,-0.005062464477550654
T,2025-06-27,0.0,0.0,0.0,0.0008719596145021491,1.1308548112377697,1.2634379139123304,-0.008041443055809672,-0.004194919127622709
T,2025-06-30,1.0,1.0,-0.0013755788894493914,-0.0013755788894493914,1.1292992312323986,1.2616999553898227,-0.009405960305950867,-0.005564727574877137
T,2025-07-01,1.0,0.0,0.0010101473896872992,0.0010101473896872992,1.130439989903004,1.2629744583063283,-0.008405314322514013,-0.004560201380223949
T,2025-07-02,1.0,0.0,0.0011467363882391446,0.0011467363882391446,1.1317363065741464,1.2644227570750848,-0.007268216614063183,-0.0034186943408451853
T,2025-07-03,1.0,0.0,-0.000229084578026173,-0.000229084578026173,1.131477043239918,1.2641330973213336,-0.007495636155753327,-0.0036469957487208493
T,2025-07-04,0.0,1.0,-0.0,-4.5827413959087515e-05,1.131477043239918,1.2640751653705833,-0.007495636155753327,-0.0036926560302961153
T,2025-07-07,1.0,1.0,4.582951420717407e-05,4.582951420717407e-05,1.1315288982831462,1.2641330973213336,-0.007450150162909841,-0.0036469957487208493
T,2025-07-08,1.0,0.0,-0.0007790660373035996,-0.0007790660373035996,1.1306473625482663,1.2631482541585792,-0.008223412041248657,-0.004423220535498373
T,2025-07-09,1.0,0.0,0.00027517886626315935,0.00027517886626315935,1.1309584928076357,1.263495845863081,-0.007950496084187852,-0.004149258846047332
T,2025-07-10,1.0,0.0,-0.0018798716185235431,-0.0018798716185235431,1.1288324360352784,1.2611206358823206,-0.009815421790769552,-0.006021330390628243
T,2025-07-11,1.0,0.0,-0.000137810648169423,-0.000137810648169423,1.1286768709055937,1.2609468400300698,-0.00995187976930001,-0.006158311235353708
T,2025-07-14,0.0,1.0,-0.0,-0.0009188642837452132,1.1286768709055937,1.2597882010150647,-0.00995187976930001,-0.007071516866856586
T,2025-07-15,1.0,1.0,0.0014715349949414591,0.0014715349949414591,1.1303377584191123,1.2616420234390728,-0.008494989313704515,-0.005610387856451959
T,2025-07-16,1.0,0.0,-0.0005050968867664762,-0.0005050968867664762,1.1297668283363402,1.26100477198082,-0.008995795407815477,-0.006112650953778664
T,2025-07-17,1.0,0.0,0.0004594110350530922,0.0004594110350530922,1.130285855684315,1.2615840914883225,-0.008540517140441795,-0.005656048138027225
T,2025-07-18,1.0,0.0,-0.0008724801395968429,-0.0008724801395968429,1.1292997037231631,1.2604833844240677,-0.009405545848451657,-0.006523593487954948
T,2025-07-21,1.0,0.0,-0.00027576063976464393,-0.00027576063976464393,1.1289882873143784,1.2601357927195662,-0.009678712808875889,-0.006797555177405767
T,2025-07-22,1.0,0.0,-0.0011493196027951846,-0.0011493196027951846,1.1276907189444418,1.2586874939508097,-0.010816908477309983,-0.007939062216784532
T,2025-07-23,1.0,0.0,-0.001058590693607142,-0.001058590693607142,1.1264969560441,1.2573550590835536,-0.011864048492269519,-0.008989248693013097
T,2025-07-24,1.0,0.0,-0.0027644673792849295,-0.0027644673792849295,1.1233827919562525,1.2538791420385382,-0.014595718096511168,-0.011728865587521953
T,2025-07-25,1.0,0.0,-0.00036961744594332657,-0.00036961744594332657,1.122967570077873,1.2534156864325363,-0.014959940710409958,-0.01209414784012297
T,2025-07-28,1.0,0.0,0.0019874283601404308,0.0019874283601404308,1.1251993876741637,1.2559067603147973,-0.013002244160703391,-0.010130755732391639
T,2025-07-29,1.0,0.0,-0.0024447622122791834,-0.0024447622122791834,1.1224485427298982,1.2528363669250338,-0.01541521897778364,-0.01255075065587452
T,2025-07-30,1.0,0.0,0.0015721816332192606,0.0015721816332192606,1.124213235713012,1.2548060532505425,-0.013867272868713365,-0.010998301082319473
T,2025-07-31,1.0,0.0,0.0017082179132041908,0.0017082179132041908,1.1261336369005182,1.2569495354283022,-0.012182743279430697,-0.009308870664038738
T,2025-08-01,1.0,0.0,-0.00046089321104292313,-0.00046089321104292313,1.1256146095525437,1.2563702159207997,-0.012638021546804268,-0.009765473479790288
T,2025-08-04,1.0,0.0,0.0003227740120810285,0.0003227740120810285,1.125977928696126,1.2567757395760515,-0.012319326759642646,-0.009445851508764203
T,2025-08-05,1.0,0.0,0.0006453397252697002,0.0006453397252697002,1.1267045669832905,1.2575867868865551,-0.011681937185319513,-0.008806607566712144
T,2025-08-06,1.0,0.0,0.00013819789939195637,0.00013819789939195637,1.1268602751876828,1.2577605827388059,-0.011545353705107453,-0.008669626721986678
T,2025-08-07,1.0,0.0,0.0005527152134860991,0.0005527152134860991,1.1274831080052523,1.2584557661478089,-0.010999019784259101,-0.00812170334308504
T,2025-08-08,1.0,0.0,0.00023017078672382674,0.00023017078672382674,1.1277426216792397,1.2587454259015602,-0.01077138065057226,-0.007893401935209154
T,2025-08-11,1.0,0.0,-0.0013346833578792294,-0.0013346833578792294,1.1262374423701134,1.2570653993298029,-0.012091687625955694,-0.009217550100888428
T,2025-08-12,1.0,0.0,-0.0006912760956726549,-0.0006912760956726549,1.1254589013481513,1.256196420068549,-0.012774605027016328,-0.009902454324515642
T,2025-08-13,1.0,0.0,0.00013835085777524903,0.00013835085777524903,1.1256146095525437,1.2563702159207997,-0.012638021546804268,-0.009765473479790288
T,2025-08-14,1.0,0.0,-0.0010144326093973755,-0.0010144326093973755,1.1244727493869995,1.255095713004294,-0.013639633735026302,-0.010769999674443587
T,2025-08-15,0.0,1.0,-0.0,-0.0002769443803369853,1.1244727493869995,1.2547481212997924,-0.013639633735026302,-0.011043961363894406
T,2025-08-18,1.0,1.0,-0.0025855302645552136,-0.0025855302645552136,1.1215653910617918,1.251503932057778,-0.016189898313762163,-0.013600937132102642
T,2025-08-19,1.0,0.0,0.0003703189371846438,0.0003703189371846438,1.1219807279653928,1.2519673876637802,-0.01582557480251423,-0.013235654879501402
T,2025-08-20,1.0,0.0,-0.0018509092591736387,-0.0018509092591736387,1.1199040434473873,1.24965010963377,-0.017647192358754116,-0.015062066142507269
T,2025-08-21,1.0,0.0,0.0013443975708127276,0.0013443975708127276,1.1214096397229412,1.2513301362055276,-0.016326519630480263,-0.013737917976827885
T,2025-08-22,0.0,1.0,0.0,0.0,1.1214096397229412,1.2513301362055276,-0.016326519630480263,-0.013737917976827885
T,2025-08-25,1.0,1.0,0.0026936652424298657,0.0026936652424298657,1.1244303418919888,1.2547008007002294,-0.013676832566508756,-0.011081258086555579
T,2025-08-26,1.0,0.0,0.00041685965724869156,0.00041685965724869156,1.1248990715389098,1.255223834845959,-0.01326567422899616,-0.010669017758754729
T,2025-08-27,1.0,0.0,0.00023149219871276827,0.00023149219871276827,1.1251594768983102,1.2555144093713642,-0.013037252930378052,-0.010439995354421083
T,2025-08-28,1.0,0.0,-0.0020829476022957705,-0.0020829476022957705,1.1228158286637044,1.2528992386427162,-0.01509304461794203,-0.012501196993425334
T,2025-08-29,1.0,0.0,0.00013915302193989731,0.00013915302193989731,1.122972071879345,1.2530735833579596,-0.014955991838770943,-0.012363783550824903
T,2025-09-01,1.0,0.0,0.0017623597068916474,0.0017623597068916474,1.1249511526107898,1.25528194975104,-0.013219989969272539,-0.010623213277888066
T,2025-09-02,0.0,1.0,-0.0,-0.0004166666666667318,1.1249511526107898,1.2547589156053103,-0.013219989969272539,-0.011035453605689027
T,2025-09-03,1.0,1.0,0.0018989393728867654,0.0018989393728867654,1.1270873666470569,1.257141626713634,-0.011346154555847532,-0.009157469890151648
T,2025-09-04,1.0,0.0,0.0009245562130177909,0.0009245562130177909,1.1281294222745042,1.2583039248152552,-0.010432088500518244,-0.008241380272816512
T,2025-09-05,1.0,0.0,-0.002863476815074817,-0.002863476815074817,1.1248990498294174,1.2547008007002292,-0.01326569327203908,-0.0110812580865558
T,2025-09-08,1.0,0.0,-0.0007874015748031704,-0.0007874015748031704,1.124013302546087,1.253712847313851,-0.014042649419069075,-0.011859934261290839
T,2025-09-09,1.0,0.0,-0.0008343763037128582,-0.0008343763037128582,1.1230754524813844,1.252666779022392,-0.01486530886886539,-0.012684414916892428
T,2025-09-10,1.0,0.0,-0.0026443980514962995,-0.0026443980514962995,1.1201055939431592,1.249354229432771,-0.01747039712655407,-0.015295270326298072
T,2025-09-11,0.0,1.0,0.0,0.0008372871895059308,1.1201055939431592,1.2504002977242301,-0.01747039712655407,-0.014470789670696482
T,2025-09-12,0.0,0.0,0.0,0.0012084030488939135,1.1201055939431592,1.2519112852563379,-0.01747039712655407,-0.013279873168160594
T,2025-09-15,1.0,1.0,0.0008819979574785641,0.0008819979574785641,1.1210935247891773,1.2530154684528783,-0.016603808023657574,-0.012409588031691898
T,2025-09-16,1.0,0.0,0.0018088214832334693,0.0018088214832334693,1.1231213828415298,1.2552819497510397,-0.01482501986508078,-0.010623213277888288
T,2025-09-17,1.0,0.0,0.0014351851851852615,0.0014351851851852615,1.1247332700113488,1.2570835118085528,-0.013411111328775926,-0.009203274371018533
T,2025-09-18,1.0,0.0,-0.0006934492164024642,-0.0006934492164024642,1.1239533246065976,1.2562117882323367,-0.014095260620536454,-0.009890341584020024
T,2025-09-19,1.0,0.0,-0.00226683937823835,-0.00226683937823835,1.1214055029510774,1.2533641578833645,-0.016330148306953673,-0.01213476114649148
T,2025-09-22,0.0,1.0,0.0,0.0012982797792924217,1.1214055029510774,1.2549913752256343,-0.016330148306953673,-0.010852235682222156
T,2025-09-23,0.0,0.0,-0.0,-0.0024079648066681614,1.1214055029510774,1.251969400161419,-0.016330148306953673,-0.01323406868729371
T,2025-09-24,1.0,1.0,-0.000603444274242193,-0.000603444274242193,1.1207287972212179,1.2512139063953651,-0.01692373824670257,-0.013829526938561654
T,2025-09-25,1.0,0.0,-0.0003715745471435383,-0.0003715745471435383,1.1203123629259197,1.2507489871547166,-0.017289024363471017,-0.014195962785495841
T,2025-09-26,1.0,0.0,0.0006504971656910996,0.0006504971656910996,1.1210411229426918,1.2515625958258518,-0.0166497736591259,-0.013554700053360902
T,2025-09-29,1.0,0.0,-0.00018573551263012522,-0.00018573551263012522,1.1208329057950426,1.2513301362055274,-0.016832416717510235,-0.013737917976828107
T,2025-09-30,1.0,0.0,0.0017183726546534661,0.0017183726546534661,1.1227589144107966,1.2534803876935268,-0.015142968427455883,-0.012043152184757822
T,2025-10-09,1.0,0.0,0.0018545134220409043,0.0018545134220409043,1.1248410858872875,1.2558049838967695,-0.013316537843613196,-0.010210972950087216
T,2025-10-10,0.0,1.0,-0.0,-0.000601601184691547,1.1248410858872875,1.2550494901307157,-0.013316537843613196,-0.01080643120135516
T,2025-10-13,1.0,1.0,0.0007871828116317037,0.0007871828116317037,1.125726541455915,1.2560374435170938,-0.012539837581682534,-0.010027755026620122
T,2025-10-14,1.0,0.0,0.0009716374404293848,0.0009716374404293848,1.1268203395112786,1.2572578565237962,-0.011580384316944525,-0.009065860928418101
T,2025-10-15,1.0,0.0,-0.0003697882962004906,-0.0003697882962004906,1.1264036545378067,1.2567929372831477,-0.011945890322559105,-0.009432296775352178
T,2025-10-16,1.0,0.0,0.00032368445389807654,0.00032368445389807654,1.1267682538895945,1.257199741618715,-0.011626072567646473,-0.009111665409284875
T,2025-10-17,1.0,0.0,0.0012018675172189575,0.0012018675172189575,1.1281224800533778,1.2587107291508226,-0.010438178049399505,-0.007920748906749209
T,2025-10-20,0.0,1.0,-0.0,-0.00170829678193829,1.1281224800533778,1.256560477662823,-0.010438178049399505,-0.009615514698819605
T,2025-10-21,1.0,1.0,0.00032374433447412976,0.00032374433447412976,1.128487703314888,1.2569672819983904,-0.010117813015931065,-0.009294883332752302
T,2025-10-22,1.0,0.0,0.0,0.0,1.128487703314888,1.2569672819983904,-0.010117813015931065,-0.009294883332752302
T,2025-10-23,0.0,1.0,-0.0,-0.0010171528965740029,1.128487703314888,1.2556887540866069,-0.010117813015931065,-0.010302581911821096
T,2025-10-24,0.0,0.0,-0.0,-0.0002776877863654992,1.128487703314888,1.2553400646561206,-0.010117813015931065,-0.010577408797021626
T,2025-10-27,1.0,1.0,0.0015740012036480344,0.0015740012036480344,1.1302639443182076,1.2573159714288769,-0.008559737262148315,-0.009020056447551661
T,2025-10-28,1.0,0.0,0.002218627224404912,0.002218627224404912,1.1327715786758352,1.2601054868727681,-0.006360100903867072,-0.0068214413659468676
T,2025-10-29,1.0,0.0,0.0014296914633582514,0.0014296914633582514,1.1343910925318028,1.261907048930281,-0.004939502422477204,-0.005401502459077334
T,2025-10-30,1.0,0.0,0.0005526388505112667,0.0005526388505112667,1.1350180011212099,1.262604427791254,-0.004389593332906783,-0.0048518486886759415
T,2025-10-31,1.0,0.0,0.0004602780079168145,0.0004602780079168145,1.1355404249457157,1.2631855768420648,-0.0039313357582647646,-0.004393803880008318
T,2025-11-03,1.0,0.0,0.0,0.0,1.1355404249457157,1.2631855768420648,-0.0039313357582647646,-0.004393803880008318
T,2025-11-04,1.0,0.0,-0.0001840264998160812,-0.0001840264998160812,1.1353314554159133,1.2629531172217403,-0.004114638788121683,-0.004577021803475523
T,2025-11-05,1.0,0.0,-0.00036812074360381697,-0.00036812074360381697,1.1349135163563089,1.2624881979810918,-0.004481244847835075,-0.0049434576504095995
T,2025-11-06,1.0,0.0,-0.0007825446510771883,-0.0007825446510771883,1.1340253958546491,1.2615002445947137,-0.0052602827247263395,-0.005722133825144637
T,2025-11-07,0.0,1.0,-0.0,-0.0008292255954300831,1.1340253958546491,1.2604541763032544,-0.0052602827247263395,-0.006546614480746338
T,2025-11-10,1.0,1.0,0.0003688505694130484,0.0003688505694130484,1.1344436817676389,1.260919095543903,-0.004893372413591668,-0.006180178633812261
T,2025-11-11,1.0,0.0,-9.217864220867344e-05,-9.217864220867344e-05,1.1343391102893914,1.2608028657337407,-0.004985099991375308,-0.006271787595545919
T,2025-11-12,1.0,0.0,0.00041484212952291877,0.00041484212952291877,1.134809681941505,1.2613258998794703,-0.004572325891348705,-0.005859547267744958
T,2025-11-13,1.0,0.0,-0.0010136380390711741,-0.0010136380390711741,1.1336593956807828,1.2600473719676868,-0.005581329246969413,-0.006867245846813863
T,2025-11-14,0.0,1.0,0.0,4.612120653080254e-05,1.1336593956807828,1.260105486872768,-0.005581329246969413,-0.00682144136594709
T,2025-11-17,1.0,1.0,0.0006456671124843716,0.0006456671124843716,1.1343913622693327,1.2609190955439027,-0.004939265815223859,-0.006180178633812483
T,2025-11-18,1.0,0.0,0.00013826796331284363,0.00013826796331284363,1.1345482122525934,1.2610934402591458,-0.0048016807941354545,-0.006042765191212274
T,2025-11-19,1.0,0.0,-0.0006912442396314056,-0.0006912442396314056,1.1337639623362896,1.2602217166829297,-0.005489605899577477,-0.006729832404213765
T,2025-11-20,1.0,0.0,0.0005533779109982984,0.0005533779109982984,1.1343913622693325,1.2609190955439025,-0.004939265815224081,-0.006180178633812594
T,2025-11-21,1.0,0.0,-0.0005069825321472043,-0.0005069825321472043,1.1338162456640433,1.2602798315880108,-0.005443744225881231,-0.006684027923346991
T,2025-11-24,1.0,0.0,0.0006916904915612587,0.0006916904915612587,1.1346004955803468,1.2611515551642267,-0.004755819120439542,-0.005996960710345611
T,2025-11-25,1.0,0.0,0.0,0.0,1.1346004955803468,1.2611515551642267,-0.004755819120439542,-0.005996960710345611
T,2025-11-26,1.0,0.0,-0.003418961374976992,-0.003418961374976992,1.1307213403099279,1.256839726709128,-0.008158520533537272,-0.009395418708286751
T,2025-11-27,1.0,0.0,0.0004172461752434131,0.0004172461752434131,1.1311931294644384,1.2573641382779914,-0.007744678469782107,-0.008982092735564051
T,2025-11-28,0.0,1.0,0.0,0.0004170721534826338,1.1311931294644384,1.2578885498468548,-0.007744678469782107,-0.008568766762841462
T,2025-12-01,1.0,1.0,0.0009264406151565652,0.0009264406151565652,1.1322411127231604,1.2590539088887733,-0.006825412839311151,-0.007650264601235857
T,2025-12-02,1.0,0.0,-0.0005553498704183868,-0.0005553498704183868,1.1316123227679273,1.2583546934636223,-0.0073769722175935915,-0.008201365898199198
T,2025-12-03,1.0,0.0,0.0005556584552695032,0.0005556584552695032,1.1322411127231604,1.2590539088887733,-0.006825412839311151,-0.007650264601235857
T,2025-12-04,0.0,1.0,-0.0,-0.003424657534246589,1.1322411127231604,1.2547420804336749,-0.006825412839311151,-0.011048722599176775
T,2025-12-05,0.0,0.0,0.0,0.0018575276307235544,1.1322411127231604,1.2570727985175119,-0.006825412839311151,-0.009211718275965453
T,2025-12-08,1.0,1.0,0.0003708167238340998,0.0003708167238340998,1.1326609666631706,1.257538942134279,-0.006457127092705073,-0.0088443174113233
T,2025-12-09,1.0,0.0,0.0006486887220833459,0.0006486887220833459,1.1333957110581891,1.2583546934636223,-0.005812627036143714,-0.008201365898199198
T,2025-12-10,1.0,0.0,0.000463048712724623,0.000463048712724623,1.1339205284832024,1.2589373729845816,-0.005352269852885616,-0.007742114817396284
T,2025-12-11,1.0,0.0,0.000647968156993306,0.000647968156993306,1.1346552728782204,1.2597531243139244,-0.004707769796324701,-0.0070991633042725155
T,2025-12-12,0.0,1.0,-0.0,-0.0010638297872339608,1.1346552728782204,1.2584129614157182,-0.004707769796324701,-0.008155440790118873
T,2025-12-15,0.0,0.0,-0.0,-0.0010649627263045192,1.1346552728782204,1.257072798517512,-0.004707769796324701,-0.009211718275965342
T,2025-12-16,0.0,0.0,0.0,0.00032446463335489284,1.1346552728782204,1.2574806741821836,-0.004707769796324701,-0.00889024251940329
T,2025-12-17,0.0,0.0,0.0,0.000926741114869456,1.1346552728782204,1.258646033224102,-0.004707769796324701,-0.007971740357797685
T,2025-12-18,1.0,1.0,4.629415304857609e-05,4.629415304857609e-05,1.1347078007830804,1.258704301176198,-0.004661693585491511,-0.00792581524971736
T,2025-12-19,1.0,0.0,0.0012961762799741372,0.0012961762799741372,1.136178582119157,1.260335803834884,-0.003371559682167513,-0.00663991222346938
T,2025-12-22,1.0,0.0,-0.0015718908922792707,-0.0015718908922792707,1.1343926333539212,1.2583546934636225,-0.004938150850489542,-0.008201365898198976
T,2025-12-23,1.0,0.0,0.0022226338210780128,0.0022226338210780128,1.1369139727871953,1.261151555164227,-0.002726492730505403,-0.005996960710345389
T,2025-12-24,0.0,1.0,0.0,9.240436148583164e-05,1.1369139727871953,1.2612680910684189,-0.002726492730505403,-0.005905110494184851
T,2025-12-25,1.0,1.0,-0.0003233853829808231,-0.0003233853829808231,1.1365463114266892,1.2608602154037472,-0.0030489964055905316,-0.006226586250747013
T,2025-12-26,1.0,0.0,0.0009704699847497,0.0009704699847497,1.1376492955082067,1.2620838423977616,-0.0020814853803361455,-0.0052621589810609715
T,2025-12-29,0.0,1.0,-0.0,-0.0030009233610341912,1.1376492955082067,1.2582964255115263,-0.0020814853803361455,-0.008247291006279522
T,2025-12-30,0.0,0.0,-0.0,-0.00032414910858991064,1.1376492955082067,1.2578885498468548,-0.0020814853803361455,-0.008568766762841462
T,2025-12-31,1.0,1.0,-0.0007411524921252521,-0.0007411524921252521,1.1368061238976763,1.25695626261332,-0.002821095174384336,-0.009303568492126102
T,2026-01-05,1.0,0.0,-4.63563879101736e-05,-4.63563879101736e-05,1.1367534256720182,1.2568979946612242,-0.0028673207865123063,-0.009349493600206205
T,2026-01-06,1.0,0.0,-0.0014371146446617855,-0.0014371146446617855,1.1351197806766156,1.2550916881462506,-0.004300314762480828,-0.010773171950694937
T,2026-01-07,1.0,0.0,-0.0008356545961003548,-0.0008356545961003548,1.1341712126147687,1.2540428650085238,-0.005132375780785181,-0.011599823896140116
T,2026-01-08,1.0,0.0,0.0016727069974911135,0.0016727069974911135,1.1360683487384624,1.2561405112839774,-0.003468253744176364,-0.009946520005249648
T,2026-01-09,1.0,0.0,-0.0002319324612672924,-0.0002319324612672924,1.1358048576101716,1.2558491715234978,-0.0036993818048165483,-0.01017614554565105
T,2026-01-12,1.0,0.0,0.0007423560525217088,0.0007423560525217088,1.136648029220702,1.2567814587570327,-0.002959772010768358,-0.009441343816366521
T,2026-01-13,1.0,0.0,4.636283555092824e-05,4.636283555092824e-05,1.13670072744636,1.2568397267091285,-0.0029135463986402765,-0.009395418708286307
T,2026-01-14,1.0,0.0,0.0007417709782104875,0.0007417709782104875,1.1375438990568905,1.2577720139426634,-0.002173936604592086,-0.008660616979001778
T,2026-01-15,1.0,0.0,0.0009728527749466309,0.0009728527749466309,1.1386505617957117,1.2589956409366776,-0.0012031987499037111,-0.007696189709315959
T,2026-01-16,1.0,0.0,0.0002776877863654992,0.0002776877863654992,1.1389667511496606,1.2593452486492531,-0.0009258450771355564,-0.007420639060834344
T,2026-01-19,1.0,0.0,-0.00023134224772114464,-0.00023134224772114464,1.13870326002137,1.2590539088887736,-0.0011569731377755188,-0.0076502646012356346
T,2026-01-20,1.0,0.0,0.0012958163643095322,0.0012958163643095322,1.1401788103397983,1.2606854115474595,0.0,-0.006364361574987765
T,2026-01-21,1.0,0.0,0.00018487705675718225,0.00018487705675718225,1.1403896032424308,1.2609184833558431,0.0,-0.006180661142666688
T,2026-01-22,1.0,0.0,-0.00046210720887240875,-0.00046210720887240875,1.1398626209858493,1.260335803834884,-0.00046210720887240875,-0.00663991222346938
T,2026-01-23,1.0,0.0,0.0004160887656032841,0.0004160887656032841,1.1403369050167727,1.2608602154037472,-4.621072088717426e-05,-0.006226586250747013
T,2026-01-26,1.0,0.0,-0.0001386385692498937,-0.0001386385692498937,1.1401788103397983,1.2606854115474595,-0.0001848428835489191,-0.006364361574987765
T,2026-01-27,0.0,1.0,0.0,4.621926418924005e-05,1.1401788103397983,1.2607436794995552,-0.0001848428835489191,-0.006318436466907551
T,2026-01-28,0.0,0.0,0.0,0.00023108564033824663,1.1401788103397983,1.2610350192600348,-0.0001848428835489191,-0.006088810926506261
T,2026-01-29,0.0,0.0,0.0,0.00036965160336399627,1.1401788103397983,1.2615011628768025,-0.0001848428835489191,-0.005721410061863774
T,2026-01-30,1.0,1.0,0.0005542725173210972,0.0005542725173210972,1.1408107801192016,1.2622003783019538,0.0,-0.005170308764900211
T,2026-02-02,1.0,0.0,-0.0005539654694857177,-0.0005539654694857177,1.1401788103397985,1.2615011628768027,-0.0005539654694857177,-0.005721410061863552
T,2026-02-03,1.0,0.0,9.237875288681252e-05,9.237875288681252e-05,1.1402841386363656,1.2616176987809946,-0.0004616378912382091,-0.005629559845702903
T,2026-02-04,1.0,0.0,-0.00018474043968230713,-0.00018474043968230713,1.1400734820432312,1.2613846269726108,-0.0006462930477333373,-0.0058132602780242015
T,2026-02-05,1.0,0.0,0.0007390983000739038,0.0007390983000739038,1.1409161084157686,1.2623169142061457,0.0,-0.005078458548739562
T,2026-02-06,1.0,0.0,0.0009231905465287849,0.0009231905465287849,1.1419693913814404,1.2634822732480642,0.0,-0.004159956387133956
T,2026-02-09,1.0,0.0,0.0006456373362848655,0.0006456373362848655,1.1427066894574107,1.2642980245774071,0.0,-0.0035170048740099658
T,2026-02-10,1.0,0.0,-4.608719697662966e-05,-4.608719697662966e-05,1.142654025309127,1.2642397566253112,-4.6087196976740685e-05,-0.0035629299820902904
T,2026-02-11,1.0,0.0,0.0005069825321473154,0.0005069825321473154,1.1432333309402467,1.2648807040983663,0.0,-0.003057753793207274
T,2026-02-12,1.0,0.0,0.00041459369817564706,0.00041459369817564706,1.1437073082747988,1.2654051156672295,0.0,-0.002644427820484796
T,2026-02-13,1.0,0.0,-0.0007367500115117442,-0.0007367500115117442,1.1428646819022612,1.2644728284336946,-0.0007367500115118553,-0.003379229549769436
T,2026-02-24,0.0,1.0,-0.0,-4.6080825768402e-05,1.1428646819022612,1.2644145604815986,-0.0007367500115118553,-0.0034251546578497605
T,2026-02-25,0.0,0.0,0.0,0.0,1.1428646819022612,1.2644145604815986,-0.0007367500115118553,-0.0034251546578497605
T,2026-02-26,1.0,1.0,-0.001014011799410075,-0.001014011799410075,1.1417058036296832,1.2631324291979245,-0.001750014737717076,-0.004435693310021804
T,2026-02-27,1.0,0.0,0.00023069115068730106,0.00023069115068730106,1.141969185055269,1.2634238226714867,-0.0015197272999433187,-0.004206025434528304
T,2026-03-02,1.0,0.0,0.001245444900595194,0.001245444900595194,1.1433914447534328,1.2649973474287233,-0.0002761751359642295,-0.0029658189068623164
T,2026-03-03,1.0,0.0,-0.0002764212660094634,-0.0002764212660094634,1.1430753870427297,1.2646476752604485,-0.000552520061292916,-0.003241420357454672
T,2026-03-04,1.0,0.0,0.0005069124423964233,0.0005069124423964233,1.1436548261790187,1.2652887409022857,-4.588769819025007e-05,-0.0027361510313685944
T,2026-03-05,1.0,0.0,-9.211920224772019e-05,-9.211920224772019e-05,1.1435494736087843,1.2651721835128609,-0.00013800267329988625,-0.002828018181565972
T,2026-03-06,1.0,0.0,-9.212768897692847e-05,-9.212768897692847e-05,1.14344412103855,1.265055626123436,-0.0002301176484094114,-0.00291988533176335
T,2026-03-09,0.0,1.0,-0.0,-0.002026995899940154,1.14344412103855,1.2624913635560877,-0.0002301176484094114,-0.00494096263610766
T,2026-03-10,0.0,0.0,-0.0,-9.232331625341761e-05,1.14344412103855,1.2623748061666629,-0.0002301176484094114,-0.0050328297863050375
T,2026-03-11,1.0,1.0,-0.0004154932828586144,-0.0004154932828586144,1.1429690276869342,1.2618502979142507,-0.0006455153189308671,-0.005446231962193626
T,2026-03-12,1.0,0.0,0.0004618510992056013,0.0004618510992056013,1.1434969091887293,1.2624330848613754,-0.00018396235168505193,-0.004986896211206293
T,2026-03-13,1.0,0.0,-0.0008309482042286875,-0.0008309482042286875,1.142546722485498,1.261384068356551,-0.0010147576927278523,-0.005813700562983581
T,2026-03-16,1.0,0.0,-0.0009240436148585385,-0.0009240436148585385,1.1414909594819076,1.2602184944623018,-0.0019378636272198158,-0.0067323720649581364
T,2026-03-17,0.0,1.0,0.0,0.0001849796522381819,1.1414909594819076,1.2604516092411515,-0.0019378636272198158,-0.006548637764563381
T,2026-03-18,1.0,1.0,0.0011559090068429256,0.0011559090068429256,1.1428104191632025,1.261908576608963,-0.0007841946143977152,-0.005400298387094993
T,2026-03-19,1.0,0.0,0.000600378700410964,0.000600378700410964,1.1434965381974758,1.262666199640225,-0.0001842867277301874,-0.0048031619108114265
T,2026-03-20,1.0,0.0,-0.0006923289947383671,-0.0006923289947383671,1.1427048623886986,1.261792019219538,-0.0008764881354236254,-0.005492165537292593
T,2026-03-23,1.0,0.0,-0.0010161193478360753,-0.0010161193478360753,1.141543737869159,1.2605098879358638,-0.0018917168667071937,-0.0065027041894647475
T,2026-03-24,0.0,1.0,0.0,0.00018493689028620253,1.141543737869159,1.2607430027147137,-0.0018917168667071937,-0.00631896988906977
T,2026-03-25,1.0,1.0,-9.245134747848383e-05,-9.245134747848383e-05,1.1414382006123875,1.2606264453252887,-0.0019839933224122808,-0.00641083703926737
T,2026-03-26,1.0,0.0,0.0008321390596828238,0.0008321390596828238,1.1423880359233312,1.261675461830113,-0.0011535052210671637,-0.0055840326874901924
T,2026-03-27,1.0,0.0,-9.238302000091902e-05,-9.238302000091902e-05,1.1422824986665596,1.261558904440688,-0.0012457816767722507,-0.00567589983768757
T,2026-03-30,1.0,0.0,0.0014320691088833826,0.0014320691088833826,1.1439183261465182,1.2633655439767744,0.0,-0.004251959009626827
T,2026-03-31,1.0,0.0,9.225943352708654e-05,9.225943352708654e-05,1.1440238634032898,1.2634821013661992,0.0,-0.004160091859429449
T,2026-04-01,0.0,1.0,-0.0,-0.0017988929889299898,1.1440238634032898,1.261209232272413,0.0,-0.005951501288280148
T,2026-04-02,1.0,1.0,-4.620858555515195e-05,-4.620858555515195e-05,1.1439709996787206,1.2611509535777008,-4.6208585555040926e-05,-0.005997434863378781
T,2026-04-03,0.0,1.0,0.0,0.0006469500924213278,1.1439709996787206,1.2619668553036751,-4.6208585555040926e-05,-0.005354364811996581
T,2026-04-07,1.0,1.0,0.0002309042209291956,0.0002309042209291956,1.144235147411167,1.2622582487772376,0.0,-0.005124696936502859
T,2026-04-08,1.0,0.0,0.00027702109977378875,0.00027702109977378875,1.1445521246901027,1.2626079209455123,0.0,-0.004849095485910393
T,2026-04-09,1.0,0.0,-0.0003231017770597422,-0.0003231017770597422,1.1441823178646777,1.262199970082525,-0.0003231017770598532,-0.005170630511601604
T,2026-04-10,1.0,0.0,-0.0002770338904792835,-0.0002770338904792835,1.143865340585742,1.2618502979142503,-0.0006000461573968385,-0.005446231962193959
T,2026-04-13,0.0,1.0,0.0,0.0009698873083316961,1.143865340585742,1.263074150503212,-0.0006000461573968385,-0.00448162688512066
T,2026-04-14,1.0,1.0,0.0011996493332719904,0.0011996493332719904,1.1452375778789285,1.2645893965657362,0.0,-0.003287353932553305
T,2026-04-15,1.0,0.0,0.0007834462417621868,0.0007834462417621868,1.1461348099552426,1.265580134375848,0.0,-0.0025064831558749834
T,2026-04-16,1.0,0.0,-0.00018419598452745767,-0.00018419598452745767,1.1459236965255217,1.2653470195969982,-0.00018419598452745767,-0.002690217456269739
T,2026-04-17,1.0,0.0,0.0016120117907147957,0.0016120117907147957,1.1477709390355804,1.2673867739119344,0.0,-0.0010825423278140178
T,2026-04-20,1.0,0.0,-0.00018393341610334346,-0.00018393341610334346,1.1475598256058595,1.2671536591330845,-0.00018393341610334346,-0.0012662766282091065
T,2026-04-21,0.0,1.0,0.0,0.0003679345076574858,1.1475598256058595,1.2676198886907841,-0.00018393341610334346,-0.0008988080274192622
T,2026-04-22,1.0,1.0,0.0007815732609994797,0.0007815732609994797,1.1484567276809503,1.268610626500896,0.0,-0.00011793725074071837
T,2026-04-23,1.0,0.0,-0.0008269018743108925,-0.0008269018743108925,1.147507066660266,1.2675616099960718,-0.0008269018743108925,-0.0009447416025178956
T,2026-04-24,1.0,0.0,-0.0002758620689655711,-0.0002758620689655711,1.1471905129867046,1.267211937827797,-0.0011025358324144863,-0.001220343053110251
T,2026-04-27,1.0,0.0,-0.0020235467255335093,-0.0020235467255335093,1.1448691193805873,1.2646476752604487,-0.0031238515251744703,-0.003241420357454561
T,2026-04-28,1.0,0.0,0.0008294930875576423,0.0008294930875576423,1.1458187804012718,1.2656966917652732,-0.002296949650863356,-0.0024146160056771615
T,2026-04-29,1.0,0.0,0.000782760843539787,0.000782760843539787,1.1467156824763625,1.266687429575385,-0.001515986769569877,-0.0016337452289988397
T,2026-04-30,1.0,0.0,-0.0005060961582700196,-0.0005060961582700196,1.1461353340748333,1.266046363933548,-0.002021315692759762,-0.002139014555084806
T,2026-05-06,1.0,0.0,-0.0005984164978825035,-0.0005984164978825035,1.1454494677821168,1.265288740902286,-0.0026185226019843633,-0.0027361510313683723
T,2026-05-07,1.0,0.0,9.211920224760917e-05,9.211920224760917e-05,1.1455549856733038,1.2654052982917108,-0.002526644615949869,-0.0026442838811709946
T,2026-05-08,1.0,0.0,0.00023027679270493095,0.00023027679270493095,1.1458187804012718,1.2656966917652732,-0.002296949650863356,-0.0024146160056771615
T,2026-05-11,1.0,0.0,0.0009208951100470042,0.0009208951100470042,1.1468739593131434,1.2668622656595225,-0.001378169790517858,-0.0014959445037024954
T,2026-05-12,1.0,0.0,0.00046002392124377955,0.00046002392124377955,1.147401548769079,1.267445052606647,-0.0009187798603452757,-0.0010366087527152734
T,2026-05-13,1.0,0.0,0.0008276623137759564,0.0008276623137759564,1.1483512097897632,1.2684940691114712,-9.187798603449426e-05,-0.00020980440093809616
T,2026-05-14,1.0,0.0,-0.0003216024993107913,-0.0003216024993107913,1.1479818971706084,1.2680861182484842,-0.0004134509371552797,-0.000531339426629085
T,2026-05-15,1.0,0.0,0.00018383197757243508,0.00018383197757243508,1.1481929329529825,1.2683192330273338,-0.00022969496508629117,-0.0003476051262343294
T,2026-05-18,1.0,0.0,0.001332536874511847,0.001332536874511847,1.1497229423751962,1.2700093151739953,0.0,0.0
T,2026-05-19,0.0,1.0,0.0,0.001376651982378796,1.1497229423751962,1.271757676015369,0.0,0.0
T,2026-05-20,1.0,1.0,0.0,0.0,1.1497229423751962,1.271757676015369,0.0,0.0
T,2026-05-21,1.0,0.0,-0.0011456328475849542,-0.0011456328475849542,1.1484057820067892,1.2703007086475575,-0.0011456328475849542,-0.0011456328475849542
T,2026-05-22,1.0,0.0,-0.000504656604119802,-0.000504656604119802,1.14782623144469,1.2696596430057205,-0.0016497113005222719,-0.0016497113005222719
T,2026-05-25,1.0,0.0,0.0003672082989074621,0.0003672082989074621,1.1482477227625802,1.2701258725634201,-0.001283108789295273,-0.001283108789295162
T,2026-05-26,0.0,1.0,0.0,0.00018353675323479202,1.1482477227625802,1.27035898734227,-0.001283108789295273,-0.0010998075336815516
T,2026-05-27,1.0,1.0,0.0,0.0,1.1482477227625802,1.27035898734227,-0.001283108789295273,-0.0010998075336815516
T,2026-05-28,1.0,0.0,0.0007339112884729992,0.0007339112884729992,1.149090434728279,1.2712913181434937,-0.0005501391888470542,-0.0003667034063725705
T,2026-05-29,1.0,0.0,0.0008250446899207287,0.0008250446899207287,1.1500384856896904,1.2723401902948703,0.0,0.0
T,2026-06-01,1.0,0.0,0.0002747881841080879,0.0002747881841080879,1.1503545026768274,1.2726898143453291,0.0,0.0
T,2026-06-02,1.0,0.0,0.000778352639531299,0.000778352639531299,1.1512498841403827,1.2736804158216295,0.0,0.0
T,2026-06-03,1.0,0.0,-0.0007777472778845995,-0.0007777472778845995,1.1503545026768276,1.2726898143453294,-0.0007777472778844885,-0.0007777472778845995
T,2026-06-04,0.0,1.0,0.0,0.000778352639531299,1.1503545026768276,1.2736804158216297,-0.0007777472778844885,0.0
T,2026-06-05,1.0,1.0,-0.0005947479183824322,-0.0005947479183824322,1.1496703317309587,1.2729228970456354,-0.001372032632692477,-0.0005947479183823212
T,2026-06-08,1.0,0.0,-0.0010070954451819603,-0.0010070954451819603,1.1485125039764117,1.271640942193953,-0.00237774631005927,-0.0016012443956446853
T,2026-06-09,1.0,0.0,-0.0010539339229252986,-0.0010539339229252986,1.147302047687567,1.270300716667194,-0.0034291742454882757,-0.002653490712782536
T,2026-06-10,1.0,0.0,-0.0015137614678899514,-0.0015137614678899514,1.1455653060557465,1.2683777843896702,-0.004937744761538632,-0.0041632354286761375
T,2026-06-11,1.0,0.0,-0.0006431754490742181,-0.0006431754490742181,1.1448285065755803,1.2675619949385997,-0.005577744374408389,-0.004803733186933834
T,2026-06-12,0.0,1.0,0.0,0.0005056773778329138,1.1448285065755803,1.2682029723644408,-0.005577744374408389,-0.0043004849483028185
T,2026-06-15,1.0,1.0,0.00013784230839930522,0.00013784230839930522,1.144986312379648,1.2683777843896704,-0.00544067091516931,-0.0041632354286759155
T,2026-06-16,1.0,0.0,0.0012863508981486582,0.0012863508981486582,1.1464591665509454,1.270009363291812,-0.004161318628938981,-0.0028822399121600784
T,2026-06-17,1.0,0.0,0.0005964670796054783,0.0005964670796054783,1.147142991701905,1.2707668820678062,-0.0035673336389034915,-0.002287491993777757
T,2026-06-18,1.0,0.0,0.0001375641966250285,0.0001375641966250285,1.1473007975059724,1.2709416940930356,-0.003430260179664635,-0.002150242474151076
T,2026-06-22,1.0,0.0,4.584842510646503e-05,4.584842510646503e-05,1.1473533994406615,1.2709999647681118,-0.003384569026585016,-0.002104492634275701
T,2026-06-23,0.0,1.0,-0.0,-0.0009627727856226231,1.1473533994406615,1.2697762805915058,-0.003384569026585016,-0.0030652392716624677
T,2026-06-24,1.0,1.0,0.00032123353678126243,0.00032123353678126243,1.147721967831102,1.270184175317041,-0.0030644227268825652,-0.0027449903925336194
T,2026-06-25,1.0,0.0,0.0008257638315443128,0.0008257638315443128,1.1486697151208056,1.271233047468418,-0.002241189384790787,-0.0019214932747733116
T,2026-06-26,1.0,0.0,0.0009625962596260251,0.0009625962596260251,1.1497754202921266,1.272456731645024,-0.0012807504856836571,-0.0009607466373865448
T,2026-06-29,1.0,0.0,0.001373815084489527,0.001373815084489527,1.1513549991082992,1.2742048518973181,0.0,0.0
T,2026-06-30,1.0,0.0,-0.0010518132345542774,-0.0010518132345542774,1.1501439886825668,1.2728646263705592,-0.0010518132345542774,-0.0010518132345542774
T,2026-07-01,1.0,0.0,-0.002151620582310887,-0.002151620582310887,1.1476693152038964,1.2701259046419648,-0.0032011707138609458,-0.0032011707138610568
T,2026-07-02,1.0,0.0,0.0007799238427306232,0.0007799238427306232,1.1485644098663943,1.271116506118265,-0.0024237435404945717,-0.0024237435404946828
T,2026-07-03,1.0,0.0,-0.00032089483817732134,-0.00032089483817732134,1.1481958414759539,1.2707086113927297,-0.0027438606118808107,-0.0027438606118808107
T,2026-07-06,1.0,0.0,0.0012381345439538283,0.0012381345439538283,1.1496174624105093,1.2722819196197948,-0.0015091233365344126,-0.0015091233365341905
T,2026-07-07,0.0,1.0,-0.0,-4.5800128240292004e-05,1.1496174624105093,1.2722236489447183,-0.0015091233365344126,-0.001554854346732193
T,2026-07-08,1.0,1.0,0.0009160445197635703,0.0009160445197635703,1.150670563186775,1.2733890624462476,-0.0005944612409327643,-0.0006402341427721447
T,2026-07-09,1.0,0.0,-0.00045760307509268294,-0.00045760307509268294,1.1501440127986422,1.2728063556954827,-0.001051792288733644,-0.0010975442447523909
T,2026-07-10,1.0,0.0,-0.00013734377146001897,-0.00013734377146001897,1.1499860476822024,1.2726315436702533,-0.0011889916030738412,-0.001234737275346398
T,2026-07-13,1.0,0.0,-0.000366300366300476,-0.000366300366300476,1.149564807371696,1.2721653782696414,-0.0015548564413144783,-0.0016005853569306394
T,2026-07-14,0.0,1.0,0.0,0.00027482594356897927,1.149564807371696,1.2725150023201002,-0.0015548564413144783,-0.001326199295742514
T,2026-07-15,0.0,0.0,-0.0,-9.15834783403735e-05,1.149564807371696,1.2723984609699475,-0.0015548564413144783,-0.0014176613161384077
T,2026-07-16,1.0,1.0,-0.00036636746656903973,-0.00036636746656903973,1.1491436442255623,1.2719322955693355,-0.0019206542590682885,-0.001783509397722649
T,2026-07-17,1.0,0.0,0.00036650174088337373,0.00036650174088337373,1.149564807371696,1.2723984609699475,-0.0015548564413144783,-0.0014176613161384077
T,2026-07-20,1.0,0.0,-0.0005495511998534486,-0.0005495511998534486,1.1489330626524956,1.2716992128690296,-0.0021035531679449715,-0.0019664334385146587
T,2026-07-21,1.0,0.0,0.0005498533724339616,0.0005498533724339616,1.149564807371696,1.2723984609699472,-0.0015548564413144783,-0.0014176613161385188
T,2026-07-22,1.0,0.0,0.0013280820663124082,0.0013280820663124082,1.15109152377643,1.274088310547165,-0.0002288393519576104,-9.146202039622686e-05
T,2026-07-23,1.0,0.0,-0.0010061742510861782,-0.0010061742510861782,1.1499333251245627,1.2728063556954825,-0.0012347833507801997,-0.001097544244752502
T,2026-07-24,0.0,1.0,0.0,0.0006867188572998728,1.1499333251245627,1.2736804158216297,-0.0012347833507801997,-0.0004115790917822437
T,2026-07-27,0.0,0.0,-0.0,-0.0005947479183824322,1.1499333251245627,1.2729228970456354,-0.0012347833507801997,-0.001006082224356497
TL,2023-04-21,1.0,0.0,0.0,0.0,1.0,1.0,0.0,0.0
TL,2023-04-24,1.0,0.0,0.001663028791186072,0.001663028791186072,1.001663028791186,1.001663028791186,0.0,0.0
TL,2023-04-25,1.0,0.0,0.00031130019715686075,0.00031130019715686075,1.0019748466895335,1.0019748466895335,0.0,0.0
TL,2023-04-26,1.0,0.0,0.0003112033195020736,0.0003112033195020736,1.002286664587881,1.002286664587881,0.0,0.0
TL,2023-04-27,1.0,0.0,0.0037332780255108222,0.0037332780255108222,1.0060284793680494,1.0060284793680494,0.0,0.0
TL,2023-04-28,1.0,0.0,-0.001549746874677238,-0.001549746874677238,1.0044693898763124,1.0044693898763124,-0.001549746874677349,-0.001549746874677349
TL,2023-05-04,1.0,0.0,0.004759933774834302,0.004759933774834302,1.0092505976509718,1.0092505976509718,0.0,0.0
TL,2023-05-05,1.0,0.0,0.003604531410916767,0.003604531410916767,1.0128884731316912,1.0128884731316912,0.0,0.0
TL,2023-05-08,1.0,0.0,-0.0035915854284249704,-0.0035915854284249704,1.0092505976509718,1.0092505976509718,-0.0035915854284249704,-0.0035915854284249704
TL,2023-05-09,1.0,0.0,0.0007209062821833534,0.0007209062821833534,1.0099781727471158,1.0099781727471158,-0.002873268342739821,-0.002873268342739821
TL,2023-05-10,1.0,0.0,0.001029124215292665,0.001029124215292665,1.011017565741607,1.011017565741607,-0.0018471010774756547,-0.0018471010774756547
TL,2023-05-11,1.0,0.0,0.001850519173434817,0.001850519173434817,1.0128884731316912,1.0128884731316912,0.0,0.0
TL,2023-05-12,1.0,0.0,-0.0010261672652642773,-0.0010261672652642773,1.0118490801372,1.0118490801372,-0.0010261672652641662,-0.0010261672652641662
TL,2023-05-15,1.0,0.0,-0.0012326656394452407,-0.0012326656394452407,1.0106018085438107,1.0106018085438107,-0.0022575679835811213,-0.0022575679835811213
TL,2023-05-16,1.0,0.0,0.000308546744831828,0.000308546744831828,1.010913626442158,1.010913626442158,-0.0019497178040017715,-0.0019497178040017715
TL,2023-05-17,1.0,0.0,-0.0005140859551717725,-0.0005140859551717725,1.0103939299449125,1.0103939299449125,-0.00246280143663391,-0.00246280143663391
TL,2023-05-18,1.0,0.0,-0.00041148030038051786,-0.00041148030038051786,1.0099781727471162,1.0099781727471162,-0.002873268342739377,-0.002873268342739377
TL,2023-05-19,1.0,0.0,0.0,0.0,1.0099781727471162,1.0099781727471162,-0.002873268342739377,-0.002873268342739377
TL,2023-05-22,1.0,0.0,-0.00010312467773543332,-0.00010312467773543332,1.0098740190735318,1.0098740190735318,-0.0029760967156029494,-0.0029760967156029494
TL,2023-05-23,1.0,0.0,0.0019595709570958686,0.0019595709570958686,1.011852938871634,1.011852938871634,-0.0010223576311965132,-0.0010223576311965132
TL,2023-05-24,1.0,0.0,0.0004117344312917215,0.0004117344312917215,1.0122695535659711,1.0122695535659711,-0.0006110441397426669,-0.0006110441397426669
TL,2023-05-25,1.0,0.0,-0.0015433686593270268,-0.0015433686593270268,1.0107072484622064,1.0107072484622064,-0.0021534697326950347,-0.0021534697326950347
TL,2023-05-26,1.0,0.0,-0.0023701566364385807,-0.0023701566364385807,1.008311713969767,1.008311713969767,-0.004518522308555317,-0.004518522308555317
TL,2023-05-29,1.0,0.0,0.001859312054539819,0.001859312054539819,1.0101864800942848,1.0101864800942848,-0.0026676115970124537,-0.0026676115970124537
TL,2023-05-30,1.0,0.0,-0.0012372409526754113,-0.0012372409526754113,1.008936636011273,1.008936636011273,-0.0039015520713743257,-0.0039015520713743257
TL,2023-05-31,1.0,0.0,0.0019613915556930817,0.0019613915556930817,1.010915555809375,1.010915555809375,-0.0019478129869681116,-0.0019478129869681116
TL,2023-06-01,1.0,0.0,0.0013393777045125344,0.0013393777045125344,1.012269553565971,1.012269553565971,-0.000611044139742889,-0.000611044139742889
TL,2023-06-02,1.0,0.0,-0.005041670953801813,-0.005041670953801813,1.0071660235603395,1.0071660235603395,-0.005649634410053839,-0.005649634410053839
TL,2023-06-05,1.0,0.0,0.002275077559462213,0.002275077559462213,1.0094574043791944,1.0094574043791944,-0.003387410207057129,-0.003387410207057129
TL,2023-06-06,1.0,0.0,0.0015476681799422298,0.0015476681799422298,1.0110197094829592,1.0110197094829592,-0.001844984614104761,-0.001844984614104761
TL,2023-06-07,1.0,0.0,0.0016482950448131195,0.0016482950448131195,1.0126861682603083,1.0126861682603083,-0.0001997306482888206,-0.0001997306482888206
TL,2023-06-08,1.0,0.0,-0.0008227913195515413,-0.0008227913195515413,1.0118529388716337,1.0118529388716337,-0.0010223576311967353,-0.0010223576311967353
TL,2023-06-09,1.0,0.0,0.0038085434894492565,0.0038085434894492565,1.0157066247942534,1.0157066247942534,0.0,0.0
TL,2023-06-12,1.0,0.0,0.001025430680886119,0.001025430680886119,1.0167481615300968,1.0167481615300968,0.0,0.0
TL,2023-06-13,0.0,1.0,0.0,0.004302397049784856,1.0167481615300968,1.0211226158206381,0.0,0.0
TL,2023-06-14,1.0,1.0,0.0029579763361893274,0.0029579763361893274,1.019755678531767,1.0241430723545832,0.0,0.0
TL,2023-06-15,1.0,0.0,-0.005796806671412469,-0.005796806671412469,1.0138443520112432,1.0182063129602774,-0.005796806671412469,-0.005796806671412358
TL,2023-06-16,1.0,0.0,-0.003887070376432211,-0.003887070376432211,1.0099034676642271,1.0142484733640733,-0.009661344452354448,-0.009661344452354226
TL,2023-06-19,1.0,0.0,-0.0023618812897924224,-0.0023618812897924224,1.0075181955594545,1.0118529388716342,-0.012000406793450602,-0.01200040679345038
TL,2023-06-20,0.0,1.0,0.0,0.0021616057642819264,1.0075181955594545,1.0140401660169047,-0.012000406793450602,-0.009864741177666891
TL,2023-06-21,1.0,1.0,0.0014379622021363225,0.0014379622021363225,1.0089669686426337,1.015498317447085,-0.01057970072269343,-0.008440964100477899
TL,2023-06-26,1.0,0.0,0.002051282051282133,0.002051282051282133,1.0110366444757468,1.0175813909187714,-0.008550120621611756,-0.006406996847350688
TL,2023-06-27,1.0,0.0,-0.001432958034800369,-0.001432958034800369,1.0095878713925677,1.016123239488591,-0.009970826692368928,-0.00783077392453968
TL,2023-06-28,1.0,0.0,0.0022550225502255827,0.0022550225502255827,1.0118645148089922,1.018414620307446,-0.007738288581178976,-0.005593409946099692
TL,2023-06-29,1.0,0.0,0.00040908161178143665,0.00040908161178143665,1.0122784499756148,1.0188312350017832,-0.007332372560962641,-0.005186616495474361
TL,2023-06-30,1.0,0.0,0.0028624003271315868,0.0028624003271315868,1.0151759961419733,1.0217475378621441,-0.004490960419448187,-0.002339062341096154
TL,2023-07-03,0.0,1.0,-0.0,-0.0018348623853210455,1.0151759961419733,1.0198727717376266,-0.004490960419448187,-0.004169632868910478
TL,2023-07-04,1.0,1.0,-0.002144607843137303,-0.002144607843137303,1.0129988417384825,1.0176855445923558,-0.006625936913646657,-0.006305298484694188
TL,2023-07-05,1.0,0.0,0.003377341111452381,0.003377341111452381,1.0164200843725395,1.0211226158206383,-0.0032709738513346798,-0.002949252517034151
TL,2023-07-06,0.0,1.0,-0.0,-0.0007139942880457495,1.0164200843725395,1.0203935401055482,-0.0032709738513346798,-0.0036611410556286472
TL,2023-07-07,1.0,1.0,0.0014290088802695333,0.0014290088802695333,1.0178725576991923,1.0218516915357287,-0.0018466392217457717,-0.002237363978439544
TL,2023-07-10,0.0,1.0,0.0,0.0017327489552543263,1.0178725576991923,1.023622303986662,-0.0018466392217457717,-0.0005084918132813865
TL,2023-07-11,1.0,1.0,0.0007122507122505617,0.0007122507122505617,1.0185975381533938,1.024351379701752,-0.0011357037795961533,0.0
TL,2023-07-12,1.0,0.0,0.00142348754448407,0.00142348754448407,1.0200474990617974,1.0258095311319326,0.0,0.0
TL,2023-07-13,0.0,1.0,-0.0,-0.0009137983551628093,1.0200474990617974,1.0248721480696739,0.0,-0.0009137983551629203
TL,2023-07-14,1.0,1.0,-0.0003048780487805436,-0.0003048780487805436,1.0197365089706198,1.0245596870489209,-0.0003048780487806546,-0.0012183978068839307
TL,2023-07-17,0.0,1.0,0.0,0.0027447392497712553,1.0197365089706198,1.0273718362356974,-0.0003048780487806546,0.0
TL,2023-07-18,1.0,1.0,0.0015206812652068802,0.0015206812652068802,1.021287203175259,1.0289341413394621,0.0,0.0
TL,2023-07-19,1.0,0.0,-0.0005061241016298679,-0.0005061241016298679,1.0207703051070458,1.0284133729715403,-0.0005061241016297569,-0.0005061241016299789
TL,2023-07-20,1.0,0.0,0.001215312943082969,0.001215312943082969,1.0220108604707572,1.0296632170545523,0.0,0.0
TL,2023-07-21,1.0,0.0,0.004147278980376257,0.004147278980376257,1.0262494246301037,1.0339335176715092,0.0,0.0
TL,2023-07-24,1.0,0.0,0.0027198549410698547,0.0027198549410698547,1.029040674198454,1.0367456668582857,0.0,0.0
TL,2023-07-25,1.0,0.0,-0.008941129194293795,-0.008941129194293795,1.0198398885842623,1.0274759899092816,-0.008941129194293795,-0.008941129194293795
TL,2023-07-26,1.0,0.0,0.004561581348200505,0.004561581348200505,1.0244919711981793,1.0321629052205756,-0.004420333534257748,-0.004420333534257748
TL,2023-07-27,1.0,0.0,0.0016145307769930284,0.0016145307769930284,1.026146045016461,1.0338293639979248,-0.002812939521800395,-0.002812939521800395
TL,2023-07-28,1.0,0.0,-0.0016119282691920978,-0.0016119282691920978,1.0244919711981793,1.0321629052205756,-0.004420333534257748,-0.004420333534257748
TL,2023-07-31,1.0,0.0,-0.0012108980827446603,-0.0012108980827446603,1.023251415834468,1.0309130611375639,-0.005625879043600679,-0.005625879043600679
TL,2023-08-01,1.0,0.0,0.0007072135785006761,0.0007072135785006761,1.0239750731299664,1.031642136852654,-0.00492264416315058,-0.004922644163150691
TL,2023-08-02,1.0,0.0,0.0015143866733973166,0.0015143866733973166,1.0255257673346054,1.0332044419564188,-0.0034157122764717496,-0.0034157122764719716
TL,2023-08-03,1.0,0.0,0.0017137096774193505,0.0017137096774193505,1.0272832207665297,1.0349750544073522,-0.0017078561382358748,-0.0017078561382360968
TL,2023-08-04,1.0,0.0,0.0010063399416322394,0.0010063399416322394,1.0283170169029556,1.0360165911431953,-0.0007032348804500987,-0.0007032348804502098
TL,2023-08-07,1.0,0.0,0.0007037297677692234,0.0007037297677692234,1.029040674198454,1.0367456668582855,0.0,-2.220446049250313e-16
TL,2023-08-08,1.0,0.0,-0.0006027727546714656,-0.0006027727546714656,1.0284203965165983,1.0361207448167797,-0.0006027727546714656,-0.0006027727546715766
TL,2023-08-09,1.0,0.0,0.0005026135906713858,0.0005026135906713858,1.0289372945848112,1.036641513184701,-0.00010046212577863312,-0.00010046212577885516
TL,2023-08-10,1.0,0.0,-0.0009042499748820321,-0.0009042499748820321,1.0280068780620277,1.0357041301224421,-0.001004621257785998,-0.0010046212577862201
TL,2023-08-11,1.0,0.0,0.0011061946902655162,0.0011061946902655162,1.0291440538120964,1.0368498205318697,0.0,0.0
TL,2023-08-14,1.0,0.0,0.0031140130587643533,0.0031140130587643533,1.032348821835017,1.0400785844129834,0.0,0.0
TL,2023-08-15,1.0,0.0,0.007009813739234927,0.007009813739234927,1.0395853947899991,1.0473693415638856,0.0,0.0
TL,2023-08-16,1.0,0.0,0.002287191726332516,0.002287191726332516,1.041963125903779,1.049764876056325,0.0,0.0
TL,2023-08-17,1.0,0.0,-0.002976485762476555,-0.002976485762476555,1.0388617374945008,1.0466402658487954,-0.002976485762476444,-0.002976485762476444
TL,2023-08-18,1.0,0.0,0.002686834510896796,0.002686834510896796,1.0416529870628513,1.0494524150355722,-0.00029764857624747787,-0.00029764857624747787
TL,2023-08-21,1.0,0.0,0.0,0.0,1.0416529870628513,1.0494524150355722,-0.00029764857624747787,-0.00029764857624747787
TL,2023-08-22,0.0,1.0,-0.0,-0.00029655990510080166,1.0416529870628513,1.0491411895269613,-0.00029764857624747787,-0.0005941202107148102
TL,2023-08-23,0.0,0.0,0.0,0.000889943636902979,1.0416529870628513,1.0500748660527937,-0.00029764857624747787,0.0
TL,2023-08-24,1.0,1.0,0.0013831258644536604,0.0013831258644536604,1.0430937242510434,1.051527251759644,0.0,0.0
TL,2023-08-25,1.0,0.0,-0.0024664561957379316,-0.0024664561957379316,1.040520979272129,1.048933705854554,-0.0024664561957379316,-0.0024664561957379316
TL,2023-08-28,1.0,0.0,-0.0007912174859063814,-0.0007912174859063814,1.0396977008788766,1.0481037711649253,-0.0032557221783739987,-0.0032557221783741097
TL,2023-08-29,1.0,0.0,-0.0024745125210333674,-0.0024745125210333674,1.0371249558999622,1.0455102252598354,-0.00572217837411193,-0.005722178374112041
TL,2023-08-30,1.0,0.0,0.0001984520738240736,0.0001984520738240736,1.0373307754982752,1.0457177089322425,-0.0055248618784530246,-0.005524861878453136
TL,2023-08-31,0.0,1.0,0.0,0.000694444444444553,1.0373307754982752,1.0464439017856677,-0.0055248618784530246,-0.004834254143646466
TL,2023-09-01,1.0,1.0,-0.004758600178447536,-0.004758600178447536,1.03239453308488,1.041464293647895,-0.010257171448179836,-0.009569850039463423
TL,2023-09-04,1.0,0.0,-0.0061759139356509785,-0.0061759139356509785,1.0260185533009112,1.0350322998032722,-0.016369737975743703,-0.015686661404893498
TL,2023-09-05,1.0,0.0,-0.001804149543951028,-0.001804149543951028,1.024167462395888,1.0331649467516075,-0.018144354064391188,-0.01746250986582476
TL,2023-09-06,1.0,0.0,-0.0036148207651370834,-0.0036148207651370834,1.0204652805858416,1.029430240648278,-0.02169358624168627,-0.021014206787687506
TL,2023-09-07,0.0,1.0,-0.0,-0.002720951325204224,1.0204652805858416,1.0266292110707809,-0.02169358624168627,-0.023677979479084565
TL,2023-09-08,0.0,0.0,0.0,0.0027283751010509505,1.0204652805858416,1.029430240648278,-0.02169358624168627,-0.021014206787687506
TL,2023-09-11,1.0,1.0,-0.0011085357250831818,-0.0011085357250831818,1.0193340583661052,1.0282890804500384,-0.022778073851415392,-0.02209944751381221
TL,2023-09-12,1.0,0.0,0.00020177562550438566,0.00020177562550438566,1.01953973513333,1.0284965641224455,-0.022580894286010178,-0.021902131018153304
TL,2023-09-13,1.0,0.0,0.0017147468226750284,0.0017147468226750284,1.0212879876547407,1.0302601753379066,-0.0209048679800653,-0.02022494080505155
TL,2023-09-14,1.0,0.0,0.005336824086194847,0.005336824086194847,1.026738421986198,1.0357584926566972,-0.01567960949682523,-0.01499605367008705
TL,2023-09-15,0.0,1.0,-0.0,-0.0070112179487179516,1.026738421986198,1.0284965641224455,-0.01567960949682523,-0.021902131018153304
TL,2023-09-18,0.0,0.0,-0.0,-0.002118216663304362,1.026738421986198,1.02631798556217,-0.01567960949682523,-0.0239739542225732
TL,2023-09-19,1.0,1.0,0.0009097341554633598,0.0009097341554633598,1.0276724809974054,1.0272516620880023,-0.014784139617665448,-0.023086029992107515
TL,2023-09-20,1.0,0.0,-0.0008079175924055049,-0.0008079175924055049,1.0268422063207765,1.0264217273983736,-0.015580112843585292,-0.023875295974743693
TL,2023-09-21,1.0,0.0,0.0020214271275520446,0.0020214271275520446,1.0289178930123488,1.0284965641224455,-0.013590179778785516,-0.021902131018153304
TL,2023-09-22,1.0,0.0,-0.005951180149283863,-0.005951180149283863,1.0227946172722107,1.0223757957864335,-0.019460482319944794,-0.027722967640094853
TL,2023-09-25,0.0,1.0,-0.0,-0.0025367833587012223,1.0227946172722107,1.0197822498813436,-0.019460482319944794,-0.030189423835832785
TL,2023-09-26,0.0,0.0,0.0,0.0003051881993896277,1.0227946172722107,1.0200934753899544,-0.019460482319944794,-0.02989344909234415
TL,2023-09-27,0.0,0.0,0.0,0.0007118885385946072,1.0227946172722107,1.0208196682433797,-0.019460482319944794,-0.02920284135753748
TL,2023-09-28,1.0,1.0,0.004268292682926722,0.004268292682926722,1.0271602040532504,1.0251768253639306,-0.01527525267131058,-0.025059194948697683
TL,2023-10-09,1.0,0.0,0.0011131349929165424,0.0011131349929165424,1.0283035720197133,1.0263179855621702,-0.01417912109666808,-0.02397395422257298
TL,2023-10-10,1.0,0.0,-0.001617305165268479,-0.001617305165268479,1.026640491341222,1.0246581161829127,-0.015773494296147827,-0.025552486187845225
TL,2023-10-11,1.0,0.0,-0.0031386048395262156,-0.0031386048395262156,1.0234182725266447,1.0214421192606011,-0.018862592370139986,-0.02861089187056043
TL,2023-10-12,1.0,0.0,0.0006093845216332827,0.0006093845216332827,1.024041927781079,1.0220645702778228,-0.018264702420335066,-0.028018942383583267
TL,2023-10-13,1.0,0.0,0.0019285424279333885,0.0019285424279333885,1.0260168360867876,1.0240356651656912,-0.016371384245952858,-0.026144435674822275
TL,2023-10-16,1.0,0.0,0.0017222165940633527,0.0017222165940633527,1.0277838593076847,1.0257992763811523,-0.01467736272150566,-0.02446724546172052
TL,2023-10-17,1.0,0.0,-0.0020226537216827545,-0.0020226537216827545,1.0257050084595705,1.0237244396570806,-0.016670329220855318,-0.02644041041831069
TL,2023-10-18,1.0,0.0,-0.0017227401702473166,-0.0017227401702473166,1.0239379852386734,1.0219608284416195,-0.018364350745302516,-0.028117600631412443
TL,2023-10-19,1.0,0.0,-0.004466551619125125,-0.004466551619125125,1.019364513372822,1.0173961876486612,-0.022748877043871962,-0.03245856353591137
TL,2023-10-20,0.0,1.0,0.0,0.0036708473539310837,1.019364513372822,1.021130893751991,-0.022748877043871962,-0.0289068666140484
TL,2023-10-23,1.0,1.0,0.0023366859697244724,0.0023366859697244724,1.0217464481292553,1.0235169559846735,-0.020465348055962784,-0.026637726913969595
TL,2023-10-24,1.0,0.0,-0.0033448205959861754,-0.0033448205959861754,1.0183288895656768,1.0200934753899549,-0.02374171573426742,-0.029893449092343705
TL,2023-10-25,1.0,0.0,0.0008135869012508845,0.0008135869012508845,1.0191573886113927,1.0209234100795836,-0.02294744478195121,-0.029104183109707527
TL,2023-10-26,0.0,1.0,-0.0,-0.0010161568946244204,1.0191573886113927,1.0198859917175478,-0.02294744478195121,-0.03009076558800272
TL,2023-10-27,1.0,1.0,-0.001627504831654969,-0.001627504831654969,1.0174987050372108,1.0182261223382902,-0.0245376025363494,-0.03166929755327497
TL,2023-10-30,0.0,1.0,0.0,0.0007131940906774936,1.0174987050372108,1.0189523151917155,-0.0245376025363494,-0.030978689818468297
TL,2023-10-31,0.0,0.0,0.0,0.0026471187130931995,1.0174987050372108,1.021649602933009,-0.0245376025363494,-0.028413575374900635
TL,2023-11-01,1.0,1.0,0.0008123476848089783,0.0008123476848089783,1.018325267754544,1.0224795376226377,-0.023745187916151544,-0.02762430939226468
TL,2023-11-02,1.0,0.0,0.0041599025974026205,0.0041599025974026205,1.0225614016808768,1.026732952906985,-0.01968406298763714,-0.023579321231254502
TL,2023-11-03,1.0,0.0,-0.00030312215822980715,-0.00030312215822980715,1.0222514406618768,1.0264217273983742,-0.019981218470211504,-0.023875295974743027
TL,2023-11-06,1.0,0.0,0.0003032140691328067,0.0003032140691328067,1.0225614016808768,1.026732952906985,-0.01968406298763714,-0.023579321231254502
TL,2023-11-07,1.0,0.0,-0.0006062443164595033,-0.0006062443164595033,1.021941479642877,1.0261105018897636,-0.020278373952785533,-0.02417127071823144
TL,2023-11-08,1.0,0.0,0.002224244262460706,0.002224244262460706,1.0242145271155432,1.0283928222862426,-0.018099233747241428,-0.022000789265982146
TL,2023-11-09,1.0,0.0,-0.00010087763542809824,-0.00010087763542809824,1.0241112067758766,1.028289080450039,-0.018198285574766104,-0.022099447513811654
TL,2023-11-10,1.0,0.0,0.002320419693300879,0.002320419693300879,1.0264875745882096,1.0306751426827216,-0.0159200935416971,-0.01983030781373285
TL,2023-11-13,1.0,0.0,0.0015098137896327746,0.0015098137896327746,1.0280373796832096,1.0322312702257757,-0.01443431612882573,-0.018350434096290003
TL,2023-11-14,1.0,0.0,-0.0020100502512563345,-0.0020100502512563345,1.0259709728898765,1.0301564335017037,-0.016415352679320705,-0.020323599052880392
TL,2023-11-15,1.0,0.0,0.0007049345417926567,0.0007049345417926567,1.0266942152675431,1.030882626355129,-0.015721989886647414,-0.01963299131807361
TL,2023-11-16,1.0,0.0,0.002113313877427636,0.002113313877427636,1.0288639424005428,1.0330612049154042,-0.013641901508627874,-0.017561168113654047
TL,2023-11-17,1.0,0.0,0.00150632657160088,0.00150632657160088,1.0304137474955428,1.0346173324584582,-0.012156124095756615,-0.0160812943962112
TL,2023-11-20,1.0,0.0,-0.0004010829238946245,-0.0004010829238946245,1.030000466136876,1.0342023651136438,-0.012552331405855766,-0.016475927387529232
TL,2023-11-21,0.0,1.0,-0.0,-0.0009027986758952666,1.030000466136876,1.0332686885878115,-0.012552331405855766,-0.01736385161799492
TL,2023-11-22,1.0,1.0,-0.00230923694779106,-0.00230923694779106,1.0276219510042308,1.030882626355129,-0.014832582046183429,-0.01963299131807361
TL,2023-11-23,1.0,0.0,0.0,0.0,1.0276219510042308,1.030882626355129,-0.014832582046183429,-0.01963299131807361
TL,2023-11-24,1.0,0.0,0.0007086454747924353,0.0007086454747924353,1.0283501706496074,1.0316131566633377,-0.014134447613537326,-0.01893825867373533
TL,2023-11-27,1.0,0.0,-0.0019221041982802056,-0.0019221041982802056,1.0263735744692997,1.0296302886839142,-0.016029383930719177,-0.020823961565510585
TL,2023-11-28,1.0,0.0,0.004257044394891496,0.004257044394891496,1.030742892341559,1.0340134705331665,-0.01184057733484356,-0.0166555656994809
TL,2023-11-29,1.0,0.0,0.002018570851836987,0.002018570851836987,1.0328235198997777,1.0361006999851916,-0.009845907527283648,-0.014670615287085798
TL,2023-11-30,1.0,0.0,0.0013094278807412874,0.0013094278807412874,1.03417592781262,1.0374573991290077,-0.008549372152369727,-0.013380397519029086
TL,2023-12-01,0.0,1.0,-0.0,-0.00010059350165969594,1.03417592781262,1.0373530376564066,-0.008549372152369727,-0.013479645039648713
TL,2023-12-04,1.0,1.0,-0.0009054325955735187,-0.0009054325955735187,1.0332395512180208,1.0364137844029953,-0.00944706386772487,-0.014372872725226582
TL,2023-12-05,1.0,0.0,0.002114590675662109,0.002114590675662109,1.0354244299387518,1.0386053753276214,-0.00735244986522976,-0.01228867479221174
TL,2023-12-06,1.0,0.0,-0.0011053054662378825,-0.0011053054662378825,1.0342799696564642,1.0374573991290077,-0.008449628628441452,-0.013380397519029086
TL,2023-12-07,1.0,0.0,0.0007041545116186487,0.0007041545116186487,1.0350082625633745,1.0381879294372165,-0.007751423960943082,-0.012685664874690694
TL,2023-12-08,1.0,0.0,0.0007036590269400289,0.0007036590269400289,1.0357365554702849,1.038918459745425,-0.0070532192934447124,-0.011990932230352636
TL,2023-12-11,0.0,1.0,0.0,0.0026117528879960883,1.0357365554702849,1.0416318580330577,-0.0070532192934447124,-0.009410496694238879
TL,2023-12-12,1.0,1.0,-0.0011020939785592043,-0.0011020939785592043,1.0345950764491274,1.040483881834444,-0.008147539961491201,-0.010502219421056114
TL,2023-12-13,1.0,0.0,0.0056168505516549505,0.0056168505516549505,1.0404062423750202,1.046328124300114,-0.0025764529241635303,-0.004944358266349869
TL,2023-12-14,1.0,0.0,-0.0013963694394574233,-0.0013963694394574233,1.038953450893547,1.0448670636836963,-0.003969224683495476,-0.006333823555026541
TL,2023-12-15,1.0,0.0,0.004794246903715438,0.004794246903715438,1.0439344502585979,1.0498764143685562,0.0,-0.001569942565278426
TL,2023-12-18,0.0,1.0,0.0,0.0008946322067595602,1.0439344502585979,1.0508156676219675,0.0,-0.0006767148797005573
TL,2023-12-19,1.0,1.0,0.0007945178269936903,0.0007945178269936903,1.0447638747895411,1.0516505594027774,0.0,0.0
TL,2023-12-20,1.0,0.0,0.000992358836955587,0.000992358836955587,1.0458006554532204,1.05269417412879,0.0,0.0
TL,2023-12-21,0.0,1.0,0.0,0.004362050163576825,1.0458006554532204,1.057286078923245,0.0,0.0
TL,2023-12-22,1.0,1.0,0.0015793110255650777,0.0015793110255650777,1.0474522999589209,1.058955862484865,0.0,0.0
TL,2023-12-25,1.0,0.0,0.007095693308367013,0.007095693308367013,1.054884700234573,1.0664698885121549,0.0,0.0
TL,2023-12-26,1.0,0.0,-0.0036207065270574823,-0.0036207065270574823,1.0510652723151406,1.0626085140259087,-0.0036207065270574823,-0.0036207065270573713
TL,2023-12-27,0.0,1.0,0.0,0.00019642506383821257,1.0510652723151406,1.0628172369711113,-0.0036207065270574823,-0.003424992660729931
TL,2023-12-28,0.0,0.0,-0.0,-0.0011783189316575404,1.0510652723151406,1.0615648992998963,-0.0036207065270574823,-0.004599275858694463
TL,2023-12-29,1.0,1.0,-0.0003932363350372947,-0.0003932363350372947,1.0506519552595703,1.0611474534094913,-0.004012519068729792,-0.004990703591349344
TL,2024-01-02,1.0,0.0,-0.0006884343036979157,-0.0006884343036979157,1.0499286504123224,1.0604169231012825,-0.004698191016656583,-0.00567570212349533
TL,2024-01-03,1.0,0.0,0.00019683102056888835,0.00019683102056888835,1.0501353089401075,1.0606256460464851,-0.004502284745820373,-0.005479988257167889
TL,2024-01-04,1.0,0.0,0.0012791498573256899,0.0012791498573256899,1.051478589370711,1.0619823451903014,-0.0032288939853848397,-0.004207848126039471
TL,2024-01-05,0.0,1.0,0.0,0.003930817610062753,1.051478589370711,1.0661568040943512,-0.0032288939853848397,-0.0002935707994911052
TL,2024-01-08,1.0,1.0,-9.788566953794486e-05,-9.788566953794486e-05,1.0513756646849857,1.06605244262175,-0.003326463592473128,-0.00039142773265476993
TL,2024-01-09,1.0,0.0,0.006363191385217792,0.006363191385217792,1.0580657692571367,1.072835938340831,0.0,0.0
TL,2024-01-10,1.0,0.0,-0.0018482490272373475,-0.0018482490272373475,1.056110200228354,1.0708530703614074,-0.0018482490272373475,-0.0018482490272372365
TL,2024-01-11,1.0,0.0,-0.0008771074943962898,-0.0008771074943962898,1.0551838780568255,1.069913817107996,-0.0027237354085603016,-0.0027237354085603016
TL,2024-01-12,1.0,0.0,-0.00438938743659778,-0.00438938743659778,1.0505522671991823,1.0652175508409398,-0.007101167315175183,-0.007101167315175183
TL,2024-01-15,1.0,0.0,0.002449299500342894,0.002449299500342894,1.0531253843423174,1.067826587655971,-0.0046692607003890885,-0.0046692607003893105
TL,2024-01-16,0.0,1.0,0.0,0.0,1.0531253843423174,1.067826587655971,-0.0046692607003890885,-0.0046692607003893105
TL,2024-01-17,1.0,1.0,0.0028342455043002257,0.0028342455043002257,1.056110200228354,1.0708530703614072,-0.0018482490272373475,-0.0018482490272374585
TL,2024-01-18,1.0,0.0,0.0,0.0,1.056110200228354,1.0708530703614072,-0.0018482490272373475,-0.0018482490272374585
TL,2024-01-19,1.0,0.0,0.003508429977584937,0.003508429977584937,1.0598154889144684,1.074610083375052,0.0,0.0
TL,2024-01-22,1.0,0.0,0.006895212197727485,0.006895212197727485,1.0671231416009719,1.0820197479297406,0.0,0.0
TL,2024-01-23,1.0,0.0,-0.0011574074074074403,-0.0011574074074074403,1.065888045372267,1.0807674102585256,-0.0011574074074074403,-0.0011574074074074403
TL,2024-01-24,1.0,0.0,0.0010621861722672765,0.0010621861722672765,1.0670202169152465,1.0819153864571394,-9.645061728391635e-05,-9.645061728402737e-05
TL,2024-01-25,1.0,0.0,-0.001157519050834388,-0.001157519050834388,1.0657851206865416,1.0806630487859243,-0.0012538580246913567,-0.0012538580246914677
TL,2024-01-26,0.0,1.0,0.0,0.0,1.0657851206865416,1.0806630487859243,-0.0012538580246913567,-0.0012538580246914677
TL,2024-01-29,1.0,1.0,0.0023177209077740457,0.0023177209077740457,1.0682553131439514,1.0831677241283544,0.0,0.0
TL,2024-01-30,1.0,0.0,0.007804220059735911,0.007804220059735911,1.076592212687709,1.0916210034090554,0.0,0.0
TL,2024-01-31,1.0,0.0,0.00793499043977075,0.00793499043977075,1.0851349616029176,1.1002830056349593,0.0,0.0
TL,2024-02-01,1.0,0.0,-0.0027506402352271975,-0.0027506402352271975,1.082150145716881,1.097256522929523,-0.0027506402352270864,-0.0027506402352271975
TL,2024-02-02,1.0,0.0,0.0,0.0,1.082150145716881,1.097256522929523,-0.0027506402352270864,-0.0027506402352271975
TL,2024-02-05,1.0,0.0,0.004755564009891522,0.004755564009891522,1.087296380003151,1.1024745965595855,0.0,0.0
TL,2024-02-06,1.0,0.0,-0.009371450208254362,-0.009371450208254362,1.0771068361163363,1.092142810772062,-0.009371450208254362,-0.00937145020825425
TL,2024-02-07,1.0,0.0,0.005064500716674747,0.005064500716674747,1.0825618444597827,1.0976739688199284,-0.004354411207875608,-0.004354411207875497
TL,2024-02-08,1.0,0.0,-0.00370792926411867,-0.00370792926411867,1.078547781716492,1.0936038713884797,-0.008046194623248626,-0.008046194623248515
TL,2024-02-19,1.0,0.0,0.003530871266342217,0.003530871266342217,1.082355995088332,1.0974652458747258,-0.00454373343430492,-0.00454373343430492
TL,2024-02-20,1.0,0.0,0.0,0.0,1.082355995088332,1.0974652458747258,-0.00454373343430492,-0.00454373343430492
TL,2024-02-21,1.0,0.0,0.0,0.0,1.082355995088332,1.0974652458747258,-0.00454373343430492,-0.00454373343430492
TL,2024-02-22,1.0,0.0,0.001993733978923551,0.001993733978923551,1.0845139250130311,1.099653299626114,-0.0025590584511205883,-0.0025590584511205883
TL,2024-02-23,1.0,0.0,0.0027477733560734574,0.0027477733560734574,1.0874939234804726,1.1026748976637448,0.0,0.0
TL,2024-02-26,0.0,1.0,0.0,0.004724558253803357,1.0874939234804726,1.1078845494527638,0.0,0.0
TL,2024-02-27,1.0,1.0,0.0022571240477757826,0.0022571240477757826,1.0899485321669704,1.110385182311493,0.0,0.0
TL,2024-02-28,1.0,0.0,0.0031903912921085187,0.0031903912921085187,1.0934258944728423,1.1139277455280259,0.0,0.0
TL,2024-02-29,1.0,0.0,0.004022074642222595,0.004022074642222595,1.097823735036151,1.1184080460665824,0.0,0.0
TL,2024-03-01,1.0,0.0,-0.011086267933668736,-0.011086267933668736,1.0856529669655994,1.1060090748087172,-0.011086267933668625,-0.011086267933668847
TL,2024-03-04,1.0,0.0,0.008478568064060221,0.008478568064060221,1.0948577495399663,1.1153864480289513,-0.0027016955468603943,-0.0027016955468606163
TL,2024-03-05,1.0,0.0,-0.003643157403082631,-0.003643157403082631,1.0908690104244074,1.1113229196335166,-0.006335010247810469,-0.006335010247810802
TL,2024-03-06,1.0,0.0,0.0058128633039564725,0.0058128633039564725,1.0972100828645268,1.1177828878519,-0.0005589714924536526,-0.0005589714924539857
TL,2024-03-07,0.0,1.0,-0.0,-0.000838926174496657,1.0972100828645268,1.1168451505298767,-0.0005589714924536526,-0.0013974287311347977
TL,2024-03-08,0.0,0.0,-0.0,-0.0027987685418415786,1.0972100828645268,1.1137193594564654,-0.0005589714924536526,-0.004192286193404171
TL,2024-03-11,1.0,1.0,-0.006081017868837191,-0.006081017868837191,1.0905379287447592,1.1069468121307406,-0.0066365902456572146,-0.010247810694988035
TL,2024-03-12,1.0,0.0,-0.011295180722891485,-0.011295180722891485,1.0782201057544194,1.0944436478370954,-0.01785680948234014,-0.02142724054406553
TL,2024-03-13,0.0,1.0,0.0,0.00628332063975634,1.0782201057544194,1.1013203881986005,-0.01785680948234014,-0.015278554127072685
TL,2024-03-14,0.0,0.0,-0.0,-0.0008514664143803863,1.0782201057544194,1.100382650876577,-0.01785680948234014,-0.01611701136575361
TL,2024-03-15,1.0,1.0,0.0031247040999904385,0.0031247040999904385,1.0815892245395624,1.1038210210573294,-0.014787902628151883,-0.013042668157257298
TL,2024-03-18,1.0,0.0,0.0037757221068530633,0.0037757221068530633,1.0856730048851906,1.1079887424885446,-0.011068015532165854,-0.009316191540898022
TL,2024-03-19,1.0,0.0,0.006488621403046846,0.006488621403046846,1.0927175259813988,1.1151780619573908,-0.004651210291590324,-0.0028880193776783525
TL,2024-03-20,1.0,0.0,-0.004484723909184418,-0.004484723909184418,1.0878169895666452,1.1101767962399325,-0.009115074806773316,-0.007359791317309461
TL,2024-03-21,1.0,0.0,-0.0015016424213983859,-0.0015016424213983859,1.086183477428394,1.1085097076674464,-0.010603029645167683,-0.008850381963853238
TL,2024-03-22,1.0,0.0,-0.008459441676849422,-0.008459441676849422,1.076994971650731,1.0991323344472121,-0.018972775611135972,-0.01723495435066169
TL,2024-03-25,1.0,0.0,0.0004739785761684878,0.0004739785761684878,1.0775054441939347,1.0996532996261141,-0.01850778972413758,-0.016769144773616684
TL,2024-03-26,0.0,1.0,-0.0,-0.0017055144968732838,1.0775054441939347,1.0977778249820673,-0.01850778972413758,-0.01844605925097831
TL,2024-03-27,1.0,1.0,0.004365983295368192,0.004365983295368192,1.0822098149639536,1.1025707046279647,-0.014222611129539153,-0.01416061114216527
TL,2024-03-28,1.0,0.0,9.45000945000718e-05,9.45000945000718e-05,1.0823120838937366,1.102674897663745,-0.0141294550731349,-0.01406744922675629
TL,2024-03-29,1.0,0.0,0.007370310875933095,0.007370310875933095,1.0902890604168123,1.1108019544546146,-0.006863282673598481,-0.006800819824855697
TL,2024-04-01,1.0,0.0,-0.007597786323984668,-0.007597786323984668,1.0820052771043873,1.102362318556404,-0.014408923242347993,-0.014346934972983116
TL,2024-04-02,1.0,0.0,0.0023629489603025355,0.0023629489603025355,1.0845620003489629,1.1049671444509135,-0.012080021832240218,-0.012017887087758639
TL,2024-04-03,1.0,0.0,0.0032060348892033463,0.0032060348892033463,1.0880391439615857,1.1085097076674466,-0.008912715914493385,-0.008850381963853016
TL,2024-04-08,1.0,0.0,0.002349844910235932,0.002349844910235932,1.0905958672061613,1.111114533561956,-0.00658381450438561,-0.006521334078628427
TL,2024-04-09,0.0,1.0,0.0,0.0022505626406601476,1.0905958672061613,1.1136151664206853,-0.00658381450438561,-0.004285448108812928
TL,2024-04-10,1.0,1.0,-0.004116766467065824,-0.004116766467065824,1.0861061387109263,1.1090306728463486,-0.010673476944674465,-0.008384572386808009
TL,2024-04-11,1.0,0.0,-0.005449079293498693,-0.005449079293498693,1.0801878602399348,1.1029874767710866,-0.016064395615964178,-0.01378796348052902
TL,2024-04-12,1.0,0.0,0.0029283959947099536,0.0029283959947099536,1.0833510780433957,1.1062174608802782,-0.013183042533033595,-0.010899944102850667
TL,2024-04-15,1.0,0.0,0.0,0.0,1.0833510780433957,1.1062174608802782,-0.013183042533033595,-0.010899944102850667
TL,2024-04-16,1.0,0.0,0.004050108316850265,0.004050108316850265,1.087738767254648,1.1106977614188345,-0.00918632696638777,-0.006893981740264454
TL,2024-04-17,0.0,1.0,0.0,0.0006566604127580256,1.087738767254648,1.1114271126692972,-0.00918632696638777,-0.0062418483324016005
TL,2024-04-18,1.0,1.0,0.007124777350707934,0.007124777350707934,1.0954886637870709,1.119345783388606,-0.0021270001499861246,0.0
TL,2024-04-19,0.0,1.0,0.0,9.308386856554662e-05,1.0954886637870709,1.1194499764243864,-0.0021270001499861246,0.0
TL,2024-04-22,1.0,1.0,0.0035368577810870327,0.0035368577810870327,1.099363251391679,1.1234093117840407,0.0,0.0
TL,2024-04-23,1.0,0.0,0.004915600074197668,0.004915600074197668,1.10476728147179,1.1289315426804007,0.0,0.0
TL,2024-04-24,1.0,0.0,-0.011536686663590201,-0.011536686663590201,1.0920219275092635,1.1159074132078535,-0.011536686663590201,-0.011536686663590201
TL,2024-04-25,1.0,0.0,-0.0031746031746030523,-0.0031746031746030523,1.0885551912314564,1.1123648499913208,-0.014674665436086753,-0.014674665436086531
TL,2024-04-26,1.0,0.0,-0.004683402023229699,-0.004683402023229699,1.0834570496464457,1.1071551982023018,-0.019289340101522834,-0.019289340101522723
TL,2024-04-29,1.0,0.0,-0.00818746470920384,-0.00818746470920384,1.0745862832885273,1.0980904040894088,-0.02731887401938171,-0.02731887401938149
TL,2024-04-30,0.0,1.0,0.0,0.0076857386848847575,1.0745862832885273,1.1065300399876195,-0.02731887401938171,-0.0198431010613751
TL,2024-05-06,1.0,1.0,-0.0035781544256121567,-0.0035781544256121567,1.0707412476232763,1.102570704627965,-0.030799277295018745,-0.023350253807106647
TL,2024-05-07,1.0,0.0,0.003874503874504054,0.003874503874504054,1.074889838735784,1.1068426190949607,-0.027044105339726232,-0.019566220581448857
TL,2024-05-08,1.0,0.0,0.0015061658665160849,0.0015061658665160849,1.0765088011211528,1.1085097076674468,-0.025578672381563194,-0.018089524688509218
TL,2024-05-09,1.0,0.0,-0.005075665006109675,-0.005075665006109675,1.071044803070533,1.1028832837353062,-0.030524508615363044,-0.023073373327180402
TL,2024-05-10,1.0,0.0,-0.0014170996693433358,-0.0014170996693433358,1.06952702583425,1.1013203881986007,-0.03189835201364066,-0.02445777572681107
TL,2024-05-13,0.0,1.0,0.0,0.006906338694418146,1.06952702583425,1.1089264798105682,-0.03189835201364066,-0.017720350715274447
TL,2024-05-14,0.0,0.0,0.0,0.0012214601146292026,1.06952702583425,1.110280989275713,-0.03189835201364066,-0.016520535302261163
TL,2024-05-15,1.0,1.0,-0.0012199699699699806,-0.0012199699699699806,1.068222234980661,1.108926479810568,-0.03307940695206235,-0.01772035071527467
TL,2024-05-16,1.0,0.0,0.0,0.0,1.068222234980661,1.108926479810568,-0.03307940695206235,-0.01772035071527467
TL,2024-05-17,1.0,0.0,-0.002837684449489175,-0.002837684449489175,1.0651909573558578,1.1057796963831827,-0.03582322248284531,-0.020507750401099645
TL,2024-05-20,0.0,1.0,0.0,0.0030354771390628255,1.0651909573558578,1.1091362653723937,-0.03582322248284531,-0.017534524069552915
TL,2024-05-21,1.0,1.0,-0.000662001134859036,-0.000662001134859036,1.0644857997332466,1.108402015906004,-0.0364615086037664,-0.01818491732957861
TL,2024-05-22,1.0,0.0,0.002839027160026486,0.002839027160026486,1.0675079038301518,1.1115487993333892,-0.03372599665696152,-0.015397517643753633
TL,2024-05-23,1.0,0.0,0.004152118524110682,0.004152118524110682,1.0719403231722795,1.1161640816935543,-0.029713912468314452,-0.011309331437877046
TL,2024-05-24,1.0,0.0,-0.0015975942110704189,-0.0015975942110704189,1.0702277975173664,1.114380904418036,-0.031264035904837284,-0.012888857926511177
TL,2024-05-27,1.0,0.0,0.001506024096385561,0.001506024096385561,1.0718395863690493,1.1160591889126414,-0.029805096199874592,-0.011402244760737812
TL,2024-05-28,1.0,0.0,0.004793233082706738,0.004793233082706738,1.0769771633337881,1.1214087207391963,-0.025154725890306318,-0.00666366529483553
TL,2024-05-29,1.0,0.0,0.0017771957721448572,0.0017771957721448572,1.0788911625951616,1.1234016835765404,-0.023422234990663093,-0.004898312160479645
TL,2024-05-30,1.0,0.0,-0.0018674136321193968,-0.0018674136321193968,1.0768764265305582,1.1213038279582836,-0.025245909621866347,-0.006756578617696074
TL,2024-05-31,1.0,0.0,-0.004115996258185373,-0.004115996258185373,1.0724440071884302,1.1166885455981184,-0.02925799381051375,-0.010844764823572994
TL,2024-06-03,1.0,0.0,0.0028179597971069725,0.0028179597971069725,1.0754661112853356,1.1198353290255036,-0.026522481863708647,-0.008057365137748018
TL,2024-06-04,1.0,0.0,0.001217684526039653,0.001217684526039653,1.0767756897273277,1.1211989351773706,-0.02533709335342671,-0.006849491940557173
TL,2024-06-05,1.0,0.0,0.0011226494527083464,0.0011226494527083464,1.0779845313660898,1.1224576485483246,-0.024242888574704802,-0.005734532066227205
TL,2024-06-06,1.0,0.0,0.0004672460517707311,0.0004672460517707311,1.0784882153822406,1.1229821124528887,-0.0237869699169041,-0.005269965451923153
TL,2024-06-07,1.0,0.0,0.0014944890715486991,0.0014944890715486991,1.0801000042339235,1.1246603969474942,-0.022328030211941297,-0.003783352286149788
TL,2024-06-11,1.0,0.0,0.002051855997015517,0.002051855997015517,1.0823162139049873,1.1269680381275768,-0.020321988117617762,-0.0017392591832113835
TL,2024-06-12,0.0,1.0,-0.0,-0.001396128071481706,1.0823162139049873,1.1253946464138842,-0.020321988117617762,-0.0031329590261238716
TL,2024-06-13,1.0,1.0,0.0030757759343833513,0.0030757759343833513,1.0856451760691093,1.1288561081840078,-0.01730871806522538,-6.681937171659769e-05
TL,2024-06-14,1.0,0.0,0.0022300687604535074,0.0022300687604535074,1.088066239461198,1.1313735349259162,-0.01511724893621269,0.0
TL,2024-06-17,1.0,0.0,0.0016688299647691363,0.0016688299647691363,1.0898820370052644,1.1332616049823474,-0.0134736470894532,0.0
TL,2024-06-18,1.0,0.0,0.0025916327286188423,0.0025916327286188423,1.092706610962701,1.1361986028479067,-0.010916933105605264,0.0
TL,2024-06-19,1.0,0.0,0.0006462333825703048,0.0006462333825703048,1.0934127544520604,1.1369328523142967,-0.010277754609643086,0.0
TL,2024-06-20,1.0,0.0,0.0035058584740288445,0.0035058584740288445,1.0972461048228674,1.1409187779889847,-0.006807928488706372,0.0
TL,2024-06-21,1.0,0.0,-0.004137170175599891,-0.004137170175599891,1.092706610962701,1.1361986028479067,-0.010916933105605264,-0.004137170175599891
TL,2024-06-24,1.0,0.0,0.003785081240768262,0.003785081240768262,1.0968425942575195,1.1404992068653335,-0.007173173343541617,-0.0003677484600531633
TL,2024-06-25,0.0,1.0,0.0,0.002851099052699313,1.0968425942575195,1.1437508830736316,-0.007173173343541617,0.0
TL,2024-06-26,1.0,1.0,-0.000550256786500336,-0.000550256786500336,1.0962390491763068,1.1431215263881547,-0.0077194830427288474,-0.000550256786500225
TL,2024-06-27,0.0,1.0,0.0,0.004496237841805861,1.0962390491763068,1.148261272652884,-0.0077194830427288474,0.0
TL,2024-06-28,0.0,0.0,0.0,0.00018269845619811598,1.0962390491763068,1.1484710582147097,-0.0077194830427288474,0.0
TL,2024-07-01,1.0,1.0,-0.009589916887386973,-0.009589916887386973,1.085726207805998,1.1374573162188613,-0.017235370729322463,-0.009589916887386973
TL,2024-07-02,0.0,1.0,0.0,0.0028587237181851854,1.085726207805998,1.1407089924271594,-0.017235370729322463,-0.00675860809206319
TL,2024-07-03,1.0,1.0,0.002390804597701246,0.002390804597701246,1.0883219670154654,1.1434362047308935,-0.014885772535203845,-0.0043839620056624895
TL,2024-07-04,1.0,0.0,-0.0022016328777176852,-0.0022016328777176852,1.0859258815913417,1.1409187779889851,-0.0170546324066978,-0.006575943008493956
TL,2024-07-05,1.0,0.0,-0.003309736140479913,-0.003309736140479913,1.0823317534551564,1.1371426378761227,-0.020307922213938623,-0.009863914512740934
TL,2024-07-08,1.0,0.0,-0.003043999631030303,-0.003043999631030303,1.0790371359969866,1.1336811761059988,-0.023290104537242673,-0.012877888391634063
TL,2024-07-09,1.0,0.0,0.0028682457438933273,0.0028682457438933273,1.0821320796698128,1.1369328523142967,-0.020488660536563064,-0.010046579596310501
TL,2024-07-10,1.0,0.0,0.0006458160346893838,0.0006458160346893838,1.0828309379185155,1.1376671017806865,-0.01985607640737741,-0.009407251803818073
TL,2024-07-11,1.0,0.0,0.0005531993361607146,0.0005531993361607146,1.0834299592745462,1.1382964584661635,-0.019313861439504088,-0.008859256553110373
TL,2024-07-12,1.0,0.0,0.003317360855142004,0.003317360855142004,1.0870240874107318,1.1420725985790259,-0.016060571632263043,-0.005571285048863284
TL,2024-07-15,1.0,0.0,0.0018368846436445097,0.0018368846436445097,1.0890208252641682,1.1441704541972828,-0.01425318840601797,-0.0037446342131705057
TL,2024-07-16,1.0,0.0,-9.167583425018222e-05,-9.167583425018222e-05,1.0889209883714963,1.14406556141637,-0.0143435575673303,-0.0038359667549551224
TL,2024-07-17,0.0,1.0,0.0,0.00018336847895850106,1.0889209883714963,1.1442753469781957,-0.0143435575673303,-0.003653301671385889
TL,2024-07-18,1.0,1.0,-0.0024750206251720197,-0.0024750206251720197,1.086225886466094,1.1414432418935487,-0.01678307759168496,-0.006119280299571206
TL,2024-07-19,1.0,0.0,0.0024811615511854956,0.0024811615511854956,1.088920988371496,1.1442753469781954,-0.014343557567330523,-0.003653301671386
TL,2024-07-22,0.0,1.0,0.0,0.002933357777981316,1.088920988371496,1.1476319159674062,-0.014343557567330523,-0.0007306603342778217
TL,2024-07-23,0.0,0.0,0.0,0.0014623891783200893,1.088920988371496,1.1493102004620117,-0.014343557567330523,0.0
TL,2024-07-24,1.0,1.0,0.0010039244318702512,0.0010039244318702512,1.0900141827560985,1.1504640210520531,-0.013354032983342035,0.0
TL,2024-07-25,0.0,1.0,0.0,0.0040116703136396925,1.0900141827560985,1.1550793034122182,-0.013354032983342035,0.0
TL,2024-07-26,1.0,1.0,0.002724300762804166,0.002724300762804166,1.0929837092256482,1.1582260868396035,-0.010666112622780943,0.0
TL,2024-07-29,1.0,0.0,0.0046187284912153626,0.0046187284912153626,1.098031904223883,1.1635756186661586,-0.006096648009826899,0.0
TL,2024-07-30,1.0,0.0,0.003876318398990275,0.003876318398990275,1.1022882254969044,1.1680860082454108,-0.00224396215968925,0.0
TL,2024-07-31,1.0,0.0,-0.0024245689655172376,-0.0024245689655172376,1.0996156516743096,1.165253903160764,-0.004663090484194332,-0.0024245689655172376
TL,2024-08-01,0.0,1.0,0.0,0.0041407867494822614,1.0996156516743096,1.1700789710827546,-0.004663090484194332,0.0
TL,2024-08-02,1.0,1.0,0.003137606454504782,0.003137606454504782,1.1030658128404773,1.1737502184147042,-0.001540114972490736,0.0
TL,2024-08-05,1.0,0.0,0.009562109025915921,0.009562109025915921,1.1136134484056186,1.1849737459723781,0.0,0.0
TL,2024-08-06,1.0,0.0,-0.008940426661945722,-0.008940426661945722,1.1036572690403916,1.174379575100181,-0.008940426661945722,-0.00894042666194561
TL,2024-08-07,1.0,0.0,0.004912468738835329,0.004912468738835329,1.1090789508729408,1.1801486780503874,-0.0040718774895991405,-0.0040718774895990295
TL,2024-08-08,1.0,0.0,-0.006221669184961365,-0.006221669184961365,1.1021786285406054,1.1728061833864885,-0.010268212799858567,-0.010268212799858345
TL,2024-08-09,1.0,0.0,-0.0032197477864234214,-0.0032197477864234214,1.0986298913411185,1.169030043273626,-0.013454899530849107,-0.013454899530848996
TL,2024-08-12,1.0,0.0,-0.011754149842978956,-0.011754149842978956,1.0857164309763194,1.1552890889740437,-0.025050898468620186,-0.025050898468620075
TL,2024-08-13,1.0,0.0,0.006809515162520485,0.006809515162520485,1.0931096334752504,1.163156047542507,-0.018411967779056515,-0.018411967779056404
TL,2024-08-14,1.0,0.0,0.0058616647127784915,0.0058616647127784915,1.0995170756409904,1.1699740783018417,-0.012658227848101333,-0.012658227848101222
TL,2024-08-15,1.0,0.0,-0.004124081047158001,-0.004124081047158001,1.094982578108313,1.165149010379851,-0.016730105337700363,-0.016730105337700252
TL,2024-08-16,1.0,0.0,0.0,0.0,1.094982578108313,1.165149010379851,-0.016730105337700363,-0.016730105337700252
TL,2024-08-19,0.0,1.0,0.0,0.0055113841705818345,1.094982578108313,1.1715705941920276,-0.016730105337700363,-0.01131092720484883
TL,2024-08-20,1.0,1.0,0.0015275406595380847,0.0015275406595380847,1.0966552085178591,1.173360215910175,-0.015228120594304007,-0.009800664446513285
TL,2024-08-21,1.0,0.0,-0.004844787367665471,-0.004844787367665471,1.0913421472169473,1.1676755351584123,-0.019999130955680844,-0.014597969678873501
TL,2024-08-22,0.0,1.0,0.0,0.006220699603317614,1.0913421472169473,1.174939293896776,-0.019999130955680844,-0.008468079659746386
TL,2024-08-23,1.0,1.0,0.0016127587133769605,0.0016127587133769605,1.093102218774147,1.176834187480697,-0.01841862601501254,-0.006868977915626351
TL,2024-08-26,1.0,0.0,-0.000357813757939085,-0.000357813757939085,1.092711091761436,1.1764131000176032,-0.018769849335161015,-0.007224333858764198
TL,2024-08-27,1.0,0.0,-0.005816554809843444,-0.005816554809843444,1.0863552778048817,1.169570428742333,-0.024477228287574038,-0.012998867934753577
TL,2024-08-28,0.0,1.0,0.0,0.0032403240324032634,1.0863552778048817,1.173360215910175,-0.024477228287574038,-0.009800664446513285
TL,2024-08-29,0.0,0.0,-0.0,-0.0012560559842096364,1.0863552778048817,1.1718864097893475,-0.024477228287574038,-0.011044410247495584
TL,2024-08-30,1.0,1.0,-0.0005389867049945263,-0.0005389867049945263,1.0857697467532443,1.1712547785947074,-0.02500302209194638,-0.011577444162202188
TL,2024-09-02,1.0,0.0,0.005302894121876678,0.005302894121876678,1.0915274687610137,1.1774658186753373,-0.01983271634895023,-0.0063359440009195245
TL,2024-09-03,1.0,0.0,0.0004470272686634136,0.0004470272686634136,1.092015411304045,1.1779921780042042,-0.01939455484530639,-0.005891749071997299
TL,2024-09-04,1.0,0.0,0.0020554066130473725,0.0020554066130473725,1.094259947001989,1.180413430916992,-0.017379011928545296,-0.003848452398955038
TL,2024-09-05,0.0,1.0,0.0,0.0008918219923303994,1.094259947001989,1.181466149574726,-0.017379011928545296,-0.0029600625411103643
TL,2024-09-06,1.0,1.0,0.0029403902699811635,0.0029403902699811635,1.0974774983029836,1.1849401211452477,-0.014489722736140798,-2.8376010223651882e-05
TL,2024-09-09,0.0,1.0,0.0,0.0034648187633261607,1.0974774983029836,1.1890457239104097,-0.014489722736140798,0.0
TL,2024-09-10,1.0,1.0,0.0029216467463479834,0.0029216467463479834,1.1006839398650907,1.1925196954809316,-0.011610409841080194,0.0
TL,2024-09-11,1.0,0.0,0.002030367231638408,0.002030367231638408,1.1029187324689835,1.1949409483937194,-0.009603616005128934,0.0
TL,2024-09-12,0.0,1.0,0.0,0.0007047837194960049,1.1029187324689835,1.1957831233199065,-0.009603616005128934,0.0
TL,2024-09-13,1.0,1.0,0.006514657980456029,0.006514657980456029,1.110103870791257,1.2035732413871372,-0.0031515222983220514,0.0
TL,2024-09-18,1.0,0.0,0.006997288550686598,0.006997288550686598,1.1178715878964174,1.2119949906490082,0.0,0.0
TL,2024-09-19,1.0,0.0,-0.0037349083644575565,-0.0037349083644575565,1.1136964399523936,1.2074683004207525,-0.0037349083644575565,-0.0037349083644575565
TL,2024-09-20,1.0,0.0,0.006451612903225712,0.006451612903225712,1.120881578274667,1.215258418487983,0.0,0.0
TL,2024-09-23,1.0,0.0,0.001645876645876676,0.001645876645876676,1.1227264110871427,1.2172585839376775,0.0,0.0
TL,2024-09-24,1.0,0.0,-0.010204964109660097,-0.010204964109660097,1.1112690283570308,1.204836503776418,-0.010204964109660208,-0.010204964109659986
TL,2024-09-25,0.0,1.0,0.0,0.003494975972040182,1.1112690283570308,1.2090473784073534,-0.010204964109660208,-0.006745654241978594
TL,2024-09-26,1.0,1.0,-0.011057901610796672,-0.011057901610796672,1.0989807247783332,1.1956778514541333,-0.021150020231390454,-0.017728963071867
TL,2024-09-27,1.0,0.0,-0.022803310441979252,-0.022803310441979252,1.0739203261414616,1.168412438218826,-0.04347104019617909,-0.04012799446510407
TL,2024-09-30,0.0,1.0,-0.0,-0.006126678079106163,1.0739203261414616,1.1612539513462357,-0.04347104019617909,-0.04600882124016237
TL,2024-10-08,1.0,1.0,0.0022663403136615745,0.0022663403136615745,1.0763541950702566,1.1638857479905704,-0.04130322005339082,-0.043846752572861414
TL,2024-10-09,1.0,0.0,0.010311143270622214,0.010311143270622214,1.0874526373855613,1.1758867406887366,-0.03141796020227716,-0.03398771944996948
TL,2024-10-10,1.0,0.0,0.006535362578334869,0.006535362578334869,1.0945595346576424,1.183571586890194,-0.025087925385335885,-0.02767447894145092
TL,2024-10-11,1.0,0.0,0.00017788846393318458,0.00017788846393318458,1.094754244171946,1.1837821306217409,-0.024914499773912913,-0.027501513448066617
TL,2024-10-14,1.0,0.0,-0.0016007114273011158,-0.0016007114273011158,1.0930018585432135,1.1818872370378197,-0.026475330276720443,-0.029058202888523454
TL,2024-10-15,1.0,0.0,0.0030284136456757427,0.0030284136456757427,1.0963119202863747,1.185466480474115,-0.023527094882528576,-0.026117789500994082
TL,2024-10-16,1.0,0.0,-0.004706509191013231,-0.004706509191013231,1.0911521181573296,1.1798870715881256,-0.02812287358523924,-0.030701375075671944
TL,2024-10-17,1.0,0.0,0.006691648822269913,0.006691648822269913,1.0984537249437145,1.1877824615211297,-0.021619413156874767,-0.024215169073769305
TL,2024-10-18,1.0,0.0,-0.0034565275192768308,-0.0034565275192768308,1.0946568894147943,1.1836768587559674,-0.025001212579624288,-0.027587996194758824
TL,2024-10-21,1.0,0.0,0.0012451085023124087,0.0012451085023124087,1.0960198560149195,1.1851506648767949,-0.023787233299663035,-0.02637723774107026
TL,2024-10-22,1.0,0.0,-0.005862497779356879,-0.005862497779356879,1.089594442042901,1.1782027217357514,-0.029510278476623575,-0.03208509902274448
TL,2024-10-23,1.0,0.0,-0.003484631879914213,-0.003484631879914213,1.085797606513981,1.1740971189705893,-0.032892077899372985,-0.035457926143733776
TL,2024-10-24,0.0,1.0,-0.0,-0.0008966197435666956,1.085797606513981,1.1730444003128555,-0.032892077899372985,-0.03632275361065407
TL,2024-10-25,1.0,1.0,-0.00206407610158843,-0.00206407610158843,1.0835564376232134,1.1706231474000677,-0.03488826224903785,-0.03831185678457083
TL,2024-10-28,0.0,1.0,-0.0,-0.003147482014388525,1.0835564376232134,1.166938632097999,-0.03488826224903785,-0.04133875291879208
TL,2024-10-29,0.0,0.0,0.0,0.005322507893549933,1.0835564376232134,1.173149672178629,-0.03488826224903785,-0.03623627086396197
TL,2024-10-30,1.0,1.0,-0.000717875089734421,-0.000717875089734421,1.0827785794483222,1.1723074972524419,-0.03558109192437964,-0.036928132837498295
TL,2024-10-31,1.0,0.0,0.0018857758620689502,0.0018857758620689502,1.0848204571574112,1.174518206433683,-0.033762414026607734,-0.035111995156965614
TL,2024-11-01,1.0,0.0,0.0058259388724568595,0.0058259388724568595,1.091140554828401,1.1813608777089533,-0.028133172914456384,-0.029490616621983268
TL,2024-11-04,1.0,0.0,-0.0008019960791303404,-0.0008019960791303404,1.0902654643816485,1.1804134309169927,-0.02891260629921588,-0.030268961342211576
TL,2024-11-05,1.0,0.0,0.004726656559350673,0.004726656559350673,1.0954187747903015,1.1859928398029822,-0.02432260970007738,-0.025685375767533825
TL,2024-11-06,1.0,0.0,-0.0011539144328066575,-0.0011539144328066575,1.0941547552561035,1.1846243055479282,-0.025448457922507606,-0.026809651474530183
TL,2024-11-07,1.0,0.0,0.0009775171065493637,0.0009775171065493637,1.0952243102465786,1.1857822960714355,-0.02449581711891291,-0.025858341260917794
TL,2024-11-08,0.0,1.0,0.0,0.0015092329545454142,1.0952243102465786,1.187571917789583,-0.02449581711891291,-0.024388134567153275
TL,2024-11-11,1.0,1.0,0.0016842478503678038,0.0016842478503678038,1.097068939436782,1.189572083239277,-0.022852826295870488,-0.022744962380004785
TL,2024-11-12,1.0,0.0,0.006637168141592875,0.006637168141592875,1.104350370450743,1.1974674731722812,-0.01636733620491404,-0.016258756378102146
TL,2024-11-13,1.0,0.0,-0.0028131868131867632,-0.0028131868131867632,1.101243626551453,1.1940987734675328,-0.019134478643722197,-0.019026204272247327
TL,2024-11-14,1.0,0.0,-0.0019395221722648959,-0.0019395221722648959,1.099107740120691,1.1917827924205182,-0.021036889070402798,-0.020928824699472104
TL,2024-11-15,1.0,0.0,-0.0009716456143450403,-0.0009716456143450403,1.09803979690531,1.190624801897011,-0.021988094283743154,-0.021880134913084492
TL,2024-11-18,1.0,0.0,-0.010344827586206806,-0.010344827586206806,1.086680764523531,1.1783079936015246,-0.032105458825635425,-0.031998616276052605
TL,2024-11-19,0.0,1.0,0.0,0.005271151612614933,1.086680764523531,1.1845190336821543,-0.032105458825635425,-0.026896134221222723
TL,2024-11-20,1.0,1.0,-0.0016885886953430518,-0.0016885886953430518,1.0848458076691099,1.1825188682324599,-0.0337398346061466,-0.028539306408371323
TL,2024-11-21,1.0,0.0,0.005252381376301907,0.005252381376301907,1.0905438315854703,1.1887299083130896,-0.02866466770876952,-0.02343682435354144
TL,2024-11-22,1.0,0.0,0.0,0.0,1.0905438315854703,1.1887299083130896,-0.02866466770876952,-0.02343682435354144
TL,2024-11-25,0.0,1.0,0.0,0.006084119566175827,1.0905438315854703,1.1959622832071557,-0.02866466770876952,-0.01749529722898402
TL,2024-11-26,0.0,0.0,0.0,0.0002629272567922225,1.0905438315854703,1.1962767342895064,-0.02866466770876952,-0.017236969962698856
TL,2024-11-27,1.0,1.0,-0.0028038202050293393,-0.0028038202050293393,1.0874861427560008,1.192922589411099,-0.03138811733930669,-0.019992460803073264
TL,2024-11-28,1.0,0.0,0.005447675951146591,0.005447675951146591,1.0934104148630979,1.1994212451130135,-0.026111433680141127,-0.014653697299847668
TL,2024-11-29,1.0,0.0,0.0009612863759502766,0.0009612863759502766,1.094461495398228,1.200574232414966,-0.02517524786964409,-0.013706497323469069
TL,2024-12-02,1.0,0.0,0.00785751702462023,0.00785751702462023,1.1030612452311108,1.210007764885487,-0.01751554578375858,-0.0059566793349158376
TL,2024-12-03,1.0,0.0,-0.0042446292446292055,-0.0042446292446292055,1.0983791592109857,1.2048717305404257,-0.02168582803051844,-0.010176024684239171
TL,2024-12-04,1.0,0.0,0.007307525010874283,0.007307525010874283,1.1064055923883431,1.2136763608462453,-0.014536772750358695,-0.002942861228256155
TL,2024-12-05,1.0,0.0,-0.0006909059504276449,-0.0006909059504276449,1.1056411701809756,1.2128378246266434,-0.015217635157993015,-0.0036317339383498126
TL,2024-12-06,1.0,0.0,-0.0028519574799066305,-0.0028519574799066305,1.1024879285755853,1.2093788627207858,-0.018026192589484347,-0.006473333867485942
TL,2024-12-09,1.0,0.0,0.00043335066736016614,0.00043335066736016614,1.10296569245519,1.2099029478580372,-0.017600653584712744,-0.006042788423677226
TL,2024-12-10,0.0,1.0,0.0,0.01316815385948189,1.10296569245519,1.2258351360304724,-0.017600653584712744,0.0
TL,2024-12-11,1.0,1.0,0.0005130397605814796,0.0005130397605814796,1.103531557709977,1.226464038195174,-0.017096643659232358,0.0
TL,2024-12-12,1.0,0.0,0.0006837022476711141,0.0006837022476711141,1.1042860447163592,1.2273025744147756,-0.016424630425258768,0.0
TL,2024-12-13,1.0,0.0,0.005636689725851962,0.005636689725851962,1.1105105625190135,1.234220498226491,-0.01088052124497585,0.0
TL,2024-12-16,1.0,0.0,0.004755838641189003,0.004755838641189003,1.11579197156369,1.2400902517637042,-0.006176428607160056,0.0
TL,2024-12-17,1.0,0.0,-0.0008452370890035255,-0.0008452370890035255,1.1148488628057118,1.2390420814892018,-0.007016445149627293,-0.0008452370890035255
TL,2024-12-18,0.0,1.0,-0.0,-0.005583283986126397,1.1148488628057118,1.2321241576774864,-0.007016445149627293,-0.006423801876426438
TL,2024-12-19,1.0,1.0,-0.0034878774989366423,-0.0034878774989366423,1.1109604065424168,1.2278266595520269,-0.010479850147403935,-0.009889273941340648
TL,2024-12-20,1.0,0.0,0.010756359911217483,0.010756359911217483,1.1229102965222995,1.2410336050107564,0.0,0.0
TL,2024-12-23,1.0,0.0,-0.0026182432432432234,-0.0026182432432432234,1.1199702442256616,1.2377842771597993,-0.0026182432432433345,-0.0026182432432431124
TL,2024-12-24,1.0,0.0,-0.005419595223981721,-0.005419595223981721,1.1139004588390546,1.2310759874029844,-0.008023648648648685,-0.008023648648648574
TL,2024-12-25,1.0,0.0,-0.0011068539804173216,-0.0011068539804173216,1.1126675336824,1.2297133660461312,-0.009121621621621778,-0.009121621621621667
TL,2024-12-26,1.0,0.0,-0.0012785543811796307,-0.0012785543811796307,1.111244927732414,1.2281411106343778,-0.010388513513513664,-0.010388513513513553
TL,2024-12-27,1.0,0.0,0.011607066655287213,0.011607066655287213,1.1241432216789538,1.2423962263676096,0.0,0.0
TL,2024-12-30,1.0,0.0,-0.004387075002109109,-0.004387075002109109,1.1192115210523357,1.2369457409401976,-0.004387075002109109,-0.004387075002109109
TL,2024-12-31,1.0,0.0,0.006948563681044018,0.006948563681044018,1.126988433578926,1.2455407371911167,0.0,0.0
TL,2025-01-02,1.0,0.0,0.009677690818816753,0.009677690818816753,1.1378950791954854,1.2575946953478934,0.0,0.0
TL,2025-01-03,1.0,0.0,0.0015002500416736453,0.0015002500416736453,1.1396022063354687,1.2594814018419975,0.0,0.0
TL,2025-01-06,1.0,0.0,0.004327563249001409,0.004327563249001409,1.144533906962087,1.2649318872694097,0.0,0.0
TL,2025-01-07,1.0,0.0,-0.0033145508783560818,-0.0033145508783560818,1.1407402910954576,1.2607392061714002,-0.0033145508783559707,-0.0033145508783561928
TL,2025-01-08,1.0,0.0,8.31393415363646e-05,8.31393415363646e-05,1.1408351314921232,1.2608440231988505,-0.0032316871063972075,-0.0032316871063972075
TL,2025-01-09,1.0,0.0,-0.005569872807382192,-0.005569872807382192,1.134480824915519,1.2538212823596848,-0.008783559827643561,-0.008783559827643561
TL,2025-01-10,1.0,0.0,0.0011703728473499986,0.0011703728473499986,1.1358085904688393,1.2552887207439882,-0.007623467020218877,-0.007623467020218877
TL,2025-01-13,1.0,0.0,0.001586506346025418,0.001586506346025418,1.1376105580054883,1.2572802442655426,-0.00604905535299971,-0.00604905535299971
TL,2025-01-14,1.0,0.0,0.0,0.0,1.1376105580054883,1.2572802442655426,-0.00604905535299971,-0.00604905535299971
TL,2025-01-15,1.0,0.0,0.00541892455189652,0.00541892455189652,1.1437751837887609,1.2640933510498076,-0.0006629101756714384,-0.0006629101756714384
TL,2025-01-16,1.0,0.0,-0.00033167495854058426,-0.00033167495854058426,1.143395822202098,1.2636740829400066,-0.0009943652635070466,-0.0009943652635070466
TL,2025-01-17,1.0,0.0,-0.00497677504976779,-0.00497677504976779,1.1377053984021537,1.2573850612929927,-0.005966191581041169,-0.005966191581041058
TL,2025-01-20,1.0,0.0,-0.0013337779259753324,-0.0013337779259753324,1.1361879520555018,1.255707988853789,-0.007292011932383602,-0.00729201193238338
TL,2025-01-21,0.0,1.0,0.0,0.005425709515859856,1.1361879520555018,1.2625210956380541,-0.007292011932383602,-0.0019058667550548858
TL,2025-01-22,1.0,1.0,-0.0006641760066417035,-0.0006641760066417035,1.1354333232787113,1.2616825594184524,-0.00795134475965964,-0.002568776930725991
TL,2025-01-23,1.0,0.0,-0.0011630805017861512,-0.0011630805017861512,1.1341127229193275,1.2602151210341492,-0.0091051772073929,-0.0037288697381505642
TL,2025-01-24,0.0,1.0,0.0,0.0024952174997920906,1.1341127229193275,1.2633596318576563,-0.0091051772073929,-0.0012429565793834474
TL,2025-01-27,0.0,0.0,0.0,0.005890649630797329,1.1341127229193275,1.270801640806623,-0.0091051772073929,0.0
TL,2025-02-05,1.0,1.0,0.0037116463213460182,0.0037116463213460182,1.1383221482353427,1.2755184070418832,-0.005427326083533912,0.0
TL,2025-02-06,1.0,0.0,0.003369216862519453,0.003369216862519453,1.1421574024121566,1.2798159051673428,-0.002076395059573466,0.0
TL,2025-02-07,1.0,0.0,-0.0023751023751023004,-0.0023751023751023004,1.1394446616529468,1.2767762113712862,-0.0044465657838381745,-0.0023751023751023004
TL,2025-02-10,1.0,0.0,-0.003940563172153411,-0.003940563172153411,1.1349546079825303,1.271744994053675,-0.008369606982621236,-0.006306306306306242
TL,2025-02-11,0.0,1.0,0.0,0.003956152641556132,1.1349546079825303,1.2767762113712862,-0.008369606982621236,-0.0023751023751023004
TL,2025-02-12,1.0,1.0,-0.001477711189557529,-0.001477711189557529,1.1332774728586748,1.274889504877182,-0.009834950310288249,-0.003849303849303709
TL,2025-02-13,1.0,0.0,0.0021376305187865707,0.0021376305187865707,1.1357000013709109,1.2776147475908881,-0.0077183432814356134,-0.001719901719901551
TL,2025-02-14,1.0,0.0,-0.005168594634506474,-0.005168594634506474,1.129830028437416,1.2710112748615234,-0.01284704492827049,-0.006879606879606759
TL,2025-02-17,1.0,0.0,-0.007504535708395266,-0.007504535708395266,1.1213511786445902,1.2614729253635522,-0.020255169529254213,-0.014332514332514257
TL,2025-02-18,0.0,1.0,-0.0,-0.0014125467386787438,1.1213511786445902,1.2596910358968982,-0.020255169529254213,-0.015724815724815655
TL,2025-02-19,1.0,1.0,0.0,0.0,1.1213511786445902,1.2596910358968982,-0.020255169529254213,-0.015724815724815655
TL,2025-02-20,0.0,1.0,-0.0,-0.0066727833847693985,1.1213511786445902,1.2512853904826224,-0.020255169529254213,-0.022292670820487914
TL,2025-02-21,1.0,1.0,-0.009068771517339758,-0.009068771517339758,1.1111819010147628,1.2399377691733502,-0.029140251542088214,-0.031159275199645453
TL,2025-02-24,0.0,1.0,-0.0,-0.009321243962376102,1.1111819010147628,1.228380006728721,-0.029140251542088214,-0.04019007595619495
TL,2025-02-25,1.0,1.0,0.006415191172696844,0.006415191172696844,1.1183103453374132,1.2362602993046043,-0.022912000653854347,-0.03403271180400225
TL,2025-02-26,0.0,1.0,0.0,0.000594934557198723,1.1183103453374132,1.2369957932783535,-0.022912000653854347,-0.033458024483130844
TL,2025-02-27,1.0,1.0,-0.002972904102607754,-0.002972904102607754,1.114985715923771,1.2333183234096077,-0.0258167895757192,-0.03633146108748764
TL,2025-02-28,1.0,0.0,0.005367183506560069,0.005367183506560069,1.1209700488683272,1.23993776917335,-0.02058816951636222,-0.031159275199645675
TL,2025-03-03,1.0,0.0,0.005677484958901857,0.005677484958901857,1.1273343394601565,1.246977497207806,-0.015027573580220999,-0.025658696557020022
TL,2025-03-04,0.0,1.0,-0.0,-0.0005055611729019027,1.1273343394601565,1.2463470738017355,-0.015027573580220999,-0.026151285689195336
TL,2025-03-05,0.0,0.0,0.0,0.0021075703928510325,1.1273343394601565,1.2489738379936965,-0.015027573580220999,-0.02409883097179788
TL,2025-03-06,1.0,1.0,-0.006141162614621054,-0.006141162614621054,1.1204111959604852,1.24130368655317,-0.021076449421782772,-0.030091998746598736
TL,2025-03-07,1.0,0.0,-0.013373963094633456,-0.013373963094633456,1.1054268579748956,1.2247025368599753,-0.03416853685968335,-0.04306351256055152
TL,2025-03-10,1.0,0.0,0.00042896362388455955,0.00042896362388455955,1.1059010458858318,1.2252278896983675,-0.033754230295192866,-0.04265302161707207
TL,2025-03-11,1.0,0.0,-0.010547980447646044,-0.010547980447646044,1.0942360232767967,1.2123042098739185,-0.04394617178165994,-0.052751098826668175
TL,2025-03-12,0.0,1.0,0.0,0.006933610677760438,1.0942360232767967,1.2207098552881943,-0.04394617178165994,-0.046183243730995804
TL,2025-03-13,1.0,1.0,-0.0024100533654674017,-0.0024100533654674017,1.0915988560662828,1.2177678793931979,-0.04625031252792555,-0.048481993014481084
TL,2025-03-14,1.0,0.0,-0.00474547023295957,-0.00474547023295957,1.0864187061884876,1.2119889981708831,-0.050776303279518764,-0.05299739339275589
TL,2025-03-17,1.0,0.0,-0.014997832683138146,-0.014997832683138146,1.0701247802092413,1.193811789962512,-0.06501260146180232,-0.06720038003714701
TL,2025-03-18,1.0,0.0,0.0007041013906001758,0.0007041013906001758,1.0708782565551023,1.1946523545039396,-0.06435427553429796,-0.06654359452757985
TL,2025-03-19,1.0,0.0,0.0033421284080914493,0.0033421284080914493,1.0744572691979426,1.1986450360757206,-0.06122722737865183,-0.06342386335713546
TL,2025-03-20,1.0,0.0,0.010869565217391353,0.010869565217391353,1.0861361525587898,1.211673786467848,-0.05102317550233282,-0.05324368795884349
TL,2025-03-21,1.0,0.0,-0.001994450225459521,-0.001994450225459521,1.0839699080644392,1.2092571634112437,-0.05291586254390801,-0.05513194629884932
TL,2025-03-24,1.0,0.0,0.004344426101311916,0.004344426101311916,1.088679135226071,1.2145106917951658,-0.04880132549700533,-0.0510270368640543
TL,2025-03-25,1.0,0.0,0.0025953802232026035,0.0025953802232026035,1.09150467152305,1.217662808825519,-0.04633260326886368,-0.048564091203177284
TL,2025-03-26,1.0,0.0,0.007593407541634178,0.007593407541634178,1.0997929113275222,1.2269090187812222,-0.039091018066314764,-0.04133945059793798
TL,2025-03-27,1.0,0.0,-0.0038537295538237926,-0.0038537295538237926,1.0955546068820534,1.222180843235692,-0.04279410140852735,-0.045033869089253664
TL,2025-03-28,0.0,1.0,-0.0,-0.0027510316368637433,1.0955546068820534,1.2188185850699818,-0.04279410140852735,-0.04766101112752252
TL,2025-03-31,1.0,1.0,0.0012068965517242347,0.0012068965517242347,1.096876827959325,1.22028957301748,-0.041638852910227175,-0.04651163648577983
TL,2025-04-01,0.0,1.0,0.0,0.0006027208541414808,1.096876827959325,1.221025066991229,-0.041638852910227175,-0.04593694916490865
TL,2025-04-02,1.0,1.0,0.008346958093107482,0.008346958093107482,1.1060324128756023,1.2312169120560386,-0.033639452577406304,-0.03797342486140587
TL,2025-04-03,1.0,0.0,0.013398190817545563,0.013398190817545563,1.1208512461937,1.2477129911815545,-0.02069196956449071,-0.025084009236149174
TL,2025-04-07,1.0,0.0,0.01726315789473687,0.01726315789473687,1.1402006782332543,1.269252457555636,-0.003786020407498758,-0.008253880553489079
TL,2025-04-08,1.0,0.0,-0.006456953642384078,-0.006456953642384078,1.1328384553108872,1.2610569532767173,-0.010218527891622475,-0.014657539271769493
TL,2025-04-09,1.0,0.0,0.002582902849525004,0.002582902849525004,1.1357644669851612,1.2643141408747491,-0.0076620185069067315,-0.012112495422196501
TL,2025-04-10,1.0,0.0,-0.00382282057674721,-0.00382282057674721,1.131422643210432,1.2594808947615406,-0.011455548561646434,-0.015889012102208055
TL,2025-04-11,1.0,0.0,-0.0028364061066155077,-0.0028364061066155077,1.1282134691160668,1.2559084954604733,-0.014259462080366991,-0.01868035051786876
TL,2025-04-14,1.0,0.0,0.0036810842466326044,0.0036810842466326044,1.1323665179440687,1.260531600438325,-0.010630868114963832,-0.01506803021524905
TL,2025-04-15,1.0,0.0,-0.0015837292656497581,-0.0015837292656497581,1.1305731559501588,1.2585352596524344,-0.012197760963660653,-0.016627895800471304
TL,2025-04-16,1.0,0.0,0.002170646184671998,0.002170646184671998,1.1330272302576145,1.261267094412074,-0.010053591802286044,-0.014493342894377759
TL,2025-04-17,1.0,0.0,-0.004998333888703854,-0.004998333888703854,1.1273639818557937,1.2549628603513672,-0.015001674482381322,-0.01941923421613201
TL,2025-04-18,1.0,0.0,0.002176825184192932,0.002176825184192932,1.1298180561632494,1.2576946951110068,-0.012857505321006713,-0.017284681310038463
TL,2025-04-21,1.0,0.0,-0.003091060985797811,-0.003091060985797811,1.1263257196487932,1.2538070841069044,-0.015908822973732084,-0.02032231429178677
TL,2025-04-22,1.0,0.0,0.004944272186373944,0.004944272186373944,1.1318945805772505,1.2600062475999327,-0.011043208338305077,-0.015478521158728498
TL,2025-04-23,1.0,0.0,-0.00433622414943291,-0.00433622414943291,1.126986431962339,1.2545425780806536,-0.015331546661054296,-0.019747626970915477
TL,2025-04-24,1.0,0.0,-0.0011725293132328618,-0.0011725293132328618,1.1256650073352474,1.2530715901331553,-0.016486099286409872,-0.020897001612658173
TL,2025-04-25,1.0,0.0,0.0035217172564145915,0.0035217172564145915,1.129629281216522,1.25748455397565,-0.013022441410343144,-0.017448877687430198
TL,2025-04-28,1.0,0.0,0.004177807486630991,0.004177807486630991,1.134348654884706,1.2627380823595724,-0.008899039176930579,-0.013343968252635063
TL,2025-04-29,0.0,1.0,0.0,0.006656681644200413,1.134348654884706,1.2711437277738482,-0.008899039176930579,-0.006776113156962693
TL,2025-04-30,1.0,1.0,-0.0018184823937841266,-0.0018184823937841266,1.1322858618273854,1.2688321752849223,-0.010701338824649853,-0.008582273308272659
TL,2025-05-06,0.0,1.0,0.0,0.0017389864193440019,1.1322858618273854,1.2710386572061696,-0.010701338824649853,-0.006858211345658782
TL,2025-05-07,1.0,1.0,-0.00686120525750189,-0.00686120525750189,1.1245170161192204,1.2623178000888584,-0.017489119999945735,-0.013672361007418754
TL,2025-05-08,0.0,1.0,0.0,0.002413850507741122,1.1245170161192204,1.2653648465515335,-0.017489119999945735,-0.011291513535237496
TL,2025-05-09,1.0,1.0,-0.000498214730548896,-0.000498214730548896,1.1239567651770368,1.2647344231454627,-0.01797862139328632,-0.011784102667413032
TL,2025-05-12,1.0,0.0,-0.013541580127938935,-0.013541580127938935,1.1087366145810529,1.2476079206138757,-0.03127674257903823,-0.025166107424845374
TL,2025-05-13,1.0,0.0,0.00471618662624218,0.00471618662624218,1.113965623374765,1.2534918724038686,-0.026708062907859875,-0.020568608857874926
TL,2025-05-14,1.0,0.0,-0.0031014249790443094,-0.0031014249790443094,1.110510742564634,1.2496042613997662,-0.02972665483345982,-0.023606241839623232
TL,2025-05-15,1.0,0.0,0.001513495333389292,0.001513495333389292,1.1121914953911842,1.251495531617978,-0.028258150653438174,-0.022128474443097068
TL,2025-05-16,0.0,1.0,-0.0,-0.0016791201410460976,1.1121914953911842,1.2493941202644092,-0.028258150653438174,-0.023770438217015077
TL,2025-05-19,1.0,1.0,0.0034479858716676137,0.0034479858716676137,1.116026315953882,1.2537020135392254,-0.024907598485983007,-0.02040441248048319
TL,2025-05-20,1.0,0.0,-0.0005028494803888117,-0.0005028494803888117,1.1154651227008043,1.2530715901331548,-0.025397923193415384,-0.020897001612658506
TL,2025-05-21,1.0,0.0,0.0,0.0,1.1154651227008043,1.2530715901331548,-0.025397923193415384,-0.020897001612658506
TL,2025-05-22,0.0,1.0,-0.0,-0.0008359806052500307,1.1154651227008043,1.2520240465868138,-0.025397923193415384,-0.021715512729852393
TL,2025-05-23,0.0,0.0,0.0,0.0006693440428380271,1.1154651227008043,1.2528620814238867,-0.025397923193415384,-0.02106070383609726
TL,2025-05-26,0.0,0.0,0.0,0.0013377926421405117,1.1154651227008043,1.2545381510980325,-0.025397923193415384,-0.019751086048586886
TL,2025-05-27,0.0,0.0,-0.0,-0.0025050100200402214,1.1154651227008043,1.2513955204590093,-0.025397923193415384,-0.02220661940016866
TL,2025-05-28,1.0,1.0,-0.000502260170768376,-0.000502260170768376,1.1149048689977905,1.2507669943312048,-0.02588742699894342,-0.022697726070484925
TL,2025-05-29,1.0,0.0,-0.005946398659966601,-0.005946398659966601,1.1082752001787919,1.2433294351521833,-0.03167988869769345,-0.02850915500256157
TL,2025-05-30,1.0,0.0,0.006066222933692744,0.006066222933692744,1.1149982446149593,1.2508717486858387,-0.02580584303135547,-0.022615874958765603
TL,2025-06-03,1.0,0.0,0.00033498031990619737,0.00033498031990619737,1.1153717470836353,1.251290766104375,-0.025479507161003445,-0.022288470511888092
TL,2025-06-04,1.0,0.0,0.0010046044370028984,0.0010046044370028984,1.1164922544896632,1.2525478183599843,-0.024500499549947152,-0.02130625717125545
TL,2025-06-05,1.0,0.0,-0.0021744584762063424,-0.0021744584762063424,1.1140644884432693,1.2498242051394977,-0.02662168270723586,-0.02343438607595949
TL,2025-06-06,1.0,0.0,0.003939317743692827,0.003939317743692827,1.118453142450212,1.2547476598073004,-0.02278723623059864,-0.019587383825148352
TL,2025-06-09,1.0,0.0,0.003005510101853348,0.003005510101853348,1.1218146646682958,1.2585188165741281,-0.01985021339742954,-0.016640743803250313
TL,2025-06-10,0.0,1.0,0.0,0.00016647244880974021,1.1218146646682958,1.2587283252833963,-0.01985021339742954,-0.016477041579811558
TL,2025-06-11,1.0,1.0,0.0023302263648468102,0.0023302263648468102,1.1244287467763776,1.261661447213151,-0.01756624252318928,-0.014185210451668762
TL,2025-06-12,1.0,0.0,0.00041514447027557466,0.00041514447027557466,1.1248955471528208,1.2621852189863214,-0.017158390581360705,-0.013775954893071929
TL,2025-06-13,1.0,0.0,8.299443937254125e-05,8.299443937254125e-05,1.1249889072281094,1.2622899733409554,-0.017076820192994946,-0.013694103781352718
TL,2025-06-16,1.0,0.0,0.00016597510373439484,0.00016597510373439484,1.1251756273786866,1.2624994820502236,-0.01691367941626365,-0.013530401557913962
TL,2025-06-17,1.0,0.0,0.002489213408562785,0.002489213408562785,1.1279764296373456,1.2656421126892465,-0.014466567765291982,-0.0110748682063323
TL,2025-06-18,0.0,1.0,0.0,0.0006621420294654623,1.1279764296373456,1.2664801475263197,-0.014466567765291982,-0.010420059312576946
TL,2025-06-19,1.0,1.0,0.001323407775020602,0.001323407775020602,1.1294692024143675,1.2681562172004652,-0.013162305158529897,-0.009110441525066793
TL,2025-06-20,1.0,0.0,0.0021476953576737845,0.0021476953576737845,1.1318949581770283,1.2708798304209519,-0.01104287842254148,-0.006982312620362752
TL,2025-06-23,1.0,0.0,-0.0002472799208703691,-0.0002472799208703691,1.1316150632813367,1.2705655673570497,-0.011287427661309413,-0.007227865955520829
TL,2025-06-24,1.0,0.0,-0.0029680930002473627,-0.0029680930002473627,1.1282563245330368,1.266794410590222,-0.014222018526524383,-0.010174505977418757
TL,2025-06-25,0.0,1.0,-0.0,-0.0021500041346234067,1.1282563245330368,1.2640707973697352,-0.014222018526524383,-0.01230263488212302
TL,2025-06-26,0.0,0.0,0.0,0.0004143531946632084,1.1282563245330368,1.2645945691429057,-0.014222018526524383,-0.011893379323526077
TL,2025-06-27,1.0,1.0,0.0014082173624916372,0.0014082173624916372,1.1298451546785853,1.2663753931716855,-0.012833828857451546,-0.01050191042429649
TL,2025-06-30,1.0,0.0,-0.0038878319133096584,-0.0038878319133096584,1.1254525066291277,1.2614519385038825,-0.01667176500135914,-0.01434891267510785
TL,2025-07-01,0.0,1.0,0.0,0.002657365886065355,1.1254525066291277,1.2648040778521736,-0.01667176500135914,-0.011729677100087543
TL,2025-07-02,1.0,1.0,0.0036441941361604613,0.0036441941361604613,1.1295538740543125,1.2694132694560745,-0.013088326013456109,-0.00812822818443415
TL,2025-07-03,1.0,0.0,-0.00041260934147557826,-0.00041260934147557826,1.1290878095741779,1.268889497682904,-0.013495534989354185,-0.008537483743031093
TL,2025-07-04,1.0,0.0,0.00057789152150578,0.00057789152150578,1.1297402998463664,1.2696227781653426,-0.0129254424230969,-0.007964525960995394
TL,2025-07-07,1.0,0.0,-0.0004125412541253759,-0.0004125412541253759,1.1292742353662317,1.269099006392172,-0.013332651398994977,-0.008373781519592338
TL,2025-07-08,1.0,0.0,-0.00189847296739587,-0.00189847296739587,1.1271303387576124,1.2666896562355876,-0.015205812688126152,-0.010256357089138413
TL,2025-07-09,1.0,0.0,0.0014058881905392173,0.0014058881905392173,1.1287149579900702,1.2684704802643674,-0.013821302170072713,-0.008864888189908826
TL,2025-07-10,1.0,0.0,-0.00462465934428935,-0.00462465934428935,1.1234950358125622,1.2626042364048575,-0.018382042700130996,-0.01344855044619464
TL,2025-07-11,1.0,0.0,0.0006637351696672233,0.0006637351696672233,1.1242407389807776,1.2634422712419302,-0.01773050833869405,-0.01279374155243962
TL,2025-07-14,0.0,1.0,-0.0,-0.0026531796700107746,1.1242407389807776,1.2600901318936388,-0.01773050833869405,-0.015412977127460148
TL,2025-07-15,1.0,1.0,0.003907224208163695,0.003907224208163695,1.128633399611927,1.2650135865614418,-0.013892561201934384,-0.011565974876648788
TL,2025-07-16,1.0,0.0,-0.0004140443855582543,-0.0004140443855582543,1.1281660952894643,1.264489814788271,-0.014300853450525897,-0.011975230435245843
TL,2025-07-17,1.0,0.0,0.00016568635572866697,0.00016568635572866697,1.1283530170184495,1.2646993234975394,-0.014137536551089291,-0.011811528211806976
TL,2025-07-18,1.0,0.0,-0.002236395262155355,-0.002236395262155355,1.1258295736771506,1.2618709559224184,-0.01634231469348335,-0.014021508228230672
TL,2025-07-21,1.0,0.0,-0.0040677403287397995,-0.0040677403287397995,1.1212499913170162,1.2567379925453472,-0.0203435787296794,-0.018032212702480788
TL,2025-07-22,0.0,1.0,-0.0,-0.004334416937567642,1.1212499913170162,1.251290766104374,-0.0203435787296794,-0.02228847051188898
TL,2025-07-23,1.0,1.0,-0.0015069066555044586,-0.0015069066555044586,1.1195603722426162,1.24940518772096,-0.021819829510999478,-0.02376179052283811
TL,2025-07-24,1.0,0.0,-0.008552024817640613,-0.008552024817640613,1.1099858641543503,1.2387202435482814,-0.03018525060514532,-0.03211060391821585
TL,2025-07-25,1.0,0.0,-0.0025369978858350573,-0.0025369978858350573,1.1071698323636838,1.2355776129092584,-0.032645668574011855,-0.0345661372697974
TL,2025-07-28,1.0,0.0,0.007036880033912674,0.007036880033912674,1.1149608536511944,1.244272224343889,-0.025838512193481322,-0.027772494997088004
TL,2025-07-29,1.0,0.0,-0.007661222428018144,-0.007661222428018144,1.1064188905528396,1.2347395780721857,-0.03330178003237605,-0.035220946163552425
TL,2025-07-30,1.0,0.0,0.00415712225332987,0.00415712225332987,1.1110184091442614,1.2398725414492566,-0.029283097349894205,-0.03121024168930242
TL,2025-07-31,0.0,1.0,0.0,0.006421088205474934,1.1110184091442614,1.2478338724014486,-0.029283097349894205,-0.02498955719862883
TL,2025-08-01,1.0,1.0,-0.000671591672263272,-0.000671591672263272,1.110272258432949,1.2469958375643757,-0.029935022737839212,-0.025644366092383963
TL,2025-08-04,1.0,0.0,0.0012600806451612545,0.0012600806451612545,1.1116712910166597,1.2485671528838873,-0.028712662635442476,-0.02441659941659302
TL,2025-08-05,1.0,0.0,0.0010906955281482222,0.0010906955281482222,1.1128837859225424,1.2499289594941305,-0.027653283880031854,-0.023352534964241167
TL,2025-08-06,1.0,0.0,8.380824673159815e-05,8.380824673159815e-05,1.1129770547614566,1.2500337138487647,-0.027571793206538686,-0.023270683852521623
TL,2025-08-07,1.0,0.0,0.0004190061174893511,0.0004190061174893511,1.1134433989560268,1.2505574856219352,-0.02716433983907307,-0.02286142829392468
TL,2025-08-08,1.0,0.0,-0.0005025967498744066,-0.0005025967498744066,1.1128837859225424,1.2499289594941305,-0.027653283880031854,-0.023352534964241167
TL,2025-08-11,1.0,0.0,-0.006034193764666407,-0.006034193764666407,1.1061684295207304,1.242386645960475,-0.033520612371536807,-0.029245815008037135
TL,2025-08-12,1.0,0.0,-0.0038785834738617186,-0.0038785834738617186,1.1018780629306837,1.2375679456473063,-0.037269183352220514,-0.03301096614712906
TL,2025-08-13,1.0,0.0,0.0011003893685457289,0.0011003893685457289,1.1030905578365664,1.2389297522575495,-0.03620980459680989,-0.0319469016947771
TL,2025-08-14,1.0,0.0,-0.0032975395281982234,-0.0032975395281982234,1.099453073118918,1.2348443324268195,-0.03938794086304187,-0.035139095051833324
TL,2025-08-15,0.0,1.0,-0.0,-0.0033932813030199682,1.099453073118918,1.2306541582414554,-0.03938794086304187,-0.03841313952060876
TL,2025-08-18,1.0,1.0,-0.011831801157643818,-0.011831801157643818,1.0864445629756145,1.2160933029473149,-0.05075371173638521,-0.04979044404960398
TL,2025-08-19,1.0,0.0,0.0038763028684640766,0.0038763028684640766,1.0906559511515042,1.2208072489058495,-0.04707414562631007,-0.046107144022231594
TL,2025-08-20,1.0,0.0,-0.0042045649562383325,-0.0042045649562383325,1.0860702173599797,1.215674285528778,-0.051080784279503244,-0.05011784849648182
TL,2025-08-21,1.0,0.0,0.0,0.0,1.0860702173599797,1.215674285528778,-0.051080784279503244,-0.05011784849648182
TL,2025-08-22,1.0,0.0,-0.0011196279390233155,-0.0011196279390233155,1.0848542228008824,1.214313182633948,-0.05214322074529987,-0.051181363092084764
TL,2025-08-25,1.0,0.0,0.007070184514571309,0.007070184514571309,1.0925243423274964,1.2228986008936462,-0.045441698422581944,-0.044473040258281804
TL,2025-08-26,1.0,0.0,0.004023972602739789,0.004023972602739789,1.0969206303488486,1.2278195113595711,-0.0416005819693166,-0.04062802595110182
TL,2025-08-27,1.0,0.0,0.0011085529120833382,0.0011085529120833382,1.098136624907946,1.2291806142544015,-0.04053814550351964,-0.039564511355498766
TL,2025-08-28,1.0,0.0,-0.008006814310051236,-0.008006814310051236,1.0893440488652417,1.2193387933225517,-0.048220378410050446,-0.04725453996985873
TL,2025-08-29,1.0,0.0,0.0007727975270479526,0.0007727975270479526,1.0901858912523092,1.220281095326665,-0.047484845472191006,-0.04651826063444131
TL,2025-09-01,0.0,1.0,0.0,0.003088803088802994,1.0901858912523092,1.2240503033431178,-0.047484845472191006,-0.04357314329277173
TL,2025-09-02,0.0,0.0,-0.0,-0.001967325292960287,1.0901858912523092,1.2216421982214951,-0.047484845472191006,-0.04545474603883837
TL,2025-09-03,1.0,1.0,0.004028111073020257,0.004028111073020257,1.0945772811125132,1.22656310868742,-0.04364800863101792,-0.041609731731658495
TL,2025-09-04,1.0,0.0,0.0015364916773366044,0.0015364916773366044,1.0962590899951443,1.2284477126956463,-0.042178581755675126,-0.04013717306082376
TL,2025-09-05,1.0,0.0,-0.008352510014489112,-0.008352510014489112,1.0871025749674852,1.2181870908730796,-0.050178794743653055,-0.04815443693536914
TL,2025-09-08,1.0,0.0,-0.0024924795874515793,-0.0024924795874515793,1.0843929939899126,1.2151507844153815,-0.052546204709483124,-0.050526892571714055
TL,2025-09-09,0.0,1.0,-0.0,-0.002929519214199594,1.0843929939899126,1.211590976844287,-0.052546204709483124,-0.053308392283290984
TL,2025-09-10,1.0,1.0,-0.00829588662288272,-0.00829588662288272,1.075396992657124,1.201539755467079,-0.06040617397563308,-0.06116203852774338
TL,2025-09-11,0.0,1.0,-0.0,-0.00017427675148140587,1.075396992657124,1.2013303550217205,-0.06040617397563308,-0.06132565615783614
TL,2025-09-12,0.0,0.0,0.0,0.0046191389227818735,1.075396992657124,1.2068794668237206,-0.06040617397563308,-0.056989788960378096
TL,2025-09-15,1.0,1.0,0.0011277869350221348,0.0011277869350221348,1.0766098113354048,1.208240569718551,-0.05934651233441546,-0.05592627436477504
TL,2025-09-16,1.0,0.0,0.0006932409012132545,0.0006932409012132545,1.0773561612912699,1.209078171499985,-0.058694412862896894,-0.05527180384440411
TL,2025-09-17,1.0,0.0,0.003463803255975062,0.003463803255975062,1.0810879110705953,1.213266180407155,-0.055433915505303855,-0.0519994512425489
TL,2025-09-18,1.0,0.0,-0.0022437003797031174,-0.0022437003797031174,1.0786622737140337,1.2105439746174944,-0.057553238787739436,-0.05412648043375479
TL,2025-09-19,1.0,0.0,-0.007092198581560294,-0.007092198581560294,1.0710121866664164,1.201958556357796,-0.06423725837080507,-0.06083480326755797
TL,2025-09-22,0.0,1.0,0.0,0.0028745644599303954,1.0710121866664164,1.2054136637062114,-0.06423725837080507,-0.0581351123710272
TL,2025-09-23,0.0,0.0,-0.0,-0.007035525058629366,1.0710121866664164,1.1969329456691922,-0.06423725837080507,-0.06476162638978389
TL,2025-09-24,0.0,0.0,-0.0,-0.0021868439468160084,1.0710121866664164,1.194315440102211,-0.06423725837080507,-0.0668068467659434
TL,2025-09-25,1.0,1.0,0.00035066187428767215,0.00035066187428767215,1.0713877498071778,1.1947342409929278,-0.06390912205393684,-0.06647961150575799
TL,2025-09-26,1.0,0.0,0.0007010779072824658,0.0007010779072824658,1.0721388760887007,1.1955718427743618,-0.06325284942020015,-0.06582514098538694
TL,2025-09-29,1.0,0.0,-0.004115947105701068,-0.004115947105701068,1.0677260091847538,1.1906509323084369,-0.06710845114340291,-0.06967015529256693
TL,2025-09-30,1.0,0.0,0.0015828350334154973,0.0015828350334154973,1.0694160433181803,1.1925355363166634,-0.06563183771749548,-0.06819759662173208
TL,2025-10-09,0.0,1.0,0.0,0.005531167690956851,1.0694160433181803,1.199131650345456,-0.06563183771749548,-0.06304364127381024
TL,2025-10-10,0.0,0.0,-0.0,-0.004889548589889103,1.0694160433181803,1.1932684378754181,-0.06563183771749548,-0.06762493491640742
TL,2025-10-13,0.0,0.0,0.0,0.0041238922523469945,1.0694160433181803,1.1981893483413428,-0.06563183771749548,-0.06377992060922766
TL,2025-10-14,1.0,1.0,0.0027962250961202084,0.0027962250961202084,1.0724063712967002,1.2015397554670788,-0.06301913401310533,-0.06116203852774349
TL,2025-10-15,1.0,0.0,-0.0015684907633322087,-0.0015684907633322087,1.0707243118087828,1.1996551514588523,-0.06448877984682477,-0.06263459719857845
TL,2025-10-16,1.0,0.0,0.003316460115203368,0.003316460115203368,1.0742753262832752,1.203633759920664,-0.06138619419786151,-0.059525862226815884
TL,2025-10-17,1.0,0.0,0.007915796798886765,0.007915796798886765,1.0827790714721914,1.213161480184476,-0.05395631803850198,-0.05208126005759517
TL,2025-10-20,1.0,0.0,-0.004919306118926436,-0.004919306118926436,1.0774525497604528,1.2071935674917587,-0.05861019651194688,-0.05674436251523873
TL,2025-10-21,0.0,1.0,0.0,0.002515177797051127,1.0774525497604528,1.2102298739494568,-0.05861019651194688,-0.054371906878893816
TL,2025-10-22,1.0,1.0,0.0001730253482135069,0.0001730253482135069,1.0776389763630587,1.2104392743948154,-0.05844731221339361,-0.054208289248801056
TL,2025-10-23,1.0,0.0,-0.0034599083124298158,-0.0034599083124298158,1.0739104443109417,1.2062512654876452,-0.06170499818445718,-0.05748064185065638
TL,2025-10-24,0.0,1.0,-0.0,-0.0017359604201023782,1.0739104443109417,1.2041572610340603,-0.06170499818445718,-0.05911681815158387
TL,2025-10-27,0.0,0.0,0.0,0.003391009477436757,1.0739104443109417,1.208240569718551,-0.06170499818445718,-0.05592627436477504
TL,2025-10-28,1.0,1.0,0.004852686308492116,0.004852686308492116,1.0791217948205962,1.214103782188589,-0.05715174687582025,-0.05134498072217786
TL,2025-10-29,1.0,0.0,-0.0011210762331838042,-0.0011210762331838042,1.0779120170237122,1.2127426792937588,-0.058208751643896606,-0.05240849531778069
TL,2025-10-30,1.0,0.0,0.0027626694293361176,0.0027626694293361176,1.0808899316006577,1.2160930864194948,-0.0556068937532469,-0.04979061323629663
TL,2025-10-31,0.0,1.0,0.0,0.004563065002152422,1.0808899316006577,1.2216421982214951,-0.0556068937532469,-0.04545474603883837
TL,2025-11-03,1.0,1.0,-0.0014569763455605234,-0.0014569763455605234,1.079315100538161,1.2198622944359478,-0.05698285216995891,-0.04684549589462683
TL,2025-11-04,1.0,0.0,8.582954252855934e-05,8.582954252855934e-05,1.0794077376594844,1.2199669946586271,-0.05690191343956397,-0.04676368707958045
TL,2025-11-05,1.0,0.0,-0.0007723995880534185,-0.0007723995880534185,1.0785740035675746,1.219024692654514,-0.05763036201311711,-0.04749996641499776
TL,2025-11-06,1.0,0.0,-0.0027484325345702443,-0.0027484325345702443,1.0756096156852277,1.2156742855287779,-0.060220401385751576,-0.05011784849648204
TL,2025-11-07,1.0,0.0,-0.0013780036172594823,-0.0013780036172594823,1.0741274217440544,1.2139990819659099,-0.06151542107206864,-0.05142678953722413
TL,2025-11-10,1.0,0.0,0.002846054333764503,0.002846054333764503,1.0771844467477243,1.2174541893143251,-0.05884444296903968,-0.04872709864069358
TL,2025-11-11,1.0,0.0,0.00017199862401096055,0.00017199862401096055,1.077369720990371,1.2176635897596837,-0.05868256550825002,-0.04856348101060082
TL,2025-11-12,1.0,0.0,0.0012897678417884695,0.0012897678417884695,1.078759277810221,1.2192340930998724,-0.05746848455232767,-0.04733634878490511
TL,2025-11-13,0.0,1.0,-0.0,-0.002747960498067914,1.078759277810221,1.2158836859741362,-0.05746848455232767,-0.04995423086638939
TL,2025-11-14,0.0,0.0,0.0,0.00025833118057350113,1.078759277810221,1.216197786642174,-0.05746848455232767,-0.04970880442125025
TL,2025-11-17,1.0,1.0,0.0024965564738292922,0.0024965564738292922,1.0814524612689416,1.2192340930998724,-0.05511540139564863,-0.04733634878490511
TL,2025-11-18,0.0,1.0,0.0,0.0006869901245170063,1.0814524612689416,1.2200716948813064,-0.05511540139564863,-0.04668187826453407
TL,2025-11-19,1.0,1.0,-0.0037758517120054513,-0.0037758517120054513,1.0773690571416068,1.2154648850834193,-0.058683145524936475,-0.0502814661265748
TL,2025-11-20,1.0,0.0,-0.0018950814023602769,-0.0018950814023602769,1.0753273550779394,1.2131614801844757,-0.060467017589580285,-0.05208126005759528
TL,2025-11-21,1.0,0.0,-0.0025891084836455747,-0.0025891084836455747,1.072543215900211,1.210020473504098,-0.06289957040500382,-0.0545355245089868
TL,2025-11-24,1.0,0.0,0.0016440252660725463,0.0016440252660725463,1.0743065040461057,1.2120097777350038,-0.061358953621902246,-0.052981157023105574
TL,2025-11-25,1.0,0.0,0.0,0.0,1.0743065040461057,1.2120097777350038,-0.061358953621902246,-0.052981157023105574
TL,2025-11-26,1.0,0.0,-0.007554706495310759,-0.007554706495310759,1.066190433722034,1.202853399594769,-0.06845011123174016,-0.06013560642732485
TL,2025-11-27,1.0,0.0,0.0011374573453495351,0.0011374573453495351,1.0674031798624126,1.2042215940295167,-0.06739051296820109,-0.05906655076922318
TL,2025-11-28,0.0,1.0,0.0,0.0006117811571402232,1.0674031798624126,1.2049583141097653,-0.06739051296820109,-0.058490905414860794
TL,2025-12-01,1.0,1.0,-0.001048126473927824,-0.001048126473927824,1.066284406331244,1.2036953654007674,-0.06836800566139545,-0.05947772602233936
TL,2025-12-02,0.0,1.0,-0.0,-0.004196904782722721,1.066284406331244,1.1986435705647758,-0.06836800566139545,-0.0634250084522534
TL,2025-12-03,0.0,0.0,-0.0,-0.0024585125998770607,1.066284406331244,1.1956966902437807,-0.06836800566139545,-0.06572758986970328
TL,2025-12-04,0.0,0.0,-0.0,-0.010210368805562808,1.066284406331244,1.183488186056801,-0.06836800566139545,-0.07526685574199554
TL,2025-12-05,1.0,1.0,0.0005335704757669646,0.0005335704757669646,1.066853344209233,1.1841196604112998,-0.06787091433493653,-0.07477344543825637
TL,2025-12-08,1.0,0.0,-0.0023997866856280137,-0.0023997866856280137,1.064293123758282,1.1812780258160545,-0.07010782530400217,-0.07699379180508303
TL,2025-12-09,1.0,0.0,0.0031183178902352005,0.0031183178902352005,1.0676119280465517,1.1849616262172984,-0.06720812589965797,-0.07411556503327066
TL,2025-12-10,1.0,0.0,0.0017763566924238194,0.0017763566924238194,1.0695083876398488,1.187066540732295,-0.06555115481146112,-0.07247086402080649
TL,2025-12-11,1.0,0.0,0.0035464136891567577,0.0035464136891567577,1.0733013068264428,1.191276369762288,-0.06223721263506776,-0.06918146199587816
TL,2025-12-12,1.0,0.0,-0.00636098595282264,-0.00636098595282264,1.0664740522905736,1.1836986775083005,-0.06820230855257592,-0.07510238564074923
TL,2025-12-15,0.0,1.0,-0.0,-0.00835778429803502,1.0664740522905736,1.1738055792878168,-0.06820230855257592,-0.082832480399331
TL,2025-12-16,1.0,1.0,-0.0012552676409934849,-0.0012552676409934849,1.065135341922774,1.1723321391273192,-0.06937196404260226,-0.083983771108056
TL,2025-12-17,1.0,0.0,0.00673309991920279,0.00673309991920279,1.0723070046074143,1.180225568558556,-0.06310595248888962,-0.07781614231131528
TL,2025-12-18,1.0,0.0,0.0009809167112537764,0.0009809167112537764,1.0733588484678283,1.1813832715418042,-0.06218693746101178,-0.07691155675445993
TL,2025-12-19,1.0,0.0,0.003652561247216024,0.003652561247216024,1.0772793574020982,1.185698346297547,-0.058761517811648845,-0.07353991967890838
TL,2025-12-22,1.0,0.0,-0.006035860110065627,-0.006035860110065627,1.0707770499013578,1.178541636946559,-0.06444270162034826,-0.0791319031212866
TL,2025-12-23,1.0,0.0,0.007590641185926117,0.007590641185926117,1.0789049342772836,1.1874875236352942,-0.05734122185947377,-0.07214192381831364
TL,2025-12-24,0.0,1.0,0.0,8.862891075067658e-05,1.0789049342772836,1.187592769361044,-0.05734122185947377,-0.07205968876769053
TL,2025-12-25,1.0,1.0,-0.002924494859978699,-0.002924494859978699,1.075749682342584,1.1841196604112998,-0.060098022610859614,-0.07477344543825637
TL,2025-12-26,1.0,0.0,0.003999644476046393,0.003999644476046393,1.0800522986171743,1.1888557180700419,-0.056338748858969945,-0.07107286816021197
TL,2025-12-29,0.0,1.0,-0.0,-0.010092067988668574,1.0800522986171743,1.1768577053345617,-0.056338748858969945,-0.0804476639312579
TL,2025-12-30,0.0,0.0,0.0,8.942944017165111e-05,1.0800522986171743,1.1769629510603115,-0.056338748858969945,-0.0803654288806348
TL,2025-12-31,1.0,1.0,-0.0037557006170080287,-0.0037557006170080287,1.075995945532857,1.1725426305788187,-0.05988285800212678,-0.08381930100680968
TL,2026-01-05,1.0,0.0,-0.0008078269455166209,-0.0008078269455166209,1.0751267270147888,1.17159541904707,-0.06064230996137476,-0.08455941646241871
TL,2026-01-06,1.0,0.0,-0.003503413582464865,-0.003503413582464865,1.0713601134364943,1.167490835742827,-0.06393326845144887,-0.08776658343672372
TL,2026-01-07,1.0,0.0,-0.004146759217524609,-0.004146759217524609,1.0669174410108133,1.162649532358335,-0.0678149117987159,-0.09154939576539145
TL,2026-01-08,1.0,0.0,0.004797682628767896,0.004797682628767896,1.0720361722838805,1.1682275558230757,-0.06334258359425615,-0.08719093808236145
TL,2026-01-09,1.0,0.0,-0.0011711711711711592,-0.0011711711711711592,1.0707806344244488,1.166859361388328,-0.06443956975761422,-0.08825999374046312
TL,2026-01-12,1.0,0.0,0.002976458915847413,0.002976458915847413,1.0739677689906981,1.1703324703380724,-0.06165491257370537,-0.08554623706989706
TL,2026-01-13,1.0,0.0,0.0013489208633092886,0.0013489208633092886,1.0754164665208115,1.1719111562243198,-0.06038915930829214,-0.08431271131054885
TL,2026-01-14,0.0,1.0,-0.0,-0.0007184553210597411,1.0754164665208115,1.1710691904183212,-0.06038915930829214,-0.08497059171553456
TL,2026-01-15,0.0,0.0,-0.0,-0.0007189718702255155,1.0754164665208115,1.1702272246123226,-0.06038915930829214,-0.08562847212052016
TL,2026-01-16,1.0,1.0,-0.0002698084360104325,-0.0002698084360104325,1.0751263100859196,1.1699114874350731,-0.06064267423967762,-0.08587517727238991
TL,2026-01-19,1.0,0.0,-0.0021590500179919925,-0.0021590500179919925,1.072805058606785,1.1673855900170773,-0.06267079369076134,-0.08784881848734694
TL,2026-01-20,1.0,0.0,0.005138838802740686,0.005138838802740686,1.07831803086973,1.1733845963848173,-0.05785400999443735,-0.08316142060182397
TL,2026-01-21,1.0,0.0,0.006816754865907271,0.006816754865907271,1.0856686605536567,1.1813832715418042,-0.051431631732671956,-0.07691155675445993
TL,2026-01-22,1.0,0.0,-0.0007126948775055819,-0.0007126948775055819,1.0848949100606118,1.1805413057358056,-0.05210767154969986,-0.07756943715944553
TL,2026-01-23,1.0,0.0,0.0011589551573503165,0.0011589551573503165,1.0861522546118096,1.1819095001705533,-0.05100910684702964,-0.07650038150134386
TL,2026-01-26,1.0,0.0,0.001869991095280632,0.001869991095280632,1.0881833496560527,1.1841196604112998,-0.049234502327331175,-0.07477344543825637
TL,2026-01-27,0.0,1.0,-0.0,-0.0037330015109767745,1.0881833496560527,1.179699339929807,-0.049234502327331175,-0.07822731756443124
TL,2026-01-28,1.0,1.0,0.0,0.0,1.0881833496560527,1.179699339929807,-0.049234502327331175,-0.07822731756443124
TL,2026-01-29,1.0,0.0,0.000713712195557159,0.000713712195557159,1.0889599993837045,1.1805413057358056,-0.0485559293965272,-0.07756943715944553
TL,2026-01-30,1.0,0.0,-0.0022287599179816597,-0.0022287599179816597,1.0865329689847927,1.1779101625920598,-0.050676469805289615,-0.07962531342502599
TL,2026-02-02,0.0,1.0,0.0,0.0012508934953538997,1.0865329689847927,1.1793836027525575,-0.050676469805289615,-0.07847402271630088
TL,2026-02-03,1.0,1.0,-0.000892379082634398,-0.000892379082634398,1.085563369690678,1.1783311454950591,-0.051523626266288036,-0.07929637322253313
TL,2026-02-04,0.0,1.0,-0.0,-0.0023222579492675477,1.085563369690678,1.1755947566255638,-0.051523626266288036,-0.08143448453873647
TL,2026-02-05,1.0,1.0,0.004207699194270331,0.004207699194270331,1.0901310938066548,1.1805413057358056,-0.04753272299274425,-0.07756943715944553
TL,2026-02-06,1.0,0.0,0.003566015868770478,0.003566015868770478,1.0940185185862095,1.1847511347657986,-0.04413620956845177,-0.0742800351345172
TL,2026-02-09,1.0,0.0,0.0014213378342364802,0.0014213378342364802,1.0955734884980315,1.1864350663777958,-0.042777604198734664,-0.07296427432454589
TL,2026-02-10,1.0,0.0,-0.0004435376563469706,-0.0004435376563469706,1.0950875604005872,1.1859088377490468,-0.043202168376771155,-0.07337544957766184
TL,2026-02-11,1.0,0.0,0.0006212282570110528,0.0006212282570110528,1.0957678597370093,1.1866455578292956,-0.04260777852751996,-0.07279980422329935
TL,2026-02-12,1.0,0.0,-0.00044345898004427564,-0.00044345898004427564,1.095281931639565,1.1861193292005465,-0.04303234270555645,-0.0732109794764153
TL,2026-02-13,1.0,0.0,0.001242236024844745,0.001242236024844745,1.0966425303124092,1.1875927693610442,-0.04184356300705405,-0.07205968876769031
TL,2026-02-24,0.0,1.0,0.0,0.0010634526763557695,1.0966425303124092,1.1888557180700419,-0.04184356300705405,-0.07107286816021197
TL,2026-02-25,1.0,1.0,0.0,0.0,1.0966425303124092,1.1888557180700419,-0.04184356300705405,-0.07107286816021197
TL,2026-02-26,0.0,1.0,-0.0,-0.0054125998225377225,1.0966425303124092,1.182420917821393,-0.04184356300705405,-0.07610077898915857
TL,2026-02-27,1.0,1.0,-0.00017842804888934527,-0.00017842804888934527,1.0964468585253966,1.18220994076406,-0.0420145249906374,-0.076265628524534
TL,2026-03-02,1.0,0.0,0.005978406353172039,0.005978406353172039,1.1030018633903202,1.1892776721847071,-0.03628729854059498,-0.07074316908946154
TL,2026-03-03,1.0,0.0,0.00026609898882390404,0.00026609898882390404,1.1032953710708393,1.1895941377707064,-0.03603085556521979,-0.0704958947863985
TL,2026-03-04,1.0,0.0,0.0,0.0,1.1032953710708393,1.1895941377707064,-0.03603085556521979,-0.0704958947863985
TL,2026-03-05,1.0,0.0,0.0,0.0,1.1032953710708393,1.1895941377707064,-0.03603085556521979,-0.0704958947863985
TL,2026-03-06,1.0,0.0,8.867606632967373e-05,8.867606632967373e-05,1.1033932069643455,1.1896996262993729,-0.03594537457342828,-0.07041347001871079
TL,2026-03-09,1.0,0.0,-0.011172193651356688,-0.011172193651356688,1.0910658843825483,1.1764080716874097,-0.046715979539180164,-0.08079899074735442
TL,2026-03-10,0.0,1.0,-0.0,-0.00026901004304158427,1.0910658843825483,1.1760916061014106,-0.046715979539180164,-0.08104626505041723
TL,2026-03-11,1.0,1.0,-0.0021526594313391323,-0.0021526594313391323,1.0887171911163198,1.1735598814134176,-0.04876807537657002,-0.08302445947492088
TL,2026-03-12,1.0,0.0,0.001438202247191045,0.001438202247191045,1.0902829866271389,1.1752476978720796,-0.047400011484976634,-0.08170566319191841
TL,2026-03-13,1.0,0.0,-0.003141549232564378,-0.003141549232564378,1.0868578089472223,1.1715555993687565,-0.050392651247836984,-0.08459053006098616
TL,2026-03-16,1.0,0.0,-0.003871781019268883,-0.003871781019268883,1.0826497335118963,1.1670195926361024,-0.054069322956493804,-0.08813479507155497
TL,2026-03-17,1.0,0.0,0.0005423483684352526,0.0005423483684352526,1.0832369068284533,1.1676525238081006,-0.05355629899714642,-0.08764024646542912
TL,2026-03-18,1.0,0.0,0.0026199295329298877,0.0026199295329298877,1.0860749111918129,1.1707116911394255,-0.051076683193633565,-0.08524992820248734
TL,2026-03-19,1.0,0.0,0.0008109569291763208,0.0008109569291763208,1.0869556711666484,1.1716610878974227,-0.050307147254612494,-0.08450810529329855
TL,2026-03-20,1.0,0.0,-0.0036013324930223023,-0.0036013324930223023,1.0830411823896011,1.167441546750768,-0.0537273069835954,-0.08780509600080433
TL,2026-03-23,1.0,0.0,0.00036143489653928107,0.00036143489653928107,1.083432631267306,1.1678635008654334,-0.053385291010697,-0.0874753969300538
TL,2026-03-24,0.0,1.0,0.0,0.004787282088339007,1.083432631267306,1.1734543928847514,-0.053385291010697,-0.08310688424260837
TL,2026-03-25,1.0,1.0,-0.0005393743257819938,-0.0005393743257819938,1.082848255522286,1.1728214617127533,-0.05389587068113333,-0.08360143284873411
TL,2026-03-26,1.0,0.0,0.0022486058643640394,0.0022486058643640394,1.0852831544598698,1.1754586749294125,-0.05176845538764796,-0.08154081365654309
TL,2026-03-27,1.0,0.0,-0.002333303419187027,-0.002333303419187027,1.0827508595647826,1.1727159731840866,-0.05398096729287294,-0.08368385761642205
TL,2026-03-30,1.0,0.0,0.00386794998650708,0.00386794998650708,1.0869388857374267,1.1772519799167407,-0.05032181298807792,-0.08013959260585324
TL,2026-03-31,1.0,0.0,0.0008064516129031585,0.0008064516129031585,1.0878154493549568,1.178201376674738,-0.049555943482423204,-0.07939776969666446
TL,2026-04-01,1.0,0.0,-0.003133673560748451,-0.003133673560748451,1.0844065908423395,1.1745092781714148,-0.0525343248933029,-0.08228263656573209
TL,2026-04-02,1.0,0.0,-0.0013472247170828178,-0.0013472247170828178,1.0829456514797893,1.1729269502414192,-0.05381077406939405,-0.08351900808104684
TL,2026-04-03,1.0,0.0,0.0024282759240938923,0.0024282759240938923,1.0855753423323797,1.1757751405154113,-0.051513165552429796,-0.08129353935348038
TL,2026-04-07,1.0,0.0,0.0017943656917280837,0.0017943656917280837,1.0875232614824468,1.177884911088739,-0.04981123331764137,-0.07964504399972727
TL,2026-04-08,1.0,0.0,0.0038509761776823748,0.0038509761776823748,1.0917112876550912,1.1824209178213934,-0.04615207901284624,-0.07610077898915824
TL,2026-04-09,1.0,0.0,0.0003568560977784685,0.0003568560977784685,1.0921008714851044,1.1828428719360586,-0.045811692565888795,-0.07577107991840781
TL,2026-04-10,1.0,0.0,0.0021403727815929585,0.0021403727815929585,1.094438374465185,1.1853745966240519,-0.04376937388414248,-0.07379288549390406
TL,2026-04-13,1.0,0.0,0.003381685503248244,0.003381685503248244,1.0981394208503126,1.1893831607133742,-0.04053570263804451,-0.07066074432177338
TL,2026-04-14,1.0,0.0,0.001152993348115361,0.001152993348115361,1.0994055682978563,1.1907545115860372,-0.03942944668543191,-0.06958922234183385
TL,2026-04-15,1.0,0.0,0.0007973068745570355,0.0007973068745570355,1.1002821319153864,1.1917039083440346,-0.0386635771797772,-0.06884739943264495
TL,2026-04-16,1.0,0.0,-0.0030096485792688865,-0.0030096485792688865,1.0969706693602723,1.1881172983693777,-0.0415568619789175,-0.0716498415340251
TL,2026-04-17,1.0,0.0,0.006747758146142369,0.006747758146142369,1.1043727621305273,1.1961344265480223,-0.035089519486721565,-0.06538555918976385
TL,2026-04-20,1.0,0.0,-0.0010582943822207147,-0.0010582943822207147,1.103204010640487,1.1948685642040258,-0.03611067882759467,-0.06637465640201567
TL,2026-04-21,1.0,0.0,0.004502516111944965,0.004502516111944965,1.1081712044731582,1.2002484791660109,-0.0317707516288841,-0.06217099324994568
TL,2026-04-22,1.0,0.0,0.0035155563367903486,0.0035155563367903486,1.1120670427732924,1.2044680203126659,-0.02836688715930724,-0.058874002542439685
TL,2026-04-23,1.0,0.0,-0.0030653354352777606,-0.0030653354352777606,1.1086581842606749,1.2007759218093426,-0.031345268570187046,-0.061758869411507544
TL,2026-04-24,1.0,0.0,-0.00483176666959495,-0.00483176666959495,1.1033014065979905,1.194974052732692,-0.03602558221585517,-0.06629223163432818
TL,2026-04-27,1.0,0.0,-0.004237288135593209,-0.004237288135593209,1.0986264006378295,1.189910603356706,-0.04011021957934724,-0.07024862048333524
TL,2026-04-28,1.0,0.0,0.002570921985815655,0.002570921985815655,1.1014508834054269,1.192969770688031,-0.037642417838903985,-0.06785830222039335
TL,2026-04-29,1.0,0.0,0.0027411795914757953,0.0027411795914757953,1.1044701580880307,1.1962399150766885,-0.035004422874982066,-0.06530313442207636
TL,2026-04-30,1.0,0.0,-0.0030864197530865445,-0.0030864197530865445,1.1010612995754132,1.1925478165733652,-0.03798280428586187,-0.06818800129114422
TL,2026-05-06,1.0,0.0,-0.006015037593984918,-0.006015037593984918,1.094438374465185,1.1853745966240516,-0.04376937388414248,-0.07379288549390428
TL,2026-05-07,1.0,0.0,0.0005339503426180503,0.0005339503426180503,1.0950227502102052,1.1860075277960498,-0.04325879421370593,-0.07329833688777843
TL,2026-05-08,1.0,0.0,-0.000622609623765924,-0.000622609623765924,1.0943409785076816,1.1852691080953852,-0.04385447049588198,-0.07387531026159189
TL,2026-05-11,1.0,0.0,0.0038269846920613304,0.0038269846920613304,1.098529004680326,1.1898051148280395,-0.04019531619108685,-0.07033104525102296
TL,2026-05-12,1.0,0.0,0.0012412447912049096,0.0012412447912049096,1.099892548085373,1.191281954229369,-0.03900396362673497,-0.06917709850339582
TL,2026-05-13,1.0,0.0,0.0007084034357567326,0.0007084034357567326,1.1006717157453998,1.1921258624587,-0.038323190732819534,-0.06851770036189464
TL,2026-05-14,0.0,1.0,-0.0,-0.0019467303778426537,1.1006717157453998,1.1898051148280397,-0.038323190732819534,-0.07033104525102274
TL,2026-05-15,1.0,1.0,-0.0017732068445784899,-0.0017732068445784899,1.098719997125406,1.1876953442547122,-0.040028442633284644,-0.07197954060477574
TL,2026-05-18,0.0,1.0,0.0,0.0018651745270450437,1.098719997125406,1.1899106033567062,-0.040028442633284644,-0.07024862048333502
TL,2026-05-19,0.0,0.0,0.0,0.005585106382978822,1.098719997125406,1.196556380662688,-0.040028442633284644,-0.0650558601190131
TL,2026-05-20,1.0,1.0,-0.0006171206911752547,-0.0006171206911752547,1.098041954281372,1.1958179609620232,-0.040620860944275305,-0.06563283349282678
TL,2026-05-21,1.0,0.0,-0.0021171489061396764,-0.0021171489061396764,1.0957172359589697,1.1932862362740302,-0.0426520094391003,-0.06761102791733031
TL,2026-05-22,1.0,0.0,0.0012376237623763497,0.0012376237623763497,1.0970733216470379,1.1947630756753596,-0.04146717281711887,-0.06645708116970317
TL,2026-05-25,1.0,0.0,0.0,0.0,1.0970733216470379,1.1947630756753596,-0.04146717281711887,-0.06645708116970317
TL,2026-05-26,1.0,0.0,0.002208090443384547,0.002208090443384547,1.0994957587642589,1.197401220604867,-0.03935064564174595,-0.06439573397214471
TL,2026-05-27,1.0,0.0,0.0014100643341852237,0.0014100643341852237,1.1010461185192804,1.1990896333597518,-0.0379960682495073,-0.06307647176570719
TL,2026-05-28,0.0,1.0,0.0,0.000704039426207892,1.1010461185192804,1.1999338397371944,-0.0379960682495073,-0.062416840662488426
TL,2026-05-29,1.0,1.0,0.0018468032714802352,0.0018468032714802352,1.1030795340930124,1.202149881477981,-0.03621943624117363,-0.06068530901653901
TL,2026-06-01,1.0,0.0,0.002633426966292207,0.002633426966292207,1.105984413484058,1.2053156553933901,-0.033681390514982756,-0.05821169237946866
TL,2026-06-02,1.0,0.0,0.00017510068289272596,0.00017510068289272596,1.1061780721101278,1.2055267069877509,-0.03351218746657003,-0.05804678460366386
TL,2026-06-03,1.0,0.0,-0.0021883753501400482,-0.0021883753501400482,1.1037573392842566,1.2028885620582435,-0.03562722557172893,-0.06010813180122232
TL,2026-06-04,0.0,1.0,0.0,0.002982717782261668,1.1037573392842566,1.2064764391623737,-0.03562722557172893,-0.05730469961254281
TL,2026-06-05,1.0,1.0,-0.003236245954692629,-0.003236245954692629,1.1001853090600355,1.2025719846667025,-0.03874817306178813,-0.06035549346492941
TL,2026-06-08,1.0,0.0,-0.0019305019305019266,-0.0019305019305019266,1.0980613991969852,1.2002504171287358,-0.04060387156939094,-0.062169478998781
TL,2026-06-09,0.0,1.0,-0.0,-0.0028134341480569036,1.0980613991969852,1.1968735916189663,-0.04060387156939094,-0.06480800341165571
TL,2026-06-10,1.0,1.0,-0.0030858755069653743,-0.0030858755069653743,1.0946729184200592,1.1931801887176556,-0.04356444858359221,-0.06769388948823785
TL,2026-06-11,1.0,0.0,-0.0010612894667019201,-0.0010612894667019201,1.0935111535822561,1.1919138791514923,-0.04457950355988971,-0.06868333614306565
TL,2026-06-12,1.0,0.0,0.003098716246126454,0.003098716246126454,1.096899634359182,1.1956072820528025,-0.04161892654568855,-0.06579745006648396
TL,2026-06-15,1.0,0.0,0.0010591350397175514,0.0010591350397175514,1.0980613991969852,1.1968735916189661,-0.04060387156939094,-0.06480800341165593
TL,2026-06-16,0.0,1.0,0.0,0.002027861047434243,1.0980613991969852,1.199300684954113,-0.04060387156939094,-0.06291156398990205
TL,2026-06-17,1.0,1.0,0.002199736031676114,0.002199736031676114,1.1004768444217914,1.2019388298836204,-0.03849345333703169,-0.0608502167923437
TL,2026-06-18,1.0,0.0,-0.00026338893766464366,-0.00026338893766464366,1.1001869909948145,1.2016222524920794,-0.03874670352491483,-0.061097578456050794
TL,2026-06-22,1.0,0.0,0.0010538333186966842,0.0010538333186966842,1.1013464047027215,1.202888562058243,-0.037733702773382394,-0.06010813180122265
TL,2026-06-23,0.0,1.0,-0.0,-0.003158171769453433,1.1013464047027215,1.1990896333597523,-0.037733702773382394,-0.06307647176570685
TL,2026-06-24,1.0,1.0,-0.0011440640675877134,-0.0011440640675877134,1.1000863938551342,1.1977177979964084,-0.03883459706749004,-0.06414837230843728
TL,2026-06-25,1.0,0.0,0.0038766519823787426,0.0038766519823787426,1.1043510459546606,1.2023609330723415,-0.035108493302817845,-0.060520401240734434
TL,2026-06-26,0.0,1.0,0.0,0.00087765490609093,1.1043510459546606,1.2034161910441445,-0.035108493302817845,-0.05969586236171098
TL,2026-06-29,1.0,1.0,0.0018414591371447298,0.0018414591371447298,1.1063846632788492,1.2056322327849307,-0.033331685021457,-0.0579643307157619
TL,2026-06-30,1.0,0.0,-0.0047264770240700305,-0.0047264770240700305,1.1011553615880783,1.1999338397371946,-0.03790062060209953,-0.062416840662488204
TL,2026-07-01,1.0,0.0,-0.0030780054524667255,-0.0030780054524667255,1.097765999381097,1.196240436835884,-0.04086196773770123,-0.06530272673907012
TL,2026-07-02,1.0,0.0,0.0005292872265350024,0.0005292872265350024,1.098347032902294,1.196873591618966,-0.040354308228740865,-0.06480800341165605
TL,2026-07-03,1.0,0.0,-0.0014988538176688992,-0.0014988538176688992,1.096700771258903,1.1950796530669008,-0.041792676837461795,-0.06620971950599586
TL,2026-07-06,1.0,0.0,0.003002207505518717,0.003002207505518717,1.0999932945456845,1.198667530171031,-0.03891593962002027,-0.06340628731731635
TL,2026-07-07,0.0,1.0,0.0,0.000440179593274026,1.0999932945456845,1.1991951591569325,-0.03891593962002027,-0.06299401787780456
TL,2026-07-08,1.0,1.0,0.0026399155227032622,0.0026399155227032622,1.102897183918825,1.2023609330723415,-0.03637875889040054,-0.060520401240734434
TL,2026-07-09,1.0,0.0,-0.0007021239248726774,-0.0007021239248726774,1.102122813419321,1.2015167266948992,-0.037055340418299054,-0.061180032343953084
TL,2026-07-10,1.0,0.0,0.0010539258738802015,0.0010539258738802015,1.1032843691685774,1.2027830362610628,-0.03604046812645101,-0.060190585689125053
TL,2026-07-13,0.0,1.0,-0.0,-0.002807510089489429,1.1032843691685774,1.199406210751293,-0.03604046812645101,-0.06282911010199999
TL,2026-07-14,0.0,0.0,0.0,0.0012317437972901857,1.1032843691685774,1.2008835719118174,-0.03604046812645101,-0.061674755671367154
TL,2026-07-15,0.0,0.0,0.0,8.787346221450498e-05,1.1032843691685774,1.2009890977089979,-0.03604046812645101,-0.06159230178346464
TL,2026-07-16,1.0,1.0,-0.0019330463052456004,-0.0019330463052456004,1.1011516693951209,1.1986675301710312,-0.03790384653794554,-0.06340628731731612
TL,2026-07-17,1.0,0.0,0.002553041640989351,0.002553041640989351,1.1039629554601316,1.2017277782892597,-0.0354475749955212,-0.061015124568148504
TL,2026-07-20,1.0,0.0,-0.0015806111696522462,-0.0015806111696522462,1.102218019281849,1.1998283139400143,-0.036972157332198496,-0.062499294550390605
TL,2026-07-21,1.0,0.0,0.0013192612137202797,0.0013192612137202797,1.103672132763751,1.2014112008977187,-0.035701672051634104,-0.061262486231855595
TL,2026-07-22,1.0,0.0,0.006587615283267567,0.006587615283267567,1.1109427001732621,1.2093256356862414,-0.029349245648812028,-0.05507844463917988
TL,2026-07-23,0.0,1.0,0.0,0.0010471204188482464,1.1109427001732621,1.2105919452524052,-0.029349245648812028,-0.05408899798435163
TL,2026-07-24,0.0,0.0,0.0,0.0010460251046024993,1.1109427001732621,1.2118582548185688,-0.029349245648812028,-0.0530995513295236
TL,2026-07-27,0.0,0.0,0.0,0.0,1.1109427001732621,1.2118582548185688,-0.029349245648812028,-0.0530995513295236
