date,source_contract,segment,vpin,completed_buckets,percentile,slope,product
2018-08-20,TS1812.CFX,1,,0,,,TS
2018-08-21,TS1812.CFX,1,,0,,,TS
2018-08-22,TS1812.CFX,1,,0,,,TS
2018-08-23,TS1812.CFX,1,,0,,,TS
2018-08-24,TS1812.CFX,1,,0,,,TS
2018-08-27,TS1812.CFX,1,,0,,,TS
2018-08-28,TS1812.CFX,1,,0,,,TS
2018-08-29,TS1812.CFX,1,,0,,,TS
2018-08-30,TS1812.CFX,1,,0,,,TS
2018-08-31,TS1812.CFX,1,,0,,,TS
2018-09-03,TS1812.CFX,1,,0,,,TS
2018-09-04,TS1812.CFX,1,,0,,,TS
2018-09-05,TS1812.CFX,1,,0,,,TS
2018-09-06,TS1812.CFX,1,,0,,,TS
2018-09-07,TS1812.CFX,1,,0,,,TS
2018-09-10,TS1812.CFX,1,,0,,,TS
2018-09-11,TS1812.CFX,1,,0,,,TS
2018-09-12,TS1812.CFX,1,,0,,,TS
2018-09-13,TS1812.CFX,1,,0,,,TS
2018-09-14,TS1812.CFX,1,,0,,,TS
2018-09-17,TS1812.CFX,1,,6,,,TS
2018-09-18,TS1812.CFX,1,,6,,,TS
2018-09-19,TS1812.CFX,1,0.1722829239805733,12,,,TS
2018-09-20,TS1812.CFX,1,0.17584465170703645,8,,,TS
2018-09-21,TS1812.CFX,1,0.17508918206113835,7,,,TS
2018-09-25,TS1812.CFX,1,0.1765731570502499,6,,,TS
2018-09-26,TS1812.CFX,1,0.22447852070265037,9,,0.010511969878736755,TS
2018-09-27,TS1812.CFX,1,0.22916519259128054,10,,0.015603042041000026,TS
2018-09-28,TS1812.CFX,1,0.2324103506042064,9,,0.01672343726271667,TS
2018-10-08,TS1812.CFX,1,0.24092936371293358,8,,0.013664424322692336,TS
2018-10-09,TS1812.CFX,1,0.31299550486660577,13,,0.01887981394495638,TS
2018-10-10,TS1812.CFX,1,0.2878111083572576,9,,0.019787698579435353,TS
2018-10-11,TS1812.CFX,1,0.14243200520662141,11,,-0.013307494615084597,TS
2018-10-12,TS1812.CFX,1,0.18658916730823855,5,,-0.027924389246937444,TS
2018-10-15,TS1812.CFX,1,0.17710796663332468,3,,-0.03729970175155813,TS
2018-10-16,TS1812.CFX,1,0.20209895296705707,14,,-0.013674834935369778,TS
2018-10-17,TS1812.CFX,1,0.14498068113918758,4,,0.002060713752395088,TS
2018-10-18,TS1812.CFX,1,0.11756691425039038,5,,-0.017017179160983345,TS
2018-10-19,TS1812.CFX,1,0.36563004127222737,13,,0.029251211056113873,TS
2018-10-22,TS1812.CFX,1,0.37166170870993503,9,,0.05597748716187958,TS
2018-10-23,TS1812.CFX,1,0.20645476055553363,7,,0.037704295329223675,TS
2018-10-24,TS1812.CFX,1,0.1551540351080616,4,,-0.008400103900135125,TS
2018-10-25,TS1812.CFX,1,0.15851096260301462,5,0.2,-0.0630745830940299,TS
2018-10-26,TS1812.CFX,1,0.17530339276522958,3,0.3333333333333333,-0.044066042984193005,TS
2018-10-29,TS1812.CFX,1,0.12453596436122674,8,0.045454545454545456,-0.014368823473144582,TS
2018-10-30,TS1812.CFX,1,0.19753170617619356,13,0.5652173913043478,0.0050780343894475995,TS
2018-10-31,TS1812.CFX,1,0.23545055730173342,9,0.7916666666666666,0.017610750280840158,TS
2018-11-01,TS1812.CFX,1,0.19729720653533775,16,0.52,0.0154902220480723,TS
2018-11-02,TS1812.CFX,1,0.18061148002951327,20,0.46153846153846156,0.011191653169571722,TS
2018-11-05,TS1812.CFX,1,0.4157595988810769,27,1.0,0.03816167081375465,TS
2018-11-06,TS1812.CFX,1,0.2944033029385613,35,0.8571428571428571,0.03363678836193949,TS
2018-11-07,TS1812.CFX,1,0.4395773019329144,32,1.0,0.05983520137042013,TS
2018-11-08,TS1812.CFX,1,0.14932626110975283,22,0.13333333333333333,-0.0038752734787683317,TS
2018-11-09,TS1812.CFX,1,0.22682137834616106,14,0.6451612903225806,-0.05229534828986403,TS
2018-11-12,TS1812.CFX,1,0.29482418072866445,11,0.84375,-0.021191416800654707,TS
2018-11-13,TS1812.CFX,1,0.26064651274841444,2,0.7575757575757576,-0.021236365875008833,TS
2018-11-14,TS1812.CFX,1,0.17406103223862218,13,0.23529411764705882,0.008329467665999202,TS
2018-11-15,TS1812.CFX,1,0.14442845816920574,4,0.08571428571428572,-0.028554898884395295,TS
2018-11-16,TS1812.CFX,1,0.12280713943690033,5,0.027777777777777776,-0.04602521371627369,TS
2018-11-19,TS1812.CFX,1,0.1785247732043217,7,0.43243243243243246,-0.021549737188990736,TS
2018-11-20,TS1812.CFX,1,0.18767683132626276,3,0.5,0.00613279132103971,TS
2018-11-21,TS1812.CFX,1,0.17635220155984818,3,0.358974358974359,0.012871717867064727,TS
2018-11-22,TS1812.CFX,1,0.17261123878602785,3,0.25,0.009743562705378152,TS
2018-11-23,TS1812.CFX,1,0.17163068625623976,1,0.21951219512195122,-0.002885376643639881,TS
2018-11-26,TS1812.CFX,1,0.17204988291463752,5,0.23809523809523808,-0.003597541212685884,TS
2018-11-27,TS1812.CFX,1,0.12691078518190385,3,0.06976744186046512,-0.0099444188627279,TS
2018-11-28,TS1812.CFX,1,0.1298318434322117,1,0.09090909090909091,-0.013027869178196821,TS
2018-11-29,TS1812.CFX,1,0.0018911500732810046,23,0.0,-0.03816971118483434,TS
2018-11-30,TS1812.CFX,1,,0,,,TS
2018-12-03,TS1903.CFX,2,0.18669331516646565,26,,,TS
2018-12-04,TS1903.CFX,2,0.3250569975208243,19,,,TS
2018-12-05,TS1903.CFX,2,0.1008098975406185,43,,,TS
2018-12-06,TS1903.CFX,2,0.17009386507875496,11,,,TS
2018-12-07,TS1903.CFX,2,0.1707413156849103,7,,-0.018686713140518008,TS
2018-12-10,TS1903.CFX,2,0.26973115287389127,13,,-0.004072027114957422,TS
2018-12-11,TS1903.CFX,2,0.32048233705635065,17,,0.05389821668266006,TS
2018-12-12,TS1903.CFX,2,0.32874510716861927,7,,0.04670435055511689,TS
2018-12-13,TS1903.CFX,2,0.37810313874260315,14,,0.04737376004101137,TS
2018-12-14,TS1903.CFX,2,0.3649055747276737,11,,0.02479696453938174,TS
2018-12-17,TS1903.CFX,2,0.5046050448353727,28,,0.04044058831170986,TS
2018-12-18,TS1903.CFX,2,0.5327370808466397,6,,0.05344858534488104,TS
2018-12-19,TS1903.CFX,2,0.41712398753183544,8,,0.02458732036974306,TS
2018-12-20,TS1903.CFX,2,0.21449223439557996,10,,-0.03883077379677248,TS
2018-12-21,TS1903.CFX,2,0.2186356768489553,9,,-0.08901835824238945,TS
2018-12-24,TS1903.CFX,2,0.15486957364205783,11,,-0.09542233250920439,TS
2018-12-25,TS1903.CFX,2,0.13781057217309495,12,,-0.061824949147100315,TS
2018-12-26,TS1903.CFX,2,0.23058809709745845,10,,-0.004863337927210337,TS
2018-12-27,TS1903.CFX,2,0.3247660197826706,13,,0.028797920932283116,TS
2018-12-28,TS1903.CFX,2,0.22726667296474462,13,,0.03317496462549492,TS
2019-01-02,TS1903.CFX,2,0.23848796931663824,8,0.5,0.019803337015437277,TS
2019-01-03,TS1903.CFX,2,0.31971732373983386,7,0.5714285714285714,0.009198040281871833,TS
2019-01-04,TS1903.CFX,2,0.3884486889817433,8,0.8636363636363636,0.021981598917323465,TS
2019-01-07,TS1903.CFX,2,0.39684274882938614,5,0.8695652173913043,0.048911287139438805,TS
2019-01-08,TS1903.CFX,2,0.37932672745474316,11,0.7916666666666666,0.035880294136576216,TS
2019-01-09,TS1903.CFX,2,0.3246204803813254,6,0.56,6.843517559829149e-05,TS
2019-01-10,TS1903.CFX,2,0.2567473941996258,12,0.4230769230769231,-0.03356248580122957,TS
2019-01-11,TS1903.CFX,2,0.24441517630938003,5,0.4074074074074074,-0.04274344782951295,TS
2019-01-14,TS1903.CFX,2,0.35197117604848116,10,0.7142857142857143,-0.013491640688446927,TS
2019-01-15,TS1903.CFX,2,0.3546664806924141,10,0.7241379310344828,0.015531578247103273,TS
2019-01-16,TS1903.CFX,2,0.40283706844078965,11,0.9,0.04024306528653618,TS
2019-01-17,TS1903.CFX,2,0.36923907090845204,18,0.7419354838709677,0.03005136815904525,TS
2019-01-18,TS1903.CFX,2,0.3750888117397545,8,0.75,0.006080786159858476,TS
2019-01-21,TS1903.CFX,2,0.4137624397847189,5,0.9090909090909091,0.00904436614835744,TS
2019-01-22,TS1903.CFX,2,0.41267880253871303,6,0.8823529411764706,0.006420683707211361,TS
2019-01-23,TS1903.CFX,2,0.39686269335538715,6,0.8285714285714286,0.009283723569282875,TS
2019-01-24,TS1903.CFX,2,0.34284269459057437,16,0.5555555555555556,-0.008139198072769194,TS
2019-01-25,TS1903.CFX,2,0.348890443038811,4,0.5675675675675675,-0.019958010143995442,TS
2019-01-28,TS1903.CFX,2,0.3518786446368808,1,0.5789473684210527,-0.016957256612024064,TS
2019-01-29,TS1903.CFX,2,0.3008204031033831,4,0.358974358974359,-0.01830486304577018,TS
2019-01-30,TS1903.CFX,2,0.42249050223000406,16,0.95,0.011122557534343136,TS
2019-01-31,TS1903.CFX,2,0.39703106800745197,2,0.8292682926829268,0.01668931075304053,TS
2019-02-01,TS1903.CFX,2,0.40603609110782213,1,0.8571428571428571,0.02045255578459515,TS
2019-02-11,TS1903.CFX,2,0.44942212121213776,3,0.9534883720930233,0.02807490250953274,TS
2019-02-12,TS1903.CFX,2,0.4026290348586685,1,0.7954545454545454,0.0012668118462014655,TS
2019-02-13,TS1903.CFX,2,0.3429238921471191,2,0.4888888888888889,-0.011162140796981935,TS
2019-02-14,TS1903.CFX,2,0.2876086157155027,2,0.30434782608695654,-0.03433531798496573,TS
2019-02-15,TS1903.CFX,2,0.26629769880068777,2,0.2765957446808511,-0.04812692639660658,TS
2019-02-18,TS1903.CFX,2,0.2747330349835988,3,0.3125,-0.033241819309657084,TS
2019-02-19,TS1903.CFX,2,0.2951162110845964,2,0.3469387755102041,-0.010849094285694938,TS
2019-02-20,TS1903.CFX,2,0.32550176825639243,2,0.48,0.010460481736568805,TS
2019-02-21,TS1903.CFX,2,0.3277830900194004,3,0.49019607843137253,0.017373951571021895,TS
2019-02-22,TS1903.CFX,2,0.2898528341587059,4,0.3269230769230769,0.0062906477285018195,TS
2019-02-25,TS1903.CFX,2,0.276509731211408,2,0.3018867924528302,-0.0072861893844063386,TS
2019-02-26,TS1903.CFX,2,0.29234325527161803,4,0.35185185185185186,-0.011759038477754124,TS
2019-02-27,TS1903.CFX,2,0.26942872114268684,8,0.2545454545454545,-0.011421831664051496,TS
2019-02-28,TS1903.CFX,2,,0,,,TS
2019-03-01,TS1906.CFX,3,,4,,,TS
2019-03-04,TS1906.CFX,3,,8,,,TS
2019-03-05,TS1906.CFX,3,,5,,,TS
2019-03-06,TS1906.CFX,3,0.9611031437643497,15,,,TS
2019-03-07,TS1906.CFX,3,0.2621252209292748,28,,,TS
2019-03-08,TS1906.CFX,3,0.16398151863778698,6,,,TS
2019-03-11,TS1906.CFX,3,0.30069211326454737,10,,,TS
2019-03-12,TS1906.CFX,3,0.3349816612257989,4,,-0.1213676072741829,TS
2019-03-13,TS1906.CFX,3,0.17936722626849821,14,,0.0005484153266458736,TS
2019-03-14,TS1906.CFX,3,0.3032854737621943,5,,0.015728302325276545,TS
2019-03-15,TS1906.CFX,3,0.7009747832707671,16,,0.07688691525488348,TS
2019-03-18,TS1906.CFX,3,0.337769716670716,19,,0.052718366789210304,TS
2019-03-19,TS1906.CFX,3,0.26331752659136903,3,,0.020238484355426335,TS
2019-03-20,TS1906.CFX,3,0.9538073294111907,94,,0.08633864546185947,TS
2019-03-21,TS1906.CFX,3,0.7039491414459841,14,,0.062198632909090876,TS
2019-03-22,TS1906.CFX,3,0.6825775318133688,1,,0.11302472451399206,TS
2019-03-25,TS1906.CFX,3,0.6279984425692602,4,,0.045813203435796035,TS
2019-03-26,TS1906.CFX,3,0.6400796327567078,12,,-0.070340609218569,TS
2019-03-27,TS1906.CFX,3,0.5347356919677348,3,,-0.03809247980131596,TS
2019-03-28,TS1906.CFX,3,0.5204870033225709,24,,-0.041744380758312105,TS
2019-03-29,TS1906.CFX,3,0.303145066235721,42,,-0.0769299382101215,TS
2019-04-01,TS1906.CFX,3,0.2557395986877381,28,,-0.10002706938699532,TS
2019-04-02,TS1906.CFX,3,0.677135019490147,22,,0.002005125040999167,TS
2019-04-03,TS1906.CFX,3,0.47466541876476337,72,0.5,0.0282346784138811,TS
2019-04-04,TS1906.CFX,3,0.21617193125930118,84,0.09523809523809523,0.004497955012418559,TS
2019-04-08,TS1906.CFX,3,0.7404236201368322,42,0.9090909090909091,0.050840495466734234,TS
2019-04-09,TS1906.CFX,3,0.8138122914668559,30,0.9130434782608695,0.053911274532548646,TS
2019-04-10,TS1906.CFX,3,0.5731141195133109,24,0.5833333333333334,0.07945377617046498,TS
2019-04-11,TS1906.CFX,3,0.36661465129921667,22,0.44,0.013357593945630963,TS
2019-04-12,TS1906.CFX,3,0.38200019740200036,3,0.46153846153846156,-0.11640444856373029,TS
2019-04-15,TS1906.CFX,3,0.6116290666772215,15,0.6296296296296297,-0.05954803716905792,TS
2019-04-16,TS1906.CFX,3,0.7444513663217582,13,0.8928571428571429,0.05876889089948996,TS
2019-04-17,TS1906.CFX,3,0.5118158333821663,33,0.4827586206896552,0.0652853533085657,TS
2019-04-18,TS1906.CFX,3,0.3765992154337601,19,0.4,-0.011061519723153557,TS
2019-04-19,TS1906.CFX,3,0.4202776567187197,10,0.45161290322580644,-0.07505549708050017,TS
2019-04-22,TS1906.CFX,3,0.6676822978673524,11,0.71875,-0.024507631357225824,TS
2019-04-23,TS1906.CFX,3,0.6398873915308572,9,0.6666666666666666,0.054722619873097414,TS
2019-04-24,TS1906.CFX,3,0.5655552659224568,4,0.5588235294117647,0.059752183578953066,TS
2019-04-25,TS1906.CFX,3,0.4033624018218484,9,0.4,-0.013595754173863838,TS
2019-04-26,TS1906.CFX,3,0.4572901525546018,3,0.4444444444444444,-0.065730928033451,TS
2019-04-29,TS1906.CFX,3,0.8006404950136717,23,0.918918918918919,0.02132410935977742,TS
2019-04-30,TS1906.CFX,3,0.46962916189177156,42,0.4473684210526316,0.02054258851304529,TS
2019-05-06,TS1906.CFX,3,0.2965321958211693,50,0.15384615384615385,-0.020132140266418852,TS
2019-05-07,TS1906.CFX,3,0.3954297674973283,35,0.375,-0.06278290693070496,TS
2019-05-08,TS1906.CFX,3,0.49700730099330775,23,0.5121951219512195,-0.06814657824351712,TS
2019-05-09,TS1906.CFX,3,0.567225265869708,23,0.6190476190476191,0.039566731312801154,TS
2019-05-10,TS1906.CFX,3,0.43915160874986253,9,0.4186046511627907,0.04570343242297662,TS
2019-05-13,TS1906.CFX,3,0.4413622270782608,4,0.4318181818181818,0.003400922691841979,TS
2019-05-14,TS1906.CFX,3,0.6378051443358659,4,0.7111111111111111,0.015573264789366891,TS
2019-05-15,TS1906.CFX,3,0.48344642417440314,7,0.5,0.003109585219539357,TS
2019-05-16,TS1906.CFX,3,0.592006906092101,79,0.6595744680851063,0.03477947917806194,TS
2019-05-17,TS1906.CFX,3,0.9104014320637731,106,0.9583333333333334,0.08922801717272598,TS
2019-05-20,TS1906.CFX,3,0.5672187109444992,105,0.5918367346938775,0.028578214110663646,TS
2019-05-21,TS1906.CFX,3,1.9685723078371996e-14,87,0.0,-0.09916810434963688,TS
2019-05-22,TS1906.CFX,3,0.7018900287562861,79,0.8431372549019608,-0.06906351867353835,TS
2019-05-23,TS1906.CFX,3,0.26977215584418823,57,0.1346153846153846,-0.11465872346273827,TS
2019-05-24,TS1906.CFX,3,0.3278268605600342,41,0.22641509433962265,-0.02090115449247615,TS
2019-05-27,TS1909.CFX,4,0.4392391404755428,228,,,TS
2019-05-28,TS1909.CFX,4,0.5204458352009771,151,,,TS
2019-05-29,TS1909.CFX,4,0.3153480627623985,129,,,TS
2019-05-30,TS1909.CFX,4,0.33945676354484217,87,,,TS
2019-05-31,TS1909.CFX,4,5.832387712886251e-14,45,,-0.10594673526071038,TS
2019-06-03,TS1909.CFX,4,0.10740298941097519,99,,-0.1141433754342344,TS
2019-06-04,TS1909.CFX,4,0.20748851771568272,102,,-0.04477728642272986,TS
2019-06-05,TS1909.CFX,4,0.5840659839127615,95,,0.06967069584514632,TS
2019-06-06,TS1909.CFX,4,0.39371971417539076,85,,0.1264102422852451,TS
2019-06-10,TS1909.CFX,4,0.4585321685937703,68,,0.08884895548252983,TS
2019-06-11,TS1909.CFX,4,0.4195166154765813,185,,0.029852238020280596,TS
2019-06-12,TS1909.CFX,4,0.5020722312703618,93,,-0.013819060398360894,TS
2019-06-13,TS1909.CFX,4,0.46342918519987075,150,,0.01829590047255516,TS
2019-06-14,TS1909.CFX,4,0.6273029029970297,145,,0.03814540385298083,TS
2019-06-17,TS1909.CFX,4,0.47293411230853444,83,,0.023206566539057404,TS
2019-06-18,TS1909.CFX,4,0.33248324454242495,90,,-0.032967304634720994,TS
2019-06-19,TS1909.CFX,4,0.14495292455582448,34,,-0.09317721797426973,TS
2019-06-20,TS1909.CFX,4,0.48794695337096866,64,,-0.060669308700483204,TS
2019-06-21,TS1909.CFX,4,0.2963947338108972,65,,-0.01976150481667307,TS
2019-06-24,TS1909.CFX,4,0.48619394400298993,85,,0.045886320817620264,TS
2019-06-25,TS1909.CFX,4,0.5440626747452756,95,0.9,0.07964664910109234,TS
2019-06-26,TS1909.CFX,4,0.6282395164413895,86,1.0,0.05282530670752202,TS
2019-06-27,TS1909.CFX,4,0.05427331589366981,151,0.045454545454545456,-0.034219726339605516,TS
2019-06-28,TS1909.CFX,4,0.5147027768926008,171,0.782608695652174,-0.04327716930723839,TS
2019-07-01,TS1909.CFX,4,0.47972719745929,131,0.625,-0.024220769412076015,TS
2019-07-02,TS1909.CFX,4,0.3322024475313909,169,0.28,-0.016662025625437716,TS
2019-07-03,TS1909.CFX,4,0.65253970158426,106,1.0,0.10140324420199705,TS
2019-07-04,TS1909.CFX,4,0.5655157942222825,156,0.8518518518518519,0.027443853878433334,TS
2019-07-05,TS1909.CFX,4,0.02717391064117451,110,0.03571428571428571,-0.06717932269453393,TS
2019-07-08,TS1909.CFX,4,0.3316491199642254,167,0.27586206896551724,-0.06264724460774165,TS
2019-07-09,TS1909.CFX,4,0.6880114440687974,447,1.0,-0.016292318928898243,TS
2019-07-10,TS1909.CFX,4,1.6208701048014973e-13,628,0.03225806451612903,-0.047019405501661796,TS
2019-07-11,TS1909.CFX,4,1.205678069459776e-13,1121,0.03125,-0.03859969412461712,TS
2019-07-12,TS1909.CFX,4,1.6209256159527285e-13,582,0.09090909090909091,-0.13513096839968036,TS
2019-07-15,TS1909.CFX,4,0.3007646993577885,584,0.29411764705882354,-0.07744934894220179,TS
2019-07-16,TS1909.CFX,4,1.2057890917622384e-13,797,0.05714285714285714,0.030076469935758486,TS
2019-07-17,TS1909.CFX,4,0.9999999037951927,496,1.0,0.19999998075901027,TS
2019-07-18,TS1909.CFX,4,0.07717391302556117,389,0.1891891891891892,0.08535830304882024,TS
2019-07-19,TS1909.CFX,4,0.6342131478897697,616,0.9210526315789473,0.0744070810089403,TS
2019-07-22,TS1909.CFX,4,0.6597826086956957,507,0.9487179487179487,0.09537784614857273,TS
2019-07-23,TS1909.CFX,4,0.013583497655924023,545,0.125,-0.13902241166084028,TS
2019-07-24,TS1909.CFX,4,0.3559782608462268,627,0.4634146341463415,-0.006302095459251445,TS
2019-07-25,TS1909.CFX,4,0.6195648237680673,436,0.8333333333333334,-0.033310099609287366,TS
2019-07-26,TS1909.CFX,4,0.8679325635262893,466,0.9767441860465116,0.10222812357733306,TS
2019-07-29,TS1909.CFX,4,1.700246224005567e-13,1045,0.11363636363636363,0.048478730736855456,TS
2019-07-30,TS1909.CFX,4,0.2521732683008059,1481,0.28888888888888886,-0.08271748088587391,TS
2019-07-31,TS1909.CFX,4,0.9997304696046383,1955,0.9782608695652174,0.014457199644765861,TS
2019-08-01,TS1909.CFX,4,0.07663043478276288,950,0.19148936170212766,-0.05828737878825847,TS
2019-08-02,TS1909.CFX,4,0.19385468751254883,1027,0.2708333333333333,0.02121665415067146,TS
2019-08-05,TS1909.CFX,4,0.7928133907118535,2624,0.9387755102040817,0.027540446273000584,TS
2019-08-06,TS1909.CFX,4,0.7282284989466659,1072,0.92,0.017317901461314577,TS
2019-08-07,TS1909.CFX,4,0.4200999213844862,1034,0.5098039215686274,0.12213127846375635,TS
2019-08-08,TS1909.CFX,4,0.026628620978202795,1799,0.1346153846153846,-0.07071656023960594,TS
2019-08-09,TS1909.CFX,4,0.9999541163167083,1297,0.9811320754716981,-0.028731842675875363,TS
2019-08-12,TS1909.CFX,4,1.977151292928293e-12,1474,0.1111111111111111,-0.08766028029571554,TS
2019-08-13,TS1909.CFX,4,0.9999999999996045,927,1.0,0.1133171536254011,TS
2019-08-14,TS1909.CFX,4,0.3721879397145407,1363,0.4642857142857143,0.0691164521155572,TS
2019-08-15,TS1909.CFX,4,1.9692358854683784e-12,2011,0.10526315789473684,-0.16277202929169146,TS
2019-08-16,TS1909.CFX,4,0.9359416372422222,1086,0.9310344827586207,0.08718832744828549,TS
2019-08-19,TS1909.CFX,4,0.12058042585345978,205,0.2542372881355932,-0.1195085450764608,TS
2019-08-20,TS1912.CFX,5,,19,,,TS
2019-08-21,TS1912.CFX,5,0.31466181996755804,44,,,TS
2019-08-22,TS1912.CFX,5,0.1571587554507366,48,,,TS
2019-08-23,TS1912.CFX,5,0.3733744528348778,55,,,TS
2019-08-26,TS1912.CFX,5,0.3624037070662644,37,,,TS
2019-08-27,TS1912.CFX,5,0.15619631259000996,71,,-0.01116860631395683,TS
2019-08-28,TS1912.CFX,5,0.1769102107832465,58,,-0.0177675229579848,TS
2019-08-29,TS1912.CFX,5,0.5146678669153988,99,,0.009709333187802404,TS
2019-08-30,TS1912.CFX,5,0.4376344567841609,126,,0.05089330537611818,TS
2019-09-02,TS1912.CFX,5,0.06421004539648102,113,,0.007675171161385655,TS
2019-09-03,TS1912.CFX,5,0.48121420315608143,71,,0.0158150163226752,TS
2019-09-04,TS1912.CFX,5,0.30892223788474005,58,,-0.03679115116893968,TS
2019-09-05,TS1912.CFX,5,0.2961739005460518,48,,-0.0038208919987959165,TS
2019-09-06,TS1912.CFX,5,0.3309884470640216,57,,0.03485165007250515,TS
2019-09-09,TS1912.CFX,5,0.32081455754478105,61,,-0.029873308204331917,TS
2019-09-10,TS1912.CFX,5,0.243035295428529,46,,-0.010713322791369278,TS
2019-09-11,TS1912.CFX,5,0.28334150764401933,47,,-0.01136179374395575,TS
2019-09-12,TS1912.CFX,5,0.5773646618052185,60,,0.04552793795816321,TS
2019-09-16,TS1912.CFX,5,0.44136113420998246,75,,0.05754225197070924,TS
2019-09-17,TS1912.CFX,5,0.29226372436357906,75,,0.02564764844360633,TS
2019-09-18,TS1912.CFX,5,0.13369967781310074,67,,-0.05843845971034765,TS
2019-09-19,TS1912.CFX,5,0.15939598960774734,75,0.2,-0.11435988007918241,TS
2019-09-20,TS1912.CFX,5,0.370381383784785,54,0.7142857142857143,-0.027482723560622667,TS
2019-09-23,TS1912.CFX,5,0.19503128953100785,59,0.2727272727272727,0.004221683630654183,TS
2019-09-24,TS1912.CFX,5,0.2802206357888228,73,0.34782608695652173,0.032867721587470464,TS
2019-09-25,TS1912.CFX,5,0.3088581228973632,63,0.5,0.020876351858326953,TS
2019-09-26,TS1912.CFX,5,0.3236301738300814,89,0.64,0.002032441345694824,TS
2019-09-27,TS1912.CFX,5,0.2961295656218253,41,0.4230769230769231,0.02456060902228936,TS
2019-09-30,TS1912.CFX,5,0.31832320210017045,43,0.5925925925925926,0.006347657534715745,TS
2019-10-08,TS1912.CFX,5,0.1877158912935166,83,0.21428571428571427,-0.024759143493760412,TS
2019-10-09,TS1912.CFX,5,0.060722742173527286,94,0.0,-0.06342285376414168,TS
2019-10-10,TS1912.CFX,5,0.2354534071167028,66,0.3,-0.03789527769368882,TS
2019-10-11,TS1912.CFX,5,0.33147741320262686,105,0.7419354838709677,0.0074045938028099,TS
2019-10-14,TS1912.CFX,5,0.12042540447080011,129,0.0625,0.013617369738366658,TS
2019-10-15,TS1912.CFX,5,0.16070429895779312,194,0.21212121212121213,0.008493511092262897,TS
2019-10-16,TS1912.CFX,5,0.23571685610904675,120,0.35294117647058826,-0.01702462162601458,TS
2019-10-17,TS1912.CFX,5,0.2435815438988481,120,0.4,-0.006050028696931081,TS
2019-10-18,TS1912.CFX,5,0.02898904385347808,138,0.0,-0.009999547629358906,TS
2019-10-21,TS1912.CFX,5,0.35504822692769544,105,0.7837837837837838,0.018196004368423602,TS
2019-10-22,TS1912.CFX,5,0.2814316188326029,94,0.4473684210526316,0.020289620847595967,TS
2019-10-23,TS1912.CFX,5,0.3489683005428363,107,0.7692307692307693,0.046321608826710124,TS
2019-10-24,TS1912.CFX,5,0.3956508778574418,71,0.875,0.07272437416230683,TS
2019-10-25,TS1912.CFX,5,0.27980029544642393,118,0.3902439024390244,-0.0036276603937704156,TS
2019-10-28,TS1912.CFX,5,0.06653766839477895,145,0.07142857142857142,-0.04989559059720604,TS
2019-10-29,TS1912.CFX,5,0.22166950344454542,174,0.3023255813953488,-0.05837108036592446,TS
2019-10-30,TS1912.CFX,5,0.37830799424994027,136,0.8636363636363636,-0.009281655921688147,TS
2019-10-31,TS1912.CFX,5,0.4893413609546128,100,0.9555555555555556,0.07308524568715391,TS
2019-11-01,TS1912.CFX,5,0.38127148442426856,92,0.8478260869565217,0.08971394895690465,TS
2019-11-04,TS1912.CFX,5,0.37245251515085903,99,0.7872340425531915,0.03045295135869555,TS
2019-11-05,TS1912.CFX,5,0.2940164482715071,112,0.4791666666666667,-0.02854719377606201,TS
2019-11-06,TS1912.CFX,5,0.4986678530547171,88,0.9591836734693877,-0.006860205195255287,TS
2019-11-07,TS1912.CFX,5,0.07149417652128856,112,0.08,-0.04933392779021019,TS
2019-11-08,TS1912.CFX,5,0.4295025490592509,161,0.8627450980392157,-0.010842220393343493,TS
2019-11-11,TS1912.CFX,5,0.23154800996459363,109,0.28846153846153844,-0.019410218060929307,TS
2019-11-12,TS1912.CFX,5,0.41031380484856805,20,0.8490566037735849,-0.0016654262968992973,TS
2019-11-13,TS2003.CFX,6,0.2985779141987546,26,,,TS
2019-11-14,TS2003.CFX,6,0.23268118242035438,32,,,TS
2019-11-15,TS2003.CFX,6,0.28287228811313325,37,,,TS
2019-11-18,TS2003.CFX,6,0.3032844957280961,30,,,TS
2019-11-19,TS2003.CFX,6,0.23479528659601998,45,,-0.005696194189772757,TS
2019-11-20,TS2003.CFX,6,0.21225790798119962,39,,-0.008892355039542272,TS
2019-11-21,TS2003.CFX,6,0.18807432547232816,33,,-0.02806225130285067,TS
2019-11-22,TS2003.CFX,6,0.2646834825081055,36,,-0.012392298756367303,TS
2019-11-25,TS2003.CFX,6,0.1784282677979218,35,,-0.006030846306929044,TS
2019-11-26,TS2003.CFX,6,0.3367865886077883,37,,0.0239411303578771,TS
2019-11-27,TS2003.CFX,6,0.18685153992993167,38,,0.006965753501488986,TS
2019-11-28,TS2003.CFX,6,0.14405688018047683,30,,-0.023282993252324753,TS
2019-11-29,TS2003.CFX,6,0.28460394683813695,32,,0.0019621649653118745,TS
2019-12-02,TS2003.CFX,6,0.31241422190145607,34,,0.0049007673495540804,TS
2019-12-03,TS2003.CFX,6,0.13964332111274586,36,,0.007394090408660759,TS
2019-12-04,TS2003.CFX,6,0.14930516230936425,47,,-0.01344640614676162,TS
2019-12-05,TS2003.CFX,6,0.23704626917575497,17,,-0.025822441491685583,TS
2019-12-06,TS2003.CFX,6,0.1907396033086039,22,,-0.014594628912269526,TS
2019-12-09,TS2003.CFX,6,0.04654657624419217,51,,-0.014475904873786772,TS
2019-12-10,TS2003.CFX,6,0.28970988566695627,22,,0.009030975378362121,TS
2019-12-11,TS2003.CFX,6,0.2673193088762598,29,0.65,0.015951636175936208,TS
2019-12-12,TS2003.CFX,6,0.29738783237079147,24,0.8095238095238095,0.04340691907564428,TS
2019-12-13,TS2003.CFX,6,0.0811857453477956,34,0.045454545454545456,0.007695628491104206,TS
2019-12-16,TS2003.CFX,6,0.2377745038317213,33,0.5652173913043478,-0.029000432719893426,TS
2019-12-17,TS2003.CFX,6,0.26276526995435046,26,0.5833333333333334,-0.006872140638288893,TS
2019-12-18,TS2003.CFX,6,0.3347176168429052,25,0.96,0.025623909355078234,TS
2019-12-19,TS2003.CFX,6,0.07866699436522334,44,0.038461538461538464,0.00919056110460394,TS
2019-12-20,TS2003.CFX,6,0.2838228607445391,26,0.7037037037037037,-0.00920015617634915,TS
2019-12-23,TS2003.CFX,6,0.1774190308792971,64,0.21428571428571427,-0.02215872342484727,TS
2019-12-24,TS2003.CFX,6,0.25378489357479384,28,0.5517241379310345,-0.006311341002214888,TS
2019-12-25,TS2003.CFX,6,0.17929711454876957,33,0.26666666666666666,0.017122227319734718,TS
2019-12-26,TS2003.CFX,6,0.20788064097011877,31,0.3870967741935484,-0.015000635587936817,TS
2019-12-27,TS2003.CFX,6,0.0952837918261632,26,0.09375,-0.02101747307109429,TS
2019-12-30,TS2003.CFX,6,0.1857457709568552,25,0.30303030303030304,-0.02200915679584837,TS
2019-12-31,TS2003.CFX,6,0.20500044169369586,28,0.4117647058823529,0.002927178427658905,TS
2020-01-02,TS2003.CFX,6,0.2565628962032404,22,0.6285714285714286,0.020708116033377594,TS
2020-01-03,TS2003.CFX,6,0.21399604114428109,27,0.4722222222222222,0.030824162388262098,TS
2020-01-06,TS2003.CFX,6,0.16799317279591874,19,0.1891891891891892,-0.002650959687128773,TS
2020-01-07,TS2003.CFX,6,0.15832665282530162,26,0.18421052631578946,-0.018191730114411008,TS
2020-01-08,TS2003.CFX,6,0.23018941780647348,18,0.5128205128205128,-0.010841634511251336,TS
2020-01-09,TS2003.CFX,6,0.2270738200313418,19,0.5,0.008835180278467625,TS
2020-01-10,TS2003.CFX,6,0.27782802638649706,18,0.7560975609756098,0.028841687438719683,TS
2020-01-13,TS2003.CFX,6,0.16412955682190628,13,0.19047619047619047,0.005924441657323287,TS
2020-01-14,TS2003.CFX,6,0.178693062842266,23,0.27906976744186046,-0.01659369731378505,TS
2020-01-15,TS2003.CFX,6,0.17438521954604302,21,0.22727272727272727,-0.020451216451482866,TS
2020-01-16,TS2003.CFX,6,0.23700226827841733,26,0.6,-0.007139585349202277,TS
2020-01-17,TS2003.CFX,6,0.19541230470225843,21,0.41304347826086957,0.012087470119685566,TS
2020-01-20,TS2003.CFX,6,0.2186108948426207,19,0.5106382978723404,0.010086274915692483,TS
2020-01-21,TS2003.CFX,6,0.1869540885931744,31,0.3541666666666667,0.000674636465846612,TS
2020-01-22,TS2003.CFX,6,0.2259890843898238,16,0.5306122448979592,-0.0030484583886271066,TS
2020-01-23,TS2003.CFX,6,0.2039117363286705,16,0.42,0.002437705280002722,TS
2020-02-03,TS2003.CFX,6,0.19414634614283321,8,0.39215686274509803,-0.003197144966407889,TS
2020-02-04,TS2003.CFX,6,0.10462636981446685,14,0.07692307692307693,-0.01964981758044057,TS
2020-02-05,TS2003.CFX,6,0.14590511233659062,18,0.1320754716981132,-0.025945331062066996,TS
2020-02-06,TS2003.CFX,6,0.17462570297678168,18,0.24074074074074073,-0.01068133005100202,TS
2020-02-07,TS2003.CFX,6,0.19326842341026518,20,0.41818181818181815,0.006824348769717881,TS
2020-02-10,TS2003.CFX,6,0.19080155171809415,16,0.4107142857142857,0.02197136748809292,TS
2020-02-11,TS2003.CFX,6,0.2320667188704965,16,0.631578947368421,0.01884990618091243,TS
2020-02-12,TS2003.CFX,6,0.1191601173613743,16,0.08620689655172414,-0.007213287577058336,TS
2020-02-13,TS2003.CFX,6,0.18980708016342945,14,0.3898305084745763,-0.007856412085039122,TS
2020-02-14,TS2003.CFX,6,0.23814751925088035,19,0.7333333333333333,0.005243229635850538,TS
2020-02-17,TS2003.CFX,6,0.1818026211962215,19,0.31666666666666665,0.0018459206540956008,TS
2020-02-18,TS2003.CFX,6,0.14580444830508194,15,0.13333333333333333,0.004528420292020732,TS
2020-02-19,TS2003.CFX,6,0.1184958896414926,5,0.08333333333333333,-0.023496545198967204,TS
2020-02-20,TS2006.CFX,7,,16,,,TS
2020-02-21,TS2006.CFX,7,0.20241550665679942,15,,,TS
2020-02-24,TS2006.CFX,7,0.20675862519274973,18,,,TS
2020-02-25,TS2006.CFX,7,0.17456826811306284,18,,,TS
2020-02-26,TS2006.CFX,7,0.1777315320252502,17,,,TS
2020-02-27,TS2006.CFX,7,0.18712836191528942,18,,-0.0059601382650519615,TS
2020-02-28,TS2006.CFX,7,0.14867733905869965,20,,-0.010360247846587355,TS
2020-03-02,TS2006.CFX,7,0.1571849657268898,21,,-0.006382079773889665,TS
2020-03-03,TS2006.CFX,7,0.17283217602397533,17,,-0.0039742108190949366,TS
2020-03-04,TS2006.CFX,7,0.22377856913735883,20,,0.009745525140941453,TS
2020-03-05,TS2006.CFX,7,0.21799328340032614,24,,0.020522549209372198,TS
2020-03-06,TS2006.CFX,7,0.23579106854494256,21,,0.02023733130124563,TS
2020-03-09,TS2006.CFX,7,0.16436175221045007,13,,-0.0004928348219466749,TS
2020-03-10,TS2006.CFX,7,0.31359045708914723,29,,0.012599224471370074,TS
2020-03-11,TS2006.CFX,7,0.23742551228586944,23,,0.011666384631529126,TS
2020-03-12,TS2006.CFX,7,0.17996979992846554,21,,-0.003857877715753466,TS
2020-03-13,TS2006.CFX,7,0.17794718210756674,19,,-0.010644979736644838,TS
2020-03-16,TS2006.CFX,7,0.19201199152003987,16,,-0.030263526131651747,TS
2020-03-17,TS2006.CFX,7,0.13835402968210017,21,,-0.018610077361596415,TS
2020-03-18,TS2006.CFX,7,0.25079366019031185,20,,0.01020545680982261,TS
2020-03-19,TS2006.CFX,7,0.19710997961028667,17,,0.009710726367571188,TS
2020-03-20,TS2006.CFX,7,0.19577527635692588,28,0.55,0.0066282519601958525,TS
2020-03-23,TS2006.CFX,7,0.23919065932975742,16,0.9047619047619048,0.014665487546192851,TS
2020-03-24,TS2006.CFX,7,0.30583252838598207,20,0.9545454545454546,0.01521584161108112,TS
2020-03-25,TS2006.CFX,7,0.2902608364494531,24,0.9130434782608695,0.029635896570738906,TS
2020-03-26,TS2006.CFX,7,0.20829023903928987,17,0.625,0.007610010248442373,TS
2020-03-27,TS2006.CFX,7,0.23078114497272587,17,0.72,-0.011436131806075528,TS
2020-03-30,TS2006.CFX,7,0.20943496015621235,24,0.6153846153846154,-0.02522748279362667,TS
2020-03-31,TS2006.CFX,7,0.20387844511132083,19,0.5185185185185185,-0.01716200615593421,TS
2020-04-01,TS2006.CFX,7,0.2001444439825101,19,0.4642857142857143,-0.004319428997496461,TS
2020-04-02,TS2006.CFX,7,0.19800843681603955,14,0.4482758620689655,-0.007483593248707493,TS
2020-04-03,TS2006.CFX,7,0.23978099875831527,10,0.8666666666666667,0.005482206890892449,TS
2020-04-07,TS2006.CFX,7,0.30736843316224427,12,0.967741935483871,0.0246616530877652,TS
2020-04-08,TS2006.CFX,7,0.13966165491353277,24,0.03125,-0.0011605581791749974,TS
2020-04-09,TS2006.CFX,7,0.185899940532727,16,0.30303030303030304,-0.012433633641140756,TS
2020-04-10,TS2006.CFX,7,0.20012523265334345,21,0.47058823529411764,-0.020078002483946096,TS
2020-04-13,TS2006.CFX,7,0.1426596675876796,18,0.05714285714285714,-0.026895395340931865,TS
2020-04-14,TS2006.CFX,7,0.20814212716073502,19,0.6111111111111112,0.00937206715493571,TS
2020-04-15,TS2006.CFX,7,0.20913496442200813,10,0.6486486486486487,0.005448694228595385,TS
2020-04-16,TS2006.CFX,7,0.19669243907168518,10,0.39473684210526316,0.005960970967101198,TS
2020-04-17,TS2006.CFX,7,0.16501576304642165,11,0.15384615384615385,0.0033262502828434294,TS
2020-04-20,TS2006.CFX,7,0.14801036854206165,11,0.075,-0.016438271861293326,TS
2020-04-21,TS2006.CFX,7,0.31420324125931626,20,1.0,0.016145448314499267,TS
2020-04-22,TS2006.CFX,7,0.27667124948838173,16,0.8809523809523809,0.030914509904628767,TS
2020-04-23,TS2006.CFX,7,0.205322582074924,20,0.5581395348837209,0.02092745190033247,TS
2020-04-24,TS2006.CFX,7,0.16594550190041538,15,0.18181818181818182,-0.007301039246768481,TS
2020-04-27,TS2006.CFX,7,0.1395654689952367,7,0.022222222222222223,-0.04600012921161255,TS
2020-04-28,TS2006.CFX,7,0.1725203517519926,10,0.21739130434782608,-0.027405890855246563,TS
2020-04-29,TS2006.CFX,7,0.160538369608623,12,0.14893617021276595,-0.008299357508102474,TS
2020-04-30,TS2006.CFX,7,0.16768098826465577,11,0.22916666666666666,0.0024443873341867097,TS
2020-05-06,TS2006.CFX,7,0.2272775941244695,7,0.7551020408163265,0.017058488677112876,TS
2020-05-07,TS2006.CFX,7,0.2645766594012041,15,0.88,0.02508518398142695,TS
2020-05-08,TS2006.CFX,7,0.2663170840796999,14,0.8823529411764706,0.030845310007870212,TS
2020-05-11,TS2006.CFX,7,0.18602100978084815,13,0.36538461538461536,0.007571953298761519,TS
2020-05-12,TS2006.CFX,7,0.13482598791747438,9,0.0,-0.026345886203434626,TS
2020-05-13,TS2006.CFX,7,0.13516095246243925,9,0.018518518518518517,-0.039032251003975525,TS
2020-05-14,TS2006.CFX,7,0.14844092954512428,10,0.12727272727272726,-0.028661236638756006,TS
2020-05-15,TS2006.CFX,7,0.12159017506126672,6,0.0,-0.0115246727811513,TS
2020-05-18,TS2006.CFX,7,0.12672574571066988,3,0.017543859649122806,-0.002977126181478151,TS
2020-05-19,TS2009.CFX,8,0.40904236394177723,23,,,TS
2020-05-20,TS2009.CFX,8,0.17957074564356496,41,,,TS
2020-05-21,TS2009.CFX,8,0.23514879905239802,30,,,TS
2020-05-22,TS2009.CFX,8,0.15243642256351994,29,,,TS
2020-05-25,TS2009.CFX,8,0.290548397190197,21,,-0.026412225658320555,TS
2020-05-26,TS2009.CFX,8,0.26627263919446104,39,,0.02288033852395911,TS
2020-05-27,TS2009.CFX,8,0.2718536591309555,35,,0.018724593678805607,TS
2020-05-28,TS2009.CFX,8,0.17307860755751858,35,,0.0022589631928755737,TS
2020-05-29,TS2009.CFX,8,0.17048091055662923,24,,-0.03333290049040779,TS
2020-06-01,TS2009.CFX,8,0.25831057854538386,43,,-0.011729686987248055,TS
2020-06-02,TS2009.CFX,8,0.3539999243789389,64,,0.02495245014838321,TS
2020-06-03,TS2009.CFX,8,0.2924079244684569,59,,0.042217764764418644,TS
2020-06-04,TS2009.CFX,8,0.29961218550017554,45,,0.02923598958101657,TS
2020-06-05,TS2009.CFX,8,0.21813224560501618,52,,-0.013474440475949872,TS
2020-06-08,TS2009.CFX,8,0.2214571333716479,45,,-0.033936126087802276,TS
2020-06-09,TS2009.CFX,8,0.18134147749447074,45,,-0.030028794607649994,TS
2020-06-10,TS2009.CFX,8,0.2974213688681631,38,,-0.004117240137457035,TS
2020-06-11,TS2009.CFX,8,0.16362512413849023,37,,-0.003305000743653669,TS
2020-06-12,TS2009.CFX,8,0.1736425903074783,42,,-0.011334543948431969,TS
2020-06-15,TS2009.CFX,8,0.15735498589913088,30,,-0.017175176175136454,TS
2020-06-16,TS2009.CFX,8,0.2184635956400262,27,0.45,-0.01641856846956331,TS
2020-06-17,TS2009.CFX,8,0.208024843104656,27,0.38095238095238093,0.013362044326487943,TS
2020-06-18,TS2009.CFX,8,0.314016947517263,34,0.9090909090909091,0.03314185716250945,TS
2020-06-19,TS2009.CFX,8,0.21090227407001044,24,0.391304347826087,0.020264792821899587,TS
2020-06-22,TS2009.CFX,8,0.23677787467509628,21,0.5833333333333334,0.003950598903549462,TS
2020-06-23,TS2009.CFX,8,0.33247476339584836,44,0.92,0.0171660767740218,TS
2020-06-24,TS2009.CFX,8,0.1446457623107723,35,0.0,-0.021716988108714353,TS
2020-06-29,TS2009.CFX,8,0.216326101151696,32,0.4074074074074074,-0.008128445820095281,TS
2020-06-30,TS2009.CFX,8,0.17097336228862423,23,0.17857142857142858,-0.02477576870170965,TS
2020-07-01,TS2009.CFX,8,0.17703472940896453,24,0.27586206896551724,-0.02845524679959157,TS
2020-07-02,TS2009.CFX,8,0.14928404288335625,24,0.03333333333333333,-0.003001481059756361,TS
2020-07-03,TS2009.CFX,8,0.19444869195790657,23,0.3870967741935484,-0.00654441377928468,TS
2020-07-06,TS2009.CFX,8,0.2473750922103231,43,0.65625,0.017021742239233983,TS
2020-07-07,TS2009.CFX,8,0.18707225547676046,38,0.36363636363636365,0.011816610146255868,TS
2020-07-08,TS2009.CFX,8,0.4149940961719055,44,1.0,0.05240436700959524,TS
2020-07-09,TS2009.CFX,8,0.2667471998692129,54,0.7142857142857143,0.03122160197841951,TS
2020-07-10,TS2009.CFX,8,0.22431464182176591,39,0.5555555555555556,0.003355404361533809,TS
2020-07-13,TS2009.CFX,8,0.2912561928784013,48,0.7837837837837838,0.0017688420453142006,TS
2020-07-14,TS2009.CFX,8,0.20011783659195587,41,0.3684210526315789,-0.040524352615071105,TS
2020-07-15,TS2009.CFX,8,0.20057927128089031,32,0.38461538461538464,-0.015653266240645523,TS
2020-07-16,TS2009.CFX,8,0.179407148616592,33,0.25,-0.018049190800785892,TS
2020-07-17,TS2009.CFX,8,0.178543884761119,29,0.24390243902439024,-0.024613530420992846,TS
2020-07-20,TS2009.CFX,8,0.22267915860310436,22,0.5714285714285714,0.0023087257502525604,TS
2020-07-21,TS2009.CFX,8,0.22039098511662286,32,0.5348837209302325,0.008289543765797746,TS
2020-07-22,TS2009.CFX,8,0.22304822200839322,28,0.5909090909090909,0.012912924713910635,TS
2020-07-23,TS2009.CFX,8,0.13588259504641315,22,0.0,-0.008495351602412281,TS
2020-07-24,TS2009.CFX,8,0.23150870867078915,28,0.6304347826086957,-0.006684928993484019,TS
2020-07-27,TS2009.CFX,8,0.1288059404770408,24,0.0,-0.01747096026167682,TS
2020-07-28,TS2009.CFX,8,0.1830399076375168,22,0.3333333333333333,-0.00870932833111252,TS
2020-07-29,TS2009.CFX,8,0.12003418857385326,24,0.0,-0.008016561397839211,TS
2020-07-30,TS2009.CFX,8,0.20470100952414022,24,0.44,-0.006238715019648544,TS
2020-07-31,TS2009.CFX,8,0.24045189778891235,31,0.7058823529411765,0.024495301651036656,TS
2020-08-03,TS2009.CFX,8,0.18441028532274703,22,0.34615384615384615,0.01231584645855196,TS
2020-08-04,TS2009.CFX,8,0.17377824768545463,25,0.22641509433962265,0.00871973940218096,TS
2020-08-05,TS2009.CFX,8,0.26307114452114916,25,0.7592592592592593,0.005006661989056011,TS
2020-08-06,TS2009.CFX,8,0.1970902955761654,28,0.4,-0.0008062345227091816,TS
2020-08-07,TS2009.CFX,8,0.23456662877616535,28,0.6607142857142857,0.012362473479754743,TS
2020-08-10,TS2009.CFX,8,0.1595370085787568,31,0.12280701754385964,-0.0056986993958379525,TS
2020-08-11,TS2009.CFX,8,0.2130300602248434,30,0.5,-0.01376354555900201,TS
2020-08-12,TS2009.CFX,8,0.27288148975823734,39,0.8305084745762712,0.013004581981282192,TS
2020-08-13,TS2009.CFX,8,0.19784542951724676,19,0.4,0.003990208266164341,TS
2020-08-14,TS2009.CFX,8,0.2250103229661926,28,0.65,0.0115761998067275,TS
2020-08-17,TS2009.CFX,8,0.1813086066106723,20,0.2833333333333333,-0.01113140740203869,TS
2020-08-18,TS2009.CFX,8,0.16599517403808167,21,0.15,-0.023030945434688577,TS
2020-08-19,TS2009.CFX,8,0.23152984871531093,16,0.6833333333333333,0.00083536894680174,TS
2020-08-20,TS2009.CFX,8,0.2235082286167262,18,0.6333333333333333,0.004721705340570581,TS
2020-08-21,TS2009.CFX,8,0.2456945935895345,11,0.7666666666666667,0.018628502853636892,TS
2020-08-24,TS2009.CFX,8,0.26675029199031297,6,0.85,0.02156749807786862,TS
2020-08-25,TS2012.CFX,9,0.2125148499963439,22,,,TS
2020-08-26,TS2012.CFX,9,0.2135430337655307,32,,,TS
2020-08-27,TS2012.CFX,9,0.23550564715574346,33,,,TS
2020-08-28,TS2012.CFX,9,0.21239587096487847,38,,,TS
2020-08-31,TS2012.CFX,9,0.20196355453750994,29,,-0.002224975371832022,TS
2020-09-01,TS2012.CFX,9,0.2439774098164428,29,,0.0027326659483590753,TS
2020-09-02,TS2012.CFX,9,0.2405849092073003,26,,0.004174006295467802,TS
2020-09-03,TS2012.CFX,9,0.2864845893378066,37,,0.018679879141564666,TS
2020-09-04,TS2012.CFX,9,0.13834422480999353,25,,-0.008473147993366903,TS
2020-09-07,TS2012.CFX,9,0.27942170560366586,25,,-0.003135209282286067,TS
2020-09-08,TS2012.CFX,9,0.2266956373206142,31,,-0.0034841427507512957,TS
2020-09-09,TS2012.CFX,9,0.29031868134421773,57,,0.009601959652344288,TS
2020-09-10,TS2012.CFX,9,0.25875721285130604,46,,0.02517229518231769,TS
2020-09-11,TS2012.CFX,9,0.22930758981181323,43,,-0.006816665605301336,TS
2020-09-14,TS2012.CFX,9,0.2633266316693475,19,,0.0012250897165062113,TS
2020-09-15,TS2012.CFX,9,0.2880694182735223,39,,7.08926766506135e-06,TS
2020-09-16,TS2012.CFX,9,0.209162594897672,33,,-0.004042740744555901,TS
2020-09-17,TS2012.CFX,9,0.21074793655420754,32,,-0.009128334328688693,TS
2020-09-18,TS2012.CFX,9,0.23474978758931547,32,,-0.01344751698793788,TS
2020-09-21,TS2012.CFX,9,0.2383644083499404,33,,-0.007382282715552019,TS
2020-09-22,TS2012.CFX,9,0.19006860506652096,38,0.05,-0.001057150786656913,TS
2020-09-23,TS2012.CFX,9,0.23960124500987426,30,0.6190476190476191,0.001302543438853898,TS
2020-09-24,TS2012.CFX,9,0.31151545443664064,33,1.0,0.015476817035458413,TS
2020-09-25,TS2012.CFX,9,0.20870145252528918,20,0.13043478260869565,0.0062120937720817225,TS
2020-09-28,TS2012.CFX,9,0.2975462753622812,19,0.9583333333333334,0.018405554810693538,TS
2020-09-29,TS2012.CFX,9,0.2030836461512162,16,0.12,-0.00870043767916756,TS
2020-09-30,TS2012.CFX,9,0.27916142655911647,19,0.7692307692307693,-0.007032586212912128,TS
2020-10-09,TS2012.CFX,9,0.20515323147287123,27,0.14814814814814814,-0.0025481290908000664,TS
2020-10-12,TS2012.CFX,9,0.30176594838155046,25,0.9642857142857143,0.0010508931360193596,TS
2020-10-13,TS2012.CFX,9,0.2415924022621311,21,0.6206896551724138,0.009962203404426379,TS
2020-10-14,TS2012.CFX,9,0.2579927904426462,28,0.6666666666666666,-0.0005898101443680637,TS
2020-10-15,TS2012.CFX,9,0.21612718765337674,27,0.3548387096774194,-0.0021825245577893225,TS
2020-10-16,TS2012.CFX,9,0.2522414254996624,31,0.65625,-0.012451426037253055,TS
2020-10-19,TS2012.CFX,9,0.18595164172290643,34,0.030303030303030304,-0.011703288602143314,TS
2020-10-20,TS2012.CFX,9,0.23632569212739846,30,0.5,-0.007350974256096587,TS
2020-10-21,TS2012.CFX,9,0.3023403805787749,34,0.9714285714285714,0.01565106524785323,TS
2020-10-22,TS2012.CFX,9,0.2769059725562154,37,0.75,0.016571783296897447,TS
2020-10-23,TS2012.CFX,9,0.32118865172909344,34,1.0,0.031105430044119097,TS
2020-10-26,TS2012.CFX,9,0.18096592387844956,34,0.02631578947368421,-0.009187126534757922,TS
2020-10-27,TS2012.CFX,9,0.23669446248819134,29,0.48717948717948717,-0.022723188485893293,TS
2020-10-28,TS2012.CFX,9,0.3230760789504264,35,1.0,0.0007846023547519954,TS
2020-10-29,TS2012.CFX,9,0.22748207532644638,32,0.36585365853658536,-0.004530299773331725,TS
2020-10-30,TS2012.CFX,9,0.22520485883497088,30,0.3333333333333333,0.007926548275129763,TS
2020-11-02,TS2012.CFX,9,0.23971672960704069,29,0.5581395348837209,-0.009182668587775684,TS
2020-11-03,TS2012.CFX,9,0.2135610999549317,29,0.29545454545454547,-0.020679530371039506,TS
2020-11-04,TS2012.CFX,9,0.14780155668532247,29,0.022222222222222223,-0.017100479616228702,TS
2020-11-05,TS2012.CFX,9,0.3185051619274407,30,0.9565217391304348,0.009468543326322142,TS
2020-11-06,TS2012.CFX,9,0.18625297181498085,37,0.0851063829787234,-0.0001983453611610675,TS
2020-11-09,TS2012.CFX,9,0.20150640352361254,32,0.125,0.0014342022267020027,TS
2020-11-10,TS2012.CFX,9,0.22353446016501835,27,0.3673469387755102,0.0034467048555563594,TS
2020-11-11,TS2012.CFX,9,0.17571298660763532,25,0.04,-0.024830286228957325,TS
2020-11-12,TS2012.CFX,9,0.23488737062602977,31,0.49019607843137253,0.007147538070612058,TS
2020-11-13,TS2012.CFX,9,0.1908064057539509,40,0.1346153846153846,-0.0010047085078311868,TS
2020-11-16,TS2012.CFX,9,0.23653546118705338,32,0.5471698113207547,0.004109542119038567,TS
2020-11-17,TS2012.CFX,9,0.25379753368010155,17,0.7037037037037037,0.015781718470595608,TS
2020-11-18,TS2012.CFX,9,0.4028521353660044,19,1.0,0.03989206574060999,TS
2020-11-19,TS2012.CFX,9,0.2529557768418473,24,0.6785714285714286,0.029061541635474374,TS
2020-11-20,TS2012.CFX,9,0.20012513564233742,33,0.14035087719298245,-0.007366240792768613,TS
2020-11-23,TS2012.CFX,9,0.21742607183370755,13,0.3620689655172414,-0.027546992341645503,TS
2020-11-24,TS2012.CFX,9,0.18572200355010476,20,0.06779661016949153,-0.046978996863993906,TS
2020-11-25,TS2012.CFX,9,0.1891045014220138,15,0.11666666666666667,-0.014210568293189951,TS
2020-11-26,TS2012.CFX,9,0.27857711407642605,10,0.7833333333333333,0.012858238645648352,TS
2020-11-27,TS2012.CFX,9,0.8832648744991325,49,1.0,0.1424532715857171,TS
2020-11-30,TS2012.CFX,9,,0,,,TS
2020-12-01,TS2012.CFX,9,,0,,,TS
2020-12-02,TS2103.CFX,10,,19,,,TS
2020-12-03,TS2103.CFX,10,0.2933553853018818,21,,,TS
2020-12-04,TS2103.CFX,10,0.2665705441849523,17,,,TS
2020-12-07,TS2103.CFX,10,0.24228331846488826,18,,,TS
2020-12-08,TS2103.CFX,10,0.20973578721365627,19,,,TS
2020-12-09,TS2103.CFX,10,0.24134510442337193,38,,-0.01608553187283158,TS
2020-12-10,TS2103.CFX,10,0.19506341621074125,33,,-0.01439524699899385,TS
2020-12-11,TS2103.CFX,10,0.284267502387051,39,,0.006929599684141047,TS
2020-12-14,TS2103.CFX,10,0.24584191573892702,16,,0.011513465501422066,TS
2020-12-15,TS2103.CFX,10,0.1895262095291515,40,,-0.005285929026025515,TS
2020-12-16,TS2103.CFX,10,0.3330902288616268,32,,0.018131233244387163,TS
2020-12-17,TS2103.CFX,10,0.2900308954472802,35,,0.009877509924315825,TS
2020-12-18,TS2103.CFX,10,0.20312142869885913,35,,0.0015063711837992933,TS
2020-12-21,TS2103.CFX,10,0.2797509270012508,30,,0.005048063478143105,TS
2020-12-22,TS2103.CFX,10,0.26969466501129924,33,,-0.013707109614668455,TS
2020-12-23,TS2103.CFX,10,0.29723477061078757,35,,0.008098098663945475,TS
2020-12-24,TS2103.CFX,10,0.30067883516851296,35,,0.02125986565488444,TS
2020-12-25,TS2103.CFX,10,0.21740908747776705,21,,-0.009369950888975376,TS
2020-12-28,TS2103.CFX,10,0.23666247069237079,22,,-0.014589007177087754,TS
2020-12-29,TS2103.CFX,10,0.27546855097022466,23,,-0.010754880375726795,TS
2020-12-30,TS2103.CFX,10,0.2477601487125,19,,-0.004777790941956845,TS
2020-12-31,TS2103.CFX,10,0.24645323128654867,22,0.45,0.006918596563769241,TS
2021-01-04,TS2103.CFX,10,0.20791691374709168,28,0.14285714285714285,-0.00865064335742342,TS
2021-01-05,TS2103.CFX,10,0.31928393633988306,29,0.9545454545454546,0.004778753577390849,TS
2021-01-06,TS2103.CFX,10,0.1775938660799089,39,0.0,-0.006750186021184779,TS
2021-01-07,TS2103.CFX,10,0.2924075424853122,35,0.7916666666666666,0.006158557473034431,TS
2021-01-08,TS2103.CFX,10,0.25596480179199904,46,0.52,0.006921938223524382,TS
2021-01-11,TS2103.CFX,10,0.16994120601568682,32,0.0,-0.022031452493630237,TS
2021-01-12,TS2103.CFX,10,0.26945975311738357,30,0.5925925925925926,0.006126543760532399,TS
2021-01-13,TS2103.CFX,10,0.3163951946148126,44,0.9285714285714286,0.006147025558438523,TS
2021-01-14,TS2103.CFX,10,0.2992904312564365,70,0.8620689655172413,0.023310524752800064,TS
2021-01-15,TS2103.CFX,10,0.2651294843237128,50,0.5,0.022020723475510495,TS
2021-01-18,TS2103.CFX,10,0.27004548976676146,42,0.6129032258064516,-0.0050094236992344054,TS
2021-01-19,TS2103.CFX,10,0.2557044931041258,28,0.4375,-0.015062634451104862,TS
2021-01-20,TS2103.CFX,10,0.23406714568221246,31,0.24242424242424243,-0.013987156236803517,TS
2021-01-21,TS2103.CFX,10,0.2625327038678862,31,0.5,-0.004117190499620227,TS
2021-01-22,TS2103.CFX,10,0.27853709759117,30,0.6857142857142857,0.0023811426412577497,TS
2021-01-25,TS2103.CFX,10,0.26018772765728027,32,0.4722222222222222,0.0053436421015266525,TS
2021-01-26,TS2103.CFX,10,0.21917126152547692,47,0.21621621621621623,-0.0032136744524076943,TS
2021-01-27,TS2103.CFX,10,0.2630514776998515,48,0.5263157894736842,-0.0058328288401762515,TS
2021-01-28,TS2103.CFX,10,0.23198799789015917,41,0.23076923076923078,-0.009023444935945046,TS
2021-01-29,TS2103.CFX,10,0.422236104804838,56,1.0,0.03369134906597977,TS
2021-02-01,TS2103.CFX,10,0.18961008026724202,34,0.07317073170731707,0.010006226458851675,TS
2021-02-02,TS2103.CFX,10,0.25270499281758896,29,0.42857142857142855,-0.006307088738744216,TS
2021-02-03,TS2103.CFX,10,0.3257361722633796,37,0.9534883720930233,0.0017965236759191817,TS
2021-02-04,TS2103.CFX,10,0.22282901649582215,31,0.22727272727272727,-0.02626880846218941,TS
2021-02-05,TS2103.CFX,10,0.22745905204278846,26,0.24444444444444444,0.004582196722932608,TS
2021-02-08,TS2103.CFX,10,0.35635666003119487,30,0.9782608695652174,0.010902621420662072,TS
2021-02-09,TS2103.CFX,10,0.2903774193376839,33,0.7659574468085106,0.006281013768398136,TS
2021-02-10,TS2103.CFX,10,0.24499209801092592,13,0.3541666666666667,0.010724453032510295,TS
2021-02-18,TS2103.CFX,10,0.21337726127585058,21,0.16326530612244897,-0.013952814355414473,TS
2021-02-19,TS2103.CFX,10,0.19364454986746,24,0.08,-0.04024243783893031,TS
2021-02-22,TS2103.CFX,10,0.3131481727955257,22,0.8823529411764706,-0.0005806041227782388,TS
2021-02-23,TS2103.CFX,10,0.23339098611030976,27,0.28846153846153844,0.007656868771844283,TS
2021-02-24,TS2103.CFX,10,0.20201818022614254,9,0.11320754716981132,0.0017028274143433663,TS
2021-02-25,TS2103.CFX,10,1.2059682082327145e-13,38,0.0,-0.0498419092304062,TS
2021-02-26,TS2106.CFX,11,,15,,,TS
2021-03-01,TS2106.CFX,11,0.1616290213816452,25,,,TS
2021-03-02,TS2106.CFX,11,0.31297491531237503,20,,,TS
2021-03-03,TS2106.CFX,11,0.30168404915211133,22,,,TS
2021-03-04,TS2106.CFX,11,0.18268262640158867,24,,,TS
2021-03-05,TS2106.CFX,11,0.28818089002085895,30,,0.012281144836764119,TS
2021-03-08,TS2106.CFX,11,0.2453378486689707,30,,-0.014877729241806099,TS
2021-03-09,TS2106.CFX,11,0.2032435766585786,36,,-0.013422572271968341,TS
2021-03-10,TS2106.CFX,11,0.24754377559524426,46,,0.004478498502503081,TS
2021-03-11,TS2106.CFX,11,0.21493705182466635,35,,-0.014428174946611156,TS
2021-03-12,TS2106.CFX,11,0.26486489971902916,29,,0.005074757726620471,TS
2021-03-15,TS2106.CFX,11,0.21173369286480406,27,,0.003430135653623584,TS
2021-03-16,TS2106.CFX,11,0.19964830750033283,26,,-0.009899429514968522,TS
2021-03-17,TS2106.CFX,11,0.19975642185823417,35,,-0.009557785215156068,TS
2021-03-18,TS2106.CFX,11,0.2318626811145188,19,,-0.007798170821559059,TS
2021-03-19,TS2106.CFX,11,0.2774120921264447,27,,0.01635711721374672,TS
2021-03-22,TS2106.CFX,11,0.19288117559606893,30,,0.006412140645968278,TS
2021-03-23,TS2106.CFX,11,0.28021877100445186,24,,0.012194319277398552,TS
2021-03-24,TS2106.CFX,11,0.24851848992597722,36,,0.0036118296500924018,TS
2021-03-25,TS2106.CFX,11,0.2385797112016327,22,,-0.0022027447519715583,TS
2021-03-26,TS2106.CFX,11,0.14906564967576136,24,,-0.012927011164343426,TS
2021-03-29,TS2106.CFX,11,0.1575416311483716,23,0.05,-0.03448071199623763,TS
2021-03-30,TS2106.CFX,11,0.24278820879029556,27,0.5714285714285714,-0.009249864232462445,TS
2021-03-31,TS2106.CFX,11,0.1939200854196523,30,0.22727272727272727,0.00044033075505733876,TS
2021-04-01,TS2106.CFX,11,0.22956578264740096,25,0.4782608695652174,0.019737872021455993,TS
2021-04-02,TS2106.CFX,11,0.2671954734230058,30,0.7916666666666666,0.02060852584063739,TS
2021-04-06,TS2106.CFX,11,0.19557414603013465,17,0.24,-0.0021152737516968332,TS
2021-04-07,TS2106.CFX,11,0.19258795258215017,57,0.15384615384615385,-0.003665590229227056,TS
2021-04-08,TS2106.CFX,11,0.26775866648909313,27,0.8148148148148148,0.00017782468425285857,TS
2021-04-09,TS2106.CFX,11,0.2491573367072976,26,0.7142857142857143,0.0036108247027542006,TS
2021-04-12,TS2106.CFX,11,0.18592426035760373,23,0.13793103448275862,0.003726961278008556,TS
2021-04-13,TS2106.CFX,11,0.2424169658927895,39,0.5666666666666667,0.0017823620489789305,TS
2021-04-14,TS2106.CFX,11,0.19320595425812465,27,0.22580645161290322,-0.015584579527644504,TS
2021-04-15,TS2106.CFX,11,0.1537531452743703,20,0.03125,-0.018352668896533364,TS
2021-04-16,TS2106.CFX,11,0.2057166509493932,25,0.42424242424242425,-0.004907903943484021,TS
2021-04-19,TS2106.CFX,11,0.25411394965323925,23,0.7647058823529411,0.0035904664212168093,TS
2021-04-20,TS2106.CFX,11,0.1942452210845908,29,0.2857142857142857,0.010243933803180122,TS
2021-04-21,TS2106.CFX,11,0.24092715622108135,37,0.5833333333333334,0.016287659202861966,TS
2021-04-22,TS2106.CFX,11,0.19777303849809197,25,0.32432432432432434,-0.0029074018334760364,TS
2021-04-23,TS2106.CFX,11,0.25687526746565326,30,0.7894736842105263,0.0009050453038329298,TS
2021-04-26,TS2106.CFX,11,0.1762843891117698,43,0.10256410256410256,-0.001997355270107015,TS
2021-04-27,TS2106.CFX,11,0.21186357610282638,35,0.475,-0.007961580962283204,TS
2021-04-28,TS2106.CFX,11,0.18084989909315513,29,0.12195121951219512,-0.007885797017270057,TS
2021-04-29,TS2106.CFX,11,0.3304990080767734,50,1.0,0.015181299120362557,TS
2021-04-30,TS2106.CFX,11,0.2621838924066534,25,0.7906976744186046,0.029043443856371427,TS
2021-05-06,TS2106.CFX,11,0.17558129980860154,20,0.09090909090909091,0.0008769440725048594,TS
2021-05-07,TS2106.CFX,11,0.2924226849417055,23,0.9333333333333333,0.006822786342892873,TS
2021-05-10,TS2106.CFX,11,0.20084215110746548,21,0.391304347826087,-0.022907492140356374,TS
2021-05-11,TS2106.CFX,11,0.3021701476929789,46,0.9574468085106383,0.0105233361871515,TS
2021-05-12,TS2106.CFX,11,0.20903196830315598,33,0.4375,0.007664879974038236,TS
2021-05-13,TS2106.CFX,11,0.27741499515059814,29,0.8571428571428571,-0.002182556238652422,TS
2021-05-14,TS2106.CFX,11,0.3953848946851025,40,1.0,0.03643303346128934,TS
2021-05-17,TS2106.CFX,11,0.22777151038271642,36,0.49019607843137253,0.0037555651761421614,TS
2021-05-18,TS2106.CFX,11,0.13100532992452124,24,0.0,-0.02056967615251512,TS
2021-05-19,TS2106.CFX,11,0.1961584295547414,20,0.3018867924528302,-0.04268926959522947,TS
2021-05-20,TS2106.CFX,11,0.23240929638615734,14,0.5555555555555556,-0.03575642774258654,TS
2021-05-21,TS2109.CFX,12,,16,,,TS
2021-05-24,TS2109.CFX,12,0.26528449792965725,29,,,TS
2021-05-25,TS2109.CFX,12,0.19628730774766723,27,,,TS
2021-05-26,TS2109.CFX,12,0.1957130387459415,28,,,TS
2021-05-27,TS2109.CFX,12,0.1650577640417985,30,,,TS
2021-05-28,TS2109.CFX,12,0.19433995979732682,32,,-0.01731186199705296,TS
2021-05-31,TS2109.CFX,12,0.2481963651557463,27,,0.01024450358675435,TS
2021-06-01,TS2109.CFX,12,0.21321045745897976,25,,0.011813343854002433,TS
2021-06-02,TS2109.CFX,12,0.19625352074751307,35,,0.008126201107308212,TS
2021-06-03,TS2109.CFX,12,0.28487590382875877,25,,0.012912904365463069,TS
2021-06-04,TS2109.CFX,12,0.265456501784194,24,,0.010618571962667439,TS
2021-06-07,TS2109.CFX,12,0.261096320814352,38,,0.01649747077474255,TS
2021-06-08,TS2109.CFX,12,0.21526340452496293,33,,0.0014240184540492916,TS
2021-06-09,TS2109.CFX,12,0.22928847122903556,35,,-0.016136796245867745,TS
2021-06-10,TS2109.CFX,12,0.26628299350357076,25,,-0.0030154866146562933,TS
2021-06-11,TS2109.CFX,12,0.22976230764560818,26,,-0.0011648437358879882,TS
2021-06-15,TS2109.CFX,12,0.24995193613241745,17,,0.006985089963148167,TS
2021-06-16,TS2109.CFX,12,0.2210921006651382,22,,-0.003272379849894802,TS
2021-06-17,TS2109.CFX,12,0.23611753602539537,24,,-0.006900112193682073,TS
2021-06-18,TS2109.CFX,12,0.3182534820370271,23,,0.016314794867581566,TS
2021-06-21,TS2109.CFX,12,0.2634680204578142,27,,0.01241935500226824,TS
2021-06-22,TS2109.CFX,12,0.16530436341857666,36,0.05,-0.008422499006070427,TS
2021-06-23,TS2109.CFX,12,0.22095648046328226,34,0.38095238095238093,-0.01832712297426766,TS
2021-06-24,TS2109.CFX,12,0.1941433007058277,39,0.09090909090909091,-0.02907319026569307,TS
2021-06-25,TS2109.CFX,12,0.35761242065183846,18,1.0,0.021712773767529954,TS
2021-06-28,TS2109.CFX,12,0.17041913944674852,31,0.08333333333333333,0.014688549224489995,TS
2021-06-29,TS2109.CFX,12,0.2551710724141481,28,0.68,0.0044705022642652584,TS
2021-06-30,TS2109.CFX,12,0.13574466316552783,31,0.0,-0.021923862331829004,TS
2021-07-01,TS2109.CFX,12,0.25210948769816244,21,0.6666666666666666,-0.024568034218857282,TS
2021-07-02,TS2109.CFX,12,0.25674186383410985,21,0.7142857142857143,0.016958386405873695,TS
2021-07-05,TS2109.CFX,12,0.21406120566903403,18,0.3448275862068966,0.0038777467178353897,TS
2021-07-06,TS2109.CFX,12,0.3343990867343367,25,0.9666666666666667,0.035926056510848944,TS
2021-07-07,TS2109.CFX,12,0.30977236786487744,34,0.9032258064516129,0.01929829832336568,TS
2021-07-08,TS2109.CFX,12,0.21875381708520253,37,0.375,0.0019735068698028824,TS
2021-07-09,TS2109.CFX,12,0.2757440437856434,24,0.8484848484848485,0.000772040658408446,TS
2021-07-12,TS2109.CFX,12,0.2597536074501349,30,0.6764705882352942,-0.018331928264763764,TS
2021-07-13,TS2109.CFX,12,0.18157178745526856,20,0.11428571428571428,-0.021540137045428526,TS
2021-07-14,TS2109.CFX,12,0.2111061241133491,30,0.2777777777777778,-0.010946764227408173,TS
2021-07-15,TS2109.CFX,12,0.20564948610342867,30,0.2702702702702703,-0.01888365987012152,TS
2021-07-16,TS2109.CFX,12,0.21947489008670443,12,0.42105263157894735,-0.005647973607870088,TS
2021-07-19,TS2109.CFX,12,0.231823006961177,15,0.5384615384615384,0.010887120498517217,TS
2021-07-20,TS2109.CFX,12,0.31351411662483103,26,0.925,0.02309895058807122,TS
2021-07-21,TS2109.CFX,12,0.2425635976827501,21,0.5609756097560976,0.016786744969676942,TS
2021-07-22,TS2109.CFX,12,0.31658207485590967,15,0.9285714285714286,0.020495496025998355,TS
2021-07-23,TS2109.CFX,12,0.21785335044390686,15,0.3488372093023256,-0.0024871354803461644,TS
2021-07-26,TS2109.CFX,12,0.22705413168248606,19,0.45454545454545453,-0.019763021712353324,TS
2021-07-27,TS2109.CFX,12,0.5931870051655583,49,1.0,0.061171887179219286,TS
2021-07-28,TS2109.CFX,12,0.1669710490738733,26,0.06521739130434782,0.007611160315757875,TS
2021-07-29,TS2109.CFX,12,0.16557021570901712,19,0.06382978723404255,-0.016464935207839232,TS
2021-07-30,TS2109.CFX,12,0.24096846132416433,28,0.5625,-0.03997881301731846,TS
2021-08-02,TS2109.CFX,12,0.2027826017234772,27,0.24489795918367346,-0.07068113946338714,TS
2021-08-03,TS2109.CFX,12,0.17087576593226597,22,0.12,0.004502181973124536,TS
2021-08-04,TS2109.CFX,12,0.20278428368757967,24,0.27450980392156865,0.00043354405652267224,TS
2021-08-05,TS2109.CFX,12,0.23704459255373617,26,0.5769230769230769,-0.0007846055576753829,TS
2021-08-06,TS2109.CFX,12,0.20104310843162185,19,0.24528301886792453,0.006268984003775946,TS
2021-08-09,TS2109.CFX,12,0.2340448015346773,27,0.5555555555555556,0.012459689594886487,TS
2021-08-10,TS2109.CFX,12,0.1848422734853531,35,0.14545454545454545,-0.003888381142351205,TS
2021-08-11,TS2109.CFX,12,0.25566666645528413,18,0.7142857142857143,0.0021043312856827145,TS
2021-08-12,TS2109.CFX,12,0.17409932056087968,25,0.12280701754385964,-0.003226571082087748,TS
2021-08-13,TS2109.CFX,12,0.2722667132018761,19,0.8448275862068966,0.006570087040992429,TS
2021-08-16,TS2109.CFX,12,0.22893096506562233,22,0.4915254237288136,0.010477742990713046,TS
2021-08-17,TS2109.CFX,12,0.2633854976118235,20,0.7666666666666667,0.007026930681782145,TS
2021-08-18,TS2109.CFX,12,0.2901500112907556,21,0.8833333333333333,0.022322016586969928,TS
2021-08-19,TS2109.CFX,12,0.18358381355357972,10,0.15,-0.011614675307145956,TS
2021-08-20,TS2109.CFX,12,0.15162962901627497,5,0.016666666666666666,-0.023440435615693846,TS
2021-08-23,TS2112.CFX,13,,14,,,TS
2021-08-24,TS2112.CFX,13,0.2764794999812655,17,,,TS
2021-08-25,TS2112.CFX,13,0.20574735486224688,25,,,TS
2021-08-26,TS2112.CFX,13,0.33425942998416874,26,,,TS
2021-08-27,TS2112.CFX,13,0.22994363522686392,31,,,TS
2021-08-30,TS2112.CFX,13,0.2024046719038315,29,,-0.012395337579025101,TS
2021-08-31,TS2112.CFX,13,0.2298235535242049,29,,-0.008370236075642117,TS
2021-09-01,TS2112.CFX,13,0.15970921236610097,31,,-0.03492205169387945,TS
2021-09-02,TS2112.CFX,13,0.18483755845290134,22,,-0.013290761308565557,TS
2021-09-03,TS2112.CFX,13,0.19406992296951397,23,,-0.006165549293993861,TS
2021-09-06,TS2112.CFX,13,0.1598343665564776,27,,-0.010561766333204159,TS
2021-09-07,TS2112.CFX,13,0.20433744260692213,20,,0.006425326858521862,TS
2021-09-08,TS2112.CFX,13,0.2544676540616689,28,,0.01495277108549432,TS
2021-09-09,TS2112.CFX,13,0.17411870381100195,21,,0.005473084918816718,TS
2021-09-10,TS2112.CFX,13,0.25579609178561136,26,,0.016170471166234733,TS
2021-09-13,TS2112.CFX,13,0.24482480652402833,27,,0.008230316555815487,TS
2021-09-14,TS2112.CFX,13,0.24472593081382715,31,,0.005122265621734295,TS
2021-09-15,TS2112.CFX,13,0.2966095489866424,30,,0.02339115293794966,TS
2021-09-16,TS2112.CFX,13,0.28839032951851873,27,,0.011697321792842875,TS
2021-09-17,TS2112.CFX,13,0.342844368640821,26,,0.023970352293827702,TS
2021-09-22,TS2112.CFX,13,0.21259255290625645,18,,-0.0018031936160962769,TS
2021-09-23,TS2112.CFX,13,0.21381582435718233,28,0.45,-0.02413852258711824,TS
2021-09-24,TS2112.CFX,13,0.28324481321618633,25,0.8095238095238095,-0.013931957688830354,TS
2021-09-27,TS2112.CFX,13,0.2669599447744458,30,0.7272727272727273,-0.008111658742282058,TS
2021-09-28,TS2112.CFX,13,0.17241063361759157,36,0.08695652173913043,-0.002721971816006635,TS
2021-09-29,TS2112.CFX,13,0.331529741527639,26,0.9166666666666666,0.012459365474231853,TS
2021-09-30,TS2112.CFX,13,0.21457734360030667,32,0.44,-0.007276514247856603,TS
2021-10-08,TS2112.CFX,13,0.25391587009818367,34,0.6153846153846154,0.0016078560630190864,TS
2021-10-11,TS2112.CFX,13,0.20461899141432882,28,0.2962962962962963,-0.0013197155835980856,TS
2021-10-12,TS2112.CFX,13,0.1957376090521769,31,0.21428571428571427,-0.028154261713690197,TS
2021-10-13,TS2112.CFX,13,0.24537740189680468,35,0.6206896551724138,0.00034218555469893165,TS
2021-10-14,TS2112.CFX,13,0.2248397210373872,45,0.4666666666666667,-0.001739388763911709,TS
2021-10-15,TS2112.CFX,13,0.39674593128018765,34,1.0,0.041335599171692786,TS
2021-10-18,TS2112.CFX,13,0.148734036197878,41,0.0,0.005736138367478516,TS
2021-10-19,TS2112.CFX,13,0.33622631247323964,41,0.9393939393939394,0.010559213631336073,TS
2021-10-20,TS2112.CFX,13,0.20497242180761138,41,0.3235294117647059,-0.010025421726649964,TS
2021-10-21,TS2112.CFX,13,0.28191411868149424,57,0.7714285714285715,-0.017342523958765333,TS
2021-10-22,TS2112.CFX,13,0.2723624963272478,39,0.7222222222222222,0.019294472646699416,TS
2021-10-25,TS2112.CFX,13,0.29221889340114804,28,0.8378378378378378,-0.0020624763624546905,TS
2021-10-26,TS2112.CFX,13,0.3566382939218754,33,0.9736842105263158,0.03136365189481818,TS
2021-10-27,TS2112.CFX,13,0.16994538014700925,34,0.07692307692307693,-0.013966167947434244,TS
2021-10-28,TS2112.CFX,13,0.2666611244547195,41,0.65,-0.013367625699919538,TS
2021-10-29,TS2112.CFX,13,0.27810694878281766,47,0.7317073170731707,-0.011820105870381658,TS
2021-11-01,TS2112.CFX,13,0.2468566864097766,41,0.5476190476190477,-0.011140164638838924,TS
2021-11-02,TS2112.CFX,13,0.16494460260063354,37,0.06976744186046512,-0.002980599313769433,TS
2021-11-03,TS2112.CFX,13,0.17369465204859996,50,0.13636363636363635,-0.029909529099442323,TS
2021-11-04,TS2112.CFX,13,0.25000483254447414,34,0.5777777777777777,-0.012936626683786367,TS
2021-11-05,TS2112.CFX,13,0.2651686156227126,67,0.6521739130434783,0.012168408836971267,TS
2021-11-08,TS2112.CFX,13,0.22186325929596973,54,0.40425531914893614,0.020531127696478507,TS
2021-11-09,TS2112.CFX,13,0.3242281163679542,55,0.875,0.0272925355390204,TS
2021-11-10,TS2112.CFX,13,0.23488885107937696,54,0.46938775510204084,0.0028827537815047156,TS
2021-11-11,TS2112.CFX,13,0.08931335470575574,56,0.0,-0.03386849300505065,TS
2021-11-12,TS2112.CFX,13,0.26542458588046164,21,0.6666666666666666,-0.014779210849321456,TS
2021-11-15,TS2112.CFX,13,0.28516038768225005,40,0.8076923076923077,-0.004759972257032352,TS
2021-11-16,TS2112.CFX,13,0.3400527835922993,38,0.9433962264150944,0.0406174898002339,TS
2021-11-17,TS2112.CFX,13,0.29190328628846496,44,0.8148148148148148,0.047980806087725605,TS
2021-11-18,TS2112.CFX,13,0.48248461152195443,37,1.0,0.04408629498892005,TS
2021-11-19,TS2112.CFX,13,0.2845657848646018,33,0.75,0.014124262229435868,TS
2021-11-22,TS2112.CFX,13,0.25267650343180326,11,0.5263157894736842,-0.01820900617448552,TS
2021-11-23,TS2203.CFX,14,,7,,,TS
2021-11-24,TS2203.CFX,14,0.2944105400800481,17,,,TS
2021-11-25,TS2203.CFX,14,0.2182233854695225,18,,,TS
2021-11-26,TS2203.CFX,14,0.18264147542649103,25,,,TS
2021-11-29,TS2203.CFX,14,0.2714425583214305,12,,,TS
2021-11-30,TS2203.CFX,14,0.3053631890541997,20,,0.007512447080021123,TS
2021-12-01,TS2203.CFX,14,0.21281843414328866,28,,0.011191181097524094,TS
2021-12-02,TS2203.CFX,14,0.23947330644326356,24,,0.005503953785540317,TS
2021-12-03,TS2203.CFX,14,0.2824675513766226,16,,-0.004383989650055186,TS
2021-12-06,TS2203.CFX,14,0.2235130635099817,20,,-0.009405113385510195,TS
2021-12-07,TS2203.CFX,14,0.20850357879708184,29,,-0.002458995362569555,TS
2021-12-08,TS2203.CFX,14,0.17728811868294123,24,,-0.019833434810018553,TS
2021-12-09,TS2203.CFX,14,0.2405498915626476,17,,-0.01300602644549904,TS
2021-12-10,TS2203.CFX,14,0.20456892946505287,29,,-0.0005841955324291936,TS
2021-12-13,TS2203.CFX,14,0.22425424434779123,22,,0.005878214188353048,TS
2021-12-14,TS2203.CFX,14,0.19888449576711068,34,,0.0026897106953482465,TS
2021-12-15,TS2203.CFX,14,0.18425588657957354,23,,-0.01182724436640904,TS
2021-12-16,TS2203.CFX,14,0.28509891273025445,24,,0.012106160876218547,TS
2021-12-17,TS2203.CFX,14,0.2619662187499022,31,,0.01616383657673658,TS
2021-12-20,TS2203.CFX,14,0.1864263177589703,34,,0.0052793976154047965,TS
2021-12-21,TS2203.CFX,14,0.2775597315792605,44,,0.008793509502808983,TS
2021-12-22,TS2203.CFX,14,0.18594314499181192,44,0.15,-0.01827180226475268,TS
2021-12-23,TS2203.CFX,14,0.22762938261268592,42,0.5714285714285714,-0.006915684504159097,TS
2021-12-24,TS2203.CFX,14,0.24229250086411294,36,0.6818181818181818,0.006180201724371076,TS
2021-12-27,TS2203.CFX,14,0.3053523534881505,43,0.9565217391304348,0.011193459969008102,TS
2021-12-28,TS2203.CFX,14,0.17932470564859165,37,0.041666666666666664,0.0064486092189024015,TS
2021-12-29,TS2203.CFX,14,0.24325135252752506,26,0.68,-0.0031723855385842993,TS
2021-12-30,TS2203.CFX,14,0.29613996929860764,34,0.9230769230769231,0.004559393590836391,TS
2021-12-31,TS2203.CFX,14,0.2816454143672131,30,0.7777777777777778,0.006940138540814123,TS
2022-01-04,TS2203.CFX,14,0.23736435207901066,22,0.5,0.015447335470052604,TS
2022-01-05,TS2203.CFX,14,0.2492705927701851,23,0.6551724137931034,-0.004673713673427693,TS
2022-01-06,TS2203.CFX,14,0.2085551347978825,30,0.3,-0.020754449059847836,TS
2022-01-07,TS2203.CFX,14,0.1841017868811496,28,0.0967741935483871,-0.022389647225325514,TS
2022-01-10,TS2203.CFX,14,0.26474758076699295,17,0.71875,-0.001040234851307098,TS
2022-01-11,TS2203.CFX,14,0.24615994509102346,19,0.6363636363636364,0.0049971150610787106,TS
2022-01-12,TS2203.CFX,14,0.2518570034023372,22,0.6764705882352942,0.014866189541878327,TS
2022-01-13,TS2203.CFX,14,0.20102241015159916,24,0.22857142857142856,0.002095066917624344,TS
2022-01-14,TS2203.CFX,14,0.19460425695987202,27,0.19444444444444445,-0.018542418255366615,TS
2022-01-17,TS2203.CFX,14,0.1500282364661007,42,0.0,-0.024951616369231065,TS
2022-01-18,TS2203.CFX,14,0.2608714804260829,31,0.7105263157894737,-0.0032965219638007026,TS
2022-01-19,TS2203.CFX,14,0.30004441751148475,34,0.9487179487179487,0.0264311238185982,TS
2022-01-20,TS2203.CFX,14,0.19261743698963768,20,0.2,0.014604254110491538,TS
2022-01-21,TS2203.CFX,14,0.22871418391415257,24,0.4878048780487805,0.008911785145965856,TS
2022-01-24,TS2203.CFX,14,0.24187210928704714,22,0.5714285714285714,-0.010932897587540364,TS
2022-01-25,TS2203.CFX,14,0.2807837255706843,25,0.813953488372093,0.0010733288415808561,TS
2022-01-26,TS2203.CFX,14,0.19533969506179807,31,0.22727272727272727,0.005751405780085256,TS
2022-01-27,TS2203.CFX,14,0.3259619658705369,25,1.0,0.014796314968751955,TS
2022-01-28,TS2203.CFX,14,0.24207419108420059,19,0.5652173913043478,0.004558240389415952,TS
2022-02-07,TS2203.CFX,14,0.28476869254324844,20,0.851063829787234,0.0054704429967530775,TS
2022-02-08,TS2203.CFX,14,0.23768223267426264,28,0.4791666666666667,0.004349180189764068,TS
2022-02-09,TS2203.CFX,14,0.22597858152167705,34,0.40816326530612246,-0.020435872710765766,TS
2022-02-10,TS2203.CFX,14,0.19975730887372672,23,0.24,-0.01434238754425191,TS
2022-02-11,TS2203.CFX,14,0.280345818020467,46,0.7843137254901961,-0.004677067284609882,TS
2022-02-14,TS2203.CFX,14,0.16467547379011094,26,0.019230769230769232,-0.009164628126951346,TS
2022-02-15,TS2203.CFX,14,0.16704525963505262,21,0.03773584905660377,-0.015294847885686469,TS
2022-02-16,TS2203.CFX,14,0.3104567775707376,40,0.9814814814814815,0.01080983790086073,TS
2022-02-17,TS2203.CFX,14,0.21138574741896016,28,0.34545454545454546,0.000786116257761299,TS
2022-02-18,TS2203.CFX,14,0.2222853522215468,24,0.39285714285714285,0.015956024464677927,TS
2022-02-21,TS2203.CFX,14,0.2473549257196789,20,0.6491228070175439,0.00724479068200618,TS
2022-02-22,TS2203.CFX,14,0.22360410865924846,8,0.41379310344827586,-0.013773615952225949,TS
2022-02-23,TS2206.CFX,15,,15,,,TS
2022-02-24,TS2206.CFX,15,0.1402521032729451,22,,,TS
2022-02-25,TS2206.CFX,15,0.2454466878507898,19,,,TS
2022-02-28,TS2206.CFX,15,0.17455814661863261,21,,,TS
2022-03-01,TS2206.CFX,15,0.2829740814600702,29,,,TS
2022-03-02,TS2206.CFX,15,0.23995605484453514,26,,0.02369352967524605,TS
2022-03-03,TS2206.CFX,15,0.29703527898834137,47,,0.016857509050100566,TS
2022-03-04,TS2206.CFX,15,0.29215542607758316,44,,0.024925575644617226,TS
2022-03-07,TS2206.CFX,15,0.29844819577066994,36,,0.008314759985424747,TS
2022-03-08,TS2206.CFX,15,0.16900126422070108,33,,-0.014049666446533954,TS
2022-03-09,TS2206.CFX,15,0.26069674959527683,39,,-0.019583122064301118,TS
2022-03-10,TS2206.CFX,15,0.20784215085347618,25,,-0.020637799662360713,TS
2022-03-11,TS2206.CFX,15,0.37625816688264513,54,,0.019446082885672556,TS
2022-03-14,TS2206.CFX,15,0.19934762215384919,57,,0.01762541331536645,TS
2022-03-15,TS2206.CFX,15,0.17431359237841024,38,,-0.018126084313336017,TS
2022-03-16,TS2206.CFX,15,0.25544112378358286,40,,-0.010674662864402152,TS
2022-03-17,TS2206.CFX,15,0.15668678110565218,21,,-0.03830492699242522,TS
2022-03-18,TS2206.CFX,15,0.18185317065818607,27,,-0.005261571426408429,TS
2022-03-21,TS2206.CFX,15,0.22284711592272446,23,,0.0023479093963231722,TS
2022-03-22,TS2206.CFX,15,0.1669326827409968,27,,-0.011085654726809984,TS
2022-03-23,TS2206.CFX,15,0.23324308531556232,25,,0.013819212050263097,TS
2022-03-24,TS2206.CFX,15,0.17902117410476287,19,0.3,0.00047319762859914796,TS
2022-03-25,TS2206.CFX,15,0.20450942792264484,23,0.42857142857142855,-0.0024586884636393137,TS
2022-03-28,TS2206.CFX,15,0.256048943813778,18,0.7272727272727273,0.014949886475264495,TS
2022-03-29,TS2206.CFX,15,0.2346465335153593,17,0.5652173913043478,0.007983466610860917,TS
2022-03-30,TS2206.CFX,15,0.2448944547024905,22,0.625,0.016188366678816974,TS
2022-03-31,TS2206.CFX,15,0.2091064186283897,25,0.44,-0.0001960507699797831,TS
2022-04-01,TS2206.CFX,15,0.22418304215719503,24,0.5,-0.008927191820013548,TS
2022-04-06,TS2206.CFX,15,0.265989345580532,16,0.8148148148148148,0.004197421158504994,TS
2022-04-07,TS2206.CFX,15,0.22800150906350444,21,0.5,0.002309703567417015,TS
2022-04-08,TS2206.CFX,15,0.21038663349831532,20,0.41379310344827586,0.0006378896646160759,TS
2022-04-11,TS2206.CFX,15,0.24050396130673019,20,0.6333333333333333,-0.0022960873783146375,TS
2022-04-12,TS2206.CFX,15,0.3795879391502296,29,1.0,0.023969963938262097,TS
2022-04-13,TS2206.CFX,15,0.25889100100536233,23,0.75,0.023098028953563,TS
2022-04-14,TS2206.CFX,15,0.2942632536544587,28,0.8787878787878788,0.0186140280010919,TS
2022-04-15,TS2206.CFX,15,0.34964626993292025,45,0.9411764705882353,0.013295993175660926,TS
2022-04-18,TS2206.CFX,15,0.4048740189552637,34,1.0,0.014132742853762603,TS
2022-04-19,TS2206.CFX,15,0.23938598429293667,29,0.5,0.0071600731875953675,TS
2022-04-20,TS2206.CFX,15,0.35458026671901316,60,0.918918918918919,0.0010373740489125316,TS
2022-04-21,TS2206.CFX,15,0.21815672068190461,34,0.34210526315789475,-0.03132728507382818,TS
2022-04-22,TS2206.CFX,15,0.20018383889564997,45,0.23076923076923078,-0.04306096237302594,TS
2022-04-25,TS2206.CFX,15,0.23437306749759013,31,0.475,-0.016442226141405634,TS
2022-04-26,TS2206.CFX,15,0.22524875519210577,28,0.4146341463414634,-0.024244667623812926,TS
2022-04-27,TS2206.CFX,15,0.3014340465719271,41,0.8809523809523809,0.019161956807650073,TS
2022-04-28,TS2206.CFX,15,0.30169843436113325,38,0.8837209302325582,0.027009017000530357,TS
2022-04-29,TS2206.CFX,15,0.20522295676611266,38,0.25,0.001814945770607257,TS
2022-05-05,TS2206.CFX,15,0.26990169712834644,19,0.7333333333333333,-0.0006905205933333102,TS
2022-05-06,TS2206.CFX,15,0.2980600131673451,41,0.8260869565217391,-0.003854480404195082,TS
2022-05-09,TS2206.CFX,15,0.21693262914431352,36,0.3191489361702128,-0.007669455403240705,TS
2022-05-10,TS2206.CFX,15,0.22733365537706735,30,0.4166666666666667,-0.000874767076212346,TS
2022-05-11,TS2206.CFX,15,0.27985542937776875,30,0.7346938775510204,-0.005081889329143307,TS
2022-05-12,TS2206.CFX,15,0.29247570887989977,25,0.78,0.005175419165856454,TS
2022-05-13,TS2206.CFX,15,0.3141540413778112,30,0.9019607843137255,0.02595848779698278,TS
2022-05-16,TS2206.CFX,15,0.24621919427130226,20,0.5769230769230769,0.00720696897885123,TS
2022-05-17,TS2206.CFX,15,0.19397756193765142,18,0.1509433962264151,-0.021801224948883213,TS
2022-05-18,TS2206.CFX,15,0.22055115073060594,17,0.3333333333333333,-0.02640255957387474,TS
2022-05-19,TS2206.CFX,15,0.12699693099046072,8,0.0,-0.03999822643153973,TS
2022-05-20,TS2209.CFX,16,,16,,,TS
2022-05-23,TS2209.CFX,16,0.20431036831550284,16,,,TS
2022-05-24,TS2209.CFX,16,0.2756757951673146,23,,,TS
2022-05-25,TS2209.CFX,16,0.2844222999850751,23,,,TS
2022-05-26,TS2209.CFX,16,0.15342364161450822,34,,,TS
2022-05-27,TS2209.CFX,16,0.20512894758761363,26,,-0.012061499500858474,TS
2022-05-30,TS2209.CFX,16,0.35613907042892234,19,,0.008163319812575408,TS
2022-05-31,TS2209.CFX,16,0.20138435370260002,28,,0.0036639536249463978,TS
2022-06-01,TS2209.CFX,16,0.20246284230065315,14,,0.009433380748727627,TS
2022-06-02,TS2209.CFX,16,0.27763603280107,25,,-0.0008662057701356418,TS
2022-06-06,TS2209.CFX,16,0.25612418901601985,26,,-0.012377808372733501,TS
2022-06-07,TS2209.CFX,16,0.265139211856987,29,,0.018117106302414077,TS
2022-06-08,TS2209.CFX,16,0.25204791030409035,23,,0.008667331506279135,TS
2022-06-09,TS2209.CFX,16,0.25420333608538365,28,,-0.005094167214330226,TS
2022-06-10,TS2209.CFX,16,0.3342177620853398,31,,0.014525127036703656,TS
2022-06-13,TS2209.CFX,16,0.24241304832539634,28,,0.0036717524718068105,TS
2022-06-14,TS2209.CFX,16,0.1957077926348799,28,,-0.012447052309840828,TS
2022-06-15,TS2209.CFX,16,0.22066914317278563,37,,-0.020557835527565592,TS
2022-06-16,TS2209.CFX,16,0.18779536336670064,28,,-0.03145887025898891,TS
2022-06-17,TS2209.CFX,16,0.17884578899394094,43,,-0.013504694793109007,TS
2022-06-20,TS2209.CFX,16,0.199622964398177,37,,-0.0033993010652250523,TS
2022-06-21,TS2209.CFX,16,0.31246782594035677,35,0.9,0.019542496656661863,TS
2022-06-22,TS2209.CFX,16,0.433369424108605,29,1.0,0.062477015843022454,TS
2022-06-23,TS2209.CFX,16,0.1784468783017492,36,0.045454545454545456,0.023294863832604464,TS
2022-06-24,TS2209.CFX,16,0.23909562995650382,34,0.4782608695652174,-0.0055075616521953865,TS
2022-06-27,TS2209.CFX,16,0.20150752802546648,39,0.2916666666666667,-0.041619438998188193,TS
2022-06-28,TS2209.CFX,16,0.37102500768237767,38,0.96,-0.010162818312873745,TS
2022-06-29,TS2209.CFX,16,0.3890459978228092,49,0.9615384615384616,0.05531276167679938,TS
2022-06-30,TS2209.CFX,16,0.1593671997895703,40,0.037037037037037035,0.0028081609463475655,TS
2022-07-01,TS2209.CFX,16,0.3016728104477512,40,0.7857142857142857,-0.0011327243048238067,TS
2022-07-04,TS2209.CFX,16,0.1951106886323249,57,0.1724137931034483,-0.043920182547516354,TS
2022-07-05,TS2209.CFX,16,0.21369751651246194,43,0.43333333333333335,-0.031495347377794004,TS
2022-07-06,TS2209.CFX,16,0.34837661522202973,36,0.8709677419354839,0.029004353692962958,TS
2022-07-07,TS2209.CFX,16,0.35080070962579374,33,0.875,0.025152172494579,TS
2022-07-08,TS2209.CFX,16,0.26939215620220197,37,0.6363636363636364,0.028566612825308597,TS
2022-07-11,TS2209.CFX,16,0.1326240829813663,37,0.0,-0.024113132608201915,TS
2022-07-12,TS2209.CFX,16,0.17637598846614777,36,0.08571428571428572,-0.05621778801561914,TS
2022-07-13,TS2209.CFX,16,0.32238475209993056,38,0.8055555555555556,-0.014984808278778062,TS
2022-07-14,TS2209.CFX,16,0.2844934218226152,42,0.7297297297297297,0.021996320035939078,TS
2022-07-15,TS2209.CFX,16,0.3847743767403096,44,0.9473684210526315,0.06124180208743542,TS
2022-07-18,TS2209.CFX,16,0.20066715502440063,33,0.2564102564102564,0.01109719577568848,TS
2022-07-19,TS2209.CFX,16,0.18489090426171267,27,0.15,-0.03588139624746504,TS
2022-07-20,TS2209.CFX,16,0.2575689056507656,39,0.5853658536585366,-0.025373250482229624,TS
2022-07-21,TS2209.CFX,16,0.2360306210055759,29,0.4523809523809524,-0.02405857608431025,TS
2022-07-22,TS2209.CFX,16,0.2905028768107131,29,0.7441860465116279,0.023081116031648807,TS
2022-07-25,TS2209.CFX,16,0.2246535454402443,35,0.4318181818181818,0.01124592535170107,TS
2022-07-26,TS2209.CFX,16,0.37724120146080453,29,0.9333333333333333,0.02279675160547462,TS
2022-07-27,TS2209.CFX,16,0.2247957651511801,31,0.43478260869565216,0.006426861294129993,TS
2022-07-28,TS2209.CFX,16,0.2778604423210415,44,0.6808510638297872,-0.002514264926840737,TS
2022-07-29,TS2209.CFX,16,0.2640395811351948,31,0.5833333333333334,-0.002060868774986202,TS
2022-08-01,TS2209.CFX,16,0.3064388199122795,36,0.7755102040816326,-0.010236094711303535,TS
2022-08-02,TS2209.CFX,16,0.29402934098348543,37,0.74,0.01670455292558487,TS
2022-08-03,TS2209.CFX,16,0.28003047101324846,36,0.6666666666666666,0.003432981723270445,TS
2022-08-04,TS2209.CFX,16,0.3563369427688578,41,0.9038461538461539,0.015818637436829486,TS
2022-08-05,TS2209.CFX,16,0.21615039523111107,33,0.33962264150943394,-0.011826924757696455,TS
2022-08-08,TS2209.CFX,16,0.21258823618789685,27,0.3148148148148148,-0.022676228537331457,TS
2022-08-09,TS2209.CFX,16,0.2561073168806193,43,0.509090909090909,-0.019159501484621932,TS
2022-08-10,TS2209.CFX,16,0.2294916314957641,45,0.4107142857142857,-0.021373370089667925,TS
2022-08-11,TS2209.CFX,16,0.34533520275600654,45,0.8421052631578947,0.027527301035765818,TS
2022-08-12,TS2209.CFX,16,0.25767784921899006,42,0.5517241379310345,0.01794071119375737,TS
2022-08-15,TS2209.CFX,16,0.16095763324879647,39,0.05084745762711865,-0.016211314954041968,TS
2022-08-16,TS2209.CFX,16,0.23062994750640398,28,0.4166666666666667,-0.01821009374859304,TS
2022-08-17,TS2209.CFX,16,0.18702790965818855,11,0.13333333333333333,-0.03436624879082221,TS
2022-08-18,TS2209.CFX,16,0.18661107049617023,8,0.13333333333333333,-0.011606328103624764,TS
2022-08-19,TS2212.CFX,17,0.1447336101280357,21,,,TS
2022-08-22,TS2212.CFX,17,0.29604925343865246,26,,,TS
2022-08-23,TS2212.CFX,17,0.2125251145374678,33,,,TS
2022-08-24,TS2212.CFX,17,0.20645044210027833,34,,,TS
2022-08-25,TS2212.CFX,17,0.13548470766189072,35,,-0.010809661627066407,TS
2022-08-26,TS2212.CFX,17,0.1869431375511154,39,,-0.02952526386506512,TS
2022-08-29,TS2212.CFX,17,0.24171725588263362,41,,0.003887697814116875,TS
2022-08-30,TS2212.CFX,17,0.26261631027993754,37,,0.021856428458006127,TS
2022-08-31,TS2212.CFX,17,0.14877840295742403,39,,0.010226056331988875,TS
2022-09-01,TS2212.CFX,17,0.2803455114634227,41,,0.0093865894899405,TS
2022-09-02,TS2212.CFX,17,0.2584703481929021,40,,0.005123538580402209,TS
2022-09-05,TS2212.CFX,17,0.33412334384438036,46,,0.025270601236436367,TS
2022-09-06,TS2212.CFX,17,0.26839675033134547,51,,0.02930145271288006,TS
2022-09-07,TS2212.CFX,17,0.12007344516222485,46,,-0.031061773046395225,TS
2022-09-08,TS2212.CFX,17,0.12938158210978692,39,,-0.047222743084838585,TS
2022-09-09,TS2212.CFX,17,0.23448025555739666,51,,-0.0338301344795526,TS
2022-09-13,TS2212.CFX,17,0.20896471983413134,16,,-0.0004457250599256446,TS
2022-09-14,TS2212.CFX,17,0.2396395451549155,30,,0.03187153377097258,TS
2022-09-15,TS2212.CFX,17,0.3021980972429273,30,,0.03507923198637995,TS
2022-09-16,TS2212.CFX,17,0.160407817676037,48,,-0.005491149835392334,TS
2022-09-19,TS2212.CFX,17,0.26084121224495116,56,0.7,0.0024521257342761172,TS
2022-09-20,TS2212.CFX,17,0.2558551461654647,49,0.6190476190476191,-0.0008925682976877791,TS
2022-09-21,TS2212.CFX,17,0.344211055880331,47,1.0,0.017947324576423517,TS
2022-09-22,TS2212.CFX,17,0.2257308382943714,58,0.43478260869565216,0.021401588487204866,TS
2022-09-23,TS2212.CFX,17,0.3597972162423889,46,1.0,0.01677877001237822,TS
2022-09-26,TS2212.CFX,17,0.20585989122853326,45,0.28,-0.008440434951180497,TS
2022-09-27,TS2212.CFX,17,0.24920569728814188,46,0.5769230769230769,-0.020988166425021642,TS
2022-09-28,TS2212.CFX,17,0.24675807168708666,34,0.5555555555555556,-0.0068537052168816505,TS
2022-09-29,TS2212.CFX,17,0.269734816626257,42,0.7857142857142857,-0.013922661877371045,TS
2022-09-30,TS2212.CFX,17,0.19293668703801542,32,0.2413793103448276,-0.0005317289042920615,TS
2022-10-10,TS2212.CFX,17,0.28069174855664797,43,0.8333333333333334,0.0009150717887940974,TS
2022-10-11,TS2212.CFX,17,0.20121431176459065,41,0.25806451612903225,-0.008013058791460099,TS
2022-10-12,TS2212.CFX,17,0.5024745970192563,60,1.0,0.0473757185512574,TS
2022-10-13,TS2212.CFX,17,0.24228558284638835,48,0.5151515151515151,0.03204806400793543,TS
2022-10-14,TS2212.CFX,17,0.31808694623334705,48,0.8823529411764706,0.01158616664351958,TS
2022-10-17,TS2212.CFX,17,0.1758039902690156,30,0.17142857142857143,-0.023520829377705943,TS
2022-10-18,TS2212.CFX,17,0.23056149112901209,39,0.4166666666666667,-0.06103078043578612,TS
2022-10-19,TS2212.CFX,17,0.1810111999585006,29,0.1891891891891892,-0.021007422088011048,TS
2022-10-20,TS2212.CFX,17,0.24536178579321496,39,0.5526315789473685,-0.01402431111907792,TS
2022-10-21,TS2212.CFX,17,0.3110439208226852,45,0.8717948717948718,0.02852801557715421,TS
2022-10-24,TS2212.CFX,17,0.23247175120328462,32,0.425,0.013385324101272971,TS
2022-10-25,TS2212.CFX,17,0.24210412591359637,34,0.5121951219512195,0.010929581732026123,TS
2022-10-26,TS2212.CFX,17,0.28825621451534295,41,0.8095238095238095,0.0016849062535167047,TS
2022-10-27,TS2212.CFX,17,0.28745446459275026,56,0.7906976744186046,0.0008605550852188281,TS
2022-10-28,TS2212.CFX,17,0.2716629310957575,42,0.7272727272727273,0.012373269846409962,TS
2022-10-31,TS2212.CFX,17,0.17922479460731486,60,0.15555555555555556,-0.014235194603214856,TS
2022-11-01,TS2212.CFX,17,0.21562326165047213,51,0.34782608695652173,-0.0253495575715177,TS
2022-11-02,TS2212.CFX,17,0.3167703679574113,42,0.8936170212765957,0.0002592137284036733,TS
2022-11-03,TS2212.CFX,17,0.24407220921441838,37,0.5208333333333334,0.008236412958741817,TS
2022-11-04,TS2212.CFX,17,0.3521455722684273,61,0.9591836734693877,0.037429050288617115,TS
2022-11-07,TS2212.CFX,17,0.3488569622283849,50,0.94,0.030184260546684154,TS
2022-11-08,TS2212.CFX,17,0.2859573823518907,49,0.7450980392156863,0.004315878180292531,TS
2022-11-09,TS2212.CFX,17,0.31544115967232267,51,0.8461538461538461,0.007654971099927199,TS
2022-11-10,TS2212.CFX,17,0.2945220131761081,45,0.7735849056603774,-0.014866292074070064,TS
2022-11-11,TS2212.CFX,17,0.34356813777600836,54,0.9074074074074074,-0.00020130180805357777,TS
2022-11-14,TS2212.CFX,17,0.14570990430547442,67,0.07272727272727272,-0.02523679779891469,TS
2022-11-15,TS2212.CFX,17,0.2436965427452081,60,0.4642857142857143,-0.029230134272486292,TS
2022-11-16,TS2212.CFX,17,0.26602190961226396,60,0.6140350877192983,-0.01568718021584885,TS
2022-11-17,TS2212.CFX,17,0.15665803366675513,56,0.10344827586206896,-0.025350820291171684,TS
2022-11-18,TS2212.CFX,17,0.25068786045672475,35,0.5423728813559322,0.012291740322404765,TS
2022-11-21,TS2212.CFX,17,0.22486619334448849,28,0.31666666666666665,-0.005299474795697845,TS
2022-11-22,TS2212.CFX,17,0.2013881048794511,13,0.21666666666666667,-0.006105944978789235,TS
2022-11-23,TS2212.CFX,17,0.1688173555662099,6,0.11666666666666667,-0.0024981111778364096,TS
2022-11-24,TS2303.CFX,18,0.25617220874238245,26,,,TS
2022-11-25,TS2303.CFX,18,0.2340794358116666,34,,,TS
2022-11-28,TS2303.CFX,18,0.20393725462032442,35,,,TS
2022-11-29,TS2303.CFX,18,0.2625040004623921,27,,,TS
2022-11-30,TS2303.CFX,18,0.1678008132788752,30,,-0.014831822627628898,TS
2022-12-01,TS2303.CFX,18,0.1542309141789419,29,,-0.019583348460689855,TS
2022-12-02,TS2303.CFX,18,0.266352309628605,29,,0.0016557023733110964,TS
2022-12-05,TS2303.CFX,18,0.26002098271864876,43,,0.009358546086224318,TS
2022-12-06,TS2303.CFX,18,0.21296968760732327,32,,0.0196127817196603,TS
2022-12-07,TS2303.CFX,18,0.3324296927810717,41,,0.030301493518297785,TS
2022-12-08,TS2303.CFX,18,0.17932422407033158,39,,-0.010164746105412398,TS
2022-12-09,TS2303.CFX,18,0.13690049368904508,24,,-0.027988644159619908,TS
2022-12-12,TS2303.CFX,18,0.14355422808110224,21,,-0.033436011814446866,TS
2022-12-13,TS2303.CFX,18,0.1931815824094295,33,,-0.031426621673251366,TS
2022-12-14,TS2303.CFX,18,0.20277942233612006,28,,0.010319148525196142,TS
2022-12-15,TS2303.CFX,18,0.1957196771111916,26,,0.017686356109931085,TS
2022-12-16,TS2303.CFX,18,0.17231403816701582,23,,0.006005771487358924,TS
2022-12-19,TS2303.CFX,18,0.17836964918560014,26,,-0.006008925061676301,TS
2022-12-20,TS2303.CFX,18,0.16620211656767783,26,,-0.009050463946247594,TS
2022-12-21,TS2303.CFX,18,0.1317489884336282,27,,-0.013405329895446483,TS
2022-12-22,TS2303.CFX,18,0.2234679057141788,23,0.7,0.005568707434235404,TS
2022-12-23,TS2303.CFX,18,0.21469394356631993,25,0.6666666666666666,0.012991437790794053,TS
2022-12-26,TS2303.CFX,18,0.21381609653403824,32,0.6363636363636364,0.017817291506541256,TS
2022-12-27,TS2303.CFX,18,0.10759921398886799,27,0.0,-0.005795135806966095,TS
2022-12-28,TS2303.CFX,18,0.15445621968861428,22,0.20833333333333334,-0.024511810162858094,TS
2022-12-29,TS2303.CFX,18,0.1599778142611014,18,0.24,-0.0168792135455861,TS
2022-12-30,TS2303.CFX,18,0.21002912900347095,23,0.6153846153846154,0.004480466521109877,TS
2023-01-03,TS2303.CFX,18,0.25731657257784374,20,0.8518518518518519,0.035500762649280815,TS
2023-01-04,TS2303.CFX,18,0.20412660675646244,26,0.5714285714285714,0.01966795324524387,TS
2023-01-05,TS2303.CFX,18,0.2009162607727657,22,0.4827586206896552,0.007597437077632008,TS
2023-01-06,TS2303.CFX,18,0.22007551852456148,27,0.7333333333333333,-0.0036307532762897,TS
2023-01-09,TS2303.CFX,18,0.27265209871067964,22,0.967741935483871,0.004661996403377083,TS
2023-01-10,TS2303.CFX,18,0.18561441103712478,24,0.375,0.003471144649923863,TS
2023-01-11,TS2303.CFX,18,0.22488290414364337,19,0.7575757575757576,0.0013472179254318596,TS
2023-01-12,TS2303.CFX,18,0.21801203576875863,23,0.6764705882352942,-0.005189616007864195,TS
2023-01-13,TS2303.CFX,18,0.19354997316219352,21,0.4,-0.012580662636533835,TS
2023-01-16,TS2303.CFX,18,0.16849202663397625,23,0.25,-0.0065577699787746965,TS
2023-01-17,TS2303.CFX,18,0.11125835028274693,20,0.02702702702702703,-0.027676911685657522,TS
2023-01-18,TS2303.CFX,18,0.19778210793164702,25,0.47368421052631576,-0.012275147855366986,TS
2023-01-19,TS2303.CFX,18,0.2435216934975914,26,0.8205128205128205,0.012923352196846654,TS
2023-01-20,TS2303.CFX,18,0.19891097895144905,17,0.475,0.019310124784979003,TS
2023-01-30,TS2303.CFX,18,0.22768709045333985,23,0.7804878048780488,0.02339863513609879,TS
2023-01-31,TS2303.CFX,18,0.22911285371461837,32,0.7857142857142857,0.00468268885216912,TS
2023-02-01,TS2303.CFX,18,0.18848009198820764,33,0.3488372093023256,-0.007988132825559819,TS
2023-02-02,TS2303.CFX,18,0.193279533358289,34,0.38636363636363635,-0.0050469889651452325,TS
2023-02-03,TS2303.CFX,18,0.15511258171036393,34,0.15555555555555556,-0.018098233784228125,TS
2023-02-06,TS2303.CFX,18,0.15931481294312802,28,0.17391304347826086,-0.017296359182082437,TS
2023-02-07,TS2303.CFX,18,0.29469542736075194,24,0.9787234042553191,0.01784659503299276,TS
2023-02-08,TS2303.CFX,18,0.244627167912227,18,0.8333333333333334,0.0242278114758264,TS
2023-02-09,TS2303.CFX,18,0.3265277970259153,28,0.9795918367346939,0.042814278560020166,TS
2023-02-10,TS2303.CFX,18,0.23202640914748268,27,0.76,0.01772555620738726,TS
2023-02-13,TS2303.CFX,18,0.22411118657926,28,0.6862745098039216,-0.015376924032772821,TS
2023-02-14,TS2303.CFX,18,0.22971051558868383,23,0.75,-0.013224991509374163,TS
2023-02-15,TS2303.CFX,18,0.1983528503043494,26,0.4339622641509434,-0.025866578700193054,TS
2023-02-16,TS2303.CFX,18,0.23048976113405736,16,0.7592592592592593,-0.0028831632301761223,TS
2023-02-17,TS2303.CFX,18,0.10299541816030185,23,0.0,-0.02414522912925427,TS
2023-02-20,TS2303.CFX,18,0.18745194393488712,17,0.32142857142857145,-0.0179874575451641,TS
2023-02-21,TS2303.CFX,18,0.12522434639746327,6,0.05263157894736842,-0.018929482501294254,TS
2023-02-22,TS2306.CFX,19,,13,,,TS
2023-02-23,TS2306.CFX,19,0.22103859100942946,17,,,TS
2023-02-24,TS2306.CFX,19,0.23480399904913335,20,,,TS
2023-02-27,TS2306.CFX,19,0.24232736818417316,16,,,TS
2023-02-28,TS2306.CFX,19,0.22579582392886452,27,,,TS
2023-03-01,TS2306.CFX,19,0.2985074935314155,24,,0.01459296299237033,TS
2023-03-02,TS2306.CFX,19,0.20308803028427666,21,,-0.0007251812182471118,TS
2023-03-03,TS2306.CFX,19,0.27099859420599043,26,,0.003463465839904667,TS
2023-03-06,TS2306.CFX,19,0.2320494749684424,21,,-0.001500159724626926,TS
2023-03-07,TS2306.CFX,19,0.19480493163550755,25,,-0.017844367910765012,TS
2023-03-08,TS2306.CFX,19,0.2014579993229809,30,,-0.007945372449307441,TS
2023-03-09,TS2306.CFX,19,0.19563775913690015,26,,-0.018131314578364206,TS
2023-03-10,TS2306.CFX,19,0.2285979373008531,18,,-0.0006070247833785958,TS
2023-03-13,TS2306.CFX,19,0.20156310206094083,20,,0.0040656278828738734,TS
2023-03-14,TS2306.CFX,19,0.2331332838589241,24,,0.006927591199592714,TS
2023-03-15,TS2306.CFX,19,0.2015759472292348,20,,0.001641172274274022,TS
2023-03-16,TS2306.CFX,19,0.23619678664155885,19,,0.0015210543849705437,TS
2023-03-17,TS2306.CFX,19,0.25767006487529787,23,,0.011527742841134881,TS
2023-03-20,TS2306.CFX,19,0.200449675875856,30,,-0.000927309832007317,TS
2023-03-21,TS2306.CFX,19,0.24103733983963208,27,,0.004317567445509174,TS
2023-03-22,TS2306.CFX,19,0.23003865723904285,17,,-0.002894898384069783,TS
2023-03-23,TS2306.CFX,19,0.21452572497420147,22,0.35,-0.005669969843900602,TS
2023-03-24,TS2306.CFX,19,0.21615736885298734,23,0.38095238095238093,0.000490377108883211,TS
2023-03-27,TS2306.CFX,19,0.1751872068423647,17,0.0,-0.014558155438059033,TS
2023-03-28,TS2306.CFX,19,0.18137616567704468,14,0.043478260869565216,-0.013666350125583315,TS
2023-03-29,TS2306.CFX,19,0.19746874796285505,11,0.16666666666666666,-0.006889515719863548,TS
2023-03-30,TS2306.CFX,19,0.30263183085172796,16,1.0,0.01952304651179716,TS
2023-03-31,TS2306.CFX,19,0.17120530473004367,18,0.0,0.011329186095004124,TS
2023-04-03,TS2306.CFX,19,0.20433079416791605,20,0.4074074074074074,0.0019645813748931373,TS
2023-04-04,TS2306.CFX,19,0.1635997784079157,14,0.0,-0.016603897579369066,TS
2023-04-06,TS2306.CFX,19,0.22517637560848983,16,0.5517241379310345,-0.016251643680860423,TS
2023-04-07,TS2306.CFX,19,0.3388049540791861,16,1.0,0.03560448801388586,TS
2023-04-10,TS2306.CFX,19,0.3083511340552662,8,0.967741935483871,0.03832458554459707,TS
2023-04-11,TS2306.CFX,19,0.1906113188834874,15,0.125,0.013719783939791974,TS
2023-04-12,TS2306.CFX,19,0.20414474277430372,11,0.3939393939393939,-0.019025690086407098,TS
2023-04-13,TS2306.CFX,19,0.18968014857595752,15,0.11764705882352941,-0.04024560022874197,TS
2023-04-14,TS2306.CFX,19,0.1766523358262436,19,0.08571428571428572,-0.02643287667655751,TS
2023-04-17,TS2306.CFX,19,0.2994342860272732,14,0.9166666666666666,0.019015352733951153,TS
2023-04-18,TS2306.CFX,19,0.22738339909911565,16,0.5945945945945946,0.015623145010093953,TS
2023-04-19,TS2306.CFX,19,0.2196293054247787,10,0.5,0.011062937697051444,TS
2023-04-20,TS2306.CFX,19,0.2633758442612325,16,0.8461538461538461,0.00936420362674833,TS
2023-04-21,TS2306.CFX,19,0.19467851906534447,17,0.175,-0.017351908876174056,TS
2023-04-24,TS2306.CFX,19,0.18392498398800763,15,0.12195121951219512,-0.011186761658165017,TS
2023-04-25,TS2306.CFX,19,0.11745976130844368,16,0.0,-0.028378994850589496,TS
2023-04-26,TS2306.CFX,19,0.23028011869744813,12,0.6744186046511628,-0.014341020888446954,TS
2023-04-27,TS2306.CFX,19,0.22644879509462407,16,0.5909090909090909,0.010989568676799965,TS
2023-04-28,TS2306.CFX,19,0.2324658455219676,14,0.7111111111111111,0.020607075685410037,TS
2023-05-04,TS2306.CFX,19,0.25135946168001116,11,0.8260869565217391,0.026998512756765448,TS
2023-05-05,TS2306.CFX,19,0.17122701301200904,14,0.06382978723404255,-0.009319554478549114,TS
2023-05-08,TS2306.CFX,19,0.22218181445837998,14,0.5208333333333334,-0.006977279378244672,TS
2023-05-09,TS2306.CFX,19,0.27166991278116037,15,0.8979591836734694,0.004923048729675433,TS
2023-05-10,TS2306.CFX,19,0.1797445279063566,19,0.12,-0.0042786967778157825,TS
2023-05-11,TS2306.CFX,19,0.2277961756726517,12,0.6078431372549019,0.007070103876926187,TS
2023-05-12,TS2306.CFX,19,0.2092202852420793,19,0.4230769230769231,-0.006979679554111001,TS
2023-05-15,TS2306.CFX,19,0.210644002389961,16,0.4339622641509434,-0.009257606344667602,TS
2023-05-16,TS2306.CFX,19,0.24198970332687306,16,0.7962962962962963,0.010733817755834218,TS
2023-05-17,TS2306.CFX,19,0.2764264742856576,13,0.9090909090909091,0.01300300153108055,TS
2023-05-18,TS2306.CFX,19,0.14967660399663707,18,0.017857142857142856,-0.005330489059518795,TS
2023-05-19,TS2306.CFX,19,0.13199758356279773,13,0.017543859649122806,-0.024960593698456258,TS
2023-05-22,TS2306.CFX,19,0.14390983283991096,8,0.034482758620689655,-0.03405886316967839,TS
2023-05-23,TS2306.CFX,19,0.11867740608498438,3,0.01694915254237288,-0.032126490755807244,TS
2023-05-24,TS2309.CFX,20,0.23561645971610648,22,,,TS
2023-05-25,TS2309.CFX,20,0.23380600318532516,23,,,TS
2023-05-26,TS2309.CFX,20,0.19912513584543853,24,,,TS
2023-05-29,TS2309.CFX,20,0.2660555350009287,30,,,TS
2023-05-30,TS2309.CFX,20,0.2172271450721937,40,,-0.0004529097472221966,TS
2023-05-31,TS2309.CFX,20,0.2671505215538086,34,,0.008479104596372206,TS
2023-06-01,TS2309.CFX,20,0.20515351278205113,36,,0.0013151740426105118,TS
2023-06-02,TS2309.CFX,20,0.3766189002436379,35,,0.020905309819527595,TS
2023-06-05,TS2309.CFX,20,0.285125614608187,35,,0.02452653177618159,TS
2023-06-06,TS2309.CFX,20,0.26416456439686786,36,,0.007400018751225435,TS
2023-06-07,TS2309.CFX,20,0.21280015360129373,40,,-0.00971610542082848,TS
2023-06-08,TS2309.CFX,20,0.18928059534155423,30,,-0.04470020708110606,TS
2023-06-09,TS2309.CFX,20,0.24401435279984138,45,,-0.015710649267200477,TS
2023-06-12,TS2309.CFX,20,0.23405791603006154,34,,-0.002899909753506502,TS
2023-06-13,TS2309.CFX,20,0.19425122154434346,48,,0.0007679456574606724,TS
2023-06-14,TS2309.CFX,20,0.2296332294718936,49,,0.003094213700518084,TS
2023-06-15,TS2309.CFX,20,0.23990985951552216,49,,-0.0012633673126806466,TS
2023-06-16,TS2309.CFX,20,0.21742630358260157,36,,0.0012395413076258688,TS
2023-06-19,TS2309.CFX,20,0.2903903145921033,58,,0.01800712602062276,TS
2023-06-20,TS2309.CFX,20,0.17286481706520834,54,,-0.006305636973678941,TS
2023-06-21,TS2309.CFX,20,0.2558395570062696,44,0.7,-0.0012702091535898407,TS
2023-06-26,TS2309.CFX,20,0.21056023825801992,41,0.23809523809523808,-0.004828288823499699,TS
2023-06-27,TS2309.CFX,20,0.1787904430507538,42,0.045454545454545456,-0.01855043218898873,TS
2023-06-28,TS2309.CFX,20,0.17508772856912294,42,0.043478260869565216,-0.0072603290947686585,TS
2023-06-29,TS2309.CFX,20,0.19219111089881796,52,0.16666666666666666,-0.016276940190380028,TS
2023-06-30,TS2309.CFX,20,0.24949601724645726,45,0.72,0.009127222582493882,TS
2023-07-03,TS2309.CFX,20,0.20138245893868975,37,0.2692307692307692,0.011959232045320622,TS
2023-07-04,TS2309.CFX,20,0.4230708651885881,38,1.0,0.05051576212788021,TS
2023-07-05,TS2309.CFX,20,0.12741714909533014,31,0.0,0.004402692433515526,TS
2023-07-06,TS2309.CFX,20,0.30869360552484504,31,0.9310344827586207,0.004442986671341598,TS
2023-07-07,TS2309.CFX,20,0.46640742830252363,41,1.0,0.041567267906392466,TS
2023-07-10,TS2309.CFX,20,0.1523729817170567,32,0.03225806451612903,-0.02024054877358692,TS
2023-07-11,TS2309.CFX,20,0.3773226915386349,38,0.9375,0.03434904610788212,TS
2023-07-12,TS2309.CFX,20,0.17445620154839497,38,0.09090909090909091,-0.03575595447167888,TS
2023-07-13,TS2309.CFX,20,0.20345332902068938,22,0.3235294117647059,-0.05038249787323303,TS
2023-07-14,TS2309.CFX,20,0.17505258574387444,48,0.11428571428571428,-0.012851015446431014,TS
2023-07-17,TS2309.CFX,20,0.32206233836663867,52,0.8888888888888888,-0.01099243221485129,TS
2023-07-18,TS2309.CFX,20,0.11268562216247928,50,0.0,-0.0004932149425882076,TS
2023-07-19,TS2309.CFX,20,0.23459457618640486,18,0.5789473684210527,-8.446924996419192e-06,TS
2023-07-20,TS2309.CFX,20,0.2458279382864695,26,0.6666666666666666,0.0054082942904956355,TS
2023-07-21,TS2309.CFX,20,0.22911898967882321,34,0.475,-0.005274438125164061,TS
2023-07-24,TS2309.CFX,20,0.22057110978089237,17,0.4634146341463415,0.021029538872924452,TS
2023-07-25,TS2309.CFX,20,0.2594609282973547,39,0.7380952380952381,0.0024475875716322482,TS
2023-07-26,TS2309.CFX,20,0.26421584530945486,41,0.7674418604651163,0.006711775266450215,TS
2023-07-27,TS2309.CFX,20,0.1339581738987899,28,0.045454545454545456,-0.014667689603150413,TS
2023-07-28,TS2309.CFX,20,0.23653790327623572,39,0.6,-0.009356916740787818,TS
2023-07-31,TS2309.CFX,20,0.29255695563194106,28,0.8695652173913043,0.003851411263595361,TS
2023-08-01,TS2309.CFX,20,0.24966997260150495,43,0.6808510638297872,0.012950703631725142,TS
2023-08-02,TS2309.CFX,20,0.219310736430847,28,0.4166666666666667,0.018383719438938344,TS
2023-08-03,TS2309.CFX,20,0.12589993280241435,35,0.02040816326530612,-0.02945221601487369,TS
2023-08-04,TS2309.CFX,20,0.1605025181075233,47,0.1,-0.038787891484792614,TS
2023-08-07,TS2309.CFX,20,0.18300086590372275,18,0.21568627450980393,-0.01921464317188882,TS
2023-08-08,TS2309.CFX,20,0.3258548598185204,37,0.9230769230769231,0.027018917987665526,TS
2023-08-09,TS2309.CFX,20,0.2481978110674729,12,0.660377358490566,0.040994809824111425,TS
2023-08-10,TS2309.CFX,20,0.3024579339719288,21,0.8703703703703703,0.034910777689256114,TS
2023-08-11,TS2309.CFX,20,0.17637723374364234,19,0.18181818181818182,-0.003664419016675241,TS
2023-08-14,TS2309.CFX,20,0.18546154695669362,24,0.23214285714285715,-0.03526072030474841,TS
2023-08-15,TS2309.CFX,20,0.14608651889374732,37,0.07017543859649122,-0.03212189713626863,TS
2023-08-16,TS2309.CFX,20,0.34453237967020456,26,0.9310344827586207,0.005385817654665647,TS
2023-08-17,TS2309.CFX,20,0.35582741141653157,34,0.9322033898305084,0.051797118805928945,TS
2023-08-18,TS2309.CFX,20,0.10988101226242308,25,0.0,0.005857982313424321,TS
2023-08-21,TS2309.CFX,20,0.3361751296969522,48,0.9,0.014552585419862828,TS
2023-08-22,TS2309.CFX,20,0.17851907991864963,28,0.21666666666666667,-0.03516788812226893,TS
2023-08-23,TS2309.CFX,20,0.28359111895000755,16,0.7666666666666667,-0.007583451727682156,TS
2023-08-24,TS2309.CFX,20,0.1764543240185375,14,0.21666666666666667,0.00805626127652842,TS
2023-08-25,TS2312.CFX,21,,13,,,TS
2023-08-28,TS2312.CFX,21,0.28667869674553376,24,,,TS
2023-08-29,TS2312.CFX,21,0.1720651700601281,26,,,TS
2023-08-30,TS2312.CFX,21,0.339213140295736,32,,,TS
2023-08-31,TS2312.CFX,21,0.19388919858383918,31,,,TS
2023-09-01,TS2312.CFX,21,0.28844490658756244,20,,0.0025356448207768502,TS
2023-09-04,TS2312.CFX,21,0.2248500744015113,32,,0.005480157497459293,TS
2023-09-05,TS2312.CFX,21,0.2546110033102763,29,,-0.013824339815324726,TS
2023-09-06,TS2312.CFX,21,0.2181815102177957,41,,0.0014750719990626938,TS
2023-09-07,TS2312.CFX,21,0.28126978581358486,40,,-0.0021018805731670698,TS
2023-09-08,TS2312.CFX,21,0.31053469094283714,31,,0.01980280155859602,TS
2023-09-11,TS2312.CFX,21,0.23924245296281327,46,,0.006161608003011532,TS
2023-09-12,TS2312.CFX,21,0.19487829628960224,35,,-0.00886337607071585,TS
2023-09-13,TS2312.CFX,21,0.33110302597448393,43,,-0.0015989914331436816,TS
2023-09-14,TS2312.CFX,21,0.23963053450370655,24,,-0.004994773986659045,TS
2023-09-15,TS2312.CFX,21,0.12995548132865034,40,,-0.01738217050542215,TS
2023-09-18,TS2312.CFX,21,0.2720410987625358,44,,-0.004682193969996651,TS
2023-09-19,TS2312.CFX,21,0.19913283979088348,31,,-0.023152980810837165,TS
2023-09-20,TS2312.CFX,21,0.27404417966928685,24,,0.013800464879339369,TS
2023-09-21,TS2312.CFX,21,0.2612126635984874,42,,0.026451744544642507,TS
2023-09-22,TS2312.CFX,21,0.2648270428844591,38,,0.004765171205145047,TS
2023-09-25,TS2312.CFX,21,0.27073908973678595,30,0.6,0.013399536310697718,TS
2023-09-26,TS2312.CFX,21,0.1795387554224848,25,0.09523809523809523,-0.017948442235530555,TS
2023-09-27,TS2312.CFX,21,0.1953630372811558,40,0.22727272727272727,-0.02169875400966374,TS
2023-09-28,TS2312.CFX,21,0.30411721578797646,36,0.8695652173913043,0.00032042933514045966,TS
2023-10-09,TS2312.CFX,21,0.3114348620891315,28,0.9166666666666666,0.020597000507018282,TS
2023-10-10,TS2312.CFX,21,0.2923403063928315,49,0.8,0.034167492674866906,TS
2023-10-11,TS2312.CFX,21,0.3194399829326003,42,0.9230769230769231,0.02363769819077439,TS
2023-10-12,TS2312.CFX,21,0.26355485471981216,46,0.48148148148148145,-0.007311960129285977,TS
2023-10-13,TS2312.CFX,21,0.35677124432284407,40,1.0,0.006188731279440585,TS
2023-10-16,TS2312.CFX,21,0.31508636201202017,40,0.8620689655172413,0.008282337262862127,TS
2023-10-17,TS2312.CFX,21,0.3024773248030865,39,0.7333333333333333,0.0017606191033180286,TS
2023-10-18,TS2312.CFX,21,0.21301609162056856,44,0.22580645161290322,-0.015537144571824469,TS
2023-10-19,TS2312.CFX,21,0.24224095188039305,49,0.375,-0.03311308552763537,TS
2023-10-20,TS2312.CFX,21,0.34356978047699716,64,0.9696969696969697,-0.0003269535992739381,TS
2023-10-23,TS2312.CFX,21,0.2991053610035024,45,0.7058823529411765,0.012380976125726039,TS
2023-10-24,TS2312.CFX,21,0.3779012815687216,44,1.0,0.038663478901941536,TS
2023-10-25,TS2312.CFX,21,0.21890160404545597,65,0.25,-0.0012347194578149645,TS
2023-10-26,TS2312.CFX,21,0.2441108073674194,36,0.3783783783783784,-0.027912170317720187,TS
2023-10-27,TS2312.CFX,21,0.31097629322509,37,0.7894736842105263,-0.011004860975812691,TS
2023-10-30,TS2312.CFX,21,0.17389053674756577,30,0.05128205128205128,-0.03159468004626777,TS
2023-10-31,TS2312.CFX,21,0.22455767933742127,29,0.275,-0.005890812003592305,TS
2023-11-01,TS2312.CFX,21,0.21681568345508956,45,0.21951219512195122,-0.01410088617123285,TS
2023-11-02,TS2312.CFX,21,0.3193421712001652,25,0.8571428571428571,0.00596569026576742,TS
2023-11-03,TS2312.CFX,21,0.20032513693613013,25,0.18604651162790697,0.014765369223987274,TS
2023-11-06,TS2312.CFX,21,0.19790946997237369,37,0.1590909090909091,-0.006978696524905454,TS
2023-11-07,TS2312.CFX,21,0.2781301385892632,42,0.6,0.00011962090405557291,TS
2023-11-08,TS2312.CFX,21,0.35261158096665907,53,0.9565217391304348,0.014434382118612065,TS
2023-11-09,TS2312.CFX,21,0.24912510831876028,40,0.425531914893617,0.025230205375954568,TS
2023-11-10,TS2312.CFX,21,0.28264035640677,35,0.625,0.014045674259828972,TS
2023-11-13,TS2312.CFX,21,0.34052341941529096,36,0.9183673469387755,0.005481533709216635,TS
2023-11-14,TS2312.CFX,21,0.32924327386766844,32,0.86,0.004466169689854938,TS
2023-11-15,TS2312.CFX,21,0.23732228062506136,44,0.3137254901960784,0.0022997262073500614,TS
2023-11-16,TS2312.CFX,21,0.23653671113805866,33,0.3076923076923077,-0.01954084293276523,TS
2023-11-17,TS2312.CFX,21,0.31029775350429617,33,0.7358490566037735,-0.015315789455159944,TS
2023-11-20,TS2312.CFX,21,0.27512533482487606,28,0.5555555555555556,-0.003526040520634999,TS
2023-11-21,TS2312.CFX,21,0.2821080813115519,31,0.6,0.012816022505979846,TS
2023-11-22,TS2312.CFX,21,0.16887287155097522,25,0.017857142857142856,-0.01635173513669112,TS
2023-11-23,TS2312.CFX,21,0.22803208267449543,15,0.2982456140350877,-0.027078380493350228,TS
2023-11-24,TS2403.CFX,22,,18,,,TS
2023-11-27,TS2403.CFX,22,0.1543847481057831,27,,,TS
2023-11-28,TS2403.CFX,22,0.15710237381111591,29,,,TS
2023-11-29,TS2403.CFX,22,0.12894618716183828,29,,,TS
2023-11-30,TS2403.CFX,22,0.20320634208547358,27,,,TS
2023-12-01,TS2403.CFX,22,0.20845154743821484,23,,0.015423756693922114,TS
2023-12-04,TS2403.CFX,22,0.17854461018697174,18,,0.012238983302808823,TS
2023-12-05,TS2403.CFX,22,0.16958319531342006,22,,0.0056612284404661765,TS
2023-12-06,TS2403.CFX,22,0.21223411320304497,32,,-0.002081280988965206,TS
2023-12-07,TS2403.CFX,22,0.30765864684276456,31,,0.02321037018251727,TS
2023-12-08,TS2403.CFX,22,0.22666074784421925,27,,0.023430772684383948,TS
2023-12-11,TS2403.CFX,22,0.25888632182371407,27,,0.019303288766176235,TS
2023-12-12,TS2403.CFX,22,0.2280218001572712,27,,-0.0017196951110598046,TS
2023-12-13,TS2403.CFX,22,0.22215573662204555,29,,-0.01696447681283862,TS
2023-12-14,TS2403.CFX,22,0.2921906675665532,37,,0.009432925424299942,TS
2023-12-15,TS2403.CFX,22,0.19047168319906616,34,,-0.0072660409840013766,TS
2023-12-18,TS2403.CFX,22,0.19514094329751708,28,,-0.009744576714248766,TS
2023-12-19,TS2403.CFX,22,0.15883751602676965,26,,-0.022368616545958786,TS
2023-12-20,TS2403.CFX,22,0.16919494777659744,25,,-0.027762560675220805,TS
2023-12-21,TS2403.CFX,22,0.2925789694565479,35,,0.01782685769940438,TS
2023-12-22,TS2403.CFX,22,0.1307620964886781,27,,0.0004983759812100252,TS
2023-12-25,TS2403.CFX,22,0.19820777158023453,29,0.5,0.004030765981901041,TS
2023-12-26,TS2403.CFX,22,0.21116704343388298,27,0.6190476190476191,-0.0010427006561742225,TS
2023-12-27,TS2403.CFX,22,0.19564871482267268,31,0.45454545454545453,-0.011345556232254545,TS
2023-12-28,TS2403.CFX,22,0.22146496632145002,26,0.6956521739130435,0.0178846682907982,TS
2023-12-29,TS2403.CFX,22,0.1390183708799063,20,0.08333333333333333,-0.010808087851308944,TS
2024-01-02,TS2403.CFX,22,0.12957898539781118,31,0.04,-0.021980646001490994,TS
2024-01-03,TS2403.CFX,22,0.13436738389039088,30,0.11538461538461539,-0.021444864278820242,TS
2024-01-04,TS2403.CFX,22,0.21953131195471048,23,0.7037037037037037,-0.0008518295722994507,TS
2024-01-05,TS2403.CFX,22,0.2727866026043159,27,0.8928571428571429,0.03574887900057186,TS
2024-01-08,TS2403.CFX,22,0.1987475113364831,22,0.5172413793103449,0.02767562705912689,TS
2024-01-09,TS2403.CFX,22,0.15165611729780548,25,0.16666666666666666,0.001379366619660183,TS
2024-01-10,TS2403.CFX,22,0.21417939371469807,20,0.6774193548387096,-0.013183432178653521,TS
2024-01-11,TS2403.CFX,22,0.17906428883612932,25,0.375,-0.017201274515815816,TS
2024-01-12,TS2403.CFX,22,0.1841444765622743,27,0.3939393939393939,-0.00017978980100937235,TS
2024-01-15,TS2403.CFX,22,0.14968900298007407,27,0.14705882352941177,-0.0033969145787886624,TS
2024-01-16,TS2403.CFX,22,0.16560991992130764,27,0.2857142857142857,-0.01265142334428362,TS
2024-01-17,TS2403.CFX,22,0.2347869640869748,22,0.8611111111111112,0.009291079386072426,TS
2024-01-18,TS2403.CFX,22,0.1337989102236213,18,0.08108108108108109,-0.0015593171570405296,TS
2024-01-19,TS2403.CFX,22,0.13722862030025024,19,0.13157894736842105,-0.005673177505733396,TS
2024-01-22,TS2403.CFX,22,0.17478715426416225,23,0.38461538461538464,-0.007920387510101528,TS
2024-01-23,TS2403.CFX,22,0.18155151328125602,22,0.45,-0.006548265757089666,TS
2024-01-24,TS2403.CFX,22,0.1665341733433593,16,0.3170731707317073,0.010979341922048174,TS
2024-01-25,TS2403.CFX,22,0.23459438489502632,30,0.8571428571428571,0.01864785482687492,TS
2024-01-26,TS2403.CFX,22,0.19032509188229202,13,0.4883720930232558,0.00841187468500299,TS
2024-01-29,TS2403.CFX,22,0.14886447127113434,16,0.1590909090909091,-0.0041583165481310636,TS
2024-01-30,TS2403.CFX,22,0.14447858300688504,17,0.15555555555555556,-0.012984109429684042,TS
2024-01-31,TS2403.CFX,22,0.2869456176861952,19,0.9347826086956522,0.005885595670693089,TS
2024-02-01,TS2403.CFX,22,0.2234480346070986,18,0.7872340425531915,0.020432703186467404,TS
2024-02-02,TS2403.CFX,22,0.1684441838416935,12,0.3333333333333333,0.011812887674133188,TS
2024-02-05,TS2403.CFX,22,0.17699709204601413,16,0.40816326530612246,-0.005346441576624355,TS
2024-02-06,TS2403.CFX,22,0.1787411535251177,21,0.44,-0.02628598708832395,TS
2024-02-07,TS2403.CFX,22,0.09608403331872861,14,0.0,-0.024443103289331573,TS
2024-02-08,TS2403.CFX,22,0.17171735868287916,14,0.38461538461538464,-0.007436670904491421,TS
2024-02-19,TS2403.CFX,22,0.1448936561163645,14,0.16981132075471697,-0.007123066670153777,TS
2024-02-20,TS2403.CFX,22,0.16723988394726141,17,0.3333333333333333,0.00258070836419233,TS
2024-02-21,TS2403.CFX,22,0.1517878001205216,17,0.23636363636363636,0.010693005886796818,TS
2024-02-22,TS2403.CFX,22,0.1686238348979326,14,0.375,7.070964342639207e-05,TS
2024-02-23,TS2403.CFX,22,0.15581509939071225,10,0.2631578947368421,0.002322683749936666,TS
2024-02-26,TS2406.CFX,23,0.2164459062362809,20,,,TS
2024-02-27,TS2406.CFX,23,0.2431775569719467,31,,,TS
2024-02-28,TS2406.CFX,23,0.1757899364558118,32,,,TS
2024-02-29,TS2406.CFX,23,0.26191200317263275,29,,,TS
2024-03-01,TS2406.CFX,23,0.21072401872203467,33,,0.0007290671172193508,TS
2024-03-04,TS2406.CFX,23,0.19168765383627176,32,,-0.00680457240051271,TS
2024-03-05,TS2406.CFX,23,0.21985470209283103,31,,0.0017905181937677428,TS
2024-03-06,TS2406.CFX,23,0.21338641405967324,30,,-0.008792049485512276,TS
2024-03-07,TS2406.CFX,23,0.2158400868803581,32,,0.003193089654004838,TS
2024-03-08,TS2406.CFX,23,0.21888301992315257,29,,0.005037611696128869,TS
2024-03-11,TS2406.CFX,23,0.20727054919792262,30,,-0.001967169992633744,TS
2024-03-12,TS2406.CFX,23,0.21696946263276745,39,,-0.00014034405362470804,TS
2024-03-13,TS2406.CFX,23,0.2631562920042957,41,,0.009271885295749011,TS
2024-03-14,TS2406.CFX,23,0.16298050546573897,35,,-0.0055919286108454145,TS
2024-03-15,TS2406.CFX,23,0.18021271918698395,34,,-0.010810461718890585,TS
2024-03-18,TS2406.CFX,23,0.22266108849279323,31,,-0.007156032109726013,TS
2024-03-19,TS2406.CFX,23,0.17212488711926077,33,,-0.012238222674301557,TS
2024-03-20,TS2406.CFX,23,0.22661609790986495,35,,0.011918335282052878,TS
2024-03-21,TS2406.CFX,23,0.15414124300938123,43,,-0.0048187942938133724,TS
2024-03-22,TS2406.CFX,23,0.37758304857661046,50,,0.02918602760577549,TS
2024-03-25,TS2406.CFX,23,0.17521057233286877,40,0.15,0.015713832109396152,TS
2024-03-26,TS2406.CFX,23,0.13679263344900425,34,0.0,-0.015857759959823386,TS
2024-03-27,TS2406.CFX,23,0.2613190167338591,32,0.8636363636363636,-0.002643486767865044,TS
2024-03-28,TS2406.CFX,23,0.25566130967260076,36,0.8260869565217391,-0.015773503340702898,TS
2024-03-29,TS2406.CFX,23,0.21688287877506332,32,0.5416666666666666,0.020221328910798565,TS
2024-04-01,TS2406.CFX,23,0.16471846659603595,31,0.12,0.0011415528335267599,TS
2024-04-02,TS2406.CFX,23,0.20730573058678825,43,0.38461538461538464,-0.019896941537070646,TS
2024-04-03,TS2406.CFX,23,0.3037597668072875,33,0.9629629629629629,0.008661976608109846,TS
2024-04-08,TS2406.CFX,23,0.29246002650672903,26,0.9285714285714286,0.029019559567458303,TS
2024-04-09,TS2406.CFX,23,0.18675269012376214,23,0.27586206896551724,0.012922274297539315,TS
2024-04-10,TS2406.CFX,23,0.16769501195739384,23,0.13333333333333333,-0.019622851394231422,TS
2024-04-11,TS2406.CFX,23,0.24423436453086386,34,0.7741935483870968,-0.024381581910218247,TS
2024-04-12,TS2406.CFX,23,0.22560649459279322,35,0.6875,-0.007622538942076989,TS
2024-04-15,TS2406.CFX,23,0.19423583447397183,39,0.3333333333333333,0.0072877771335818796,TS
2024-04-16,TS2406.CFX,23,0.25151119346457196,34,0.7941176470588235,0.011763383295746421,TS
2024-04-17,TS2406.CFX,23,0.16854623678116692,27,0.14285714285714285,-0.012547155662761511,TS
2024-04-18,TS2406.CFX,23,0.18013691345071325,33,0.25,-0.01166287599769648,TS
2024-04-19,TS2406.CFX,23,0.17596426545956428,25,0.24324324324324326,-0.010791741804267386,TS
2024-04-22,TS2406.CFX,23,0.18173576291425297,28,0.3157894736842105,-0.013213283242224066,TS
2024-04-23,TS2406.CFX,23,0.17212896345017764,36,0.1794871794871795,0.0008764302801561152,TS
2024-04-24,TS2406.CFX,23,0.2548075539457496,30,0.825,0.0145505978980686,TS
2024-04-25,TS2406.CFX,23,0.27514299680856347,32,0.926829268292683,0.0271429253729495,TS
2024-04-26,TS2406.CFX,23,0.2885319689107928,39,0.9285714285714286,0.03166064453514654,TS
2024-04-29,TS2406.CFX,23,0.1757109633832275,45,0.20930232558139536,0.004088841483114292,TS
2024-04-30,TS2406.CFX,23,0.1954985807470661,36,0.4090909090909091,-0.021804997982270303,TS
2024-05-06,TS2406.CFX,23,0.151749265215371,37,0.022222222222222223,-0.03398208513501116,TS
2024-05-07,TS2406.CFX,23,0.2282787586973678,40,0.717391304347826,-0.014446811859470643,TS
2024-05-08,TS2406.CFX,23,0.19995004197960498,27,0.425531914893617,0.00812583351430567,TS
2024-05-09,TS2406.CFX,23,0.18080283257797763,24,0.3125,0.0018809280426057007,TS
2024-05-10,TS2406.CFX,23,0.16076455039006882,31,0.061224489795918366,-0.0029445355769994576,TS
2024-05-13,TS2406.CFX,23,0.16015163977739288,31,0.06,-0.0175439729429486,TS
2024-05-14,TS2406.CFX,23,0.1711319921013774,32,0.17647058823529413,-0.007828729255703987,TS
2024-05-15,TS2406.CFX,23,0.1631564568465603,29,0.11538461538461539,-0.0024925309751526125,TS
2024-05-16,TS2406.CFX,23,0.1928731770336528,29,0.4339622641509434,0.006722207035633543,TS
2024-05-17,TS2406.CFX,23,0.2741804620102982,30,0.9074074074074074,0.024979882939808608,TS
2024-05-20,TS2406.CFX,23,0.20650095096584709,18,0.4909090909090909,0.018176192289267736,TS
2024-05-21,TS2406.CFX,23,0.14709961864642374,11,0.017857142857142856,-0.0018485902468078797,TS
2024-05-22,TS2409.CFX,24,0.27857792137462184,27,,,TS
2024-05-23,TS2409.CFX,24,0.19243283416873383,24,,,TS
2024-05-24,TS2409.CFX,24,0.25197938822372606,25,,,TS
2024-05-27,TS2409.CFX,24,0.15398129604729632,25,,,TS
2024-05-28,TS2409.CFX,24,0.15597312332634272,17,,-0.028366113421799576,TS
2024-05-29,TS2409.CFX,24,0.13131788552829968,16,,-0.021823616217825165,TS
2024-05-30,TS2409.CFX,24,0.2034968937638953,20,,-0.011962839943865811,TS
2024-05-31,TS2409.CFX,24,0.23198249860484302,23,,0.020352617555264595,TS
2024-06-03,TS2409.CFX,24,0.23854108035937718,25,,0.026580052714261226,TS
2024-06-04,TS2409.CFX,24,0.2277511007010085,21,,0.022791061694089957,TS
2024-06-05,TS2409.CFX,24,0.17091175549676066,19,,-0.006940167443810374,TS
2024-06-06,TS2409.CFX,24,0.2728026154790363,22,,0.0014010908885769946,TS
2024-06-07,TS2409.CFX,24,0.15327878692054692,20,,-0.012547307209963277,TS
2024-06-11,TS2409.CFX,24,0.19416525936273055,23,,-0.008480465125276965,TS
2024-06-12,TS2409.CFX,24,0.21637416508102833,22,,0.0012287463052229552,TS
2024-06-13,TS2409.CFX,24,0.23348458412542814,23,,-0.0015540684546734907,TS
2024-06-14,TS2409.CFX,24,0.24333765883847475,21,,0.021943706859855326,TS
2024-06-17,TS2409.CFX,24,0.1864315475203646,26,,0.001149607007271447,TS
2024-06-18,TS2409.CFX,24,0.24233417675111085,23,,0.0004866986735101553,TS
2024-06-19,TS2409.CFX,24,0.2206266256329461,25,,-0.0026719399072327953,TS
2024-06-20,TS2409.CFX,24,0.23286923016062078,19,0.65,0.0013258220756873552,TS
2024-06-21,TS2409.CFX,24,0.2529317644710132,22,0.9047619047619048,0.01235354873108071,TS
2024-06-24,TS2409.CFX,24,0.1927397321357918,18,0.3181818181818182,-0.006688375039257105,TS
2024-06-25,TS2409.CFX,24,0.19029535514394844,22,0.2608695652173913,-0.010079203900282436,TS
2024-06-26,TS2409.CFX,24,0.29279384184030477,18,1.0,0.0057212814032303275,TS
2024-06-27,TS2409.CFX,24,0.2452369715244199,22,0.8,0.008466452381132644,TS
2024-06-28,TS2409.CFX,24,0.2070349395550183,25,0.4230769230769231,0.008353203121892454,TS
2024-07-01,TS2409.CFX,24,0.1882767095686845,25,0.2222222222222222,-0.00897961934358143,TS
2024-07-02,TS2409.CFX,24,0.16662707856019227,21,0.14285714285714285,-0.030929378851596044,TS
2024-07-03,TS2409.CFX,24,0.18719682520425668,18,0.2413793103448276,-0.015648815363515246,TS
2024-07-04,TS2409.CFX,24,0.21695993869832927,19,0.5333333333333333,0.0018770113922194076,TS
2024-07-05,TS2409.CFX,24,0.20990250926622284,23,0.4838709677419355,0.00935844595332137,TS
2024-07-08,TS2409.CFX,24,0.1899288315566741,32,0.28125,0.006930919005492975,TS
2024-07-09,TS2409.CFX,24,0.1816374946342711,26,0.18181818181818182,-0.0038149768281626416,TS
2024-07-10,TS2409.CFX,24,0.2326115792867324,17,0.6764705882352942,0.00030382665448545063,TS
2024-07-11,TS2409.CFX,24,0.22290778724979923,12,0.6,0.00686933036972111,TS
2024-07-12,TS2409.CFX,24,0.1872182435866005,9,0.25,0.003584911667538093,TS
2024-07-15,TS2409.CFX,24,0.251082746036001,16,0.8648648648648649,0.009349716710332795,TS
2024-07-16,TS2409.CFX,24,0.25341088128830513,12,0.9210526315789473,0.006977356278934721,TS
2024-07-17,TS2409.CFX,24,0.20313104807334822,14,0.41025641025641024,0.002663915934880262,TS
2024-07-18,TS2409.CFX,24,0.2620351796577305,20,0.925,0.010168217417960724,TS
2024-07-19,TS2409.CFX,24,0.24645538793157568,15,0.8048780487804879,-6.304178394253012e-05,TS
2024-07-22,TS2409.CFX,24,0.2246317199848759,22,0.5714285714285714,-0.0014233982748631025,TS
2024-07-23,TS2409.CFX,24,0.18632302491013683,22,0.16279069767441862,-0.007101950599927742,TS
2024-07-24,TS2409.CFX,24,0.22876681978660846,17,0.6136363636363636,-0.012666908276368283,TS
2024-07-25,TS2409.CFX,24,0.1727673392542398,20,0.13333333333333333,-0.014324099755293918,TS
2024-07-26,TS2409.CFX,24,0.20766456935406868,18,0.45652173913043476,-0.004748998691751149,TS
2024-07-29,TS2409.CFX,24,0.1858714398535914,15,0.1702127659574468,-0.0022005420545630648,TS
2024-07-30,TS2409.CFX,24,0.2119419608053163,22,0.5,-0.002054561736323274,TS
2024-07-31,TS2409.CFX,24,0.18187109585431277,32,0.16326530612244897,0.0022484904651393577,TS
2024-08-01,TS2409.CFX,24,0.2913533453592193,32,0.98,0.016337720801102268,TS
2024-08-02,TS2409.CFX,24,0.22254726824356155,26,0.5686274509803921,0.01527630413338434,TS
2024-08-05,TS2409.CFX,24,0.17021605645330484,28,0.09615384615384616,-0.00427756363147741,TS
2024-08-06,TS2409.CFX,24,0.14543662054109,34,0.018867924528301886,-0.019400623953236003,TS
2024-08-07,TS2409.CFX,24,0.15928607538207493,31,0.09259259259259259,-0.03412451876567603,TS
2024-08-08,TS2409.CFX,24,0.22636351204373853,34,0.6363636363636364,-0.00032974934708758784,TS
2024-08-09,TS2409.CFX,24,0.18495385010939808,25,0.21428571428571427,0.0110402478814835,TS
2024-08-12,TS2409.CFX,24,0.11482353925382442,26,0.0,-0.0035558387847207966,TS
2024-08-13,TS2409.CFX,24,0.12736334222860687,30,0.017241379310344827,-0.017538543909685022,TS
2024-08-14,TS2409.CFX,24,0.17374104633374546,34,0.2033898305084746,-0.01628354393007773,TS
2024-08-15,TS2409.CFX,24,0.1811355447716472,33,0.21666666666666667,0.005128089640441929,TS
2024-08-16,TS2409.CFX,24,0.1467991871041847,25,0.06666666666666667,0.011772349824376086,TS
2024-08-19,TS2409.CFX,24,0.1808225339882679,25,0.23333333333333334,0.007997652428976126,TS
2024-08-20,TS2409.CFX,24,0.12536201954634624,16,0.016666666666666666,-0.009707106435817781,TS
2024-08-21,TS2409.CFX,24,0.10402500941065104,7,0.0,-0.017565823827983072,TS
2024-08-22,TS2412.CFX,25,0.16739724212324902,24,,,TS
2024-08-23,TS2412.CFX,25,0.2546086320634979,38,,,TS
2024-08-26,TS2412.CFX,25,0.19312852480944426,33,,,TS
2024-08-27,TS2412.CFX,25,0.24500230476112295,35,,,TS
2024-08-28,TS2412.CFX,25,0.22654953219562962,23,,0.010869825284238622,TS
2024-08-29,TS2412.CFX,25,0.19233986967966538,33,,-0.009111651738147958,TS
2024-08-30,TS2412.CFX,25,0.18630091362906046,32,,-0.006631765744222517,TS
2024-09-02,TS2412.CFX,25,0.16118076007275486,33,,-0.02078917079433054,TS
2024-09-03,TS2412.CFX,25,0.21042178805478023,32,,-0.006341459788860926,TS
2024-09-04,TS2412.CFX,25,0.21443213215537837,34,,0.0068305399377145805,TS
2024-09-05,TS2412.CFX,25,0.15014871178017491,26,,-0.0019053031615147598,TS
2024-09-06,TS2412.CFX,25,0.1567982576157816,18,,-0.006903808118855187,TS
2024-09-09,TS2412.CFX,25,0.18441625855855695,22,,-0.010964493353204336,TS
2024-09-10,TS2412.CFX,25,0.210937232592212,28,,0.002727774765204921,TS
2024-09-11,TS2412.CFX,25,0.16475670175127205,27,,0.00833549549186247,TS
2024-09-12,TS2412.CFX,25,0.34925179733930756,37,,0.03652475226397671,TS
2024-09-13,TS2412.CFX,25,0.16549174898233304,22,,0.01004655455946477,TS
2024-09-18,TS2412.CFX,25,0.2673156522480001,24,,0.011349188654263714,TS
2024-09-19,TS2412.CFX,25,0.22907846689853595,33,,0.004670738520322032,TS
2024-09-20,TS2412.CFX,25,0.19120768032473212,22,,-0.0252501516112948,TS
2024-09-23,TS2412.CFX,25,0.19116337357378826,22,0.4,-0.002476472274035757,TS
2024-09-24,TS2412.CFX,25,0.2659942749232569,32,0.9047619047619048,-0.004055784797423412,TS
2024-09-25,TS2412.CFX,25,0.15973706489239578,36,0.09090909090909091,-0.006389620941375557,TS
2024-09-26,TS2412.CFX,25,0.30421472998249516,35,0.9565217391304348,0.019458779063413357,TS
2024-09-27,TS2412.CFX,25,0.33211023255216066,44,0.9583333333333334,0.0320114173015983,TS
2024-09-30,TS2412.CFX,25,0.12816524360143927,34,0.0,-0.01032848949838704,TS
2024-10-08,TS2412.CFX,25,0.16564868028930654,30,0.2692307692307692,-0.016422625558723435,TS
2024-10-09,TS2412.CFX,25,0.2783634085916939,27,0.8888888888888888,-0.021816419504445662,TS
2024-10-10,TS2412.CFX,25,0.23717663336563474,27,0.7142857142857143,-0.00396690333827972,TS
2024-10-11,TS2412.CFX,25,0.19220837957607534,21,0.4482758620689655,0.01996142250256003,TS
2024-10-14,TS2412.CFX,25,0.1842145636826707,31,0.3,-0.004902326222889025,TS
2024-10-15,TS2412.CFX,25,0.16414893731154628,29,0.16129032258064516,-0.028139101224325936,TS
2024-10-16,TS2412.CFX,25,0.14272501623958805,26,0.03125,-0.02169626765166225,TS
2024-10-17,TS2412.CFX,25,0.1726169385203165,29,0.3333333333333333,-0.008067242955460036,TS
2024-10-18,TS2412.CFX,25,0.22665633173216043,29,0.7058823529411765,0.009335153730774976,TS
2024-10-21,TS2412.CFX,25,0.13155713692128393,23,0.02857142857142857,0.001874771471204767,TS
2024-10-22,TS2412.CFX,25,0.153194850450715,21,0.1111111111111111,-0.002012013317677869,TS
2024-10-23,TS2412.CFX,25,0.18978115153079028,24,0.4594594594594595,-0.003913305526049793,TS
2024-10-24,TS2412.CFX,25,0.16213532449430162,24,0.21052631578947367,-0.007081799986621123,TS
2024-10-25,TS2412.CFX,25,0.12774694586863616,27,0.0,0.00013200919382911347,TS
2024-10-28,TS2412.CFX,25,0.24106721036432574,27,0.8,0.011371051416506739,TS
2024-10-29,TS2412.CFX,25,0.1850374679827519,33,0.43902439024390244,0.006944451877394731,TS
2024-10-30,TS2412.CFX,25,0.212969709242385,28,0.6666666666666666,0.01589592916102825,TS
2024-10-31,TS2412.CFX,25,0.19096981794193207,25,0.4883720930232558,0.009834824302465106,TS
2024-11-01,TS2412.CFX,25,0.25495844569997556,33,0.8636363636363636,0.003371482063047987,TS
2024-11-04,TS2412.CFX,25,0.1104684250616211,27,0.0,-0.010714934938467102,TS
2024-11-05,TS2412.CFX,25,0.17354869655250266,21,0.3695652173913043,-0.01593434182600757,TS
2024-11-06,TS2412.CFX,25,0.23830844983713195,29,0.7872340425531915,0.0013267514642926915,TS
2024-11-07,TS2412.CFX,25,0.18942868570738408,26,0.4583333333333333,-0.000321949520967213,TS
2024-11-08,TS2412.CFX,25,0.21622069442381592,30,0.6938775510204082,0.022738452787927105,TS
2024-11-11,TS2412.CFX,25,0.1878159875559332,28,0.44,0.0006446826593545063,TS
2024-11-12,TS2412.CFX,25,0.3606010995225756,33,1.0,0.02429726012194363,TS
2024-11-13,TS2412.CFX,25,0.1836192802685454,22,0.34615384615384615,0.013276159422108224,TS
2024-11-14,TS2412.CFX,25,0.1667587561813202,22,0.2830188679245283,-0.010312058377237926,TS
2024-11-15,TS2412.CFX,25,0.261641669875981,29,0.8703703703703703,-0.004619097870115984,TS
2024-11-18,TS2412.CFX,25,0.17540829585419848,27,0.34545454545454546,-0.029236321772931874,TS
2024-11-19,TS2412.CFX,25,0.2301700598537096,22,0.75,0.01017510988432067,TS
2024-11-20,TS2412.CFX,25,0.21682386513306495,19,0.6842105263157895,0.006865860788121824,TS
2024-11-21,TS2412.CFX,25,0.14799969176652228,18,0.08620689655172414,-0.01858683869400509,TS
2024-11-22,TS2412.CFX,25,0.12707648139218994,17,0.01694915254237288,-0.017883399701120444,TS
2024-11-25,TS2412.CFX,25,0.10985882807150707,8,0.0,-0.03303698473052801,TS
2024-11-26,TS2503.CFX,26,0.2513848167136426,21,,,TS
2024-11-27,TS2503.CFX,26,0.16493215949222137,22,,,TS
2024-11-28,TS2503.CFX,26,0.20150811406197736,19,,,TS
2024-11-29,TS2503.CFX,26,0.17911516159495455,23,,,TS
2024-12-02,TS2503.CFX,26,0.19009089029578646,30,,-0.010840485073297912,TS
2024-12-03,TS2503.CFX,26,0.1752413947935597,28,,0.0009201246836485766,TS
2024-12-04,TS2503.CFX,26,0.1615811816956642,24,,-0.00837276315340212,TS
2024-12-05,TS2503.CFX,26,0.22534544294686903,25,,0.006395085410370665,TS
2024-12-06,TS2503.CFX,26,0.19966125008172314,21,,0.006924476772518268,TS
2024-12-09,TS2503.CFX,26,0.2327616809434462,26,,0.015312064068583186,TS
2024-12-10,TS2503.CFX,26,0.15460708615361382,33,,-0.0006531953087523579,TS
2024-12-11,TS2503.CFX,26,0.20572918167243545,29,,-0.00842866864769764,TS
2024-12-12,TS2503.CFX,26,0.24525167025907796,32,,0.006414834108369893,TS
2024-12-13,TS2503.CFX,26,0.24524636627119129,35,,0.011561395476095433,TS
2024-12-16,TS2503.CFX,26,0.1734053382379152,32,,0.007711368876735863,TS
2024-12-17,TS2503.CFX,26,0.21802297240112561,29,,-0.004725875056378242,TS
2024-12-18,TS2503.CFX,26,0.35255898995356627,38,,0.018739124551891084,TS
2024-12-19,TS2503.CFX,26,0.2712846147024769,36,,0.023123014857822234,TS
2024-12-20,TS2503.CFX,26,0.22200258918508115,32,,0.01504561441956831,TS
2024-12-23,TS2503.CFX,26,0.31946055258027295,36,,0.00723187595898096,TS
2024-12-24,TS2503.CFX,26,0.2822330980959683,39,0.9,-0.009247584583739987,TS
2024-12-25,TS2503.CFX,26,0.12981265131818875,33,0.0,-0.022271341785768915,TS
2024-12-26,TS2503.CFX,26,0.2641096527268068,34,0.8181818181818182,-0.010543377417863287,TS
2024-12-27,TS2503.CFX,26,0.20456409067942644,32,0.43478260869565216,-0.024791636917085448,TS
2024-12-30,TS2503.CFX,26,0.17079331557566854,35,0.16666666666666666,-0.014812812567936184,TS
2024-12-31,TS2503.CFX,26,0.16753591777888688,38,0.16,-0.0017869804229741937,TS
2025-01-02,TS2503.CFX,26,0.19030192090623946,31,0.38461538461538464,-0.018464363654167433,TS
2025-01-03,TS2503.CFX,26,0.222568714398025,43,0.6296296296296297,0.0055517852767767994,TS
2025-01-06,TS2503.CFX,26,0.14986812968889549,33,0.03571428571428571,0.0013182424845591956,TS
2025-01-07,TS2503.CFX,26,0.22142564820347385,27,0.5862068965517241,0.006734566963183003,TS
2025-01-08,TS2503.CFX,26,0.24609038475132552,25,0.8,0.011043386149562101,TS
2025-01-09,TS2503.CFX,26,0.27641845234710083,39,0.9032258064516129,0.020392173096058164,TS
2025-01-10,TS2503.CFX,26,0.1971488623530992,34,0.375,0.014955426947203443,TS
2025-01-13,TS2503.CFX,26,0.1760921012685444,37,0.2727272727272727,-0.013960861626808523,TS
2025-01-14,TS2503.CFX,26,0.19967182369411962,36,0.4411764705882353,-0.019316347319296833,TS
2025-01-15,TS2503.CFX,26,0.18150005504214234,30,0.3142857142857143,-0.018731383326889662,TS
2025-01-16,TS2503.CFX,26,0.24077421790140002,29,0.7222222222222222,0.009265866487019953,TS
2025-01-17,TS2503.CFX,26,0.16089174313359306,27,0.08108108108108109,0.0010701677937377696,TS
2025-01-20,TS2503.CFX,26,0.17581323942822008,30,0.2631578947368421,-0.006832548044034842,TS
2025-01-21,TS2503.CFX,26,0.23553079484037748,27,0.717948717948718,0.0043100501123290395,TS
2025-01-22,TS2503.CFX,26,0.3362922533514594,27,0.975,0.02656751226069031,TS
2025-01-23,TS2503.CFX,26,0.1841300347868656,22,0.34146341463414637,0.02069555972297844,TS
2025-01-24,TS2503.CFX,26,0.22626113355602806,24,0.6666666666666666,0.004949502820210417,TS
2025-01-27,TS2503.CFX,26,0.21264710133001663,25,0.5348837209302325,-0.015579850681615303,TS
2025-02-05,TS2503.CFX,26,0.21599866973617501,24,0.5454545454545454,-0.021207010068741778,TS
2025-02-06,TS2503.CFX,26,0.29444258934980766,27,0.9333333333333333,0.0210362645306031,TS
2025-02-07,TS2503.CFX,26,0.22187508922182436,26,0.5869565217391305,0.007302339935138363,TS
2025-02-10,TS2503.CFX,26,0.25081151204211044,30,0.8085106382978723,0.0082205240909837,TS
2025-02-11,TS2503.CFX,26,0.2167502149730592,35,0.5208333333333334,-0.0042127986833928825,TS
2025-02-12,TS2503.CFX,26,0.229076344774474,27,0.673469387755102,-0.013585736339943238,TS
2025-02-13,TS2503.CFX,26,0.19486282564352433,24,0.34,-0.0075759694424236525,TS
2025-02-14,TS2503.CFX,26,0.20937429748920855,24,0.47058823529411764,-0.010476181843533872,TS
2025-02-17,TS2503.CFX,26,0.1929383230871567,31,0.3269230769230769,-0.006732583105707046,TS
2025-02-18,TS2503.CFX,26,0.22401838893171666,24,0.6415094339622641,-0.0012040414241882348,TS
2025-02-19,TS2503.CFX,26,0.20852118821269658,19,0.46296296296296297,0.004196081658085266,TS
2025-02-20,TS2503.CFX,26,0.1314096735065564,14,0.01818181818181818,-0.014034638283976431,TS
2025-02-21,TS2506.CFX,27,0.23703886270594712,31,,,TS
2025-02-24,TS2506.CFX,27,0.2418132128702072,45,,,TS
2025-02-25,TS2506.CFX,27,0.27773287299937294,49,,,TS
2025-02-26,TS2506.CFX,27,0.27311146906223793,39,,,TS
2025-02-27,TS2506.CFX,27,0.13472108680241213,25,,-0.01733372956150393,TS
2025-02-28,TS2506.CFX,27,0.22657309219315155,27,,-0.017349202755107214,TS
2025-03-03,TS2506.CFX,27,0.19460179106336112,37,,-0.021280054074110998,TS
2025-03-04,TS2506.CFX,27,0.17730027975941182,27,,-0.013174167434470325,TS
2025-03-05,TS2506.CFX,27,0.2708812367187639,27,,0.02230474873989638,TS
2025-03-06,TS2506.CFX,27,0.22950989417422019,27,,0.008215304961754006,TS
2025-03-07,TS2506.CFX,27,0.205675594052858,35,,0.007435722039380222,TS
2025-03-10,TS2506.CFX,27,0.12849070301238852,24,,-0.016282479615995254,TS
2025-03-11,TS2506.CFX,27,0.17939777374766092,25,,-0.028398611710403764,TS
2025-03-12,TS2506.CFX,27,0.24911904713123026,38,,0.0012940485608822993,TS
2025-03-13,TS2506.CFX,27,0.21530810615244084,29,,0.013989336831800736,TS
2025-03-14,TS2506.CFX,27,0.26210569615004403,37,,0.030314031868009093,TS
2025-03-17,TS2506.CFX,27,0.17459567235976967,29,,0.00033824462430313005,TS
2025-03-18,TS2506.CFX,27,0.17565214069069518,46,,-0.01876462466737413,TS
2025-03-19,TS2506.CFX,27,0.1563150609157381,33,,-0.02044396459327542,TS
2025-03-20,TS2506.CFX,27,0.14734073632996317,28,,-0.024781053108419333,TS
2025-03-21,TS2506.CFX,27,0.12327970946471903,25,0.0,-0.013094333015083332,TS
2025-03-24,TS2506.CFX,27,0.17544952275086867,27,0.2857142857142857,-0.0033440587330672124,TS
2025-03-25,TS2506.CFX,27,0.1464459299531684,30,0.13636363636363635,0.000837052449576614,TS
2025-03-26,TS2506.CFX,27,0.2659706137893051,30,0.8695652173913043,0.02604259754071332,TS
2025-03-27,TS2506.CFX,27,0.16610735430201637,23,0.25,0.01761763807130311,TS
2025-03-28,TS2506.CFX,27,0.2034488073640434,28,0.52,0.0075659993575197424,TS
2025-03-31,TS2506.CFX,27,0.20266797419898977,31,0.5,0.0049922282066380995,TS
2025-04-01,TS2506.CFX,27,0.1221783641150532,24,0.0,-0.025102387945153043,TS
2025-04-02,TS2506.CFX,27,0.155729272277551,28,0.21428571428571427,-0.01020266072979209,TS
2025-04-03,TS2506.CFX,27,0.19460056596146008,39,0.4827586206896552,-0.00646351847266054,TS
2025-04-07,TS2506.CFX,27,0.23027815445118582,40,0.7333333333333333,0.012764256235079902,TS
2025-04-08,TS2506.CFX,27,0.15204858157366047,28,0.1935483870967742,0.013428931709084935,TS
2025-04-09,TS2506.CFX,27,0.22609420054589474,47,0.65625,0.009817787214888778,TS
2025-04-10,TS2506.CFX,27,0.26206295418579134,35,0.8484848484848485,0.013074082254337144,TS
2025-04-11,TS2506.CFX,27,0.14068838572878214,30,0.11764705882352941,-0.006916516483267654,TS
2025-04-14,TS2506.CFX,27,0.18298248849124912,28,0.45714285714285713,-0.0023538000981935202,TS
2025-04-15,TS2506.CFX,27,0.14687858319496425,22,0.16666666666666666,-0.023751170039640328,TS
2025-04-16,TS2506.CFX,27,0.24132257648045416,23,0.7837837837837838,-0.003529055794449226,TS
2025-04-17,TS2506.CFX,27,0.20312977123291173,25,0.5526315789473685,0.018322285899746417,TS
2025-04-18,TS2506.CFX,27,0.14059350974654422,29,0.10256410256410256,-0.002852676945146226,TS
2025-04-21,TS2506.CFX,27,0.1175154705954152,29,0.0,-0.0159455291933008,TS
2025-04-22,TS2506.CFX,27,0.2007631538583503,19,0.5365853658536586,-0.016673314588170417,TS
2025-04-23,TS2506.CFX,27,0.1598519907016173,33,0.30952380952380953,-0.0026385916950782797,TS
2025-04-24,TS2506.CFX,27,0.20931335810441926,25,0.6511627906976745,0.017977621682195213,TS
2025-04-25,TS2506.CFX,27,0.24909762111472467,31,0.8409090909090909,0.02717145052846879,TS
2025-04-28,TS2506.CFX,27,0.167905239452601,27,0.3333333333333333,0.002352980160160878,TS
2025-04-29,TS2506.CFX,27,0.1473923059713148,28,0.21739130434782608,-0.006632748811242322,TS
2025-04-30,TS2506.CFX,27,0.22010586209112146,26,0.6808510638297872,-0.008012030717000546,TS
2025-05-06,TS2506.CFX,27,0.15602002417314542,23,0.2708333333333333,-0.013395457124463805,TS
2025-05-07,TS2506.CFX,27,0.2102371207674881,33,0.6530612244897959,0.009329148083160483,TS
2025-05-08,TS2506.CFX,27,0.2249636233291803,29,0.7,0.014527389339209763,TS
2025-05-09,TS2506.CFX,27,0.2018280693427506,30,0.5294117647058824,0.0032388013659293224,TS
2025-05-12,TS2506.CFX,27,0.2340117453994312,39,0.7884615384615384,0.014757439102783404,TS
2025-05-13,TS2506.CFX,27,0.14191861490848534,31,0.1320754716981132,-0.012758888964775467,TS
2025-05-14,TS2506.CFX,27,0.11158340458773827,29,0.0,-0.028666989191714926,TS
2025-05-15,TS2506.CFX,27,0.14575053266793195,21,0.16363636363636364,-0.023458341416133018,TS
2025-05-16,TS2506.CFX,27,0.15935144361993486,18,0.32142857142857145,-0.01454886857995461,TS
2025-05-19,TS2509.CFX,28,0.18104487986516243,24,,,TS
2025-05-20,TS2509.CFX,28,0.14501658167499792,30,,,TS
2025-05-21,TS2509.CFX,28,0.23737766225848772,22,,,TS
2025-05-22,TS2509.CFX,28,0.1745771538696082,26,,,TS
2025-05-23,TS2509.CFX,28,0.27011362939307954,21,,0.020769807125044455,TS
2025-05-26,TS2509.CFX,28,0.18094767880218354,23,,0.010459816138896311,TS
2025-05-27,TS2509.CFX,28,0.15515381970195247,24,,-0.015807716018049523,TS
2025-05-28,TS2509.CFX,28,0.18059151379284938,20,,-0.010293108984464477,TS
2025-05-29,TS2509.CFX,28,0.21046936581905631,24,,-0.011964469215738054,TS
2025-05-30,TS2509.CFX,28,0.1759316692064301,26,,0.004528352692559701,TS
2025-06-03,TS2509.CFX,28,0.20047648735801774,27,,0.008598549072571127,TS
2025-06-04,TS2509.CFX,28,0.24398248173744158,23,,0.011678905742814582,TS
2025-06-05,TS2509.CFX,28,0.18386055826843326,36,,0.001483319742976541,TS
2025-06-06,TS2509.CFX,28,0.17357012198661084,26,,-0.0021339023529222956,TS
2025-06-09,TS2509.CFX,28,0.18917493849593642,26,,-0.00930154574749934,TS
2025-06-10,TS2509.CFX,28,0.20454168895017397,18,,-0.007356720534703209,TS
2025-06-11,TS2509.CFX,28,0.13904207825939005,18,,-0.005866539305452329,TS
2025-06-12,TS2509.CFX,28,0.1312128875310748,21,,-0.013484732914761844,TS
2025-06-13,TS2509.CFX,28,0.2171734315676487,25,,-0.0017331815275674622,TS
2025-06-16,TS2509.CFX,28,0.18482309608783581,18,,0.0038694167583582352,TS
2025-06-17,TS2509.CFX,28,0.1462745917192026,32,0.15,0.006807523547638611,TS
2025-06-18,TS2509.CFX,28,0.23666028565636082,21,0.8571428571428571,0.013999595640212598,TS
2025-06-19,TS2509.CFX,28,0.20747051005555533,21,0.7272727272727273,0.003243134654433827,TS
2025-06-20,TS2509.CFX,28,0.19655252587377053,20,0.6086956521739131,0.008465477790822212,TS
2025-06-23,TS2509.CFX,28,0.18150140424466354,20,0.4583333333333333,0.003034586526833166,TS
2025-06-24,TS2509.CFX,28,0.19666917974305403,20,0.64,-0.010595131763750532,TS
2025-06-25,TS2509.CFX,28,0.3194152290785703,24,1.0,0.022400609191531345,TS
2025-06-26,TS2509.CFX,28,0.24131876280998923,18,0.8888888888888888,0.022744629870634414,TS
2025-06-27,TS2509.CFX,28,0.26808220761743,28,0.9285714285714286,0.021781118981246815,TS
2025-06-30,TS2509.CFX,28,0.18623057398840898,27,0.4827586206896552,-0.007221023297043033,TS
2025-07-01,TS2509.CFX,28,0.23317768986462667,27,0.7666666666666667,-0.022756326724946752,TS
2025-07-02,TS2509.CFX,28,0.17087055876227228,19,0.16129032258064516,-0.01758009258482372,TS
2025-07-03,TS2509.CFX,28,0.21880118725333628,18,0.75,-0.01139220559543242,TS
2025-07-04,TS2509.CFX,28,0.16222504964513448,19,0.15151515151515152,-0.00623875512978393,TS
2025-07-07,TS2509.CFX,28,0.22527970620604876,27,0.7647058823529411,-0.0024441476434293617,TS
2025-07-08,TS2509.CFX,28,0.22939960224243056,25,0.7714285714285715,0.012353660591302907,TS
2025-07-09,TS2509.CFX,28,0.25129733661562753,25,0.9166666666666666,0.01321668513218786,TS
2025-07-10,TS2509.CFX,28,0.14483444470102053,32,0.05405405405405406,-0.0008763579478649197,TS
2025-07-11,TS2509.CFX,28,0.21383468814015488,27,0.6578947368421053,-0.010745519367319767,TS
2025-07-14,TS2509.CFX,28,0.15899741565325431,24,0.15384615384615385,-0.01782670216538252,TS
2025-07-15,TS2509.CFX,28,0.21095709531021134,24,0.65,-0.006651751165859854,TS
2025-07-16,TS2509.CFX,28,0.20316866506903092,19,0.5609756097560976,0.01137908479060773,TS
2025-07-17,TS2509.CFX,28,0.23095389268632754,20,0.7857142857142857,0.007840965850812193,TS
2025-07-18,TS2509.CFX,28,0.1962589278263501,17,0.46511627906976744,0.009451982172230778,TS
2025-07-21,TS2509.CFX,28,0.17523879246416155,23,0.25,-0.007834634293478044,TS
2025-07-22,TS2509.CFX,28,0.15935738591874027,26,0.15555555555555556,-0.014333765852274739,TS
2025-07-23,TS2509.CFX,28,0.20566837855857917,35,0.6086956521739131,-0.00874725701631066,TS
2025-07-24,TS2509.CFX,28,0.2917001491612453,40,0.9787234042553191,0.022131202876420803,TS
2025-07-25,TS2509.CFX,28,0.16725944777398652,38,0.1875,0.011638407386215504,TS
2025-07-28,TS2509.CFX,28,0.14843557975006333,32,0.10204081632653061,-0.00602525431219465,TS
2025-07-29,TS2509.CFX,28,0.16258927486637836,30,0.2,-0.022942277679558355,TS
2025-07-30,TS2509.CFX,28,0.2784343324291097,29,0.9607843137254902,-0.0031201806371879415,TS
2025-07-31,TS2509.CFX,28,0.18205460076375315,24,0.40384615384615385,0.015958905865857964,TS
2025-08-01,TS2509.CFX,28,0.20899504610816466,23,0.6415094339622641,0.014058425861357748,TS
2025-08-04,TS2509.CFX,28,0.2041267790855478,27,0.5740740740740741,0.0013635722117393777,TS
2025-08-05,TS2509.CFX,28,0.19485251127145053,22,0.4727272727272727,-0.014509146399352368,TS
2025-08-06,TS2509.CFX,28,0.21674550398756964,20,0.7142857142857143,0.00552392716109189,TS
2025-08-07,TS2509.CFX,28,0.1431039050037884,24,0.03508771929824561,-0.011916355730673067,TS
2025-08-08,TS2509.CFX,28,0.19870599586074916,19,0.5344827586206896,-0.006259017271725936,TS
2025-08-11,TS2509.CFX,28,0.2297971330414506,25,0.7966101694915254,0.005184973541317967,TS
2025-08-12,TS2509.CFX,28,0.20533857171366493,26,0.6,0.0063879363489852846,TS
2025-08-13,TS2509.CFX,28,0.12766098143149643,29,0.0,-0.0024253271291668154,TS
2025-08-14,TS2509.CFX,28,0.2359944252205249,29,0.8333333333333334,-0.0027559292890402764,TS
2025-08-15,TS2509.CFX,28,0.17517180269068505,25,0.26666666666666666,-0.007859480719467116,TS
2025-08-18,TS2509.CFX,28,0.22521619750332528,34,0.75,0.008726607283850935,TS
2025-08-19,TS2509.CFX,28,0.11067554392700193,32,0.0,-0.004474910272618859,TS
2025-08-20,TS2509.CFX,28,0.1909267895294915,36,0.43333333333333335,-0.015463153014574993,TS
2025-08-21,TS2509.CFX,28,0.1637186656606399,26,0.2,-0.005719568203392406,TS
2025-08-22,TS2509.CFX,28,0.20497912384835715,20,0.5833333333333334,0.001256897442370164,TS
2025-08-25,TS2509.CFX,28,0.1910461814394386,9,0.43333333333333335,0.0174793609343739,TS
2025-08-26,TS2512.CFX,29,,17,,,TS
2025-08-27,TS2512.CFX,29,0.18611124997476133,20,,,TS
2025-08-28,TS2512.CFX,29,0.14602166020136517,20,,,TS
2025-08-29,TS2512.CFX,29,0.2448126359104629,24,,,TS
2025-09-01,TS2512.CFX,29,0.1483074378750861,18,,,TS
2025-09-02,TS2512.CFX,29,0.1683524342539702,16,,-0.0033231853767861307,TS
2025-09-03,TS2512.CFX,29,0.20803348791809584,19,,0.004756345377696858,TS
2025-09-04,TS2512.CFX,29,0.18265151224552828,22,,-0.00645961972868595,TS
2025-09-05,TS2512.CFX,29,0.1610429575443514,24,,0.003977011733008873,TS
2025-09-08,TS2512.CFX,29,0.2262673514923894,28,,0.006883930410309403,TS
2025-09-09,TS2512.CFX,29,0.20193725838695803,20,,0.003142338018458546,TS
2025-09-10,TS2512.CFX,29,0.188744554062479,23,,0.005308038447650809,TS
2025-09-11,TS2512.CFX,29,0.2214245496286164,25,,0.008324038673861967,TS
2025-09-12,TS2512.CFX,29,0.16242808115843715,25,,-0.01081912494262462,TS
2025-09-15,TS2512.CFX,29,0.2110474394089828,18,,-0.0008096110859992344,TS
2025-09-16,TS2512.CFX,29,0.329707242400759,31,,0.027154826645692638,TS
2025-09-17,TS2512.CFX,29,0.19260301158015972,28,,0.01096360851454084,TS
2025-09-18,TS2512.CFX,29,0.18246131280429193,25,,0.002162203546288638,TS
2025-09-19,TS2512.CFX,29,0.37597730862140816,26,,0.018261380882838362,TS
2025-09-22,TS2512.CFX,29,0.18363352774543668,21,,-0.010877313226939616,TS
2025-09-23,TS2512.CFX,29,0.23759994217285488,28,,0.009116607612653505,TS
2025-09-24,TS2512.CFX,29,0.153244195971666,24,0.1,-0.019681160011380518,TS
2025-09-25,TS2512.CFX,29,0.20052401014259996,29,0.5714285714285714,-0.03812959287313872,TS
2025-09-26,TS2512.CFX,29,0.14649411112372607,23,0.045454545454545456,-0.01113547652736761,TS
2025-09-29,TS2512.CFX,29,0.15219558185437596,20,0.13043478260869565,-0.017755880548489776,TS
2025-09-30,TS2512.CFX,29,0.2790345909242971,21,0.9166666666666666,0.02032523616170383,TS
2025-10-09,TS2512.CFX,29,0.18993589220847149,22,0.52,0.011136424393231415,TS
2025-10-10,TS2512.CFX,29,0.18229554281019514,22,0.3076923076923077,0.010934317372703367,TS
2025-10-13,TS2512.CFX,29,0.2843809914895376,23,0.9259259259259259,0.01676317711562213,TS
2025-10-14,TS2512.CFX,29,0.18715738826803935,23,0.4642857142857143,-0.008930930603144944,TS
2025-10-15,TS2512.CFX,29,0.1266891770629962,18,0.0,-0.012163158483310638,TS
2025-10-16,TS2512.CFX,29,0.20526003461554237,20,0.6666666666666666,-0.011176283081584693,TS
2025-10-17,TS2512.CFX,29,0.16571017423245515,17,0.25806451612903225,-0.021923898816666187,TS
2025-10-20,TS2512.CFX,29,0.18714633438401013,22,0.46875,0.0038998889401400507,TS
2025-10-21,TS2512.CFX,29,0.22233048232576694,19,0.7878787878787878,0.01731689102940092,TS
2025-10-22,TS2512.CFX,29,0.24474350643904003,17,0.8529411764705882,0.013558725174030705,TS
2025-10-23,TS2512.CFX,29,0.19028619606355082,24,0.5428571428571428,0.010674921571722128,TS
2025-10-24,TS2512.CFX,29,0.18500848483671004,19,0.3888888888888889,-0.0036319985356816297,TS
2025-10-27,TS2512.CFX,29,0.2293595281513779,22,0.8108108108108109,-0.004567692995110806,TS
2025-10-28,TS2512.CFX,29,0.20841716429152374,28,0.6842105263157895,-0.003357935220720548,TS
2025-10-29,TS2512.CFX,29,0.1295817049451498,41,0.02564102564102564,-0.00980003027819883,TS
2025-10-30,TS2512.CFX,29,0.17192715166321132,24,0.275,-0.01259404895532255,TS
2025-10-31,TS2512.CFX,29,0.2080970481194043,23,0.6829268292682927,-0.007901497269225954,TS
2025-11-03,TS2512.CFX,29,0.2259457763151656,18,0.7857142857142857,0.011357256722153819,TS
2025-11-04,TS2512.CFX,29,0.14865407953299686,14,0.11627906976744186,0.009216337382764839,TS
2025-11-05,TS2512.CFX,29,0.18888351088632224,13,0.5,-0.002553025014018562,TS
2025-11-06,TS2512.CFX,29,0.1795155666868664,20,0.28888888888888886,-0.00942252282939191,TS
2025-11-07,TS2512.CFX,29,0.17997264264433316,19,0.30434782608695654,-0.006108478018779529,TS
2025-11-10,TS2512.CFX,29,0.29520218862329717,18,0.9574468085106383,0.02841853499386115,TS
2025-11-11,TS2512.CFX,29,0.2594910303230583,21,0.8958333333333334,0.025690166080990284,TS
2025-11-12,TS2512.CFX,29,0.2776426254876649,15,0.8979591836734694,0.027577250528032216,TS
2025-11-13,TS2512.CFX,29,0.26957110186279876,13,0.88,0.01616373553012989,TS
2025-11-14,TS2512.CFX,29,0.28027333487358463,26,0.9215686274509803,-0.0019777635959684625,TS
2025-11-17,TS2512.CFX,29,0.21568101070815296,24,0.6730769230769231,-0.008498932984389102,TS
2025-11-18,TS2512.CFX,29,0.2687840336157747,25,0.8490566037735849,-0.007160727489842622,TS
2025-11-19,TS2512.CFX,29,0.18111940714444075,21,0.2777777777777778,-0.018839269069452592,TS
2025-11-20,TS2512.CFX,29,0.2447451370052026,28,0.8,-0.010561799930047628,TS
2025-11-21,TS2512.CFX,29,0.16889016904856438,22,0.21428571428571427,-0.011762057992974922,TS
2025-11-24,TS2512.CFX,29,0.22831078766745114,16,0.7368421052631579,-0.009317572999252349,TS
2025-11-25,TS2603.CFX,30,0.2241964233079193,20,,,TS
2025-11-26,TS2603.CFX,30,0.2793483262835312,30,,,TS
2025-11-27,TS2603.CFX,30,0.1862407076367497,25,,,TS
2025-11-28,TS2603.CFX,30,0.2442388096081872,25,,,TS
2025-12-01,TS2603.CFX,30,0.22696237570221595,24,,-0.0029577611886750675,TS
2025-12-02,TS2603.CFX,30,0.25860863449934407,25,,-7.577155029080407e-05,TS
2025-12-03,TS2603.CFX,30,0.26749861840184114,22,,0.017688564642133968,TS
2025-12-04,TS2603.CFX,30,0.18971523235261759,35,,-0.006851091181151403,TS
2025-12-05,TS2603.CFX,30,0.2095822498219561,26,,-0.010365365390724612,TS
2025-12-08,TS2603.CFX,30,0.18116304656366605,32,,-0.021280754445124107,TS
2025-12-09,TS2603.CFX,30,0.17368681498305,25,,-0.019617579262653385,TS
2025-12-10,TS2603.CFX,30,0.19003845929192187,31,,-0.0035248980960297547,TS
2025-12-11,TS2603.CFX,30,0.17653783222725944,30,,-0.005721342246113759,TS
2025-12-12,TS2603.CFX,30,0.1998920600523341,28,,0.004030904422154547,TS
2025-12-15,TS2603.CFX,30,0.223013119746904,32,,0.010850621028812018,TS
2025-12-16,TS2603.CFX,30,0.21078849555637458,29,,0.00879753600485499,TS
2025-12-17,TS2603.CFX,30,0.2093241804116254,21,,0.007646913187277243,TS
2025-12-18,TS2603.CFX,30,0.25821134931093925,28,,0.010294963918193168,TS
2025-12-19,TS2603.CFX,30,0.19051069243941335,27,,-0.0017582000860416557,TS
2025-12-22,TS2603.CFX,30,0.15909402915672677,31,,-0.012220242077150768,TS
2025-12-23,TS2603.CFX,30,0.22615711231583652,30,0.7,-0.006545145634579019,TS
2025-12-24,TS2603.CFX,30,0.15322551974323048,22,0.0,-0.017432523925899435,TS
2025-12-25,TS2603.CFX,30,0.15730433287360854,25,0.045454545454545456,-0.007228122854510593,TS
2025-12-26,TS2603.CFX,30,0.1808786527222499,30,0.21739130434782608,-0.0025283532311181746,TS
2025-12-29,TS2603.CFX,30,0.1476789630642435,37,0.0,-0.012930316552416665,TS
2025-12-30,TS2603.CFX,30,0.25373586044138474,35,0.84,0.01913953115869435,TS
2025-12-31,TS2603.CFX,30,0.21989054082734918,33,0.6153846153846154,0.019802962362661613,TS
2026-01-05,TS2603.CFX,30,0.14124810694184115,33,0.0,-0.0007049513797711792,TS
2026-01-06,TS2603.CFX,30,0.17518508903227928,38,0.21428571428571427,-0.005747550156347203,TS
2026-01-07,TS2603.CFX,30,0.23959905475747054,43,0.7931034482758621,-0.007297906316289832,TS
2026-01-08,TS2603.CFX,30,0.23096548955106028,32,0.7666666666666667,0.01205008452630516,TS
2026-01-09,TS2603.CFX,30,0.18443635654483667,24,0.3225806451612903,0.014215689972477208,TS
2026-01-12,TS2603.CFX,30,0.39224571674878644,32,1.0,0.037895855722038053,TS
2026-01-13,TS2603.CFX,30,0.16897100801511117,26,0.15151515151515152,0.002002413371300743,TS
2026-01-14,TS2603.CFX,30,0.2651456601819992,25,0.9117647058823529,0.005289499273215231,TS
2026-01-15,TS2603.CFX,30,0.3391390652653848,33,0.9714285714285714,0.018230536087430898,TS
2026-01-16,TS2603.CFX,30,0.21635628025912843,28,0.5555555555555556,-0.01816108157290424,TS
2026-01-19,TS2603.CFX,30,0.2332591948408293,20,0.7297297297297297,0.007978699372856557,TS
2026-01-20,TS2603.CFX,30,0.24873941134279148,26,0.7894736842105263,-0.013869236810297092,TS
2026-01-21,TS2603.CFX,30,0.23061055187306456,21,0.6666666666666666,-0.018467389570097748,TS
2026-01-22,TS2603.CFX,30,0.17587034290265233,22,0.2,-0.008362051768071694,TS
2026-01-23,TS2603.CFX,30,0.31377456739138676,19,0.9512195121951219,0.008816167666097574,TS
2026-01-26,TS2603.CFX,30,0.2531930422408942,25,0.7857142857142857,0.009207127731452758,TS
2026-01-27,TS2603.CFX,30,0.30989695654591254,23,0.9302325581395349,0.023589550868393778,TS
2026-01-28,TS2603.CFX,30,0.19779781710870145,27,0.38636363636363635,0.0039977337566623975,TS
2026-01-29,TS2603.CFX,30,0.23622024506256448,23,0.6888888888888889,-0.02105038697898372,TS
2026-01-30,TS2603.CFX,30,0.13243561189036107,23,0.0,-0.03151915721844143,TS
2026-02-02,TS2603.CFX,30,0.21330299526498217,29,0.48936170212765956,-0.02585501277802012,TS
2026-02-03,TS2603.CFX,30,0.16862142940215155,28,0.125,-0.00812700252106821,TS
2026-02-04,TS2603.CFX,30,0.2358366889711497,30,0.6938775510204082,0.003541870532896091,TS
2026-02-05,TS2603.CFX,30,0.23449688251840267,25,0.68,0.02266562349622507,TS
2026-02-06,TS2603.CFX,30,0.2231342364342189,23,0.5490196078431373,0.008553793545472454,TS
2026-02-09,TS2603.CFX,30,0.1709585326237835,32,0.15384615384615385,-0.0008028246093666868,TS
2026-02-10,TS2603.CFX,30,0.15903562881296313,29,0.09433962264150944,-0.021714047021099237,TS
2026-02-11,TS2603.CFX,30,0.17317159711035554,35,0.18518518518518517,-0.01867491784373501,TS
2026-02-12,TS2603.CFX,30,0.20559752059435016,37,0.43636363636363634,-0.003286036719316543,TS
2026-02-13,TS2603.CFX,30,0.19018394013984322,28,0.375,0.008501270681350648,TS
2026-02-24,TS2603.CFX,30,0.21967426552748162,22,0.543859649122807,0.01382896164585246,TS
2026-02-25,TS2603.CFX,30,0.19119616224343428,15,0.39655172413793105,0.0050125875199288905,TS
2026-02-26,TS2606.CFX,31,,15,,,TS
2026-02-27,TS2606.CFX,31,0.2568491681968283,22,,,TS
2026-03-02,TS2606.CFX,31,0.21718654618595484,20,,,TS
2026-03-03,TS2606.CFX,31,0.16527829677574044,20,,,TS
2026-03-04,TS2606.CFX,31,0.2683507377298535,29,,,TS
2026-03-05,TS2606.CFX,31,0.2285578738792334,28,,-0.000541839709129116,TS
2026-03-06,TS2606.CFX,31,0.2956356766480456,24,,0.022017783802767442,TS
2026-03-09,TS2606.CFX,31,0.2381285290710196,33,,0.017298540350875035,TS
2026-03-10,TS2606.CFX,31,0.19947972601693262,23,,-0.012817136823405555,TS
2026-03-11,TS2606.CFX,31,0.20037884806681752,23,,-0.015251400225594463,TS
2026-03-12,TS2606.CFX,31,0.24307764086807934,23,,-0.014286575256413452,TS
2026-03-13,TS2606.CFX,31,0.2519654410816884,20,,0.007127173887248428,TS
2026-03-16,TS2606.CFX,31,0.14066666003087963,30,,-0.006603953895723514,TS
2026-03-17,TS2606.CFX,31,0.28425887459683585,26,,0.006534907222283693,TS
2026-03-18,TS2606.CFX,31,0.1929902812279007,32,,-0.006788128576520974,TS
2026-03-19,TS2606.CFX,31,0.22712966800888773,36,,0.00026520750514197333,TS
2026-03-20,TS2606.CFX,31,0.31392220345693694,31,,0.02893818802641665,TS
2026-03-23,TS2606.CFX,31,0.22301404004781994,43,,-0.00015577468689956242,TS
2026-03-24,TS2606.CFX,31,0.2421672931615692,37,,0.00942383959062692,TS
2026-03-25,TS2606.CFX,31,0.252008236885241,27,,-0.002199777254266122,TS
2026-03-26,TS2606.CFX,31,0.2587293918049461,24,,-0.00813914264665606,TS
2026-03-27,TS2606.CFX,31,0.19290400009075262,22,0.1,-0.004365798127075771,TS
2026-03-30,TS2606.CFX,31,0.2797224608608328,34,0.8571428571428571,0.0016006098604038788,TS
2026-03-31,TS2606.CFX,31,0.23933177258763663,30,0.5,-0.0004359859539321942,TS
2026-04-01,TS2606.CFX,31,0.2648965823451789,42,0.782608695652174,0.0058762153577349594,TS
2026-04-02,TS2606.CFX,31,0.2978878795058949,37,0.9583333333333334,0.019514188031463063,TS
2026-04-03,TS2606.CFX,31,0.21425585255161708,32,0.24,-0.0072377109700173135,TS
2026-04-07,TS2606.CFX,31,0.1407898281855944,29,0.038461538461538464,-0.024772461859764634,TS
2026-04-08,TS2606.CFX,31,0.24748802678533804,30,0.5925925925925926,-0.01919151624399822,TS
2026-04-09,TS2606.CFX,31,0.293113007141815,40,0.8928571428571429,0.00236824295055611,TS
2026-04-10,TS2606.CFX,31,0.24978013002844413,43,0.5862068965517241,0.022337173390987463,TS
2026-04-13,TS2606.CFX,31,0.20800429298986783,36,0.23333333333333334,0.013672103285165294,TS
2026-04-14,TS2606.CFX,31,0.23938225464661925,38,0.4838709677419355,-0.01013202584293848,TS
2026-04-15,TS2606.CFX,31,0.22738429803115565,42,0.375,-0.014185529360314359,TS
2026-04-16,TS2606.CFX,31,0.2269205121657762,41,0.3333333333333333,-0.0026339230684047977,TS
2026-04-17,TS2606.CFX,31,0.2836868369520289,36,0.8529411764705882,0.01389033454434791,TS
2026-04-20,TS2606.CFX,31,0.20383163187571557,35,0.2,-0.0014798706620934078,TS
2026-04-21,TS2606.CFX,31,0.2598344540307932,24,0.75,0.004181143170921447,TS
2026-04-22,TS2606.CFX,31,0.22613180251102333,26,0.32432432432432434,-0.0025429802230741427,TS
2026-04-23,TS2606.CFX,31,0.2568217295597587,34,0.6842105263157895,-0.0031430044149232785,TS
2026-04-24,TS2606.CFX,31,0.2155101741904725,41,0.2564102564102564,0.0020344360158479347,TS
2026-04-27,TS2606.CFX,31,0.2994917515432707,42,0.975,0.006869296670440417,TS
2026-04-28,TS2606.CFX,31,0.19804322949965003,31,0.12195121951219512,-0.0013507124039234598,TS
2026-04-29,TS2606.CFX,31,0.22589557271465618,29,0.3333333333333333,-0.007931925838102743,TS
2026-04-30,TS2606.CFX,31,0.20225898964830202,30,0.18604651162790697,-0.010009854791295536,TS
2026-05-06,TS2606.CFX,31,0.23191961092624153,45,0.4772727272727273,-0.013092852108540632,TS
2026-05-07,TS2606.CFX,31,0.18668081343673737,29,0.06666666666666667,-0.001670079391424001,TS
2026-05-08,TS2606.CFX,31,0.2399738053185445,35,0.5652173913043478,0.0012578288996211938,TS
2026-05-11,TS2606.CFX,31,0.18974187227368416,36,0.0851063829787234,-0.001698004035693279,TS
2026-05-12,TS2606.CFX,31,0.3565145702622415,33,1.0,0.02522509775089467,TS
2026-05-13,TS2606.CFX,31,0.20164151683757478,40,0.20408163265306123,0.01464621717453718,TS
2026-05-14,TS2606.CFX,31,0.26203613947674287,30,0.78,0.005602431288028742,TS
2026-05-15,TS2606.CFX,31,0.21367033289291398,42,0.27450980392156865,-0.004662150954703903,TS
2026-05-18,TS2606.CFX,31,0.23866959815815264,40,0.5192307692307693,-0.022366112815283855,TS
2026-05-19,TS2606.CFX,31,0.21050738226374216,33,0.2641509433962264,-0.0005634810466255413,TS
2026-05-20,TS2606.CFX,31,0.18191741054099272,29,0.05555555555555555,-0.0163400408500672,TS
2026-05-21,TS2606.CFX,31,0.22680345986558778,46,0.41818181818181815,-0.0030485933671812347,TS
2026-05-22,TS2606.CFX,31,0.23643739765866253,36,0.5178571428571429,0.0011831676602865493,TS
2026-05-25,TS2606.CFX,31,0.24986710258086334,29,0.6842105263157895,0.013323942775191217,TS
2026-05-26,TS2606.CFX,31,0.28319456429633516,23,0.8620689655172413,0.022561795022596042,TS
2026-05-27,TS2609.CFX,32,,12,,,TS
2026-05-28,TS2609.CFX,32,0.2310763618704328,22,,,TS
2026-05-29,TS2609.CFX,32,0.2061107261253333,25,,,TS
2026-06-01,TS2609.CFX,32,0.22167878980656805,24,,,TS
2026-06-02,TS2609.CFX,32,0.3113347527619416,21,,,TS
2026-06-03,TS2609.CFX,32,0.24519274128217416,25,,0.013345678546009104,TS
2026-06-04,TS2609.CFX,32,0.23601335760689798,24,,0.008331921443873552,TS
2026-06-05,TS2609.CFX,32,0.25038334763055603,26,,-0.001791227950706764,TS
2026-06-08,TS2609.CFX,32,0.2590191662951645,27,,-0.00994405665851723,TS
2026-06-09,TS2609.CFX,32,0.13314349495591452,24,,-0.020109268396425278,TS
2026-06-10,TS2609.CFX,32,0.21791370777251934,29,,-0.015343915234339877,TS
2026-06-11,TS2609.CFX,32,0.23784239604513752,31,,-0.006618736169348216,TS
2026-06-12,TS2609.CFX,32,0.24105406649310784,27,,0.006876870148510966,TS
2026-06-15,TS2609.CFX,32,0.1977546563928755,31,,0.01523626815945105,TS
2026-06-16,TS2609.CFX,32,0.31932238728235074,28,,0.01627296193674007,TS
2026-06-17,TS2609.CFX,32,0.1832442562502274,24,,-0.0030927958800577417,TS
2026-06-18,TS2609.CFX,32,0.2533187448333717,23,,0.0010018956537879598,TS
2026-06-22,TS2609.CFX,32,0.1716674492278976,28,,-0.011817805677893483,TS
2026-06-23,TS2609.CFX,32,0.15288756973505327,25,,-0.03444464421169248,TS
2026-06-24,TS2609.CFX,32,0.1757347242789868,18,,-0.011545023904079965,TS
2026-06-25,TS2609.CFX,32,0.21174366883216714,26,,-0.007908287695131983,TS
2026-06-26,TS2609.CFX,32,0.19246760420557446,24,0.25,0.010045640905246756,TS
2026-06-29,TS2609.CFX,32,0.1561827025757406,25,0.09523809523809523,0.0023323145607962335,TS
2026-06-30,TS2609.CFX,32,0.17527839088471447,26,0.18181818181818182,-0.0056473633044971105,TS
2026-07-01,TS2609.CFX,32,0.21624589230112296,30,0.4782608695652174,-0.000818476638294835,TS
2026-07-02,TS2609.CFX,32,0.2078117951048865,21,0.4166666666666667,0.009075157152400643,TS
2026-07-03,TS2609.CFX,32,0.21400108315491204,28,0.48,0.014817016537851491,TS
2026-07-06,TS2609.CFX,32,0.21053705733408473,21,0.4230769230769231,0.006827252375252968,TS
2026-07-07,TS2609.CFX,32,0.19586628365458073,23,0.2962962962962963,-0.0038033955063886183,TS
2026-07-08,TS2609.CFX,32,0.214686764740871,22,0.5357142857142857,-0.0004384860228362375,TS
2026-07-09,TS2609.CFX,32,0.18293063967912357,16,0.20689655172413793,-0.005799117954479066,TS
2026-07-10,TS2609.CFX,32,0.25485149361940385,21,0.9,0.007569322859518113,TS
2026-07-13,TS2609.CFX,32,0.2788638548248691,27,0.9354838709677419,0.020615987121910963,TS
2026-07-14,TS2609.CFX,32,0.24630326317001655,24,0.78125,0.015916621200403658,TS
2026-07-15,TS2609.CFX,32,0.29037693201502424,20,0.9393939393939394,0.020634435422241408,TS
2026-07-16,TS2609.CFX,32,0.20233324688251306,20,0.3235294117647059,-0.009352341628362643,TS
2026-07-17,TS2609.CFX,32,0.174285347957972,25,0.11428571428571428,-0.02531270300212977,TS
2026-07-20,TS2609.CFX,32,0.22095529565205116,20,0.5833333333333334,-0.016678751909298302,TS
2026-07-21,TS2609.CFX,32,0.21685394721738877,20,0.5405405405405406,-0.012842392082573284,TS
2026-07-22,TS2609.CFX,32,0.22494380052376967,24,0.631578947368421,0.008778970654193002,TS
2026-07-23,TS2609.CFX,32,0.18805880227017419,33,0.23076923076923078,0.0031535413496122933,TS
2026-07-24,TS2609.CFX,32,0.19024699744632895,26,0.25,-0.0090211741358659,TS
2026-07-27,TS2609.CFX,32,0.2798114921277014,20,0.926829268292683,0.00912182867431845,TS
2026-07-28,TS2609.CFX,32,0.2813938627680997,16,0.9285714285714286,0.02046528143461872,TS
2026-07-29,TS2609.CFX,32,0.2445747272215828,21,0.7209302325581395,0.020417871522458803,TS
2026-07-30,TS2609.CFX,32,0.2770603219691784,29,0.8636363636363636,0.013838988413958031,TS
2026-07-31,TS2609.CFX,32,0.1441444530826815,29,0.022222222222222223,-0.0275667618888961,TS
2026-08-03,TS2609.CFX,32,0.13735100768947273,27,0.021739130434782608,-0.03885159842961552,TS
2026-08-04,TS2609.CFX,32,0.2121476757133134,20,0.44680851063829785,-0.02045634172962445,TS
2026-08-05,TS2609.CFX,32,0.22790574971375177,20,0.625,-0.0030305921880221407,TS
2026-08-06,TS2609.CFX,32,0.177748182686907,27,0.1836734693877551,0.015776220123273003,TS
2026-08-07,TS2609.CFX,32,0.1849332848703134,21,0.24,0.006076506133527499,TS
2026-08-10,TS2609.CFX,32,0.1870635844033542,19,0.2549019607843137,-0.009314064746335676,TS
2026-08-11,TS2609.CFX,32,0.21241538866543258,23,0.4807692307692308,-0.0021665320380191144,TS
2026-08-12,TS2609.CFX,32,0.19719461606908859,18,0.33962264150943394,0.006637497055948227,TS
2026-08-13,TS2609.CFX,32,0.25485079256323967,21,0.8333333333333334,0.014996604705158689,TS
2026-08-14,TS2609.CFX,32,0.17118143400681893,22,0.09090909090909091,0.0010671103104736511,TS
2026-08-17,TS2609.CFX,32,0.2578457714344009,27,0.8571428571428571,0.0064847583475667,TS
2026-08-18,TS2609.CFX,32,0.22091173927844507,34,0.5789473684210527,0.00504292252898742,TS
2026-08-19,TS2609.CFX,32,0.18993697072750657,22,0.27586206896551724,-0.008009733839984007,TS
2026-08-20,TS2609.CFX,32,0.21422029330547723,28,0.5084745762711864,0.0018168917890422243,TS
2026-08-21,TS2609.CFX,32,0.23877177495819643,29,0.7166666666666667,-0.004483943892537684,TS
2026-08-24,TS2609.CFX,32,0.2115529958048845,26,0.43333333333333335,0.003011731728356881,TS
2026-08-25,TS2609.CFX,32,0.12778432302006615,21,0.0,-0.012697259291547358,TS
2026-08-26,TS2609.CFX,32,0.16183028567983107,13,0.1,-0.021576746718942257,TS
2026-08-27,TS2612.CFX,33,,19,,,TS
2026-08-28,TS2612.CFX,33,0.2469419460380311,27,,,TS
2026-08-31,TS2612.CFX,33,0.2688272235701363,20,,,TS
2026-09-01,TS2612.CFX,33,0.27071922228182804,17,,,TS
2026-09-02,TS2612.CFX,33,0.16499774483096913,16,,,TS
2026-09-03,TS2612.CFX,33,0.24633481179127625,21,,-0.010504374723267684,TS
2026-09-04,TS2612.CFX,33,0.18641217389630862,21,,-0.018921450983820715,TS
2026-09-07,TS2612.CFX,33,0.19691366786092887,18,,-0.012619667977645882,TS
2026-09-08,TS2612.CFX,33,0.16828554903350668,21,,-0.004284553552527226,TS
2026-09-09,TS2612.CFX,33,0.21368898993441904,20,,-0.008341826857651636,TS
2026-09-10,TS2612.CFX,33,0.30287710143807456,21,,0.024970517715702207,TS
2026-09-11,TS2612.CFX,33,0.25097033284212117,24,,0.024270488236695243,TS
2026-09-14,TS2612.CFX,33,0.25864050798681604,23,,0.021799126081432092,TS
2026-09-15,TS2612.CFX,33,0.272832475099945,20,,0.007405037687979343,TS
2026-09-16,TS2612.CFX,33,0.17703855966381293,23,,-0.022981494129069933,TS
2026-09-17,TS2612.CFX,33,0.24370536385197358,24,,-0.009613188630329833,TS
2026-09-18,TS2612.CFX,33,0.2961396449110257,19,,0.004587116260044788,TS
2026-09-21,TS2612.CFX,33,0.28801269169595367,20,,0.014946151843923011,TS
2026-09-22,TS2612.CFX,33,0.17652677638160238,20,,0.004328376127955896,TS
2026-09-23,TS2612.CFX,33,0.24315147997383213,21,,-0.012072063628570617,TS
2026-09-24,TS2612.CFX,33,0.26766439340725956,27,,-0.010181171472965378,TS
2026-09-28,TS2612.CFX,33,0.2368381246048395,23,0.35,-0.0011211517156571205,TS
2026-09-29,TS2612.CFX,33,0.28267647261363416,22,0.8571428571428571,0.020598603709507085,TS
2026-09-30,TS2612.CFX,33,0.25310862633851144,27,0.5909090909090909,0.0034926371935733226,TS
2013-09-09,TF1312.CFX,1,,0,,,TF
2013-09-10,TF1312.CFX,1,,0,,,TF
2013-09-11,TF1312.CFX,1,,0,,,TF
2013-09-12,TF1312.CFX,1,,0,,,TF
2013-09-13,TF1312.CFX,1,,0,,,TF
2013-09-16,TF1312.CFX,1,,0,,,TF
2013-09-17,TF1312.CFX,1,,0,,,TF
2013-09-18,TF1312.CFX,1,,0,,,TF
2013-09-23,TF1312.CFX,1,,0,,,TF
2013-09-24,TF1312.CFX,1,,0,,,TF
2013-09-25,TF1312.CFX,1,,0,,,TF
2013-09-26,TF1312.CFX,1,,0,,,TF
2013-09-27,TF1312.CFX,1,,0,,,TF
2013-09-30,TF1312.CFX,1,,0,,,TF
2013-10-08,TF1312.CFX,1,,0,,,TF
2013-10-09,TF1312.CFX,1,,0,,,TF
2013-10-10,TF1312.CFX,1,,0,,,TF
2013-10-11,TF1312.CFX,1,,0,,,TF
2013-10-14,TF1312.CFX,1,,0,,,TF
2013-10-15,TF1312.CFX,1,,0,,,TF
2013-10-16,TF1312.CFX,1,,12,,,TF
2013-10-17,TF1312.CFX,1,,6,,,TF
2013-10-18,TF1312.CFX,1,0.14731157863154673,4,,,TF
2013-10-21,TF1312.CFX,1,0.16524537197293743,4,,,TF
2013-10-22,TF1312.CFX,1,0.13495644975504706,8,,,TF
2013-10-23,TF1312.CFX,1,0.2522980746775568,8,,,TF
2013-10-24,TF1312.CFX,1,0.26746039584223436,8,,0.03273503371259946,TF
2013-10-25,TF1312.CFX,1,0.24382691277632054,9,,0.028966702769395353,TF
2013-10-28,TF1312.CFX,1,0.22309005860525694,7,,0.016779605579918346,TF
2013-10-29,TF1312.CFX,1,0.29022953265802875,10,,0.003149257872396638,TF
2013-10-30,TF1312.CFX,1,0.2900673509043109,8,,0.009161653000586134,TF
2013-10-31,TF1312.CFX,1,0.29065744151026485,9,,0.01606383497669426,TF
2013-11-01,TF1312.CFX,1,0.2884713525407995,6,,0.013119049672332118,TF
2013-11-04,TF1312.CFX,1,0.30336879396068117,9,,0.0024682524241793403,TF
2013-11-05,TF1312.CFX,1,0.18809149123035984,9,,-0.01912403668974858,TF
2013-11-06,TF1312.CFX,1,0.1703812588746233,8,,-0.03409322265817227,TF
2013-11-07,TF1312.CFX,1,0.37972634727309906,17,,0.004952245437854131,TF
2013-11-08,TF1312.CFX,1,0.22490994594638064,12,,0.003471716001413816,TF
2013-11-11,TF1312.CFX,1,0.2228626745931397,16,,0.012407105379731703,TF
2013-11-12,TF1312.CFX,1,0.31202136064659164,22,,0.01264165308639773,TF
2013-11-13,TF1312.CFX,1,0.2533219123466774,15,,-0.016569745515263235,TF
2013-11-14,TF1312.CFX,1,0.2725774993037219,14,,0.012579434446822019,TF
2013-11-15,TF1312.CFX,1,0.22744228909438213,15,0.4,-0.0030284632340384808,TF
2013-11-18,TF1312.CFX,1,0.27415788732374463,13,0.6666666666666666,-0.010160656989798922,TF
2013-11-19,TF1312.CFX,1,0.42105014036800464,15,1.0,0.03370368440626773,TF
2013-11-20,TF1312.CFX,1,0.259593258217588,16,0.5217391304347826,0.016763936910135474,TF
2013-11-21,TF1312.CFX,1,0.17303738301535382,14,0.16666666666666666,-0.012337444126421331,TF
2013-11-22,TF1312.CFX,1,0.26037037630612014,11,0.56,-0.02755877793878998,TF
2013-11-25,TF1312.CFX,1,0.25144554958936166,7,0.4230769230769231,-0.03384320634687539,TF
2013-11-26,TF1312.CFX,1,0.2248480251327903,6,0.2962962962962963,0.0008917700404412421,TF
2013-11-27,TF1312.CFX,1,0.15033827853434095,9,0.07142857142857142,-0.008092056013535553,TF
2013-11-28,TF1312.CFX,1,0.22589777393200589,5,0.3793103448275862,-0.01700524758032492,TF
2013-11-29,TF1403.CFX,2,0.29701937010682605,22,,,TF
2013-12-02,TF1403.CFX,2,0.25667506878241597,18,,,TF
2013-12-03,TF1403.CFX,2,0.4426591625087791,28,,,TF
2013-12-04,TF1403.CFX,2,0.24762049627384716,27,,,TF
2013-12-05,TF1403.CFX,2,0.3130127384174947,31,,0.002293216411276855,TF
2013-12-06,TF1403.CFX,2,0.38168235255354044,15,,0.012036814345096448,TF
2013-12-09,TF1403.CFX,2,0.2989619504947731,16,,-0.015333256774831872,TF
2013-12-10,TF1403.CFX,2,0.1589722255557298,25,,-0.019134732935895644,TF
2013-12-11,TF1403.CFX,2,0.3125188939140009,32,,-0.02236978160047982,TF
2013-12-12,TF1403.CFX,2,0.3286576906873365,35,,-0.009249238031318007,TF
2013-12-13,TF1403.CFX,2,0.3791490216173481,27,,0.03300596073767568,TF
2013-12-16,TF1403.CFX,2,0.32596880724115596,16,,0.040062329107419956,TF
2013-12-17,TF1403.CFX,2,0.27200072831837707,18,,-0.008372521463742821,TF
2013-12-18,TF1403.CFX,2,0.3306354925501654,22,,-0.010319268957331328,TF
2013-12-19,TF1403.CFX,2,0.3817395118707091,25,,0.0009847665815731377,TF
2013-12-20,TF1403.CFX,2,0.29173936091321784,16,,0.004127989089645579,TF
2013-12-23,TF1403.CFX,2,0.5709887684252256,31,,0.05590799485767496,TF
2013-12-24,TF1403.CFX,2,0.38479837534161615,29,,0.029757502213741804,TF
2013-12-25,TF1403.CFX,2,0.3996440399012652,17,,0.012886807048951043,TF
2013-12-26,TF1403.CFX,2,0.2757804300174858,15,,-0.02032625903154246,TF
2013-12-27,TF1403.CFX,2,0.3701018125018408,15,0.65,-0.051079185717090005,TF
2013-12-30,TF1403.CFX,2,0.3005281952104163,16,0.38095238095238093,-0.019808258766182408,TF
2013-12-31,TF1403.CFX,2,0.3966578081932718,25,0.8636363636363636,0.0018775301776943754,TF
2014-01-02,TF1403.CFX,2,0.30199907338986887,20,0.391304347826087,0.007899328243619708,TF
2014-01-03,TF1403.CFX,2,0.4605127485178711,27,0.9583333333333334,0.018229275021151303,TF
2014-01-06,TF1403.CFX,2,0.36196876662738076,18,0.6,0.01867360831585283,TF
2014-01-07,TF1403.CFX,2,0.1491772088197605,23,0.0,-0.043499150550951084,TF
2014-01-08,TF1403.CFX,2,0.23054892467192617,23,0.07407407407407407,-0.04542358371339959,TF
2014-01-09,TF1403.CFX,2,0.1957014136136103,23,0.07142857142857142,-0.06610425117639762,TF
2014-01-10,TF1403.CFX,2,0.3024651626601052,23,0.4482758620689655,-0.007248300314070133,TF
2014-01-13,TF1403.CFX,2,0.40983226889084445,12,0.9,0.059322635813034694,TF
2014-01-14,TF1403.CFX,2,0.3387251518713996,11,0.6129032258064516,0.043048330967618106,TF
2014-01-15,TF1403.CFX,2,0.2715896739927693,31,0.1875,0.01880365099696124,TF
2014-01-16,TF1403.CFX,2,0.30447662028838696,14,0.45454545454545453,-0.01342196796415116,TF
2014-01-17,TF1403.CFX,2,0.3048308705043897,13,0.47058823529411764,-0.024425132835592223,TF
2014-01-20,TF1403.CFX,2,0.30802052521348844,13,0.4857142857142857,-0.002816805680420198,TF
2014-01-21,TF1403.CFX,2,0.2307165749411321,26,0.1111111111111111,-0.00782022931781729,TF
2014-01-22,TF1403.CFX,2,0.27905372810367346,19,0.2702702702702703,-0.012496007993268454,TF
2014-01-23,TF1403.CFX,2,0.14192813502459384,16,0.0,-0.03547722680694067,TF
2014-01-24,TF1403.CFX,2,0.20968490580549673,11,0.10256410256410256,-0.02854596787325216,TF
2014-01-27,TF1403.CFX,2,0.30283984406214004,24,0.475,0.007487771594383907,TF
2014-01-28,TF1403.CFX,2,0.2243745231824597,16,0.12195121951219512,0.005155329919511875,TF
2014-01-29,TF1403.CFX,2,0.25717464314959776,11,0.23809523809523808,0.024518263362697086,TF
2014-01-30,TF1403.CFX,2,0.2811427524201801,6,0.3488372093023256,0.009725049231682454,TF
2014-02-07,TF1403.CFX,2,0.2736584579434927,9,0.29545454545454547,-0.00015945429995741777,TF
2014-02-10,TF1403.CFX,2,0.31014602602412095,14,0.6,0.018802682047721748,TF
2014-02-11,TF1403.CFX,2,0.3537098245553625,19,0.7391304347826086,0.022207363641547035,TF
2014-02-12,TF1403.CFX,2,0.26856282791338204,15,0.23404255319148937,0.00548915175982736,TF
2014-02-13,TF1403.CFX,2,0.33810963131949257,10,0.7083333333333334,0.008731914864126078,TF
2014-02-14,TF1403.CFX,2,0.3146189032781295,12,0.6326530612244898,-0.0006654438727852763,TF
2014-02-17,TF1403.CFX,2,0.3492702485542981,13,0.74,0.0037176923362618685,TF
2014-02-18,TF1403.CFX,2,0.2193131647533718,20,0.09803921568627451,-0.008733870908521495,TF
2014-02-19,TF1403.CFX,2,0.3733436920524569,17,0.8076923076923077,-0.002483761705882903,TF
2014-02-20,TF1403.CFX,2,0.2785519270678326,14,0.32075471698113206,-0.0048060508922435075,TF
2014-02-21,TF1403.CFX,2,0.1908216385423252,7,0.05555555555555555,-0.025765845770948502,TF
2014-02-24,TF1406.CFX,3,,14,,,TF
2014-02-25,TF1406.CFX,3,0.33919676713510616,29,,,TF
2014-02-26,TF1406.CFX,3,0.2680929037708461,25,,,TF
2014-02-27,TF1406.CFX,3,0.3390175040226605,36,,,TF
2014-02-28,TF1406.CFX,3,0.3007344884748207,29,,,TF
2014-03-03,TF1406.CFX,3,0.5280650243944561,26,,0.041037809922267444,TF
2014-03-04,TF1406.CFX,3,0.20033288524496956,30,,0.005352748332004253,TF
2014-03-05,TF1406.CFX,3,0.16312053794328182,51,,-0.045219553538860854,TF
2014-03-06,TF1406.CFX,3,0.14975214561971387,36,,-0.0666909172161388,TF
2014-03-07,TF1406.CFX,3,0.23098293263195951,19,,-0.06447449231502488,TF
2014-03-10,TF1406.CFX,3,0.31747065325681356,29,,0.030213793071236568,TF
2014-03-11,TF1406.CFX,3,0.2512213417255101,21,,0.03439201152015562,TF
2014-03-12,TF1406.CFX,3,0.11256249187513483,25,,-0.005414089839560751,TF
2014-03-13,TF1406.CFX,3,0.3624096838885661,30,,0.005794534113153438,TF
2014-03-14,TF1406.CFX,3,0.26136634412338444,20,,-0.00010202761038021757,TF
2014-03-17,TF1406.CFX,3,0.3270753841754757,15,,0.03005119371481809,TF
2014-03-18,TF1406.CFX,3,0.40534025383984335,25,,0.055022122421632666,TF
2014-03-19,TF1406.CFX,3,0.1862612605732776,25,,-0.0208322936914118,TF
2014-03-20,TF1406.CFX,3,0.3013887022863325,23,,-0.006076940727630186,TF
2014-03-21,TF1406.CFX,3,0.20454389273555704,16,,-0.03490145344333481,TF
2014-03-24,TF1406.CFX,3,0.23494904958658655,8,,-0.032249977634423416,TF
2014-03-25,TF1406.CFX,3,0.3481587017689485,20,0.85,0.025735522969159586,TF
2014-03-26,TF1406.CFX,3,0.42069842780299,15,0.9523809523809523,0.038223426006670634,TF
2014-03-27,TF1406.CFX,3,0.3246446220841125,14,0.6363636363636364,0.04259508369135144,TF
2014-03-28,TF1406.CFX,3,0.3105915430162243,7,0.5652173913043478,0.012777090717443951,TF
2014-03-31,TF1406.CFX,3,0.23108487070167483,8,0.2916666666666667,-0.0344254546921313,TF
2014-04-01,TF1406.CFX,3,0.3858873443746667,23,0.88,-0.016318191823908423,TF
2014-04-02,TF1406.CFX,3,0.4481047025084142,30,0.9615384615384616,0.032221596220704585,TF
2014-04-03,TF1406.CFX,3,0.3872298883316302,33,0.8518518518518519,0.03702965224375511,TF
2014-04-04,TF1406.CFX,3,0.2663635941827398,18,0.39285714285714285,0.007189999091909349,TF
2014-04-08,TF1406.CFX,3,0.1886329035562861,14,0.13793103448275862,-0.05762499899624357,TF
2014-04-09,TF1406.CFX,3,0.25477650301662813,15,0.36666666666666664,-0.05852533837589162,TF
2014-04-10,TF1406.CFX,3,0.26588928330962197,17,0.41935483870967744,-0.025426830121012812,TF
2014-04-11,TF1406.CFX,3,0.21557120468361476,19,0.21875,-0.0024328399244914257,TF
2014-04-14,TF1406.CFX,3,0.23704081862281773,22,0.3333333333333333,0.005761053180004994,TF
2014-04-15,TF1406.CFX,3,0.216181420574202,12,0.23529411764705882,-0.010603862957165661,TF
2014-04-16,TF1406.CFX,3,0.21885469520803671,21,0.2571428571428571,-0.009345896031258332,TF
2014-04-17,TF1406.CFX,3,0.23756527422589505,42,0.3888888888888889,0.0025802015669779523,TF
2014-04-18,TF1406.CFX,3,0.17306613562531561,18,0.08108108108108109,-0.010656551234331119,TF
2014-04-21,TF1406.CFX,3,0.1785357657057669,11,0.10526315789473684,-0.012107986931959136,TF
2014-04-22,TF1406.CFX,3,0.20979364142814466,17,0.23076923076923078,-0.007715161607991228,TF
2014-04-23,TF1406.CFX,3,0.17600618136473017,13,0.1,-0.008639067991950073,TF
2014-04-24,TF1406.CFX,3,0.12270070349204976,7,0.024390243902439025,-0.010326044860756839,TF
2014-04-25,TF1406.CFX,3,0.16952880394880934,10,0.09523809523809523,-0.010510686145001008,TF
2014-04-28,TF1406.CFX,3,0.200314076083985,8,0.23255813953488372,-0.002543650810424014,TF
2014-04-29,TF1406.CFX,3,0.27131198417867386,12,0.6363636363636364,0.02682249782198226,TF
2014-04-30,TF1406.CFX,3,0.27999487956933067,12,0.6444444444444445,0.04163715323844264,TF
2014-05-05,TF1406.CFX,3,0.22940494744642784,8,0.3695652173913043,0.019943309048058272,TF
2014-05-06,TF1406.CFX,3,0.40714650386169193,21,0.9361702127659575,0.03717578188231678,TF
2014-05-07,TF1406.CFX,3,0.1961274122797724,12,0.20833333333333334,-0.0023217519505441655,TF
2014-05-08,TF1406.CFX,3,0.2133741367161981,12,0.30612244897959184,-0.01665190208729206,TF
2014-05-09,TF1406.CFX,3,0.3194929006094042,27,0.74,-0.0013596460819541023,TF
2014-05-12,TF1406.CFX,3,0.24515989086695042,15,0.49019607843137253,-0.020060773765985123,TF
2014-05-13,TF1406.CFX,3,0.2513147357796121,13,0.5192307692307693,0.014216040115043183,TF
2014-05-14,TF1406.CFX,3,0.12524686413799552,15,0.03773584905660377,-0.02444327099861973,TF
2014-05-15,TF1406.CFX,3,0.11881178203566367,12,0.018518518518518517,-0.0521275263876436,TF
2014-05-16,TF1409.CFX,4,,12,,,TF
2014-05-19,TF1409.CFX,4,0.3530562020228702,32,,,TF
2014-05-20,TF1409.CFX,4,0.2785589812150983,33,,,TF
2014-05-21,TF1409.CFX,4,0.25122947809168245,27,,,TF
2014-05-22,TF1409.CFX,4,0.26117791800987794,39,,,TF
2014-05-23,TF1409.CFX,4,0.264865273291457,25,,-0.01937629206680468,TF
2014-05-26,TF1409.CFX,4,0.1694832717106314,16,,-0.020451562380915937,TF
2014-05-27,TF1409.CFX,4,0.15126346678207214,57,,-0.029162666891846722,TF
2014-05-28,TF1409.CFX,4,0.2372564231425896,77,,-0.016144479624396156,TF
2014-05-29,TF1409.CFX,4,0.34615319971589803,81,,0.02303490042808403,TF
2014-05-30,TF1409.CFX,4,0.6264762444462424,71,,0.1108875678405048,TF
2014-06-03,TF1409.CFX,4,0.6306449918128411,80,,0.13479828713651906,TF
2014-06-04,TF1409.CFX,4,0.6350911218486336,113,,0.1080161189509031,TF
2014-06-05,TF1409.CFX,4,0.5526522496702199,200,,0.04216129773110348,TF
2014-06-06,TF1409.CFX,4,0.31349173705183453,84,,-0.07039617569314369,TF
2014-06-09,TF1409.CFX,4,0.2775015233099085,51,,-0.10278863218026642,TF
2014-06-10,TF1409.CFX,4,0.3722589743646578,93,,-0.0800815021328263,TF
2014-06-11,TF1409.CFX,4,0.2736228806752841,50,,-0.049929150067704806,TF
2014-06-12,TF1409.CFX,4,0.1990724037059999,32,,-0.02327173093262937,TF
2014-06-13,TF1409.CFX,4,0.4236805309729914,57,,0.011917144466750785,TF
2014-06-16,TF1409.CFX,4,0.5070675879382274,66,,0.041967487744484645,TF
2014-06-17,TF1409.CFX,4,0.2156689731090875,84,0.15,0.019208736909983426,TF
2014-06-18,TF1409.CFX,4,0.33198778071438106,50,0.5714285714285714,0.0057819196152858465,TF
2014-06-19,TF1409.CFX,4,0.11920531070027278,29,0.0,-0.07840302477692834,TF
2014-06-20,TF1409.CFX,4,0.28744246164496656,37,0.5217391304347826,-0.053571391499533626,TF
2014-06-23,TF1409.CFX,4,0.3982640176981145,22,0.75,0.03206447701086394,TF
2014-06-24,TF1409.CFX,4,0.2562470357892077,16,0.28,0.012757721714749504,TF
2014-06-25,TF1409.CFX,4,0.3372267713529331,19,0.6153846153846154,0.04048474954495618,TF
2014-06-26,TF1409.CFX,4,0.2665577619968859,21,0.37037037037037035,-0.010280664564134267,TF
2014-06-27,TF1409.CFX,4,0.17907501107342824,13,0.10714285714285714,-0.04280672870416942,TF
2014-06-30,TF1409.CFX,4,0.2414206143065305,21,0.2413793103448276,-0.018780460324485927,TF
2014-07-01,TF1409.CFX,4,0.1905757069521012,66,0.13333333333333333,-0.03184392764920193,TF
2014-07-02,TF1409.CFX,4,0.28685359859807824,56,0.5483870967741935,0.005209236908105752,TF
2014-07-03,TF1409.CFX,4,0.343760863647138,53,0.6875,0.037480468943896714,TF
2014-07-04,TF1409.CFX,4,0.2731878121040591,82,0.42424242424242425,0.021671955229009398,TF
2014-07-07,TF1409.CFX,4,0.2445834113284635,30,0.2647058823529412,0.009434962225870553,TF
2014-07-08,TF1409.CFX,4,0.3049334858702301,21,0.6,-0.006301767777437073,TF
2014-07-09,TF1409.CFX,4,0.24338256996574564,16,0.25,-0.01690109135966137,TF
2014-07-10,TF1409.CFX,4,0.31746153769120383,18,0.6486486486486487,0.00873466098115715,TF
2014-07-11,TF1409.CFX,4,0.2379741837230879,19,0.21052631578947367,-6.904033897775497e-05,TF
2014-07-14,TF1409.CFX,4,0.2616829996831272,21,0.38461538461538464,-0.009190935861686355,TF
2014-07-15,TF1409.CFX,4,0.20380169986307634,37,0.15,-0.013494027821341537,TF
2014-07-16,TF1409.CFX,4,0.18734778433319937,47,0.0975609756097561,-0.02943999905760205,TF
2014-07-17,TF1409.CFX,4,0.15519689256889158,60,0.047619047619047616,-0.02398897976583205,TF
2014-07-18,TF1409.CFX,4,0.23747029253747104,63,0.2558139534883721,-0.009703022158549712,TF
2014-07-21,TF1409.CFX,4,0.23504452842592247,26,0.22727272727272727,0.011260816532996399,TF
2014-07-22,TF1409.CFX,4,0.39737101986299855,37,0.8444444444444444,0.049989410691662926,TF
2014-07-23,TF1409.CFX,4,0.26513897527456626,27,0.4782608695652174,0.037978489273687695,TF
2014-07-24,TF1409.CFX,4,0.49134678480772054,47,0.8936170212765957,0.05378474313891428,TF
2014-07-25,TF1409.CFX,4,0.3680595399568717,41,0.7916666666666666,0.03600057880066204,TF
2014-07-28,TF1409.CFX,4,0.3496068283141396,37,0.7551020408163265,0.0007392181584587543,TF
2014-07-29,TF1409.CFX,4,0.4131494882795974,40,0.86,0.015428106951648136,TF
2014-07-30,TF1409.CFX,4,0.33707824855079593,27,0.6666666666666666,-0.026344712419112338,TF
2014-07-31,TF1409.CFX,4,0.2816744016162335,53,0.5384615384615384,-0.018529885644461997,TF
2014-08-01,TF1409.CFX,4,0.3487962517960916,46,0.7358490566037735,-0.013309623969945982,TF
2014-08-04,TF1409.CFX,4,0.183428329396425,28,0.09259259259259259,-0.04477243145210491,TF
2014-08-05,TF1409.CFX,4,0.25444045664368437,34,0.34545454545454546,-0.02635216560340318,TF
2014-08-06,TF1409.CFX,4,0.27535204989051004,85,0.5,-0.010700049860385408,TF
2014-08-07,TF1409.CFX,4,0.3448428355133051,28,0.7192982456140351,0.008401688792851192,TF
2014-08-08,TF1409.CFX,4,0.22560460324444093,22,0.1896551724137931,0.017475492656565263,TF
2014-08-11,TF1409.CFX,4,0.2234343858250293,31,0.1864406779661017,-0.011175958828337922,TF
2014-08-12,TF1409.CFX,4,0.33468494891873524,33,0.6666666666666666,-0.00027426516318254104,TF
2014-08-13,TF1409.CFX,4,0.12367649178685754,65,0.016666666666666666,-0.03332523417786008,TF
2014-08-14,TF1409.CFX,4,0.14444305884657913,25,0.03333333333333333,-0.02620809828338953,TF
2014-08-15,TF1412.CFX,5,0.29096592666719334,27,,,TF
2014-08-18,TF1412.CFX,5,0.2939386225671868,24,,,TF
2014-08-19,TF1412.CFX,5,0.5746753266401673,34,,,TF
2014-08-20,TF1412.CFX,5,0.17132165160521734,36,,,TF
2014-08-21,TF1412.CFX,5,0.23201537374395836,27,,-0.024051807680843928,TF
2014-08-22,TF1412.CFX,5,0.3055146613361311,17,,-0.03195078753583204,TF
2014-08-25,TF1412.CFX,5,0.293297707765549,6,,-0.0428562228018323,TF
2014-08-26,TF1412.CFX,5,0.2113033653095946,22,,0.014124576143034506,TF
2014-08-27,TF1412.CFX,5,0.3025758009984749,30,,0.004690955848249656,TF
2014-08-28,TF1412.CFX,5,0.27069996443908384,27,,-0.006035130056116856,TF
2014-08-29,TF1412.CFX,5,0.17031267358337257,15,,-0.018657346923486355,TF
2014-09-01,TF1412.CFX,5,0.2730608737520793,14,,-0.0008748110530132913,TF
2014-09-02,TF1412.CFX,5,0.43706543948307547,20,,0.02713401862821966,TF
2014-09-03,TF1412.CFX,5,0.49078952881068477,37,,0.07069318946429048,TF
2014-09-04,TF1412.CFX,5,0.29109492433199086,25,,0.045929315655584196,TF
2014-09-05,TF1412.CFX,5,0.329353738441684,29,,-0.0033384785771875315,TF
2014-09-09,TF1412.CFX,5,0.1257343594589912,20,,-0.07840979504171694,TF
2014-09-10,TF1412.CFX,5,0.26720810673298845,20,,-0.06125234090283922,TF
2014-09-11,TF1412.CFX,5,0.33861586683043493,17,,0.003289625328819268,TF
2014-09-12,TF1412.CFX,5,0.36815578630139856,9,,0.029048560309087295,TF
2014-09-15,TF1412.CFX,5,0.38551455977592924,28,0.85,0.06205080802022862,TF
2014-09-16,TF1412.CFX,5,0.10765402855061099,18,0.0,-0.027220946341926056,TF
2014-09-17,TF1412.CFX,5,0.3199807317700165,56,0.6818181818181818,-0.02977720278716244,TF
2014-09-18,TF1412.CFX,5,0.24501828006347356,84,0.2608695652173913,-0.031180884048176278,TF
2014-09-19,TF1412.CFX,5,0.33247159807325743,89,0.75,0.003127832810751896,TF
2014-09-22,TF1412.CFX,5,0.3050727004645567,65,0.6,0.04073282101311323,TF
2014-09-23,TF1412.CFX,5,0.4144382903263426,70,0.8846153846153846,0.02489695375137353,TF
2014-09-24,TF1412.CFX,5,0.3163500512636044,41,0.6296296296296297,0.022463023465334686,TF
2014-09-25,TF1412.CFX,5,0.5695302121594904,39,0.9642857142857143,0.04853945789715136,TF
2014-09-26,TF1412.CFX,5,0.33396844281236593,21,0.7241379310344828,0.021288340652876624,TF
2014-09-29,TF1412.CFX,5,0.09449143666641681,24,0.0,-0.06222753157710901,TF
2014-09-30,TF1412.CFX,5,0.2817650236229869,17,0.3548387096774194,-0.054420883077430836,TF
2014-10-08,TF1412.CFX,5,0.25678166440303,16,0.25,-0.06777005147022998,TF
2014-10-09,TF1412.CFX,5,0.3692828340844002,30,0.8181818181818182,0.023291901028068173,TF
2014-10-10,TF1412.CFX,5,0.29155897196659253,10,0.4411764705882353,0.04816528810617647,TF
2014-10-13,TF1412.CFX,5,0.3269758838692566,31,0.6571428571428571,0.012519902805610194,TF
2014-10-14,TF1412.CFX,5,0.7000340186072872,86,1.0,0.08441977581933707,TF
2014-10-15,TF1412.CFX,5,0.12693324543931814,68,0.08108108108108109,-0.007622413064946948,TF
2014-10-16,TF1412.CFX,5,0.10148116992984671,63,0.02631578947368421,-0.058019824250343,TF
2014-10-17,TF1412.CFX,5,0.5422931669343065,41,0.9230769230769231,-0.01679182825473404,TF
2014-10-20,TF1412.CFX,5,0.40348182139867184,75,0.825,-0.017774447292224237,TF
2014-10-21,TF1412.CFX,5,0.4728311707858257,77,0.8780487804878049,0.09937965021618403,TF
2014-10-22,TF1412.CFX,5,0.5408498429289034,64,0.9047619047619048,0.08092753498496326,TF
2014-10-23,TF1412.CFX,5,0.44234562476447625,40,0.8372093023255814,-0.00625270628094291,TF
2014-10-24,TF1412.CFX,5,0.7000794305263381,56,1.0,0.05627096722339832,TF
2014-10-27,TF1412.CFX,5,0.15009450737826865,29,0.1111111111111111,-0.048624373921767924,TF
2014-10-28,TF1412.CFX,5,0.19333702218560347,54,0.17391304347826086,-0.09872767588728075,TF
2014-10-29,TF1412.CFX,5,0.3898975847512387,42,0.7446808510638298,-0.06116384883672097,TF
2014-10-30,TF1412.CFX,5,0.44324416835214925,71,0.8333333333333334,-0.027386744697540776,TF
2014-10-31,TF1412.CFX,5,0.23565385479713133,39,0.22448979591836735,0.04210258410042711,TF
2014-11-03,TF1412.CFX,5,0.08863310777529029,62,0.0,-0.03636515587747337,TF
2014-11-04,TF1412.CFX,5,0.59295455485099,74,0.9607843137254902,0.005150287962264355,TF
2014-11-05,TF1412.CFX,5,0.6257409971084782,60,0.9615384615384616,0.07222943575665167,TF
2014-11-06,TF1503.CFX,6,0.2797283203650672,28,,,TF
2014-11-07,TF1503.CFX,6,0.35286353552882244,46,,,TF
2014-11-10,TF1503.CFX,6,0.45216437023104283,56,,,TF
2014-11-11,TF1503.CFX,6,0.5442088017130539,91,,,TF
2014-11-12,TF1503.CFX,6,0.24136998098563253,83,,0.011462858742536214,TF
2014-11-13,TF1503.CFX,6,0.17449299045335329,88,,-0.05675354793963485,TF
2014-11-14,TF1503.CFX,6,0.3096792854307866,74,,-0.0654685980860213,TF
2014-11-17,TF1503.CFX,6,0.2285039295865204,61,,-0.05631004398079127,TF
2014-11-18,TF1503.CFX,6,0.28969362186423603,95,,0.015065822089037418,TF
2014-11-19,TF1503.CFX,6,0.1767543347042515,75,,-0.0015462975064754192,TF
2014-11-20,TF1503.CFX,6,0.557945704237135,52,,0.04447832427304278,TF
2014-11-21,TF1503.CFX,6,0.45054177495321407,100,,0.07123277731062863,TF
2014-11-24,TF1503.CFX,6,0.20294441180249034,82,,0.010028902012547119,TF
2014-11-25,TF1503.CFX,6,0.32831469767810706,105,,-0.005188056648693351,TF
2014-11-26,TF1503.CFX,6,0.650256177274308,84,,0.006239386879923892,TF
2014-11-27,TF1503.CFX,6,0.42462625501256823,62,,0.039548072559052586,TF
2014-11-28,TF1503.CFX,6,0.41997310164533647,68,,0.05303689370201534,TF
2014-12-01,TF1503.CFX,6,0.8031165832097195,80,,0.07193206954342535,TF
2014-12-02,TF1503.CFX,6,0.3266441841489805,69,,-0.02687336580535036,TF
2014-12-03,TF1503.CFX,6,0.7545854149613954,105,,0.05665894024012983,TF
2014-12-04,TF1503.CFX,6,0.7201624086597989,88,0.9,0.05518474457806007,TF
2014-12-05,TF1503.CFX,6,0.4051192962480938,122,0.5238095238095238,-0.040247634941243296,TF
2014-12-08,TF1503.CFX,6,0.636863981324373,97,0.8181818181818182,0.027097347563748354,TF
2014-12-09,TF1503.CFX,6,0.3627919943608139,171,0.4782608695652174,-0.08668852685365888,TF
2014-12-10,TF1503.CFX,6,0.3833483284668263,91,0.5,-0.07159554622732249,TF
2014-12-11,TF1503.CFX,6,0.36470599446659385,75,0.48,-0.03343422564205464,TF
2014-12-12,TF1503.CFX,6,0.37424883214616245,56,0.5,-0.05233162982506412,TF
2014-12-15,TF1503.CFX,6,0.19031552204145846,33,0.07407407407407407,-0.03540524409593746,TF
2014-12-16,TF1503.CFX,6,0.2657865398162421,68,0.21428571428571427,-0.04095140497263037,TF
2014-12-17,TF1503.CFX,6,0.2571549192202229,91,0.20689655172413793,-0.03235644428226623,TF
2014-12-18,TF1503.CFX,6,0.5355963561898437,63,0.7666666666666667,0.03895344452661269,TF
2014-12-19,TF1503.CFX,6,0.09879840010914746,65,0.0,0.008677557250897958,TF
2014-12-22,TF1503.CFX,6,0.40505151547834484,45,0.59375,0.012017343221312992,TF
2014-12-23,TF1503.CFX,6,0.2992220082293323,43,0.3333333333333333,-0.004641066269327998,TF
2014-12-24,TF1503.CFX,6,0.6256152497395486,68,0.8529411764705882,0.03804613952195947,TF
2014-12-25,TF1503.CFX,6,0.28325971159342356,56,0.2857142857142857,0.058948635722975595,TF
2014-12-26,TF1503.CFX,6,0.5602041733610819,46,0.8333333333333334,0.02943430191295652,TF
2014-12-29,TF1503.CFX,6,0.38439644971029385,33,0.5675675675675675,0.010493780658345631,TF
2014-12-30,TF1503.CFX,6,0.298784852135734,58,0.3157894736842105,-0.05525240570907588,TF
2014-12-31,TF1503.CFX,6,0.20220569064061347,50,0.10256410256410256,-0.0423527363130968,TF
2015-01-05,TF1503.CFX,6,0.5416565966916069,62,0.775,-0.021928591240863014,TF
2015-01-06,TF1503.CFX,6,0.23650926634259237,32,0.17073170731707318,-0.0052902622179529955,TF
2015-01-07,TF1503.CFX,6,0.26773166604424564,36,0.2619047619047619,-0.0027802796480997814,TF
2015-01-08,TF1503.CFX,6,0.3262879931655696,29,0.4186046511627907,-0.0025760325597448896,TF
2015-01-09,TF1503.CFX,6,0.27125209211308954,43,0.2727272727272727,-0.04510302823340575,TF
2015-01-12,TF1503.CFX,6,0.29154715575261736,26,0.35555555555555557,0.011359620488889388,TF
2015-01-13,TF1503.CFX,6,0.5170207883899596,48,0.7608695652173914,0.04638374072784755,TF
2015-01-14,TF1503.CFX,6,0.26723566112288355,50,0.23404255319148937,0.012766403219149791,TF
2015-01-15,TF1503.CFX,6,0.1418712386816297,42,0.020833333333333332,-0.028307320149265347,TF
2015-01-16,TF1503.CFX,6,0.20874520079795023,50,0.14285714285714285,-0.05407534596176642,TF
2015-01-19,TF1503.CFX,6,0.3508741668430599,54,0.52,-0.03907837034187326,TF
2015-01-20,TF1503.CFX,6,0.2400464158739287,48,0.19607843137254902,0.015462443766352052,TF
2015-01-21,TF1503.CFX,6,0.36298299087450075,36,0.5769230769230769,0.04735247194617206,TF
2015-01-22,TF1503.CFX,6,0.2787389136312851,48,0.32075471698113206,0.01520962496981106,TF
2015-01-23,TF1503.CFX,6,0.23952897440812637,29,0.18518518518518517,-0.018399788711251065,TF
2015-01-26,TF1503.CFX,6,0.19423750136915965,30,0.09090909090909091,-0.021507184547591245,TF
2015-01-27,TF1503.CFX,6,0.41942282318987034,43,0.7142857142857143,0.0028378252368613686,TF
2015-01-28,TF1503.CFX,6,0.40788542953970774,48,0.7017543859649122,0.043818688059858925,TF
2015-01-29,TF1503.CFX,6,0.3920394377821911,30,0.6551724137931034,0.051866885491867756,TF
2015-01-30,TF1503.CFX,6,0.3411170059888744,29,0.5084745762711864,0.026637562383175016,TF
2015-02-02,TF1503.CFX,6,0.4493717807958662,43,0.7666666666666667,-0.000687050833884173,TF
2015-02-03,TF1503.CFX,6,0.521588433214575,32,0.8166666666666667,0.028473835036340954,TF
2015-02-04,TF1503.CFX,6,0.3272086826903574,28,0.4666666666666667,0.00508099170420333,TF
2015-02-05,TF1506.CFX,7,0.09661185954474225,21,,,TF
2015-02-06,TF1506.CFX,7,0.2540480115476464,23,,,TF
2015-02-09,TF1506.CFX,7,0.20571301525425412,16,,,TF
2015-02-10,TF1506.CFX,7,0.32618606142191503,38,,,TF
2015-02-11,TF1506.CFX,7,0.30567008480630287,54,,0.04902545003973899,TF
2015-02-12,TF1506.CFX,7,0.2891018729493485,54,,0.017006479235545303,TF
2015-02-13,TF1506.CFX,7,0.3724763529627986,37,,0.029644248694452247,TF
2015-02-16,TF1506.CFX,7,0.23714827424952206,20,,-0.011126930618829023,TF
2015-02-17,TF1506.CFX,7,0.34182479502039087,26,,0.002035582172834949,TF
2015-02-25,TF1506.CFX,7,0.28562569820791717,28,,-0.003760390742527042,TF
2015-02-26,TF1506.CFX,7,0.19328790687836453,37,,-0.030989946821047304,TF
2015-02-27,TF1506.CFX,7,0.234831839664385,27,,-0.015316975731230049,TF
2015-03-02,TF1506.CFX,7,0.1897552439616413,47,,-0.035493296066103124,TF
2015-03-03,TF1506.CFX,7,0.21745150936326346,39,,-0.013988104060603057,TF
2015-03-04,TF1506.CFX,7,0.6230989422849259,49,,0.08422417405120013,TF
2015-03-05,TF1506.CFX,7,0.646310709769431,55,,0.12563014385333765,TF
2015-03-06,TF1506.CFX,7,0.5062018856468603,93,,0.10617524837766054,TF
2015-03-09,TF1506.CFX,7,0.41047371101825514,126,,0.026914734667191777,TF
2015-03-10,TF1506.CFX,7,0.5696548548100809,140,,-0.03427251737008656,TF
2015-03-11,TF1506.CFX,7,0.32352650087599244,122,,-0.05821154486236564,TF
2015-03-12,TF1506.CFX,7,0.20789468346369122,120,0.2,-0.0683561614508601,TF
2015-03-13,TF1506.CFX,7,0.6112095845669436,199,0.9047619047619048,0.003971157575098716,TF
2015-03-16,TF1506.CFX,7,0.48203299478325745,85,0.7727272727272727,0.011243936363730422,TF
2015-03-17,TF1506.CFX,7,0.20755060358399463,94,0.17391304347826086,0.004218651673557061,TF
2015-03-18,TF1506.CFX,7,0.5337584209010491,70,0.8333333333333334,0.024806849389176676,TF
2015-03-19,TF1506.CFX,7,0.5032885064186534,44,0.76,-0.01641167301787887,TF
2015-03-20,TF1506.CFX,7,0.36204281327258236,28,0.6153846153846154,0.005575753981330855,TF
2015-03-23,TF1506.CFX,7,0.3125295352784581,32,0.48148148148148145,0.0038242255760460252,TF
2015-03-24,TF1506.CFX,7,0.15077915219033122,46,0.03571428571428571,-0.09567175085616311,TF
2015-03-25,TF1506.CFX,7,0.16274093384132526,38,0.06896551724137931,-0.08923588062369074,TF
2015-03-26,TF1506.CFX,7,0.25065141871107355,51,0.36666666666666664,-0.03725713905601504,TF
2015-03-27,TF1506.CFX,7,0.18889836152342382,71,0.0967741935483871,-0.014739008098932627,TF
2015-03-30,TF1506.CFX,7,0.1904214160377317,57,0.15625,0.010544195537689949,TF
2015-03-31,TF1506.CFX,7,0.49713933427986917,67,0.7878787878787878,0.06085667982037459,TF
2015-04-01,TF1506.CFX,7,0.2996830487761112,44,0.5,0.04063042328865206,TF
2015-04-02,TF1506.CFX,7,0.21537873544614433,47,0.2857142857142857,0.016222238058382056,TF
2015-04-03,TF1506.CFX,7,0.3618765388679199,46,0.6666666666666666,0.006114964682665158,TF
2015-04-07,TF1506.CFX,7,0.5119822980422247,42,0.8648648648648649,0.009187941761651986,TF
2015-04-08,TF1506.CFX,7,0.19009591206218307,84,0.13157894736842105,0.007742928916822422,TF
2015-04-09,TF1506.CFX,7,0.26150380737891565,48,0.4358974358974359,-0.007953048294019415,TF
2015-04-10,TF1506.CFX,7,0.24825110664951938,47,0.375,-0.04777293551001101,TF
2015-04-13,TF1506.CFX,7,0.46283582476711516,56,0.7560975609756098,-0.004013775196288272,TF
2015-04-14,TF1506.CFX,7,0.7768616185571667,62,1.0,0.13748634303781668,TF
2015-04-15,TF1506.CFX,7,0.27045936639654466,88,0.4418604651162791,0.05465216299429053,TF
2015-04-16,TF1506.CFX,7,0.35708478204519334,37,0.6363636363636364,0.0025290892420777424,TF
2015-04-17,TF1506.CFX,7,0.17913538728190034,45,0.06666666666666667,-0.09871777114824028,TF
2015-04-20,TF1506.CFX,7,0.3069772096219326,50,0.5434782608695652,-0.10310927969851127,TF
2015-04-21,TF1506.CFX,7,0.4428922345222631,59,0.7446808510638298,0.02947581638281762,TF
2015-04-22,TF1506.CFX,7,0.30746844606715873,36,0.5416666666666666,0.016452417528429353,TF
2015-04-23,TF1506.CFX,7,0.29290425424582067,40,0.46938775510204084,0.02280289703730668,TF
2015-04-24,TF1506.CFX,7,0.39571368119281386,41,0.72,0.0027484962865320095,TF
2015-04-27,TF1506.CFX,7,0.1086425070990104,61,0.0196078431372549,-0.05802542197208501,TF
2015-04-28,TF1506.CFX,7,0.36802153358781425,33,0.6923076923076923,-0.006315557210549927,TF
2015-04-29,TF1506.CFX,7,0.3834818080253423,28,0.7169811320754716,0.01534629599540437,TF
2015-04-30,TF1506.CFX,7,0.6054392674789734,38,0.9259259259259259,0.0694290473498651,TF
2015-05-04,TF1506.CFX,7,0.330434870116553,29,0.5818181818181818,0.06810024599262443,TF
2015-05-05,TF1506.CFX,7,0.254929759447894,38,0.35714285714285715,-0.027923048618862988,TF
2015-05-06,TF1506.CFX,7,0.5693396063160894,68,0.8947368421052632,0.0021206088550414838,TF
2015-05-07,TF1506.CFX,7,0.3104963953645361,51,0.5172413793103449,-0.03509810080293381,TF
2015-05-08,TF1506.CFX,7,0.3272201836546056,33,0.576271186440678,0.0049137262992747345,TF
2015-05-11,TF1506.CFX,7,0.28182630667789604,40,0.38333333333333336,-0.018832632820147965,TF
2015-05-12,TF1506.CFX,7,0.5379574371481237,46,0.8833333333333333,-0.009143442702257133,TF
2015-05-13,TF1506.CFX,7,0.2723825016699218,32,0.35,0.013450946610428949,TF
2015-05-14,TF1506.CFX,7,0.5008826938914048,32,0.8,0.03378812154656241,TF
2015-05-15,TF1506.CFX,7,0.3289831424845806,22,0.55,0.005723892835665034,TF
2015-05-18,TF1509.CFX,8,,15,,,TF
2015-05-19,TF1509.CFX,8,0.36332645449309564,23,,,TF
2015-05-20,TF1509.CFX,8,0.17895556850664782,24,,,TF
2015-05-21,TF1509.CFX,8,0.3210218395097975,18,,,TF
2015-05-22,TF1509.CFX,8,0.3048476185094596,15,,,TF
2015-05-25,TF1509.CFX,8,0.19506005282190036,18,,-0.021064075333957877,TF
2015-05-26,TF1509.CFX,8,0.3420227004915123,36,,0.02001724772818318,TF
2015-05-27,TF1509.CFX,8,0.30738476568614187,24,,0.0009900934334741373,TF
2015-05-28,TF1509.CFX,8,0.4746508795829814,32,,0.04519312350112852,TF
2015-05-29,TF1509.CFX,8,0.15873511576289784,20,,0.005997830497346407,TF
2015-06-01,TF1509.CFX,8,0.43013779939505425,38,,0.002758054788383979,TF
2015-06-02,TF1509.CFX,8,0.43642036204455914,35,,0.02135581125289073,TF
2015-06-03,TF1509.CFX,8,0.3806213897915047,34,,0.008962626669870789,TF
2015-06-04,TF1509.CFX,8,0.29633860845415816,31,,0.022569057577897112,TF
2015-06-05,TF1509.CFX,8,0.20110557423280828,22,,-0.059814620391489284,TF
2015-06-08,TF1509.CFX,8,0.30095676048625075,19,,-0.04504430186753132,TF
2015-06-09,TF1509.CFX,8,0.3401337496994937,23,,-0.007635712815192941,TF
2015-06-10,TF1509.CFX,8,0.24925541274765636,26,,0.004486178405368186,TF
2015-06-11,TF1509.CFX,8,0.40811534976597696,18,,0.0362318203327743,TF
2015-06-12,TF1509.CFX,8,0.22902010126161731,27,,-0.007589171838278364,TF
2015-06-15,TF1509.CFX,8,0.23410664420420363,21,,-0.023228952247661926,TF
2015-06-16,TF1509.CFX,8,0.2954119620850313,32,0.35,-0.008169560688702338,TF
2015-06-17,TF1509.CFX,8,0.3581792525018877,26,0.7142857142857143,-0.0033480333704764553,TF
2015-06-18,TF1509.CFX,8,0.3682727067680885,20,0.7727272727272727,0.040257781931062636,TF
2015-06-19,TF1509.CFX,8,0.27217638274667466,21,0.30434782608695654,0.014900022176799926,TF
2015-06-23,TF1509.CFX,8,0.24693547555275464,21,0.25,-0.01829558428197663,TF
2015-06-24,TF1509.CFX,8,0.2643798728580937,15,0.32,-0.030893599050292188,TF
2015-06-25,TF1509.CFX,8,0.25460324916909033,27,0.3076923076923077,-0.023513542508657725,TF
2015-06-26,TF1509.CFX,8,0.24243348306615875,19,0.2222222222222222,-0.005181802574469607,TF
2015-06-29,TF1509.CFX,8,0.2964916013299844,25,0.5,0.00771658617625246,TF
2015-06-30,TF1509.CFX,8,0.28307103379185095,19,0.41379310344827586,0.007927067402840849,TF
2015-07-01,TF1509.CFX,8,0.14977936171689119,13,0.0,-0.016901022417870608,TF
2015-07-02,TF1509.CFX,8,0.19732508211224187,16,0.12903225806451613,-0.023692904152092697,TF
2015-07-03,TF1509.CFX,8,0.4534710713879889,24,0.96875,0.02282129884363999,TF
2015-07-06,TF1509.CFX,8,0.33684202457085155,23,0.6666666666666666,0.04112336912290989,TF
2015-07-07,TF1509.CFX,8,0.2982187345475561,16,0.5294117647058824,0.04363956881199395,TF
2015-07-08,TF1509.CFX,8,0.15474880827122933,45,0.02857142857142857,-0.024040488452245788,TF
2015-07-09,TF1509.CFX,8,0.36883451203281103,21,0.8333333333333334,-0.035136633500997806,TF
2015-07-10,TF1509.CFX,8,0.2625744298966192,18,0.35135135135135137,-0.007791941186320972,TF
2015-07-13,TF1509.CFX,8,0.2615306285936706,15,0.34210526315789475,0.003444940971761884,TF
2015-07-14,TF1509.CFX,8,0.3091763839757974,14,0.6410256410256411,0.020155126796999566,TF
2015-07-15,TF1509.CFX,8,0.21304864050015868,14,0.175,-0.02649697889861266,TF
2015-07-16,TF1509.CFX,8,0.194294926372813,11,0.0975609756097561,-0.018504099514112433,TF
2015-07-17,TF1509.CFX,8,0.2288134018693612,12,0.21428571428571427,-0.01803159110516032,TF
2015-07-20,TF1509.CFX,8,0.20090891432899763,10,0.16279069767441862,-0.020077017792439707,TF
2015-07-21,TF1509.CFX,8,0.32242604800595076,12,0.7045454545454546,0.022536880296776873,TF
2015-07-22,TF1509.CFX,8,0.3214205086547167,13,0.6888888888888889,0.034786381070039694,TF
2015-07-23,TF1509.CFX,8,0.22383419837524493,13,0.21739130434782608,0.011055318733748654,TF
2015-07-24,TF1509.CFX,8,0.19641854705134498,13,0.1276595744680851,-0.010757258418601113,TF
2015-07-27,TF1509.CFX,8,0.2764588184449453,13,0.4791666666666667,-0.021693642072538266,TF
2015-07-28,TF1509.CFX,8,0.2945040105193905,12,0.5102040816326531,-0.00012083762009521549,TF
2015-07-29,TF1509.CFX,8,0.2636328684614531,9,0.42,0.01776828036404619,TF
2015-07-30,TF1509.CFX,8,0.26500673320598406,11,0.45098039215686275,0.012435042232578603,TF
2015-07-31,TF1509.CFX,8,0.4536692768624194,25,0.9807692307692307,0.03249236395215418,TF
2015-08-03,TF1509.CFX,8,0.33200094324262514,10,0.7358490566037735,0.026503027384743548,TF
2015-08-04,TF1509.CFX,8,0.24426773547211966,14,0.2962962962962963,0.002826394405797411,TF
2015-08-05,TF1509.CFX,8,0.2722068694394251,11,0.4727272727272727,-0.019500126892341763,TF
2015-08-06,TF1509.CFX,8,0.1946178192065437,12,0.08928571428571429,-0.05778969891149516,TF
2015-08-07,TF1509.CFX,8,0.3087522852110066,14,0.6666666666666666,-0.009614723232881307,TF
2015-08-10,TF1509.CFX,8,0.30962054801328803,10,0.6896551724137931,0.01672510408539183,TF
2015-08-11,TF1509.CFX,8,0.16381808917296162,17,0.05084745762711865,-0.010177483172618263,TF
2015-08-12,TF1509.CFX,8,0.31294395316003054,21,0.7,0.009171807186892866,TF
2015-08-13,TF1509.CFX,8,0.2707917381811611,12,0.45,-0.00725976889129486,TF
2015-08-14,TF1509.CFX,8,0.2641867935575103,11,0.4,0.0016106140096644017,TF
2015-08-17,TF1509.CFX,8,0.23077391053596336,11,0.25,0.008515448312348317,TF
2015-08-18,TF1509.CFX,8,0.3103446489204639,11,0.7166666666666667,-0.004521643612433101,TF
2015-08-19,TF1512.CFX,9,,15,,,TF
2015-08-20,TF1512.CFX,9,0.317874890871311,14,,,TF
2015-08-21,TF1512.CFX,9,0.2728796532735091,15,,,TF
2015-08-24,TF1512.CFX,9,0.30848918397067304,22,,,TF
2015-08-25,TF1512.CFX,9,0.3720094886927928,20,,,TF
2015-08-26,TF1512.CFX,9,0.25233031943662054,25,,-0.003195930745009712,TF
2015-08-27,TF1512.CFX,9,0.2851067110141023,23,,-0.0031704749052866134,TF
2015-08-28,TF1512.CFX,9,0.2597725494374988,20,,-0.01843360467450391,TF
2015-08-31,TF1512.CFX,9,0.21880610005736303,27,,-0.029896454726998128,TF
2015-09-01,TF1512.CFX,9,0.2872944818300477,18,,0.00036277138301149536,TF
2015-09-02,TF1512.CFX,9,0.4146187716004671,19,,0.028654605356527852,TF
2015-09-07,TF1512.CFX,9,0.28690347914843,29,,0.025007453096496657,TF
2015-09-08,TF1512.CFX,9,0.29920268435608516,52,,0.01604021659158265,TF
2015-09-09,TF1512.CFX,9,0.43863684650215207,46,,0.018726864209982687,TF
2015-09-10,TF1512.CFX,9,0.31311479219050364,48,,-0.005127459146620483,TF
2015-09-11,TF1512.CFX,9,0.4647025850189566,43,,0.03695103195754716,TF
2015-09-14,TF1512.CFX,9,0.33509509244750985,33,,0.009785055469965387,TF
2015-09-15,TF1512.CFX,9,0.2572691679569057,36,,-0.034075505683348675,TF
2015-09-16,TF1512.CFX,9,0.26708872870814926,42,,-0.029948554402675964,TF
2015-09-17,TF1512.CFX,9,0.29140088414698706,41,,-0.041460976548329975,TF
2015-09-18,TF1512.CFX,9,0.3806932512730939,59,,0.012532803384124946,TF
2015-09-21,TF1512.CFX,9,0.22026163159816675,38,0.05,0.003958944984746676,TF
2015-09-22,TF1512.CFX,9,0.5889257498826768,47,1.0,0.05725347898002346,TF
2015-09-23,TF1512.CFX,9,0.23352473337224527,41,0.09090909090909091,0.009248019706009936,TF
2015-09-24,TF1512.CFX,9,0.5516709547393639,43,0.9565217391304348,0.03552185087066184,TF
2015-09-25,TF1512.CFX,9,0.39842096347570927,47,0.7916666666666666,0.03190638686117721,TF
2015-09-28,TF1512.CFX,9,0.18975775992873553,31,0.0,-0.06334397498044184,TF
2015-09-29,TF1512.CFX,9,0.2492204753435791,42,0.15384615384615385,-0.033052171086796076,TF
2015-09-30,TF1512.CFX,9,0.2863216264782367,39,0.4074074074074074,-0.06798991446543844,TF
2015-10-08,TF1512.CFX,9,0.23967333826228368,43,0.14285714285714285,-0.022093138387735006,TF
2015-10-09,TF1512.CFX,9,0.3435323400950641,101,0.7241379310344828,0.029800202325136173,TF
2015-10-12,TF1512.CFX,9,0.23803906305054895,101,0.13333333333333333,0.003484788903076702,TF
2015-10-13,TF1512.CFX,9,0.8614906525061933,113,1.0,0.11487037768441784,TF
2015-10-14,TF1512.CFX,9,0.26755095763897885,205,0.34375,0.05737135511645195,TF
2015-10-15,TF1512.CFX,9,0.3890814198947925,179,0.7878787878787878,0.012061005418788661,TF
2015-10-16,TF1512.CFX,9,0.33312102093324264,169,0.6470588235294118,-0.028224531684601338,TF
2015-10-19,TF1512.CFX,9,0.472098396926339,131,0.9142857142857143,-0.07132144478654448,TF
2015-10-20,TF1512.CFX,9,0.5256273775232068,172,0.9166666666666666,0.05991698168000024,TF
2015-10-21,TF1512.CFX,9,0.30630776211152744,186,0.5135135135135135,0.002695904102343394,TF
2015-10-22,TF1512.CFX,9,0.5820796367671687,170,0.9473684210526315,0.033212659685304055,TF
2015-10-23,TF1512.CFX,9,0.9961578621327005,243,1.0,0.1104571189656685,TF
2015-10-26,TF1512.CFX,9,0.9221002545024544,285,0.975,0.14827958539796682,TF
2015-10-27,TF1512.CFX,9,0.6245065250930558,311,0.926829268292683,0.09764181436983424,TF
2015-10-28,TF1512.CFX,9,0.45134697014277514,290,0.7619047619047619,-0.06331166702884314,TF
2015-10-29,TF1512.CFX,9,0.7504793796607323,268,0.9302325581395349,-0.09621102493036156,TF
2015-10-30,TF1512.CFX,9,0.9412078324131347,301,0.9772727272727273,0.016418801038903696,TF
2015-11-02,TF1512.CFX,9,0.5400477171243759,381,0.8,0.03209432463329996,TF
2015-11-03,TF1512.CFX,9,0.1032472036134908,265,0.0,-0.09066311955949251,TF
2015-11-04,TF1512.CFX,9,0.012031747787794278,351,0.0,-0.23148558925455204,TF
2015-11-05,TF1512.CFX,9,0.6642807087256959,320,0.8958333333333334,-0.10818702167114594,TF
2015-11-06,TF1512.CFX,9,0.0297247113301013,297,0.02040816326530612,-0.04596125064763442,TF
2015-11-09,TF1512.CFX,9,0.898968787710543,276,0.94,0.16091361317364114,TF
2015-11-10,TF1512.CFX,9,0.06098371171904617,309,0.0392156862745098,0.0332592006847351,TF
2015-11-11,TF1512.CFX,9,0.7444348380758243,357,0.8846153846153846,0.019156725908920168,TF
2015-11-12,TF1512.CFX,9,0.947554918670682,341,0.9811320754716981,0.16811264650464425,TF
2015-11-13,TF1512.CFX,9,0.3558207933048779,316,0.5555555555555556,-0.019972478185969433,TF
2015-11-16,TF1512.CFX,9,0.7976354859992734,331,0.8909090909090909,0.1084689503789508,TF
2015-11-17,TF1512.CFX,9,0.41317374233899146,304,0.625,-0.08124416241450744,TF
2015-11-18,TF1512.CFX,9,0.743481843694046,255,0.8421052631578947,-0.03507932009191583,TF
2015-11-19,TF1603.CFX,10,,2,,,TF
2015-11-20,TF1603.CFX,10,,4,,,TF
2015-11-23,TF1603.CFX,10,,8,,,TF
2015-11-24,TF1603.CFX,10,0.2429842224836607,10,,,TF
2015-11-25,TF1603.CFX,10,0.2922829790379675,12,,,TF
2015-11-26,TF1603.CFX,10,0.27165927425075265,19,,,TF
2015-11-27,TF1603.CFX,10,0.3770370193230136,18,,,TF
2015-11-30,TF1603.CFX,10,0.4395980683799425,15,,0.04779817320776096,TF
2015-12-01,TF1603.CFX,10,0.32271220033134174,13,,0.022879723671593827,TF
2015-12-02,TF1603.CFX,10,0.39376606828052046,15,,0.018988876906786377,TF
2015-12-03,TF1603.CFX,10,0.3269981902994904,15,,-0.01459096581464685,TF
2015-12-04,TF1603.CFX,10,0.3999174148266996,14,,-0.0075075317138337035,TF
2015-12-07,TF1603.CFX,10,0.37613052826966537,13,,0.011298800242282647,TF
2015-12-08,TF1603.CFX,10,0.2724649681524785,11,,-0.01934698622859089,TF
2015-12-09,TF1603.CFX,10,0.22971432869676764,12,,-0.03220201698796668,TF
2015-12-10,TF1603.CFX,10,0.23046706887177698,11,,-0.048531689148274305,TF
2015-12-11,TF1603.CFX,10,0.3096685583592985,11,,-0.01749218391014353,TF
2015-12-14,TF1603.CFX,10,0.38461413720081206,12,,0.030425256775919795,TF
2015-12-15,TF1603.CFX,10,0.29695936464753625,9,,0.02886371402305723,TF
2015-12-16,TF1603.CFX,10,0.2891700216848036,10,,0.010469671191429098,TF
2015-12-17,TF1603.CFX,10,0.33326710947805266,9,,-0.004824701327850012,TF
2015-12-18,TF1603.CFX,10,0.2838549844464121,15,,-0.016521056067828367,TF
2015-12-21,TF1603.CFX,10,0.26657394205787954,11,,-0.006608588241770496,TF
2015-12-22,TF1603.CFX,10,0.35798931128972666,11,0.7,0.007094541178967295,TF
2015-12-23,TF1603.CFX,10,0.2995617926411879,8,0.47619047619047616,0.0006723693169584988,TF
2015-12-24,TF1603.CFX,10,0.23600655518897104,10,0.09090909090909091,-0.00627090079315738,TF
2015-12-25,TF1603.CFX,10,0.2920115330716926,11,0.391304347826087,-0.007110757407312951,TF
2015-12-28,TF1603.CFX,10,0.3013345195774747,8,0.5416666666666666,-0.01208598429939991,TF
2015-12-29,TF1603.CFX,10,0.27207574360105274,10,0.24,0.0010355866308233374,TF
2015-12-30,TF1603.CFX,10,0.2616195875808883,8,0.15384615384615385,0.003129027531319467,TF
2015-12-31,TF1603.CFX,10,0.33080831719432774,9,0.7037037037037037,0.003787863624868393,TF
2016-01-04,TF1603.CFX,10,0.28686555651654055,10,0.35714285714285715,0.0029794647471406586,TF
2016-01-05,TF1603.CFX,10,0.22236619440743827,9,0.0,-0.007417312945157672,TF
2016-01-06,TF1603.CFX,10,0.2729095968088754,10,0.3333333333333333,-0.008586210433091535,TF
2016-01-07,TF1603.CFX,10,0.3268573336667305,15,0.6774193548387096,-0.0021857926762859693,TF
2016-01-08,TF1603.CFX,10,0.29207256366907447,11,0.46875,0.011490515356436009,TF
2016-01-11,TF1603.CFX,10,0.3167825009202997,9,0.6363636363636364,0.020799557988592194,TF
2016-01-12,TF1603.CFX,10,0.27719283039548054,9,0.3235294117647059,-0.0001508365573220427,TF
2016-01-13,TF1603.CFX,10,0.22594868822274727,9,0.02857142857142857,-0.021669702416156046,TF
2016-01-14,TF1603.CFX,10,0.18461379945521544,11,0.0,-0.030575134112527047,TF
2016-01-15,TF1603.CFX,10,0.25577970543320805,7,0.1891891891891892,-0.021458462191444826,TF
2016-01-18,TF1603.CFX,10,0.29960827339770063,9,0.6052631578947368,0.007466190321490096,TF
2016-01-19,TF1603.CFX,10,0.3570058125047469,9,0.8205128205128205,0.03771087225064844,TF
2016-01-20,TF1603.CFX,10,0.3593367362128707,10,0.85,0.045067198058684935,TF
2016-01-21,TF1603.CFX,10,0.2720026762105089,8,0.2682926829268293,0.00921744043697718,TF
2016-01-22,TF1603.CFX,10,0.24391642476977687,7,0.16666666666666666,-0.019638683355008558,TF
2016-01-25,TF1603.CFX,10,0.24264384402810363,8,0.13953488372093023,-0.034414424839638025,TF
2016-01-26,TF1603.CFX,10,0.3070096554899659,8,0.6363636363636364,-0.013401299362821495,TF
2016-01-27,TF1603.CFX,10,0.2988327218902682,9,0.5555555555555556,0.011675332207970762,TF
2016-01-28,TF1603.CFX,10,0.3186295086048604,8,0.6956521739130435,0.020561504553233155,TF
2016-01-29,TF1603.CFX,10,0.2656966590890549,6,0.23404255319148937,0.005772548323679705,TF
2016-02-01,TF1603.CFX,10,0.24597144623965392,5,0.1875,-0.015521248130183723,TF
2016-02-02,TF1603.CFX,10,0.28976665108682537,6,0.46938775510204084,-0.009079020397209214,TF
2016-02-03,TF1603.CFX,10,0.24898113456095805,6,0.2,-0.011522675609003418,TF
2016-02-04,TF1603.CFX,10,0.26439726623208987,6,0.2549019607843137,4.109026073740862e-05,TF
2016-02-05,TF1603.CFX,10,0.24488429070380927,3,0.17307692307692307,-0.002754369592642475,TF
2016-02-15,TF1606.CFX,11,,4,,,TF
2016-02-16,TF1606.CFX,11,,7,,,TF
2016-02-17,TF1606.CFX,11,,7,,,TF
2016-02-18,TF1606.CFX,11,0.2844281934600736,8,,,TF
2016-02-19,TF1606.CFX,11,0.3019621998548078,10,,,TF
2016-02-22,TF1606.CFX,11,0.3432895394605101,12,,,TF
2016-02-23,TF1606.CFX,11,0.23885716487920633,15,,,TF
2016-02-24,TF1606.CFX,11,0.27481892967949584,11,,-0.008232356253675688,TF
2016-02-25,TF1606.CFX,11,0.2801100755104523,24,,-0.01121748584697253,TF
2016-02-26,TF1606.CFX,11,0.37601614088761165,20,,0.010670611348544901,TF
2016-02-29,TF1606.CFX,11,0.2599914594113528,16,,0.014346580027240879,TF
2016-03-01,TF1606.CFX,11,0.18428947009427785,21,,-0.020117753526953545,TF
2016-03-02,TF1606.CFX,11,0.5208718891796458,21,,0.02897969565450531,TF
2016-03-03,TF1606.CFX,11,0.2726649501028093,23,,0.00541780481986881,TF
2016-03-04,TF1606.CFX,11,0.18192777661463383,22,,-0.006775188558490658,TF
2016-03-07,TF1606.CFX,11,0.216317614514085,20,,-0.027488782372539766,TF
2016-03-08,TF1606.CFX,11,0.28336440236276467,21,,-0.05313623092224865,TF
2016-03-09,TF1606.CFX,11,0.36878994428904377,20,,0.029368661412059988,TF
2016-03-10,TF1606.CFX,11,0.23697412863035466,20,,0.02625650338064005,TF
2016-03-11,TF1606.CFX,11,0.2522264194940204,18,,0.0025427336227460797,TF
2016-03-14,TF1606.CFX,11,0.21796804263336086,13,,-0.02473562442538309,TF
2016-03-15,TF1606.CFX,11,0.362269969649513,17,,-0.0032046035276055208,TF
2016-03-16,TF1606.CFX,11,0.40000456049953065,17,,0.04361044138938446,TF
2016-03-17,TF1606.CFX,11,0.2975761782762861,22,0.65,0.027273603543070107,TF
2016-03-18,TF1606.CFX,11,0.2009793776216434,14,0.09523809523809523,-0.009867112139666184,TF
2016-03-21,TF1606.CFX,11,0.3391170524044906,18,0.7272727272727273,-0.02453310173679322,TF
2016-03-22,TF1606.CFX,11,0.24140577069396665,12,0.30434782608695654,-0.02756567054829235,TF
2016-03-23,TF1606.CFX,11,0.20093990687834645,12,0.08333333333333333,-0.015284614972355604,TF
2016-03-24,TF1606.CFX,11,0.29773521487158383,14,0.68,0.005533452897373681,TF
2016-03-25,TF1606.CFX,11,0.19658087775854738,15,0.07692307692307693,-0.02287429051142692,TF
2016-03-28,TF1606.CFX,11,0.2932257195192599,12,0.6296296296296297,0.009928086853078744,TF
2016-03-29,TF1606.CFX,11,0.3772780375838569,25,0.9285714285714286,0.0348166766058697,TF
2016-03-30,TF1606.CFX,11,0.26103244309648915,19,0.41379310344827586,0.010729161627512019,TF
2016-03-31,TF1606.CFX,11,0.2937982267570879,23,0.6333333333333333,0.016224142157431027,TF
2016-04-01,TF1606.CFX,11,0.3539042023070792,12,0.8064516129032258,0.0037877154748869545,TF
2016-04-05,TF1606.CFX,11,0.4006429168871999,16,0.96875,0.013960151781727593,TF
2016-04-06,TF1606.CFX,11,0.28952978281997344,14,0.5454545454545454,0.016383936957708057,TF
2016-04-07,TF1606.CFX,11,0.24676901641934954,11,0.29411764705882354,-0.015843284016258247,TF
2016-04-08,TF1606.CFX,11,0.21350583515492275,19,0.14285714285714285,-0.04346706347721632,TF
2016-04-11,TF1606.CFX,11,0.16431379620535694,11,0.0,-0.054868218902873654,TF
2016-04-12,TF1606.CFX,11,0.12432617013409455,9,0.0,-0.04128624455857504,TF
2016-04-13,TF1606.CFX,11,0.27733686722349216,23,0.5,-0.0028043963412543007,TF
2016-04-14,TF1606.CFX,11,0.22459793086472582,22,0.2564102564102564,0.013520726243774133,TF
2016-04-15,TF1606.CFX,11,0.3188985321144795,19,0.75,0.04094412325488763,TF
2016-04-18,TF1606.CFX,11,0.3174071510726342,12,0.7317073170731707,0.04277236267680666,TF
2016-04-19,TF1606.CFX,11,0.31242548481674615,11,0.7142857142857143,0.016298645539441638,TF
2016-04-20,TF1606.CFX,11,0.24692640328211635,20,0.3488372093023256,0.0038183897537047763,TF
2016-04-21,TF1606.CFX,11,0.2864318391416215,18,0.5681818181818182,-0.01354141337362338,TF
2016-04-22,TF1606.CFX,11,0.2194420251704141,13,0.2222222222222222,-0.022192389747956474,TF
2016-04-25,TF1606.CFX,11,0.21392279122870464,15,0.17391304347826086,-0.022448976528778523,TF
2016-04-26,TF1606.CFX,11,0.36894896768201146,14,0.8936170212765957,0.017153608088687333,TF
2016-04-27,TF1606.CFX,11,0.32521948039974796,11,0.7708333333333334,0.022708222502785026,TF
2016-04-28,TF1606.CFX,11,0.3287669255414557,10,0.7755102040816326,0.03299464899131265,TF
2016-04-29,TF1609.CFX,12,,6,,,TF
2016-05-03,TF1609.CFX,12,,8,,,TF
2016-05-04,TF1609.CFX,12,0.1711942547494998,8,,,TF
2016-05-05,TF1609.CFX,12,0.173416381311719,6,,,TF
2016-05-06,TF1609.CFX,12,0.23145128194493828,8,,,TF
2016-05-09,TF1609.CFX,12,0.1976085293950162,8,,,TF
2016-05-10,TF1609.CFX,12,0.2724797993076576,15,,0.022676323719961266,TF
2016-05-11,TF1609.CFX,12,0.27736230531613243,17,,0.024892036537154622,TF
2016-05-12,TF1609.CFX,12,0.32144387136389496,18,,0.02597389547590296,TF
2016-05-13,TF1609.CFX,12,0.24549696681167293,19,,0.014474094688955086,TF
2016-05-16,TF1609.CFX,12,0.22435965257023147,17,,-0.012810563197931174,TF
2016-05-17,TF1609.CFX,12,0.18812216493730824,12,,-0.027556449955131186,TF
2016-05-18,TF1609.CFX,12,0.30904139730562796,15,,-0.00821797499908986,TF
2016-05-19,TF1609.CFX,12,0.2260701178158965,16,,0.004582804674384361,TF
2016-05-20,TF1609.CFX,12,0.19019920132278925,13,,-0.0030372949616296165,TF
2016-05-23,TF1609.CFX,12,0.31165192225870475,13,,0.012821731865995434,TF
2016-05-24,TF1609.CFX,12,0.30367894978382104,14,,0.007485690939919442,TF
2016-05-25,TF1609.CFX,12,0.2888076056429022,10,,0.023895472411504314,TF
2016-05-26,TF1609.CFX,12,0.41366279368610626,14,,0.04240828681108314,TF
2016-05-27,TF1609.CFX,12,0.2513811882428182,11,,-0.0010557624129487909,TF
2016-05-30,TF1609.CFX,12,0.18225191073241098,10,,-0.028028049550290413,TF
2016-05-31,TF1609.CFX,12,0.3419572584232779,16,,-0.012511157739294388,TF
2016-06-01,TF1609.CFX,12,0.29098710477737894,11,0.7,-0.0154775307636995,TF
2016-06-02,TF1609.CFX,12,0.22802016474485773,10,0.38095238095238093,0.0062013147049047035,TF
2016-06-03,TF1609.CFX,12,0.23621148078501436,13,0.45454545454545453,-0.0006017953573213442,TF
2016-06-06,TF1609.CFX,12,0.2814810961429075,15,0.6521739130434783,-0.017572794855310537,TF
2016-06-07,TF1609.CFX,12,0.2800926725290037,8,0.625,0.003167206690129931,TF
2016-06-08,TF1609.CFX,12,0.28329499089890053,14,0.68,0.015443084405207497,TF
2016-06-13,TF1609.CFX,12,0.26720976889625436,12,0.5,0.006381047097847303,TF
2016-06-14,TF1609.CFX,12,0.36005805027582005,18,0.9629629629629629,0.014427100463307575,TF
2016-06-15,TF1609.CFX,12,0.3345542164474741,12,0.8928571428571429,0.018568614721386024,TF
2016-06-16,TF1609.CFX,12,0.2527359458814643,14,0.4482758620689655,0.0006226357516347259,TF
2016-06-17,TF1609.CFX,12,0.20409507489323256,14,0.2,-0.023355149240039935,TF
2016-06-20,TF1609.CFX,12,0.17366863040636932,8,0.06451612903225806,-0.05032379812931431,TF
2016-06-21,TF1609.CFX,12,0.32636807060946343,13,0.875,-0.009543960715111622,TF
2016-06-22,TF1609.CFX,12,0.30525813981838384,16,0.7575757575757576,0.022731738359007,TF
2016-06-23,TF1609.CFX,12,0.3443594549688277,12,0.9411764705882353,0.04121182695632048,TF
2016-06-24,TF1609.CFX,12,0.221623941527444,20,0.22857142857142856,0.011390200660151357,TF
2016-06-27,TF1609.CFX,12,0.20989355374794655,17,0.2222222222222222,-0.031658323201397366,TF
2016-06-28,TF1609.CFX,12,0.3753309171152367,20,0.972972972972973,0.00056796533728245,TF
2016-06-29,TF1609.CFX,12,0.34293819124039754,16,0.8947368421052632,0.015086444813093236,TF
2016-06-30,TF1609.CFX,12,0.35300393297743937,18,0.9230769230769231,0.039580462039244174,TF
2016-07-01,TF1609.CFX,12,0.3017696656762423,20,0.65,0.01614252397187942,TF
2016-07-04,TF1609.CFX,12,0.17843491327649944,23,0.07317073170731707,-0.04349605332416297,TF
2016-07-05,TF1609.CFX,12,0.291649714622992,21,0.6428571428571429,-0.027714597293575106,TF
2016-07-06,TF1609.CFX,12,0.3350458280212459,16,0.8372093023255814,-0.004603616096563734,TF
2016-07-07,TF1609.CFX,12,0.3714153162230935,16,0.9545454545454546,0.029590221583844882,TF
2016-07-08,TF1609.CFX,12,0.3577791600727863,20,0.9111111111111111,0.04384540951926753,TF
2016-07-11,TF1609.CFX,12,0.1977019718197284,20,0.17391304347826086,-0.01651621535549868,TF
2016-07-12,TF1609.CFX,12,0.17818734606403394,23,0.06382978723404255,-0.048743030831778895,TF
2016-07-13,TF1609.CFX,12,0.3335043730493639,17,0.7708333333333334,-0.025541370035621146,TF
2016-07-14,TF1609.CFX,12,0.28621285903864047,16,0.5510204081632653,-0.0007330200838656209,TF
2016-07-15,TF1609.CFX,12,0.3842914821707872,27,0.98,0.048120453367672414,TF
2016-07-18,TF1609.CFX,12,0.2666829964420693,13,0.4117647058823529,0.022777840987749393,TF
2016-07-19,TF1609.CFX,12,0.3452817560550657,10,0.8653846153846154,0.00040249034148324145,TF
2016-07-20,TF1609.CFX,12,0.4296372634781611,19,1.0,0.02478390827633198,TF
2016-07-21,TF1609.CFX,12,0.315717753160073,21,0.6851851851851852,0.002580680901466348,TF
2016-07-22,TF1609.CFX,12,0.201479585498002,16,0.18181818181818182,-0.01599708247831273,TF
2016-07-25,TF1609.CFX,12,0.18739664677756526,13,0.10714285714285714,-0.054392789653515995,TF
2016-07-26,TF1609.CFX,12,0.2965845685434691,16,0.5964912280701754,-0.039442649625189175,TF
2016-07-27,TF1609.CFX,12,0.24139291103596344,17,0.3448275862068966,-0.005354470120275201,TF
2016-07-28,TF1609.CFX,12,0.34158177386245603,21,0.7966101694915254,0.03342006409873062,TF
2016-07-29,TF1609.CFX,12,0.30396073310560234,15,0.6333333333333333,0.027812537797506108,TF
2016-08-01,TF1609.CFX,12,0.40479889510350126,13,0.9666666666666667,0.027899647518970318,TF
2016-08-02,TF1609.CFX,12,0.21741089045348452,15,0.2,0.001525308007608739,TF
2016-08-03,TF1609.CFX,12,0.3824539674127734,15,0.9333333333333333,-0.0004805455551483151,TF
2016-08-04,TF1609.CFX,12,0.36301830017580955,11,0.8833333333333333,0.009577020644968648,TF
2016-08-05,TF1609.CFX,12,0.348501740411323,16,0.8166666666666667,0.003301310033796856,TF
2016-08-08,TF1609.CFX,12,0.20081767212420779,17,0.13333333333333333,-0.006713866366000382,TF
2016-08-09,TF1609.CFX,12,0.29783342434420695,15,0.5333333333333333,-0.03314417141887347,TF
2016-08-10,TF1609.CFX,12,0.456884132844588,29,1.0,0.013706334927044084,TF
2016-08-11,TF1609.CFX,12,0.35188788824696926,17,0.8,0.02628387563916728,TF
2016-08-12,TF1612.CFX,13,,17,,,TF
2016-08-15,TF1612.CFX,13,0.19111167460217576,33,,,TF
2016-08-16,TF1612.CFX,13,0.43796034781390514,29,,,TF
2016-08-17,TF1612.CFX,13,0.2568760891993983,27,,,TF
2016-08-18,TF1612.CFX,13,0.3465091670219231,26,,,TF
2016-08-19,TF1612.CFX,13,0.3579878729791401,37,,0.02423012159619466,TF
2016-08-22,TF1612.CFX,13,0.15718618484368463,24,,-0.04604365421606991,TF
2016-08-23,TF1612.CFX,13,0.22908751615257383,36,,-0.024490012827188747,TF
2016-08-24,TF1612.CFX,13,0.31611432019117947,37,,-0.018969005048805342,TF
2016-08-25,TF1612.CFX,13,0.28030910904758966,30,,0.0003570607484393973,TF
2016-08-26,TF1612.CFX,13,0.31065995100344296,29,,0.03581691252145325,TF
2016-08-29,TF1612.CFX,13,0.34807252786416365,23,,0.023251565423544313,TF
2016-08-30,TF1612.CFX,13,0.262801791912958,35,,-0.0038861637739868947,TF
2016-08-31,TF1612.CFX,13,0.3173151907305546,24,,0.0026154004275444898,TF
2016-09-01,TF1612.CFX,13,0.2145631606121253,27,,-0.02229509179162444,TF
2016-09-02,TF1612.CFX,13,0.29418695370627324,20,,-0.015600977961661345,TF
2016-09-05,TF1612.CFX,13,0.30275716263465385,16,,0.0056782504419110365,TF
2016-09-06,TF1612.CFX,13,0.19423003344763132,19,,-0.015797631254331805,TF
2016-09-07,TF1612.CFX,13,0.32009286804346915,17,,0.011110249460404587,TF
2016-09-08,TF1612.CFX,13,0.21496349500491188,22,,-0.014111121199390748,TF
2016-09-09,TF1612.CFX,13,0.1511645960891483,23,,-0.02824516715337306,TF
2016-09-12,TF1612.CFX,13,0.20211957923704493,25,0.2,-0.015314918037549363,TF
2016-09-13,TF1612.CFX,13,0.2506371042416655,32,0.38095238095238093,-0.015175544337147417,TF
2016-09-14,TF1612.CFX,13,0.6413924187250892,29,1.0,0.0952330355592872,TF
2016-09-19,TF1612.CFX,13,0.36411147241881553,14,0.9130434782608695,0.08651665921473786,TF
2016-09-20,TF1612.CFX,13,0.3288991821742177,19,0.75,0.03670335740514956,TF
2016-09-21,TF1612.CFX,13,0.27726103356548,21,0.44,-0.025924537790324255,TF
2016-09-22,TF1612.CFX,13,0.3964728481755292,19,0.9230769230769231,-0.05766895799524556,TF
2016-09-23,TF1612.CFX,13,0.17100917457806625,19,0.07407407407407407,-0.0318630929680187,TF
2016-09-26,TF1612.CFX,13,0.21778707481540582,16,0.2857142857142857,-0.03284760737050376,TF
2016-09-27,TF1612.CFX,13,0.26133871887582816,19,0.41379310344827586,-0.021053040273942704,TF
2016-09-28,TF1612.CFX,13,0.23092110900042068,14,0.3333333333333333,-0.024077393405245506,TF
2016-09-29,TF1612.CFX,13,0.25128572965872753,11,0.3870967741935484,0.017368714434633743,TF
2016-09-30,TF1612.CFX,13,0.2548870273624399,10,0.40625,0.0064146915876967525,TF
2016-10-10,TF1612.CFX,13,0.2849131509569459,17,0.5757575757575758,0.007111478252425479,TF
2016-10-11,TF1612.CFX,13,0.14121236253947922,14,0.0,-0.014579007162366453,TF
2016-10-12,TF1612.CFX,13,0.306273658665159,16,0.6571428571428571,-0.0003698806810097821,TF
2016-10-13,TF1612.CFX,13,0.2027778918206083,15,0.19444444444444445,-0.008285776337545014,TF
2016-10-14,TF1612.CFX,13,0.13984024804572082,19,0.0,-0.02285802765413212,TF
2016-10-17,TF1612.CFX,13,0.3257005722429295,16,0.7894736842105263,0.020254300878746235,TF
2016-10-18,TF1612.CFX,13,0.3697914131222588,16,0.9230769230769231,0.024995818933652093,TF
2016-10-19,TF1612.CFX,13,0.2492287013328427,22,0.35,0.03228527841010068,TF
2016-10-20,TF1612.CFX,13,0.15618109598992633,24,0.07317073170731707,-0.0043790175021675756,TF
2016-10-21,TF1612.CFX,13,0.1727747453632762,16,0.14285714285714285,-0.051946197089163905,TF
2016-10-24,TF1612.CFX,13,0.39771386711529927,32,0.9534883720930233,-0.002060904798348562,TF
2016-10-25,TF1612.CFX,13,0.48317901681421604,33,0.9772727272727273,0.07094334020881196,TF
2016-10-26,TF1612.CFX,13,0.29923648082333804,34,0.6,0.05965150411177633,TF
2016-10-27,TF1612.CFX,13,0.24227666855668534,24,0.34782608695652173,0.0040526460094857,TF
2016-10-28,TF1612.CFX,13,0.2689554373074631,17,0.5106382978723404,-0.049841920787320325,TF
2016-10-31,TF1612.CFX,13,0.1452481625198632,20,0.041666666666666664,-0.07061427521045807,TF
2016-11-01,TF1612.CFX,13,0.2333458583538449,21,0.3469387755102041,-0.02288097509758085,TF
2016-11-02,TF1612.CFX,13,0.2531521147097959,18,0.44,-0.001385868664739709,TF
2016-11-03,TF1612.CFX,13,0.21496904211801032,20,0.27450980392156865,-6.883818897279736e-06,TF
2016-11-04,TF1612.CFX,13,0.21451790869313778,15,0.23076923076923078,0.012016267611071463,TF
2016-11-07,TF1612.CFX,13,0.2327410152614294,19,0.3584905660377358,-0.003984389220148904,TF
2016-11-08,TF1612.CFX,13,0.3469246673416192,19,0.8333333333333334,0.02053170784070658,TF
2016-11-09,TF1612.CFX,13,0.3205557458794136,29,0.7636363636363637,0.0343580166171288,TF
2016-11-10,TF1612.CFX,13,0.13344321007933369,21,0.0,-0.007433466660962396,TF
2016-11-11,TF1703.CFX,14,0.17794740235648016,21,,,TF
2016-11-14,TF1703.CFX,14,0.20414278903747798,22,,,TF
2016-11-15,TF1703.CFX,14,0.41011205580487176,38,,,TF
2016-11-16,TF1703.CFX,14,0.43685839204237153,30,,,TF
2016-11-17,TF1703.CFX,14,0.30380263699600163,32,,0.04844260722839365,TF
2016-11-18,TF1703.CFX,14,0.21771118392242758,38,,-0.007917262903897099,TF
2016-11-21,TF1703.CFX,14,0.22207758215996173,25,,-0.059521615540976416,TF
2016-11-22,TF1703.CFX,14,0.3248161602627172,29,,-0.030580951839534853,TF
2016-11-23,TF1703.CFX,14,0.4292110539810672,36,,0.03579218103104207,TF
2016-11-24,TF1703.CFX,14,0.2768880057339363,27,,0.03254871154441229,TF
2016-11-25,TF1703.CFX,14,0.1697653692856889,20,,-0.015255258027732654,TF
2016-11-28,TF1703.CFX,14,0.15877127193457033,13,,-0.05915354613516721,TF
2016-11-29,TF1703.CFX,14,0.45732135141318064,44,,-0.006189613893513901,TF
2016-11-30,TF1703.CFX,14,0.5094758906874828,52,,0.07527317520345847,TF
2016-12-01,TF1703.CFX,14,0.17151180398143712,58,,0.03541974881444089,TF
2016-12-02,TF1703.CFX,14,0.4043912205549801,39,,0.020543034980907614,TF
2016-12-05,TF1703.CFX,14,0.3802796246593284,32,,-0.025916812364020703,TF
2016-12-06,TF1703.CFX,14,0.4154987035197566,55,,0.0020813446342438867,TF
2016-12-07,TF1703.CFX,14,0.3972241687219137,47,,0.04625322124457296,TF
2016-12-08,TF1703.CFX,14,0.389420211377553,40,,-0.001299747429226883,TF
2016-12-09,TF1703.CFX,14,0.3043817639122098,30,0.45,-0.017787421363644085,TF
2016-12-12,TF1703.CFX,14,0.5936763467510884,48,1.0,0.02635128816529595,TF
2016-12-13,TF1703.CFX,14,0.2930867186192443,42,0.36363636363636365,-0.00040187648318033007,TF
2016-12-14,TF1703.CFX,14,0.1644213266313538,39,0.043478260869565216,-0.046129281478536385,TF
2016-12-15,TF1703.CFX,14,0.3860108698266066,69,0.5833333333333334,-0.026599680829094096,TF
2016-12-16,TF1703.CFX,14,0.2926172083753425,83,0.36,-0.05091941255441296,TF
2016-12-19,TF1703.CFX,14,0.22194988280839384,73,0.2692307692307692,-0.0014077789877712187,TF
2016-12-20,TF1703.CFX,14,0.4396381341116668,95,0.8888888888888888,0.03863726279424132,TF
2016-12-21,TF1703.CFX,14,0.6032142172950341,88,1.0,0.058142762067317943,TF
2016-12-22,TF1703.CFX,14,0.3694171597519167,70,0.5172413793103449,0.05348642372397887,TF
2016-12-23,TF1703.CFX,14,0.26985508806162445,46,0.3,0.0025589436146711162,TF
2016-12-26,TF1703.CFX,14,0.28476640395973846,49,0.3548387096774194,-0.06431025895372663,TF
2016-12-27,TF1703.CFX,14,0.3787720750822925,33,0.5625,-0.053353504021766154,TF
2016-12-28,TF1703.CFX,14,0.3402805099287849,48,0.5151515151515151,0.00506436873744045,TF
2016-12-29,TF1703.CFX,14,0.2812546275898436,56,0.3235294117647059,0.007831318502548468,TF
2016-12-30,TF1703.CFX,14,0.2716528795358782,40,0.2857142857142857,-0.012374449634016937,TF
2017-01-03,TF1703.CFX,14,0.27513192625407107,36,0.3055555555555556,-0.027590792804934962,TF
2017-01-04,TF1703.CFX,14,0.3857010890760475,47,0.6486486486486487,0.00847184569587527,TF
2017-01-05,TF1703.CFX,14,0.16690552285815285,22,0.05263157894736842,-0.011464999992321223,TF
2017-01-06,TF1703.CFX,14,0.2324144115397521,19,0.2564102564102564,-0.018670333938817046,TF
2017-01-09,TF1703.CFX,14,0.15729280755129396,16,0.0,-0.03889649149418496,TF
2017-01-10,TF1703.CFX,14,0.17659747092773567,16,0.14634146341463414,-0.04278199516034826,TF
2017-01-11,TF1703.CFX,14,0.22367973590591778,32,0.2857142857142857,0.0057731485483513475,TF
2017-01-12,TF1703.CFX,14,0.2420036570396432,29,0.32558139534883723,0.008556541935440597,TF
2017-01-13,TF1703.CFX,14,0.28565811401345476,15,0.4772727272727273,0.032213679903622915,TF
2017-01-16,TF1703.CFX,14,0.3592289654424672,34,0.6222222222222222,0.0427241367137,TF
2017-01-17,TF1703.CFX,14,0.24263779673230018,15,0.32608695652173914,0.015514143005558877,TF
2017-01-18,TF1703.CFX,14,0.29807816115526525,25,0.5319148936170213,0.006912869095008956,TF
2017-01-19,TF1703.CFX,14,0.3806668327832299,30,0.7083333333333334,0.012886663325234827,TF
2017-01-20,TF1703.CFX,14,0.3916867107184251,31,0.7755102040816326,0.020294452660284557,TF
2017-01-23,TF1703.CFX,14,0.3879479074166995,7,0.74,0.03842287709319584,TF
2017-01-24,TF1703.CFX,14,0.28051691008761753,16,0.39215686274509803,-0.0027841427501825835,TF
2017-01-25,TF1706.CFX,15,,5,,,TF
2017-01-26,TF1706.CFX,15,,4,,,TF
2017-02-03,TF1706.CFX,15,0.2919923542576891,21,,,TF
2017-02-06,TF1706.CFX,15,0.16462725058417105,8,,,TF
2017-02-07,TF1706.CFX,15,0.17543576133349587,29,,,TF
2017-02-08,TF1706.CFX,15,0.3677712530125185,30,,,TF
2017-02-09,TF1706.CFX,15,0.31489016467561387,15,,0.0248939623264197,TF
2017-02-10,TF1706.CFX,15,0.15776913285863722,23,,0.012573816789105042,TF
2017-02-13,TF1706.CFX,15,0.2545512739022989,25,,-0.005177109501627508,TF
2017-02-14,TF1706.CFX,15,0.48394401137124204,30,,0.01720066259441322,TF
2017-02-15,TF1706.CFX,15,0.2880604283482877,13,,0.027251540585795247,TF
2017-02-16,TF1706.CFX,15,0.31936481153442114,32,,0.03567005117975567,TF
2017-02-17,TF1706.CFX,15,0.2941985289763834,19,,-0.008528468968865199,TF
2017-02-20,TF1706.CFX,15,0.2626470791282772,35,,-0.04364557638578341,TF
2017-02-21,TF1706.CFX,15,0.28505324190177683,36,,-0.006273210529916573,TF
2017-02-22,TF1706.CFX,15,0.41571037572412095,25,,0.0183545841304793,TF
2017-02-23,TF1706.CFX,15,0.329258190848966,27,,0.0223182620341009,TF
2017-02-24,TF1706.CFX,15,0.2605281238871814,17,,0.0039967038464997495,TF
2017-02-27,TF1706.CFX,15,0.18855337941130373,33,,-0.03481819768178858,TF
2017-02-28,TF1706.CFX,15,0.2676295211344403,22,,-0.04368665206170237,TF
2017-03-01,TF1706.CFX,15,0.29162085672640814,17,,-0.006817327099785686,TF
2017-03-02,TF1706.CFX,15,0.2397960519547316,29,,0.006160333345020491,TF
2017-03-03,TF1706.CFX,15,0.3102972399466396,28,0.7,0.02156542518909631,TF
2017-03-06,TF1706.CFX,15,0.33706277498903053,22,0.8571428571428571,0.015754289092941198,TF
2017-03-07,TF1706.CFX,15,0.2355473121314927,23,0.18181818181818182,-0.001488036615553201,TF
2017-03-08,TF1706.CFX,15,0.424280966302915,32,0.9565217391304348,0.029421990088121998,TF
2017-03-09,TF1706.CFX,15,0.30348910437710097,16,0.625,0.007360192017480727,TF
2017-03-10,TF1706.CFX,15,0.2791565108006507,24,0.4,-0.004787073613115145,TF
2017-03-13,TF1706.CFX,15,0.2808685524125868,19,0.4230769230769231,-0.005448197494007623,TF
2017-03-14,TF1706.CFX,15,0.43716547285696195,32,0.9629629629629629,0.0003148461143579584,TF
2017-03-15,TF1706.CFX,15,0.19773703622536926,26,0.14285714285714285,-0.005349517424715211,TF
2017-03-16,TF1706.CFX,15,0.16602073630108075,33,0.06896551724137931,-0.030940306518635746,TF
2017-03-17,TF1706.CFX,15,0.17125751749216014,15,0.1,-0.04903668063967345,TF
2017-03-20,TF1706.CFX,15,0.44710393797286496,31,0.967741935483871,-0.0006602588501403051,TF
2017-03-21,TF1706.CFX,15,0.3780319683770321,36,0.84375,0.06416730659751099,TF
2017-03-22,TF1706.CFX,15,0.2709371940356267,32,0.3939393939393939,0.04166073663539639,TF
2017-03-23,TF1706.CFX,15,0.2806565570335918,17,0.4411764705882353,0.004263133514562511,TF
2017-03-24,TF1706.CFX,15,0.1863531278303815,21,0.14285714285714285,-0.06188770316284072,TF
2017-03-27,TF1706.CFX,15,0.28970059911187784,30,0.5555555555555556,-0.026124680473555373,TF
2017-03-28,TF1706.CFX,15,0.4076191557823231,34,0.8648648648648649,0.02824079655716788,TF
2017-03-29,TF1706.CFX,15,0.2899247314894984,15,0.5526315789473685,0.023980237686375472,TF
2017-03-30,TF1706.CFX,15,0.3189336223636231,29,0.717948717948718,0.026538512144410376,TF
2017-03-31,TF1706.CFX,15,0.27857749824211653,14,0.375,-0.011093173515822263,TF
2017-04-05,TF1706.CFX,15,0.32345200987614586,32,0.7560975609756098,-0.017968152505973632,TF
2017-04-06,TF1706.CFX,15,0.2679186617322016,24,0.3333333333333333,-0.003949375200207083,TF
2017-04-07,TF1706.CFX,15,0.2926771592409624,27,0.6046511627906976,-0.006317176275523639,TF
2017-04-10,TF1706.CFX,15,0.15849627342239184,13,0.022727272727272728,-0.027093730027463285,TF
2017-04-11,TF1706.CFX,15,0.14513956644673548,9,0.0,-0.04660472751686305,TF
2017-04-12,TF1706.CFX,15,0.19622196678960419,18,0.1956521739130435,-0.029093098267942163,TF
2017-04-13,TF1706.CFX,15,0.16898689187208935,17,0.10638297872340426,-0.020965484137053375,TF
2017-04-14,TF1706.CFX,15,0.3933438446309452,27,0.875,0.04935424678424606,TF
2017-04-17,TF1706.CFX,15,0.4303136568436293,33,0.9387755102040817,0.07674700586351287,TF
2017-04-18,TF1706.CFX,15,0.27420778677891033,14,0.4,0.04172984049501523,TF
2017-04-19,TF1706.CFX,15,0.24670362768225,28,0.27450980392156865,0.003629741376828638,TF
2017-04-20,TF1706.CFX,15,0.21332040314613993,28,0.23076923076923078,-0.05436569121309898,TF
2017-04-21,TF1706.CFX,15,0.2209335565422066,15,0.24528301886792453,-0.047964758423561585,TF
2017-04-24,TF1706.CFX,15,0.347140150551618,36,0.8148148148148148,0.012009465640537198,TF
2017-04-25,TF1706.CFX,15,0.20826280775947933,18,0.21818181818181817,0.005693810755993678,TF
2017-04-26,TF1706.CFX,15,0.44450648671597204,31,0.9642857142857143,0.0449701418356937,TF
2017-04-27,TF1706.CFX,15,0.26595952153571434,15,0.3684210526315789,0.018741826615136948,TF
2017-04-28,TF1706.CFX,15,0.24588805267229122,23,0.29310344827586204,-0.01448074819824186,TF
2017-05-02,TF1706.CFX,15,0.2683565969581486,15,0.423728813559322,-0.007843085564634233,TF
2017-05-03,TF1706.CFX,15,0.202670687441943,29,0.2,-0.048127452312562366,TF
2017-05-04,TF1706.CFX,15,0.2959379260101792,20,0.6666666666666666,0.0016739443718581492,TF
2017-05-05,TF1706.CFX,15,0.18231581012215176,13,0.11666666666666667,-0.00995631560482484,TF
2017-05-08,TF1706.CFX,15,0.2958821245026954,27,0.65,0.003469617776930234,TF
2017-05-09,TF1706.CFX,15,0.3820512887764598,37,0.85,0.035870540116154974,TF
2017-05-10,TF1706.CFX,15,0.15492541816457014,28,0.016666666666666666,-0.008228953703691016,TF
2017-05-11,TF1706.CFX,15,0.15052200575390592,22,0.016666666666666666,-0.020454431507461686,TF
2017-05-12,TF1709.CFX,16,0.41024129613283566,57,,,TF
2017-05-15,TF1709.CFX,16,0.22390262211127357,57,,,TF
2017-05-16,TF1709.CFX,16,0.20061634131815817,22,,,TF
2017-05-17,TF1709.CFX,16,0.3134412021613343,59,,,TF
2017-05-18,TF1709.CFX,16,0.1439835280460629,21,,-0.04429769561234849,TF
2017-05-19,TF1709.CFX,16,0.5622284954603851,55,,0.06200189334261279,TF
2017-05-22,TF1709.CFX,16,0.15368544624127517,22,,0.015492550314528486,TF
2017-05-23,TF1709.CFX,16,0.3128008517028845,45,,0.0008421217278312687,TF
2017-05-24,TF1709.CFX,16,0.3073732712579263,56,,0.007735184266622619,TF
2017-05-25,TF1709.CFX,16,0.10797452926751216,17,,-0.07548201073690948,TF
2017-05-26,TF1709.CFX,16,0.11992065387112893,11,,-0.027235590717566482,TF
2017-05-31,TF1709.CFX,16,0.2281085592798496,18,,-0.03568372022328671,TF
2017-06-01,TF1709.CFX,16,0.21992555796161706,18,,-0.0054761396580281,TF
2017-06-02,TF1709.CFX,16,0.154969054421922,23,,0.01939939543993078,TF
2017-06-05,TF1709.CFX,16,0.23072786447711469,17,,0.014847491635404386,TF
2017-06-06,TF1709.CFX,16,0.3038737972964829,26,,0.016233278254876415,TF
2017-06-07,TF1709.CFX,16,0.23730352068288205,49,,0.018366066831709087,TF
2017-06-08,TF1709.CFX,16,0.34939472020488327,38,,0.039542698777169,TF
2017-06-09,TF1709.CFX,16,0.31340457172121494,29,,0.02108743373966009,TF
2017-06-12,TF1709.CFX,16,0.41454272550778015,36,,0.029743890746092738,TF
2017-06-13,TF1709.CFX,16,0.3264018727184683,33,0.8,0.024334470937406937,TF
2017-06-14,TF1709.CFX,16,0.3137668259925742,37,0.7619047619047619,-0.005825848742736483,TF
2017-06-15,TF1709.CFX,16,0.21227913201025336,26,0.2727272727272727,-0.03030267789371292,TF
2017-06-16,TF1709.CFX,16,0.14717865839290678,15,0.13043478260869565,-0.06488508749379616,TF
2017-06-19,TF1709.CFX,16,0.41315240911874584,48,0.9166666666666666,0.0006912905200887609,TF
2017-06-20,TF1709.CFX,16,0.1969319595847206,21,0.24,-0.003279645570721479,TF
2017-06-21,TF1709.CFX,16,0.4848950098137427,52,0.9615384615384616,0.05949850567987924,TF
2017-06-22,TF1709.CFX,16,0.24480982298048418,26,0.5185185185185185,0.026700492987015163,TF
2017-06-23,TF1709.CFX,16,0.12745703842902173,17,0.07142857142857142,-0.052351287798368465,TF
2017-06-26,TF1709.CFX,16,0.17405416521648792,20,0.2413793103448276,-0.04031935601211863,TF
2017-06-27,TF1709.CFX,16,0.5548300320616362,36,0.9666666666666667,0.006911438673179071,TF
2017-06-28,TF1709.CFX,16,0.2609090503933844,37,0.5483870967741935,0.04595714484584149,TF
2017-06-29,TF1709.CFX,16,0.3189261016906023,43,0.75,0.04697930117000577,TF
2017-06-30,TF1709.CFX,16,0.4432735670057619,37,0.9090909090909091,0.030253487320751414,TF
2017-07-03,TF1709.CFX,16,0.17164160338828657,17,0.20588235294117646,-0.05840123407343216,TF
2017-07-04,TF1709.CFX,16,0.19362677745038803,13,0.2571428571428571,-0.02818490441883085,TF
2017-07-05,TF1709.CFX,16,0.1597201428270109,16,0.19444444444444445,-0.05680587072825567,TF
2017-07-06,TF1709.CFX,16,0.42520169528567636,32,0.8918918918918919,-0.004806520400144676,TF
2017-07-07,TF1709.CFX,16,0.21363917309458053,22,0.3684210526315789,0.03155700572478763,TF
2017-07-10,TF1709.CFX,16,0.5481025817092644,40,0.9487179487179487,0.07628706387853224,TF
2017-07-11,TF1709.CFX,16,0.2336315745960912,35,0.475,0.027072374996174858,TF
2017-07-12,TF1709.CFX,16,0.4886697581608234,55,0.926829268292683,0.014692852725180483,TF
2017-07-13,TF1709.CFX,16,0.26616149485120866,45,0.5476190476190477,0.0045611819964815285,TF
2017-07-14,TF1709.CFX,16,0.18269592077241784,23,0.23255813953488372,-0.0698283401618576,TF
2017-07-17,TF1709.CFX,16,0.22235071686310676,46,0.38636363636363635,-0.03285355528543745,TF
2017-07-18,TF1709.CFX,16,0.4296653561447431,53,0.8666666666666667,-0.01618195820202626,TF
2017-07-19,TF1709.CFX,16,0.1768196989260723,19,0.21739130434782608,0.006828584352205258,TF
2017-07-20,TF1709.CFX,16,0.1325269296949751,13,0.06382978723404255,-0.014586900009191994,TF
2017-07-21,TF1709.CFX,16,0.35404572912321963,22,0.7708333333333334,-0.0033748401929542204,TF
2017-07-24,TF1709.CFX,16,0.32862851006334204,20,0.7346938775510204,-0.002484766196565491,TF
2017-07-25,TF1709.CFX,16,0.22317281575184583,28,0.4,0.0288807814019914,TF
2017-07-26,TF1709.CFX,16,0.4346047117188374,28,0.8823529411764706,0.047328265067635086,TF
2017-07-27,TF1709.CFX,16,0.3070431464553674,20,0.5769230769230769,0.0011971036319790795,TF
2017-07-28,TF1709.CFX,16,0.2066467302724965,14,0.3018867924528302,-0.01600932288781695,TF
2017-07-31,TF1709.CFX,16,0.13802944206538675,17,0.07407407407407407,-0.03982447288192591,TF
2017-08-01,TF1709.CFX,16,0.14310787731792812,47,0.09090909090909091,-0.07520073731917992,TF
2017-08-02,TF1709.CFX,16,0.25732335958227315,37,0.5357142857142857,-0.01629784267007568,TF
2017-08-03,TF1709.CFX,16,0.19296747429166794,18,0.2631578947368421,0.009193540555522928,TF
2017-08-04,TF1709.CFX,16,0.4542746311829389,33,0.9137931034482759,0.06823499752088442,TF
2017-08-07,TF1709.CFX,16,0.2998013941854924,37,0.576271186440678,0.05103383053357944,TF
2017-08-08,TF1709.CFX,16,0.2954644279076538,31,0.5666666666666667,0.01831160565445858,TF
2017-08-09,TF1709.CFX,16,0.3411133069251974,41,0.7666666666666667,0.013748146199177391,TF
2017-08-10,TF1709.CFX,16,0.15539177007781513,29,0.16666666666666666,-0.05564538094705425,TF
2017-08-11,TF1712.CFX,17,,9,,,TF
2017-08-14,TF1712.CFX,17,0.4140146542317401,36,,,TF
2017-08-15,TF1712.CFX,17,0.21591974830378655,17,,,TF
2017-08-16,TF1712.CFX,17,0.17623412018825463,22,,,TF
2017-08-17,TF1712.CFX,17,0.14012432792456084,10,,,TF
2017-08-18,TF1712.CFX,17,0.21688992407293223,23,,-0.04700448806968414,TF
2017-08-21,TF1712.CFX,17,0.12533777250922595,11,,-0.01405081477044436,TF
2017-08-22,TF1712.CFX,17,0.19714090818029964,14,,0.002702702056875511,TF
2017-08-23,TF1712.CFX,17,0.21859134496177846,35,,0.013718501818180262,TF
2017-08-24,TF1712.CFX,17,0.26289648937075916,15,,0.018526670304820636,TF
2017-08-25,TF1712.CFX,17,0.16711746690924917,9,,0.014931496999050598,TF
2017-08-28,TF1712.CFX,17,0.5169887321267829,23,,0.058822176984043725,TF
2017-08-29,TF1712.CFX,17,0.23452026494744488,24,,0.028595008272735655,TF
2017-08-30,TF1712.CFX,17,0.227838455226057,23,,-0.0002713270251208655,TF
2017-08-31,TF1712.CFX,17,0.2554766663916751,20,,-0.011243187793587395,TF
2017-09-01,TF1712.CFX,17,0.1187262394391863,9,,-0.07755685839309631,TF
2017-09-04,TF1712.CFX,17,0.2822105571003797,15,,-0.0013731631481001094,TF
2017-09-05,TF1712.CFX,17,0.17917798433936766,23,,-0.0070587051064674115,TF
2017-09-06,TF1712.CFX,17,0.316506717383202,15,,0.018251184688323523,TF
2017-09-07,TF1712.CFX,17,0.4192510739383105,28,,0.06353458292810707,TF
2017-09-08,TF1712.CFX,17,0.262939384722961,20,,0.02015307448441055,TF
2017-09-11,TF1712.CFX,17,0.15934170253420657,13,0.15,-0.009323989627056318,TF
2017-09-12,TF1712.CFX,17,0.23099078513709292,17,0.5714285714285714,-0.0430941235896322,TF
2017-09-13,TF1712.CFX,17,0.19307709282995394,24,0.3181818181818182,-0.04842965618025813,TF
2017-09-14,TF1712.CFX,17,0.24973019715401507,21,0.6521739130434783,0.0007317015157855489,TF
2017-09-15,TF1712.CFX,17,0.14406746054332026,13,0.125,-0.0011809071964850426,TF
2017-09-18,TF1712.CFX,17,0.386016200446627,30,0.88,0.026104119833243455,TF
2017-09-19,TF1712.CFX,17,0.21848198553124187,32,0.46153846153846156,0.018709578869518784,TF
2017-09-20,TF1712.CFX,17,0.24690528523449967,16,0.6296296296296297,0.006876470114889089,TF
2017-09-21,TF1712.CFX,17,0.4026782334947632,29,0.8928571428571429,0.03781106306907586,TF
2017-09-22,TF1712.CFX,17,0.32325442299842205,24,0.8275862068965517,0.005867269306711142,TF
2017-09-25,TF1712.CFX,17,0.26690200796328106,12,0.7333333333333333,0.01731891826280007,TF
2017-09-26,TF1712.CFX,17,0.2865237774932394,15,0.7741935483870968,-0.0056539241014002765,TF
2017-09-27,TF1712.CFX,17,0.2288655427853053,11,0.46875,-0.03843560269240985,TF
2017-09-28,TF1712.CFX,17,0.3449994059886192,31,0.8484848484848485,0.0005453500802418576,TF
2017-09-29,TF1712.CFX,17,0.28445422327409,21,0.7352941176470589,0.009358005911699774,TF
2017-10-09,TF1712.CFX,17,0.17149435111028713,26,0.17142857142857143,-0.017447017227711987,TF
2017-10-10,TF1712.CFX,17,0.2893352421712661,19,0.7777777777777778,-0.005256565610641051,TF
2017-10-11,TF1712.CFX,17,0.37697887580626244,20,0.8648648648648649,0.0068839958532462605,TF
2017-10-12,TF1712.CFX,17,0.28379396081724706,16,0.6842105263157895,0.02041639997822895,TF
2017-10-13,TF1712.CFX,17,0.18091013696613611,24,0.23076923076923078,0.0013290290357678924,TF
2017-10-16,TF1712.CFX,17,0.19391587158447102,42,0.275,-0.03869074800137165,TF
2017-10-17,TF1712.CFX,17,0.2917818264463818,22,0.7804878048780488,-0.026027218795253736,TF
2017-10-18,TF1712.CFX,17,0.257266048880968,54,0.5714285714285714,0.0057815865607687535,TF
2017-10-19,TF1712.CFX,17,0.266633477395009,44,0.627906976744186,0.023479685815424273,TF
2017-10-20,TF1712.CFX,17,0.227896137764554,33,0.4090909090909091,0.004281218330879316,TF
2017-10-23,TF1712.CFX,17,0.49237706907507617,33,0.9777777777777777,0.03718205741409747,TF
2017-10-24,TF1712.CFX,17,0.28813859097290934,16,0.7391304347826086,0.02874886758639499,TF
2017-10-25,TF1712.CFX,17,0.2046226507259091,21,0.2765957446808511,-0.0063779200129844395,TF
2017-10-26,TF1712.CFX,17,0.3718582868176021,52,0.8541666666666666,1.698797569291699e-05,TF
2017-10-27,TF1712.CFX,17,0.2804556870032967,18,0.6326530612244898,-0.03401230682988661,TF
2017-10-30,TF1712.CFX,17,0.3925422599433811,105,0.9,0.02846403742183311,TF
2017-10-31,TF1712.CFX,17,0.36310861019083573,52,0.8235294117647058,0.03376558920556323,TF
2017-11-01,TF1712.CFX,17,0.26070554486240816,46,0.5192307692307693,-0.013965256072284882,TF
2017-11-02,TF1712.CFX,17,0.2836507401812807,41,0.6415094339622641,-0.012544660872500491,TF
2017-11-03,TF1712.CFX,17,0.19163554350680995,26,0.18518518518518517,-0.048127130288269745,TF
2017-11-06,TF1712.CFX,17,0.3358248521849725,36,0.8,-0.012363751736732476,TF
2017-11-07,TF1712.CFX,17,0.19676630740810216,27,0.23214285714285715,-0.0075704362904920166,TF
2017-11-08,TF1712.CFX,17,0.10361888479594421,56,0.0,-0.03549329468693807,TF
2017-11-09,TF1712.CFX,17,0.3001756929001846,40,0.7586206896551724,-0.001512566860227904,TF
2017-11-10,TF1712.CFX,17,0.2232785366786528,18,0.3559322033898305,-0.012168324552055704,TF
2017-11-13,TF1803.CFX,18,0.18754057237638194,22,,,TF
2017-11-14,TF1803.CFX,18,0.2627312617948974,14,,,TF
2017-11-15,TF1803.CFX,18,0.15580493103290521,17,,,TF
2017-11-16,TF1803.CFX,18,0.26012794906610914,32,,,TF
2017-11-17,TF1803.CFX,18,0.22872071454418386,21,,0.00797569716068155,TF
2017-11-20,TF1803.CFX,18,0.2851051702693714,13,,0.011766360046022661,TF
2017-11-21,TF1803.CFX,18,0.22047708129252844,17,,0.015432152172250867,TF
2017-11-22,TF1803.CFX,18,0.22752091236256397,12,,-0.007345770665874579,TF
2017-11-23,TF1803.CFX,18,0.24214223636285964,20,,-0.0030741214269455865,TF
2017-11-24,TF1803.CFX,18,0.32010587505159316,12,,0.009166656463477474,TF
2017-11-27,TF1803.CFX,18,0.3950678468833739,22,,0.04417664938707201,TF
2017-11-28,TF1803.CFX,18,0.29904317760689414,12,,0.029597014100917456,TF
2017-11-29,TF1803.CFX,18,0.2071071817786981,13,,-0.009113280661302209,TF
2017-11-30,TF1803.CFX,18,0.34835842794574,22,,-0.013145555931638209,TF
2017-12-01,TF1803.CFX,18,0.394131094464741,18,,0.004744174550158009,TF
2017-12-04,TF1803.CFX,18,0.19139862123281198,18,,-0.0028265200062121466,TF
2017-12-05,TF1803.CFX,18,0.34665442954866404,28,,0.012213468882700395,TF
2017-12-06,TF1803.CFX,18,0.23214942358237378,15,,-0.02798946736428094,TF
2017-12-07,TF1803.CFX,18,0.4013724432554051,21,,0.005523349993089011,TF
2017-12-08,TF1803.CFX,18,0.29746979950634833,12,,0.02668603702538137,TF
2017-12-11,TF1803.CFX,18,0.18403590181080834,10,0.05,-0.025991667955173686,TF
2017-12-12,TF1803.CFX,18,0.1653017501249961,10,0.047619047619047616,-0.03510318883593522,TF
2017-12-13,TF1803.CFX,18,0.12361536743090344,11,0.0,-0.06876822010303554,TF
2017-12-14,TF1803.CFX,18,0.13231836607987796,8,0.043478260869565216,-0.03907234012328457,TF
2017-12-15,TF1803.CFX,18,0.17405113904640232,11,0.16666666666666666,-0.0052952909573930175,TF
2017-12-18,TF1803.CFX,18,0.20752439735630293,9,0.36,0.01348810660781125,TF
2017-12-19,TF1803.CFX,18,0.1739097345978308,7,0.15384615384615385,0.01757947656102797,TF
2017-12-20,TF1803.CFX,18,0.2316370338448388,15,0.5185185185185185,0.01984959310813501,TF
2017-12-21,TF1803.CFX,18,0.2566132440797922,7,0.6071428571428571,0.01892368465553156,TF
2017-12-22,TF1803.CFX,18,0.24472881098458946,16,0.5862068965517241,0.015711233673853443,TF
2017-12-25,TF1803.CFX,18,0.30830902015860356,16,0.8,0.02818903482612962,TF
2017-12-26,TF1803.CFX,18,0.2567375326010014,8,0.6129032258064516,0.010189677359113664,TF
2017-12-27,TF1803.CFX,18,0.1621573287335064,8,0.09375,-0.01769031090761596,TF
2017-12-28,TF1803.CFX,18,0.2743746118773831,9,0.696969696969697,-0.008686008963950987,TF
2017-12-29,TF1803.CFX,18,0.22700232572276527,20,0.38235294117647056,-0.01449763095952949,TF
2018-01-02,TF1803.CFX,18,0.42680437890365086,21,1.0,0.04049786895945577,TF
2018-01-03,TF1803.CFX,18,0.29943611229667044,18,0.7777777777777778,0.04269873341525958,TF
2018-01-04,TF1803.CFX,18,0.19318541189090388,21,0.2702702702702703,-0.008994461339905325,TF
2018-01-05,TF1803.CFX,18,0.24460312285562122,12,0.5263157894736842,-0.0198417372747035,TF
2018-01-08,TF1803.CFX,18,0.320048020416466,18,0.8205128205128205,-0.026834570641541888,TF
2018-01-09,TF1803.CFX,18,0.16173463145962155,14,0.075,-0.014854035314853565,TF
2018-01-10,TF1803.CFX,18,0.3577825650064749,20,0.9024390243902439,0.024632581483514226,TF
2018-01-11,TF1803.CFX,18,0.2947232299829204,25,0.6904761904761905,0.01379747588446072,TF
2018-01-12,TF1803.CFX,18,0.3825485985221918,12,0.9069767441860465,0.02579897547347505,TF
2018-01-15,TF1803.CFX,18,0.3663096969494127,22,0.8863636363636364,0.043391616449529914,TF
2018-01-16,TF1803.CFX,18,0.32689113886741583,13,0.8,0.0009803614688374206,TF
2018-01-17,TF1803.CFX,18,0.2986254707355846,29,0.6739130434782609,-0.004785297814944756,TF
2018-01-18,TF1803.CFX,18,0.48053865517160216,28,1.0,0.012829588708499273,TF
2018-01-19,TF1803.CFX,18,0.2430058731878943,26,0.4375,-0.00929601312188505,TF
2018-01-22,TF1803.CFX,18,0.2172554152575649,20,0.2857142857142857,-0.027489104476739218,TF
2018-01-23,TF1803.CFX,18,0.3117118228887119,19,0.74,-0.02371105356077826,TF
2018-01-24,TF1803.CFX,18,0.15156778939933357,21,0.0392156862745098,-0.05892357818437195,TF
2018-01-25,TF1803.CFX,18,0.231820709048746,17,0.40384615384615385,-0.008805795413652789,TF
2018-01-26,TF1803.CFX,18,0.28005615732207395,17,0.6037735849056604,0.004571037028905223,TF
2018-01-29,TF1803.CFX,18,0.24392074266714142,17,0.46296296296296297,-0.0007093792520400599,TF
2018-01-30,TF1803.CFX,18,0.2253253388072221,18,0.3090909090909091,0.01596151324341725,TF
2018-01-31,TF1803.CFX,18,0.29780461647990847,17,0.6785714285714286,0.007723699634747316,TF
2018-02-01,TF1803.CFX,18,0.2117900408083846,25,0.2631578947368421,-0.008264835921461166,TF
2018-02-02,TF1803.CFX,18,0.31124875630330845,14,0.7586206896551724,0.012112072927349648,TF
2018-02-05,TF1803.CFX,18,0.08817122770905822,23,0.0,-0.026086408237292785,TF
2018-02-06,TF1803.CFX,18,0.4434636293648203,25,0.9833333333333333,0.016769921267049726,TF
2018-02-07,TF1803.CFX,18,0.22978236211995484,17,0.36666666666666664,0.01681995156846524,TF
2018-02-08,TF1803.CFX,18,0.30323294306874077,21,0.7166666666666667,0.012557950794176131,TF
2018-02-09,TF1803.CFX,18,0.24986271649577624,29,0.5,0.01831522912773565,TF
2018-02-12,TF1803.CFX,18,0.36751905481111313,18,0.8833333333333333,-0.01318087947315929,TF
2018-02-13,TF1806.CFX,19,,10,,,TF
2018-02-14,TF1806.CFX,19,,7,,,TF
2018-02-22,TF1806.CFX,19,0.3034840923446237,10,,,TF
2018-02-23,TF1806.CFX,19,0.29860944345648593,10,,,TF
2018-02-26,TF1806.CFX,19,0.40181333527990387,19,,,TF
2018-02-27,TF1806.CFX,19,0.21120889686231545,26,,,TF
2018-02-28,TF1806.CFX,19,0.2686378258561958,17,,-0.015709307957102625,TF
2018-03-01,TF1806.CFX,19,0.2981360389231407,18,,-0.013412231849039858,TF
2018-03-02,TF1806.CFX,19,0.18179472252688914,18,,-0.03531100834452043,TF
2018-03-05,TF1806.CFX,19,0.2633934077164671,17,,0.001752591837899664,TF
2018-03-06,TF1806.CFX,19,0.2072427725928499,26,,-0.01575327377333654,TF
2018-03-07,TF1806.CFX,19,0.2041367125161731,18,,-0.01625506027479745,TF
2018-03-08,TF1806.CFX,19,0.33546773141529646,16,,0.024808932257652065,TF
2018-03-09,TF1806.CFX,19,0.3170460379719563,20,,0.023553021933342494,TF
2018-03-12,TF1806.CFX,19,0.2463094913858291,13,,0.019104276304174155,TF
2018-03-13,TF1806.CFX,19,0.32617245243559545,17,,0.015491323980937744,TF
2018-03-14,TF1806.CFX,19,0.3283857254555539,20,,-0.0005037597455845976,TF
2018-03-15,TF1806.CFX,19,0.26394941794145155,11,,-0.0024117005991284744,TF
2018-03-16,TF1806.CFX,19,0.2395846553046907,12,,-0.007567270665642068,TF
2018-03-19,TF1806.CFX,19,0.33342462037099113,11,,-0.007429673428007188,TF
2018-03-20,TF1806.CFX,19,0.3046911845354398,21,,0.0022086120589311364,TF
2018-03-21,TF1806.CFX,19,0.1918348049345694,16,,-0.007912269678301526,TF
2018-03-22,TF1806.CFX,19,0.338560264322024,23,0.95,0.005636140259824496,TF
2018-03-23,TF1806.CFX,19,0.2345568234523896,31,0.23809523809523808,-0.016386651405061882,TF
2018-03-26,TF1806.CFX,19,0.20456277827303762,17,0.13636363636363635,-0.015753479400698416,TF
2018-03-27,TF1806.CFX,19,0.21180184174242228,15,0.2608695652173913,-0.009406341243328065,TF
2018-03-28,TF1806.CFX,19,0.42563950342527584,18,1.0,0.015140349649653639,TF
2018-03-29,TF1806.CFX,19,0.4727620203876226,16,1.0,0.06974871190227043,TF
2018-03-30,TF1806.CFX,19,0.43567133844786676,17,0.9615384615384616,0.07231772989948586,TF
2018-04-02,TF1806.CFX,19,0.19271587130852277,15,0.07407407407407407,-0.002814010584520815,TF
2018-04-03,TF1806.CFX,19,0.3325918186710991,20,0.75,-0.04661415185874531,TF
2018-04-04,TF1806.CFX,19,0.2784236066141082,14,0.4827586206896552,-0.04917563473237964,TF
2018-04-09,TF1806.CFX,19,0.2906223949328952,16,0.5,-0.020439015172435782,TF
2018-04-10,TF1806.CFX,19,0.4348913364496608,16,0.9354838709677419,0.04423815065440721,TF
2018-04-11,TF1806.CFX,19,0.20980580269477772,21,0.1875,-0.008910430211709008,TF
2018-04-12,TF1806.CFX,19,0.34279154968476094,18,0.8484848484848485,0.004791929390318794,TF
2018-04-13,TF1806.CFX,19,0.3111197995120209,20,0.6176470588235294,-0.005110497760664867,TF
2018-04-16,TF1806.CFX,19,0.31427708585979397,28,0.6285714285714286,-0.013991450436249053,TF
2018-04-17,TF1806.CFX,19,0.4196755349157911,27,0.8888888888888888,0.03912250006170598,TF
2018-04-18,TF1806.CFX,19,0.4391296734565082,50,0.972972972972973,0.030123198294726483,TF
2018-04-19,TF1806.CFX,19,0.5360671953326595,26,1.0,0.05747473792379913,TF
2018-04-20,TF1806.CFX,19,0.3273457214428496,17,0.6410256410256411,0.014252893158297952,TF
2018-04-23,TF1806.CFX,19,0.26956422652513806,18,0.375,-0.041200656879496464,TF
2018-04-24,TF1806.CFX,19,0.33582846109512976,17,0.7560975609756098,-0.04731053935302783,TF
2018-04-25,TF1806.CFX,19,0.13619675931849054,22,0.0,-0.07912581323760577,TF
2018-04-26,TF1806.CFX,19,0.3417775064521206,22,0.7906976744186046,-0.010450389718810548,TF
2018-04-27,TF1806.CFX,19,0.23632211735169642,27,0.25,-0.006053517298989236,TF
2018-05-02,TF1806.CFX,19,0.2678045668251362,21,0.35555555555555557,-0.0035922430506781233,TF
2018-05-03,TF1806.CFX,19,0.3332467087779355,19,0.6956521739130435,0.03201269592919055,TF
2018-05-04,TF1806.CFX,19,0.25703579054202386,18,0.2978723404255319,-0.007255884039395444,TF
2018-05-07,TF1806.CFX,19,0.4510430499612035,21,0.9583333333333334,0.04186730889359017,TF
2018-05-08,TF1806.CFX,19,0.5471162251626158,37,1.0,0.06764196578582272,TF
2018-05-09,TF1806.CFX,19,0.1687452340116149,23,0.02,-0.0038922514912049233,TF
2018-05-10,TF1806.CFX,19,0.3711560504853896,18,0.803921568627451,-0.005405729606285714,TF
2018-05-11,TF1806.CFX,19,0.32984448205097894,19,0.6346153846153846,-0.041835731049767545,TF
2018-05-14,TF1806.CFX,19,0.2510895180733115,15,0.2830188679245283,-0.043095416613924464,TF
2018-05-15,TF1806.CFX,19,0.236941311436674,20,0.24074074074074073,0.0016325622438040088,TF
2018-05-16,TF1806.CFX,19,0.23454484929070096,17,0.2,-0.03661255730036822,TF
2018-05-17,TF1809.CFX,20,,13,,,TF
2018-05-18,TF1809.CFX,20,0.2716710368074621,16,,,TF
2018-05-21,TF1809.CFX,20,0.4195530775962163,20,,,TF
2018-05-22,TF1809.CFX,20,0.30660654262986425,18,,,TF
2018-05-23,TF1809.CFX,20,0.1776111941244088,17,,,TF
2018-05-24,TF1809.CFX,20,0.2680116851468615,13,,-0.024926058679300856,TF
2018-05-25,TF1809.CFX,20,0.3643792981285773,18,,-0.014894241641828088,TF
2018-05-28,TF1809.CFX,20,0.4473119069649413,13,,0.04681788326743225,TF
2018-05-29,TF1809.CFX,20,0.28500072691697576,17,,0.03940792874032136,TF
2018-05-30,TF1809.CFX,20,0.2526461229507719,16,,-0.011010969560378081,TF
2018-05-31,TF1809.CFX,20,0.2950224179821699,16,,-0.033337954430698404,TF
2018-06-01,TF1809.CFX,20,0.1932723910577271,14,,-0.04980573407492343,TF
2018-06-04,TF1809.CFX,20,0.17327421968650875,18,,-0.028282674635397888,TF
2018-06-05,TF1809.CFX,20,0.17976323140119602,13,,-0.02675139813948128,TF
2018-06-06,TF1809.CFX,20,0.32956679091051494,16,,0.0055579586200159015,TF
2018-06-07,TF1809.CFX,20,0.2743348989057647,15,,0.03184175869200814,TF
2018-06-08,TF1809.CFX,20,0.23919349188222397,20,,0.022641021189599913,TF
2018-06-11,TF1809.CFX,20,0.3548965065309048,10,,0.02598932512311266,TF
2018-06-12,TF1809.CFX,20,0.36469269938471094,15,,0.015081342457353219,TF
2018-06-13,TF1809.CFX,20,0.3591863409623167,17,,0.02952020916155911,TF
2018-06-14,TF1809.CFX,20,0.4419266480447154,18,,0.04097561467563947,TF
2018-06-15,TF1809.CFX,20,0.211015808951785,12,0.2,-0.02105274464982352,TF
2018-06-19,TF1809.CFX,20,0.376823231317755,17,0.8571428571428571,-0.012390946814444337,TF
2018-06-20,TF1809.CFX,20,0.2577290540435001,16,0.3181818181818182,-0.026801799056459363,TF
2018-06-21,TF1809.CFX,20,0.18196255146878312,13,0.13043478260869565,-0.04732149480601495,TF
2018-06-22,TF1809.CFX,20,0.2246213439992896,21,0.25,-0.016764960975396266,TF
2018-06-25,TF1809.CFX,20,0.2681164710697646,18,0.44,-0.02505212305401914,TF
2018-06-26,TF1809.CFX,20,0.29822897277003246,12,0.6153846153846154,0.016715375705404618,TF
2018-06-27,TF1809.CFX,20,0.18840100091533654,16,0.14814814814814814,0.008648452766384967,TF
2018-06-28,TF1809.CFX,20,0.3168225334973285,14,0.6785714285714286,0.010468690884164966,TF
2018-06-29,TF1809.CFX,20,0.3552428041164275,17,0.7586206896551724,0.01928462268206218,TF
2018-07-02,TF1809.CFX,20,0.4336446478875707,13,0.9333333333333333,0.04376731534361674,TF
2018-07-03,TF1809.CFX,20,0.3117145560866793,16,0.6129032258064516,0.03634492247329278,TF
2018-07-04,TF1809.CFX,20,0.2556149113633576,17,0.3125,-0.01659434922976899,TF
2018-07-05,TF1809.CFX,20,0.13492920906837386,16,0.0,-0.061865692662032026,TF
2018-07-06,TF1809.CFX,20,0.23600518704231788,20,0.2647058823529412,-0.05720642687088111,TF
2018-07-09,TF1809.CFX,20,0.18583801556378252,11,0.14285714285714285,-0.02713628053668334,TF
2018-07-10,TF1809.CFX,20,0.33918483952169776,14,0.7222222222222222,0.02180486628120889,TF
2018-07-11,TF1809.CFX,20,0.24672845705127494,17,0.32432432432432434,0.032677814844518205,TF
2018-07-12,TF1809.CFX,20,0.21639440776396413,10,0.23684210526315788,0.0021668882930784895,TF
2018-07-13,TF1809.CFX,20,0.35426963013200563,13,0.7435897435897436,0.021407279737871265,TF
2018-07-16,TF1809.CFX,20,0.2963974053213029,14,0.575,0.0021966304679940985,TF
2018-07-17,TF1809.CFX,20,0.28037637383762865,12,0.5121951219512195,0.014729883113004615,TF
2018-07-18,TF1809.CFX,20,0.21556782821172016,11,0.21428571428571427,-0.0075546415398864974,TF
2018-07-19,TF1809.CFX,20,0.4431138535098613,21,0.9767441860465116,0.009685886964612856,TF
2018-07-20,TF1809.CFX,20,0.3995123203150161,30,0.8863636363636364,0.03689673096596592,TF
2018-07-23,TF1809.CFX,20,0.3580320508497891,21,0.7777777777777778,0.03392558461276169,TF
2018-07-24,TF1809.CFX,20,0.17560545162475133,18,0.043478260869565216,-0.01650065558340098,TF
2018-07-25,TF1809.CFX,20,0.24326517449152396,12,0.3191489361702128,-0.06236042267269395,TF
2018-07-26,TF1809.CFX,20,0.35311277957636666,18,0.7083333333333334,-0.020756595783556396,TF
2018-07-27,TF1809.CFX,20,0.3751453990862007,12,0.8571428571428571,0.021173402442443857,TF
2018-07-30,TF1809.CFX,20,0.3583834404342499,15,0.78,0.04974362022136739,TF
2018-07-31,TF1809.CFX,20,0.4036583465219203,21,0.9019607843137255,0.03260570049186759,TF
2018-08-01,TF1809.CFX,20,0.28783422204866604,23,0.5,-0.010204416761968172,TF
2018-08-02,TF1809.CFX,20,0.24123119836994106,23,0.2830188679245283,-0.03383776198181031,TF
2018-08-03,TF1809.CFX,20,0.36978723811807956,19,0.8333333333333334,-0.01396195527843198,TF
2018-08-06,TF1809.CFX,20,0.34686160937183175,16,0.6545454545454545,-0.003164045823076345,TF
2018-08-07,TF1809.CFX,20,0.3535699787555208,20,0.6785714285714286,0.02371019244156002,TF
2018-08-08,TF1809.CFX,20,0.3830186382694726,17,0.8771929824561403,0.02673576204365043,TF
2018-08-09,TF1809.CFX,20,0.38691485770754475,19,0.8793103448275862,0.007041226807657119,TF
2018-08-10,TF1809.CFX,20,0.3582689683747152,20,0.7288135593220338,0.005615959695779082,TF
2018-08-13,TF1809.CFX,20,0.21042069049747,19,0.15,-0.0311048246410859,TF
2018-08-14,TF1809.CFX,20,0.256928671866937,17,0.35,-0.04286741000151458,TF
2018-08-15,TF1812.CFX,21,,13,,,TF
2018-08-16,TF1812.CFX,21,0.24356498620747083,27,,,TF
2018-08-17,TF1812.CFX,21,0.3967892477909327,37,,,TF
2018-08-20,TF1812.CFX,21,0.287703700667578,23,,,TF
2018-08-21,TF1812.CFX,21,0.28854529132248086,29,,,TF
2018-08-22,TF1812.CFX,21,0.48721857348141145,27,,0.03790632180794294,TF
2018-08-23,TF1812.CFX,21,0.2476999327387804,21,,-0.009866375729047121,TF
2018-08-24,TF1812.CFX,21,0.4006490838867494,26,,0.018504540785464242,TF
2018-08-27,TF1812.CFX,21,0.18683378039693702,21,,-0.028999251144574974,TF
2018-08-28,TF1812.CFX,21,0.19826694123368177,28,,-0.06387694168373027,TF
2018-08-29,TF1812.CFX,21,0.4179738867728805,16,,0.013816576541513248,TF
2018-08-30,TF1812.CFX,21,0.3603317728502009,19,,0.015050548430284649,TF
2018-08-31,TF1812.CFX,21,0.3028847581514344,18,,0.03941667871255139,TF
2018-09-03,TF1812.CFX,21,0.39774761852948254,15,,0.028387222597015548,TF
2018-09-04,TF1812.CFX,21,0.29090258631365085,18,,-0.021672675523917762,TF
2018-09-05,TF1812.CFX,21,0.3984248415903105,17,,0.006420396564243558,TF
2018-09-06,TF1812.CFX,21,0.31036341300856324,15,,0.0015634532775085641,TF
2018-09-07,TF1812.CFX,21,0.3430477270255785,17,,-0.00899389563128956,TF
2018-09-10,TF1812.CFX,21,0.4250829699784754,19,,0.021298365276491715,TF
2018-09-11,TF1812.CFX,21,0.25344858166917444,32,,-0.01752329628723599,TF
2018-09-12,TF1812.CFX,21,0.33990553473437485,31,,-0.00305149019047809,TF
2018-09-13,TF1812.CFX,21,0.325059646064903,21,0.5,-0.01211535971654516,TF
2018-09-14,TF1812.CFX,21,0.41119645155273565,21,0.8571428571428571,0.004383802754424904,TF
2018-09-17,TF1812.CFX,21,0.18839561742421404,15,0.045454545454545456,-0.005881501167155995,TF
2018-09-18,TF1812.CFX,21,0.2799252190699043,18,0.2608695652173913,-0.025662465996963,TF
2018-09-19,TF1812.CFX,21,0.20906784754342875,20,0.125,-0.036325482952577995,TF
2018-09-20,TF1812.CFX,21,0.34354212563651687,17,0.64,-0.011463642171322286,TF
2018-09-21,TF1812.CFX,21,0.32912320510350346,20,0.5384615384615384,0.034507208192519144,TF
2018-09-25,TF1812.CFX,21,0.26372308176734804,7,0.25925925925925924,0.008765108295496215,TF
2018-09-26,TF1812.CFX,21,0.4703257946022118,16,0.9642857142857143,0.04426968502483973,TF
2018-09-27,TF1812.CFX,21,0.32602068374457416,16,0.5172413793103449,0.010615970571482303,TF
2018-09-28,TF1812.CFX,21,0.2614433773820536,12,0.23333333333333334,-0.007306205346567363,TF
2018-10-08,TF1812.CFX,21,0.33777875367481164,17,0.5806451612903226,-0.006077107340523103,TF
2018-10-09,TF1812.CFX,21,0.40323693940001054,27,0.84375,-0.01224196404741652,TF
2018-10-10,TF1812.CFX,21,0.23864946809169368,18,0.12121212121212122,-0.003294886928780405,TF
2018-10-11,TF1812.CFX,21,0.31777641792535355,27,0.47058823529411764,0.001353679550348208,TF
2018-10-12,TF1812.CFX,21,0.2784863771169338,15,0.2857142857142857,-0.020404527459041265,TF
2018-10-15,TF1812.CFX,21,0.35855071240334674,14,0.6944444444444444,-0.004953554496808743,TF
2018-10-16,TF1812.CFX,21,0.2611644925700677,27,0.21621621621621623,0.008580434343474113,TF
2018-10-17,TF1812.CFX,21,0.2271143205057467,23,0.10526315789473684,-0.019864607938607982,TF
2018-10-18,TF1812.CFX,21,0.26883521229488255,24,0.3076923076923077,-0.015073872154170253,TF
2018-10-19,TF1812.CFX,21,0.34866415573879317,21,0.7,-0.0012102393604292328,TF
2018-10-22,TF1812.CFX,21,0.3197042659175411,16,0.5121951219512195,0.023862938192799332,TF
2018-10-23,TF1812.CFX,21,0.30540985438813645,20,0.4523809523809524,0.020746012138743795,TF
2018-10-24,TF1812.CFX,21,0.4231035504846189,13,0.9302325581395349,0.0265282375028816,TF
2018-10-25,TF1812.CFX,21,0.25405123184117195,15,0.20454545454545456,-0.008582656322816462,TF
2018-10-26,TF1812.CFX,21,0.2168506371500129,11,0.08888888888888889,-0.02570658800820209,TF
2018-10-29,TF1812.CFX,21,0.4412154009696124,23,0.9565217391304348,0.006535817982834602,TF
2018-10-30,TF1812.CFX,21,0.32110147087795565,20,0.5319148936170213,-0.0016839990084885903,TF
2018-10-31,TF1812.CFX,21,0.4064128875672702,18,0.8541666666666666,0.040897414518013916,TF
2018-11-01,TF1812.CFX,21,0.3079399003088682,19,0.4489795918367347,0.014737601291536834,TF
2018-11-02,TF1812.CFX,21,0.1530914505029371,24,0.0,-0.058940947150243804,TF
2018-11-05,TF1812.CFX,21,0.2348931746741884,16,0.13725490196078433,-0.04257380294718677,TF
2018-11-06,TF1812.CFX,21,0.3919524557366711,21,0.75,-0.01019675892958779,TF
2018-11-07,TF1812.CFX,21,0.2834004301849967,22,0.3584905660377358,0.01897820649859911,TF
2018-11-08,TF1812.CFX,21,0.36165785795207295,18,0.7407407407407407,0.046564007040908004,TF
2018-11-09,TF1812.CFX,21,0.18299447951958298,17,0.01818181818181818,-0.013409198809380896,TF
2018-11-12,TF1812.CFX,21,0.19837229858635191,17,0.08928571428571429,-0.048756626496605206,TF
2018-11-13,TF1812.CFX,21,0.33909218519735196,19,0.631578947368421,-0.00519020493410105,TF
2018-11-14,TF1812.CFX,21,0.24445319240198488,22,0.20689655172413793,-0.007831162542240722,TF
2018-11-15,TF1812.CFX,21,0.2574051659978985,18,0.2711864406779661,0.019490226677226392,TF
2018-11-16,TF1812.CFX,21,0.29250602156364347,16,0.45,0.010658042675512963,TF
2018-11-19,TF1812.CFX,21,0.2959903487319699,19,0.45,-0.003815084376910549,TF
2018-11-20,TF1903.CFX,22,,11,,,TF
2018-11-21,TF1903.CFX,22,0.6088136849402181,32,,,TF
2018-11-22,TF1903.CFX,22,0.2702124706647543,18,,,TF
2018-11-23,TF1903.CFX,22,0.365650692471549,24,,,TF
2018-11-26,TF1903.CFX,22,0.2023265919474954,29,,,TF
2018-11-27,TF1903.CFX,22,0.2572892787937652,22,,-0.07709346910101647,TF
2018-11-28,TF1903.CFX,22,0.29925867608559936,14,,-0.00502690028360937,TF
2018-11-29,TF1903.CFX,22,0.43918853833864746,25,,0.024400777587230093,TF
2018-11-30,TF1903.CFX,22,0.3312620047813687,22,,0.043977008521262885,TF
2018-12-03,TF1903.CFX,22,0.43064543344607226,33,,0.03787156380003835,TF
2018-12-04,TF1903.CFX,22,0.3785527363280357,36,,0.015004501559229754,TF
2018-12-05,TF1903.CFX,22,0.465624943232607,28,,0.010016354133458616,TF
2018-12-06,TF1903.CFX,22,0.237020607798819,35,,-0.015350328417856473,TF
2018-12-07,TF1903.CFX,22,0.37170451662415915,25,,-0.02594139621730429,TF
2018-12-10,TF1903.CFX,22,0.33759790960021885,22,,-0.017583008006408163,TF
2018-12-11,TF1903.CFX,22,0.21426411179362082,21,,-0.04021443610765725,TF
2018-12-12,TF1903.CFX,22,0.4168090625289308,22,,0.020213650462968524,TF
2018-12-13,TF1903.CFX,22,0.3396044170830795,37,,0.00150109538465526,TF
2018-12-14,TF1903.CFX,22,0.46925372864423914,32,,0.03886519433774992,TF
2018-12-17,TF1903.CFX,22,0.3912060211582037,28,,0.04063284848444741,TF
2018-12-18,TF1903.CFX,22,0.46075807482108944,36,,0.013949962865944155,TF
2018-12-19,TF1903.CFX,22,0.49902172722550064,35,0.95,0.031033896646169255,TF
2018-12-20,TF1903.CFX,22,0.30603296143039627,34,0.2857142857142857,-0.02186258283603888,TF
2018-12-21,TF1903.CFX,22,0.40172271504349943,25,0.6363636363636364,-0.013369172562010156,TF
2018-12-24,TF1903.CFX,22,0.27741863474009765,18,0.21739130434782608,-0.04639778923439848,TF
2018-12-25,TF1903.CFX,22,0.3887415763042823,23,0.5833333333333334,-0.02491746285327352,TF
2018-12-26,TF1903.CFX,22,0.39653347116257553,28,0.64,0.01680198807251414,TF
2018-12-27,TF1903.CFX,22,0.3196134052952303,27,0.3076923076923077,-0.004510378307406049,TF
2018-12-28,TF1903.CFX,22,0.21848057908988405,27,0.07407407407407407,-0.01870042823094792,TF
2019-01-02,TF1903.CFX,22,0.2202421632494289,8,0.10714285714285714,-0.05150517181823981,TF
2019-01-03,TF1903.CFX,22,0.22919112783012457,9,0.13793103448275862,-0.04340559287107034,TF
2019-01-04,TF1903.CFX,22,0.18985548352250467,14,0.0,-0.02488052948052107,TF
2019-01-07,TF1903.CFX,22,0.19818611025377184,10,0.03225806451612903,-0.007097561739914865,TF
2019-01-08,TF1903.CFX,22,0.19746409007026305,15,0.03125,-0.007656116393468448,TF
2019-01-09,TF1903.CFX,22,0.1655926126062432,14,0.0,-0.01195884239000044,TF
2019-01-10,TF1903.CFX,22,0.1913643871245598,13,0.058823529411764705,-0.0029575690443418346,TF
2019-01-11,TF1903.CFX,22,0.15463193114204576,12,0.0,-0.009320806116915537,TF
2019-01-14,TF1903.CFX,22,0.20446823400071928,13,0.19444444444444445,0.0003047606396715086,TF
2019-01-15,TF1903.CFX,22,0.2066721359281749,11,0.21621621621621623,0.009526289352002287,TF
2019-01-16,TF1903.CFX,22,0.16496048066569508,13,0.02631578947368421,-7.676081316002615e-05,TF
2019-01-17,TF1903.CFX,22,0.2075272339082917,13,0.2564102564102564,0.00662828521974676,TF
2019-01-18,TF1903.CFX,22,0.20279552552824592,13,0.2,-0.00024903189648299296,TF
2019-01-21,TF1903.CFX,22,0.25899445325202125,14,0.43902439024390244,0.01424796795102436,TF
2019-01-22,TF1903.CFX,22,0.21160508864226496,11,0.2857142857142857,0.014475643529686926,TF
2019-01-23,TF1903.CFX,22,0.27072634416863284,19,0.4883720930232558,0.013520778363470126,TF
2019-01-24,TF1903.CFX,22,0.17804904871551575,10,0.06818181818181818,-0.0037761062708848827,TF
2019-01-25,TF1903.CFX,22,0.17432626871341073,9,0.06666666666666667,-0.02028924090039703,TF
2019-01-28,TF1903.CFX,22,0.20472339290231417,14,0.2608695652173913,-0.011016346693512369,TF
2019-01-29,TF1903.CFX,22,0.18163860531329257,14,0.10638297872340426,-0.015150113352388205,TF
2019-01-30,TF1903.CFX,22,0.1531274232008055,14,0.0,-0.004253091442953866,TF
2019-01-31,TF1903.CFX,22,0.1755063652681168,11,0.10204081632653061,-0.004923577659209655,TF
2019-02-01,TF1903.CFX,22,0.1701877427823141,7,0.08,-0.007520354028517589,TF
2019-02-11,TF1903.CFX,22,0.20458693373690034,14,0.3137254901960784,0.006295697642872411,TF
2019-02-12,TF1903.CFX,22,0.25952276440784744,12,0.5384615384615384,0.024187125088286743,TF
2019-02-13,TF1903.CFX,22,0.2086229842282387,9,0.37735849056603776,0.015556825954577714,TF
2019-02-14,TF1903.CFX,22,0.17573662238275248,13,0.12962962962962962,0.0015133809692215062,TF
2019-02-15,TF1903.CFX,22,0.19197251598117293,10,0.21818181818181817,-0.010901497753654977,TF
2019-02-18,TF1903.CFX,22,0.14880480162128282,11,0.0,-0.0238086393820195,TF
2019-02-19,TF1903.CFX,22,0.11667527969848497,12,0.0,-0.02108272298209771,TF
2019-02-20,TF1903.CFX,22,0.1092049903313476,10,0.0,-0.020836050038549766,TF
2019-02-21,TF1906.CFX,23,,18,,,TF
2019-02-22,TF1906.CFX,23,0.17058050968074384,22,,,TF
2019-02-25,TF1906.CFX,23,0.2741222881812203,31,,,TF
2019-02-26,TF1906.CFX,23,0.26843648896268146,35,,,TF
2019-02-27,TF1906.CFX,23,0.321561630689538,32,,,TF
2019-02-28,TF1906.CFX,23,0.20594079511254387,26,,0.011815991337191778,TF
2019-03-01,TF1906.CFX,23,0.25887704663370004,24,,-0.009298617694517808,TF
2019-03-04,TF1906.CFX,23,0.3246449241032047,33,,0.004973228622520853,TF
2019-03-05,TF1906.CFX,23,0.1540115903046787,23,,-0.021639595177905768,TF
2019-03-06,TF1906.CFX,23,0.3509384831301901,24,,0.018512991970627113,TF
2019-03-07,TF1906.CFX,23,0.2037368582922446,31,,-0.008398681765592553,TF
2019-03-08,TF1906.CFX,23,0.17604948058325848,33,,-0.024746561905232656,TF
2019-03-11,TF1906.CFX,23,0.20592200745910888,25,,-0.007106816823807122,TF
2019-03-12,TF1906.CFX,23,0.13241485894041,19,,-0.0434862099212696,TF
2019-03-13,TF1906.CFX,23,0.14251367958908354,16,,-0.016608097904917064,TF
2019-03-14,TF1906.CFX,23,0.2901265560645412,22,,0.016474582309254006,TF
2019-03-15,TF1906.CFX,23,0.26693810554006236,37,,0.02797438932860381,TF
2019-03-18,TF1906.CFX,23,0.1662379371626959,22,,0.01920705823955506,TF
2019-03-19,TF1906.CFX,23,0.19547234156032892,22,,-0.0017971294959354621,TF
2019-03-20,TF1906.CFX,23,0.20906319268168874,21,,-0.023359249074543835,TF
2019-03-21,TF1906.CFX,23,0.22121010168988797,23,,-0.004863075218135593,TF
2019-03-22,TF1906.CFX,23,0.1895522511171152,14,0.3,0.007236638803839767,TF
2019-03-25,TF1906.CFX,23,0.22356148864612707,22,0.6190476190476191,0.0036667352607022753,TF
2019-03-26,TF1906.CFX,23,0.22498340353707125,21,0.6363636363636364,0.0034191808667004163,TF
2019-03-27,TF1906.CFX,23,0.21305787895079273,16,0.5217391304347826,0.0019126706941765491,TF
2019-03-28,TF1906.CFX,23,0.1620903075835089,19,0.125,-0.0065427496762547,TF
2019-03-29,TF1906.CFX,23,0.18156271418719697,19,0.28,-0.014689064487142262,TF
2019-04-01,TF1906.CFX,23,0.17605438921873667,32,0.2692307692307692,-0.012935319340026497,TF
2019-04-02,TF1906.CFX,23,0.3154903462052866,33,0.8888888888888888,0.02188290161442155,TF
2019-04-03,TF1906.CFX,23,0.18440077993906417,36,0.32142857142857145,0.01785485767292002,TF
2019-04-04,TF1906.CFX,23,0.25211136222327096,51,0.6896551724137931,0.01494436867924755,TF
2019-04-08,TF1906.CFX,23,0.24707734886197147,37,0.6666666666666666,0.007866693530445395,TF
2019-04-09,TF1906.CFX,23,0.20351580108980222,40,0.3870967741935484,-0.016127252130806135,TF
2019-04-10,TF1906.CFX,23,0.22788314835541637,68,0.65625,0.0038369175699235593,TF
2019-04-11,TF1906.CFX,23,0.17044496203510068,31,0.15151515151515152,-0.018252700088289563,TF
2019-04-12,TF1906.CFX,23,0.2907620479013524,29,0.8823529411764706,0.0054298559024060335,TF
2019-04-15,TF1906.CFX,23,0.2246025586205406,47,0.6,0.010505241460741282,TF
2019-04-16,TF1906.CFX,23,0.21716601729519702,22,0.5277777777777778,0.0032723334465001195,TF
2019-04-17,TF1906.CFX,23,0.201850304019164,41,0.35135135135135137,-0.0010785346638028715,TF
2019-04-18,TF1906.CFX,23,0.21791108241229415,16,0.5526315789473685,-0.016845418557949306,TF
2019-04-19,TF1906.CFX,23,0.1987368906661625,26,0.3333333333333333,-0.005098627079165896,TF
2019-04-22,TF1906.CFX,23,0.18350276546841615,20,0.25,-0.007043991700656327,TF
2019-04-23,TF1906.CFX,23,0.17167391397586554,25,0.17073170731707318,-0.009476109703047492,TF
2019-04-24,TF1906.CFX,23,0.30257761087128976,32,0.9047619047619048,0.014227008022769428,TF
2019-04-25,TF1906.CFX,23,0.26616708369328307,32,0.7674418604651163,0.025393523145711472,TF
2019-04-26,TF1906.CFX,23,0.2133341062648308,20,0.5227272727272727,0.015415585131024683,TF
2019-04-29,TF1906.CFX,23,0.24586886350115802,21,0.6888888888888889,0.005914639444412595,TF
2019-04-30,TF1906.CFX,23,0.3341962126041025,24,0.9782608695652174,0.004293898327350043,TF
2019-05-06,TF1906.CFX,23,0.31301154583071733,36,0.8936170212765957,0.021455103061414026,TF
2019-05-07,TF1906.CFX,23,0.24623003190791537,22,0.6666666666666666,0.013293453361572848,TF
2019-05-08,TF1906.CFX,23,0.15600266708413868,30,0.061224489795918366,-0.026769857353022574,TF
2019-05-09,TF1906.CFX,23,0.188305100399382,29,0.28,-0.04487911031560196,TF
2019-05-10,TF1906.CFX,23,0.25322852291589876,36,0.7254901960784313,-0.017749097733817054,TF
2019-05-13,TF1906.CFX,23,0.21387990159515846,28,0.5,0.0032525595206246262,TF
2019-05-14,TF1906.CFX,23,0.20659736996771824,21,0.4339622641509434,0.012676420696293562,TF
2019-05-15,TF1906.CFX,23,0.22658938536836523,36,0.6296296296296297,0.002993741698978597,TF
2019-05-16,TF1906.CFX,23,0.25375474206549464,29,0.7454545454545455,0.0013761922072398568,TF
2019-05-17,TF1906.CFX,23,0.19610181110431474,27,0.30357142857142855,0.0011601191116088927,TF
2019-05-20,TF1906.CFX,23,0.2266273761727958,20,0.631578947368421,0.0009572438146104645,TF
2019-05-21,TF1906.CFX,23,0.11529935569192215,25,0.0,-0.024970742524558505,TF
2019-05-22,TF1909.CFX,24,,16,,,TF
2019-05-23,TF1909.CFX,24,0.21611146294060274,18,,,TF
2019-05-24,TF1909.CFX,24,0.19981513825615743,15,,,TF
2019-05-27,TF1909.CFX,24,0.3919055220662575,39,,,TF
2019-05-28,TF1909.CFX,24,0.21810181914282128,27,,,TF
2019-05-29,TF1909.CFX,24,0.25698046106387284,24,,0.010002467713320412,TF
2019-05-30,TF1909.CFX,24,0.21756649454965243,18,,-0.009942234841539466,TF
2019-05-31,TF1909.CFX,24,0.1982035492967004,24,,-0.0387939270132283,TF
2019-06-03,TF1909.CFX,24,0.13617006110617383,28,,-0.02226404278404674,TF
2019-06-04,TF1909.CFX,24,0.20044057380107133,23,,-0.01944762079690817,TF
2019-06-05,TF1909.CFX,24,0.18956898822984758,24,,-0.005375798813523874,TF
2019-06-06,TF1909.CFX,24,0.18419263526612545,26,,0.0025377099062523834,TF
2019-06-10,TF1909.CFX,24,0.19519217875058276,23,,0.010179629675387197,TF
2019-06-11,TF1909.CFX,24,0.18572026276042664,30,,-0.0023817431560554216,TF
2019-06-12,TF1909.CFX,24,0.1735526714803566,34,,-0.00305050060046807,TF
2019-06-13,TF1909.CFX,24,0.23673505453748564,22,,0.008344533127249426,TF
2019-06-14,TF1909.CFX,24,0.2184769682356363,15,,0.009758437074716613,TF
2019-06-17,TF1909.CFX,24,0.20503218467450174,17,,0.008354814058342996,TF
2019-06-18,TF1909.CFX,24,0.22984356529487643,23,,0.008087891776605577,TF
2019-06-19,TF1909.CFX,24,0.15333234823601194,18,,-0.015543881554370725,TF
2019-06-20,TF1909.CFX,24,0.2439022678722794,26,,-8.492371652036313e-05,TF
2019-06-21,TF1909.CFX,24,0.2714315301898623,32,0.95,0.014685739360812421,TF
2019-06-24,TF1909.CFX,24,0.20282404923828157,21,0.47619047619047616,0.006406014984066066,TF
2019-06-25,TF1909.CFX,24,0.27664903433540594,26,0.9545454545454546,0.020555515356479016,TF
2019-06-26,TF1909.CFX,24,0.23504839628515692,21,0.7391304347826086,-0.0012490239028701278,TF
2019-06-27,TF1909.CFX,24,0.24662193734639065,21,0.8333333333333334,-0.0017394838640067967,TF
2019-06-28,TF1909.CFX,24,0.26414456490592353,38,0.88,0.009261393434626859,TF
2019-07-01,TF1909.CFX,24,0.21297771849894626,23,0.46153846153846156,-0.00982464630521528,TF
2019-07-02,TF1909.CFX,24,0.24891683034004478,39,0.8148148148148148,-0.0005907350737668737,TF
2019-07-03,TF1909.CFX,24,0.21297409887642918,25,0.42857142857142855,-0.008252341150580173,TF
2019-07-04,TF1909.CFX,24,0.2228618995596709,24,0.6206896551724138,-0.008256895031502242,TF
2019-07-05,TF1909.CFX,24,0.1829134447972895,23,0.1,-0.008618347818368738,TF
2019-07-08,TF1909.CFX,24,0.24587599468954696,26,0.7741935483870968,-0.003614232538013529,TF
2019-07-09,TF1909.CFX,24,0.23041782301003616,27,0.65625,0.005790154339709003,TF
2019-07-10,TF1909.CFX,24,0.26092668981358136,38,0.8787878787878788,0.012363395872056765,TF
2019-07-11,TF1909.CFX,24,0.28421208143656773,50,0.9705882352941176,0.021764796840259094,TF
2019-07-12,TF1909.CFX,24,0.29360832775832146,27,0.9714285714285714,0.014925892456408064,TF
2019-07-15,TF1909.CFX,24,0.21685952767852515,46,0.4444444444444444,0.0005565047281718083,TF
2019-07-16,TF1909.CFX,24,0.2404915409441696,24,0.6756756756756757,-0.010822285149686611,TF
2019-07-17,TF1909.CFX,24,0.24094865186424505,25,0.6842105263157895,-0.013964364595879724,TF
2019-07-18,TF1909.CFX,24,0.24571612026270842,29,0.717948717948718,-0.007169529080550613,TF
2019-07-19,TF1909.CFX,24,0.1990067102235199,23,0.225,-0.003048105559147174,TF
2019-07-22,TF1909.CFX,24,0.29067338764158623,23,0.9512195121951219,0.005842175175410813,TF
2019-07-23,TF1909.CFX,24,0.16652438774596276,36,0.047619047619047616,-0.010389126085768679,TF
2019-07-24,TF1909.CFX,24,0.2182923661008697,27,0.4883720930232558,-0.008732983080123463,TF
2019-07-25,TF1909.CFX,24,0.2438521668063458,19,0.6818181818181818,0.0017309891624935237,TF
2019-07-26,TF1909.CFX,24,0.2053097932054865,19,0.3333333333333333,-0.009339940981181644,TF
2019-07-29,TF1909.CFX,24,0.24904212590305758,40,0.8043478260869565,0.01520529034188064,TF
2019-07-30,TF1909.CFX,24,0.21339795310169674,32,0.3829787234042553,-0.000459886690163408,TF
2019-07-31,TF1909.CFX,24,0.2794185065454395,29,0.9166666666666666,0.007922083937439761,TF
2019-08-01,TF1909.CFX,24,0.17209672005821294,23,0.061224489795918366,-0.003604976565216522,TF
2019-08-02,TF1909.CFX,24,0.2594543820777962,32,0.82,-0.0020476720694006523,TF
2019-08-05,TF1909.CFX,24,0.14076080504740587,36,0.0196078431372549,-0.016523842057622508,TF
2019-08-06,TF1909.CFX,24,0.24476874046241429,40,0.6923076923076923,-0.010063544717685752,TF
2019-08-07,TF1909.CFX,24,0.18014628957097262,31,0.11320754716981132,0.000141349741013741,TF
2019-08-08,TF1909.CFX,24,0.24425898804388102,28,0.6851851851851852,0.0008994696455736417,TF
2019-08-09,TF1909.CFX,24,0.22362484182833353,39,0.5272727272727272,0.016521832114332204,TF
2019-08-12,TF1909.CFX,24,0.1507791948080692,30,0.03571428571428571,-0.014450053905132926,TF
2019-08-13,TF1909.CFX,24,0.1767032031366505,29,0.12280701754385964,-0.010036596610445602,TF
2019-08-14,TF1912.CFX,25,0.21427551002204615,20,,,TF
2019-08-15,TF1912.CFX,25,0.16220271522399643,22,,,TF
2019-08-16,TF1912.CFX,25,0.2677485417912467,31,,,TF
2019-08-19,TF1912.CFX,25,0.14648260974710292,23,,,TF
2019-08-20,TF1912.CFX,25,0.27948934882406623,21,,0.011470757212714667,TF
2019-08-21,TF1912.CFX,25,0.2840541607520532,19,,0.025544369808893314,TF
2019-08-22,TF1912.CFX,25,0.25073202207355527,18,,0.010353851156956745,TF
2019-08-23,TF1912.CFX,25,0.22123641792681986,21,,0.012075028960892298,TF
2019-08-26,TF1912.CFX,25,0.3022231187487151,25,,-0.001735020297593559,TF
2019-08-27,TF1912.CFX,25,0.1670851998372545,26,,-0.018244682515443755,TF
2019-08-28,TF1912.CFX,25,0.16684078912312714,17,,-0.022193368399042162,TF
2019-08-29,TF1912.CFX,25,0.4343721464453253,49,,0.02908891274114229,TF
2019-08-30,TF1912.CFX,25,0.2461486351629878,45,,0.015513797943661622,TF
2019-09-02,TF1912.CFX,25,0.2084948370338633,39,,0.01621271204330782,TF
2019-09-03,TF1912.CFX,25,0.23521738579662205,23,,-0.008912411606447212,TF
2019-09-04,TF1912.CFX,25,0.2629183495088381,40,,-0.03538388432393402,TF
2019-09-05,TF1912.CFX,25,0.26673297392507295,38,,0.00955921899991451,TF
2019-09-06,TF1912.CFX,25,0.33474660076629076,46,,0.02840191155933059,TF
2019-09-09,TF1912.CFX,25,0.18168739961023517,33,,-0.003523172111532108,TF
2019-09-10,TF1912.CFX,25,0.2557695620869552,34,,-0.009934314915860354,TF
2019-09-11,TF1912.CFX,25,0.31752797415540296,31,0.9,0.0022612961781324436,TF
2019-09-12,TF1912.CFX,25,0.29838309196061386,45,0.8095238095238095,0.006311355693381393,TF
2019-09-16,TF1912.CFX,25,0.22400626573842727,39,0.36363636363636365,0.012725126213004284,TF
2019-09-17,TF1912.CFX,25,0.32287421577718256,49,0.9130434782608695,0.004068759896347906,TF
2019-09-18,TF1912.CFX,25,0.28647123380974737,40,0.75,-0.003762235687474247,TF
2019-09-19,TF1912.CFX,25,0.2261115010815335,29,0.36,-0.008207821368684065,TF
2019-09-20,TF1912.CFX,25,0.24661970911951214,30,0.46153846153846156,-0.0051535827933479215,TF
2019-09-23,TF1912.CFX,25,0.24656267974399468,32,0.4444444444444444,-0.019247459675661098,TF
2019-09-24,TF1912.CFX,25,0.2934563239906099,32,0.7857142857142857,0.0034421359024186192,TF
2019-09-25,TF1912.CFX,25,0.22668173677545944,22,0.3448275862068966,0.004797708625894964,TF
2019-09-26,TF1912.CFX,25,0.2752461350243835,30,0.6666666666666666,0.0037371908841207445,TF
2019-09-27,TF1912.CFX,25,0.1957141668451631,28,0.16129032258064516,-0.011990721476388948,TF
2019-09-30,TF1912.CFX,25,0.2171720154649896,23,0.25,-0.018353618698153697,TF
2019-10-08,TF1912.CFX,25,0.16692431710356262,23,0.09090909090909091,-0.017758895890318753,TF
2019-10-09,TF1912.CFX,25,0.22047014292314251,28,0.29411764705882354,-0.013834183394408246,TF
2019-10-10,TF1912.CFX,25,0.21281784757361694,18,0.22857142857142856,0.003750548891506056,TF
2019-10-11,TF1912.CFX,25,0.24399998728075012,33,0.4722222222222222,0.009954947410157539,TF
2019-10-14,TF1912.CFX,25,0.34254894355907495,43,0.972972972972973,0.037477909726863226,TF
2019-10-15,TF1912.CFX,25,0.2331974105249109,32,0.42105263157894735,0.015518563118899476,TF
2019-10-16,TF1912.CFX,25,0.19177798752701733,28,0.15384615384615385,-0.005288229684903845,TF
2019-10-17,TF1912.CFX,25,0.20932595802151877,32,0.225,-0.02201190145505203,TF
2019-10-18,TF1912.CFX,25,0.25236823336542163,37,0.6097560975609756,-0.02042328728906987,TF
2019-10-21,TF1912.CFX,25,0.31207863528763075,42,0.8809523809523809,0.0218352695363844,TF
2019-10-22,TF1912.CFX,25,0.3106293533331636,29,0.8604651162790697,0.034045540887840446,TF
2019-10-23,TF1912.CFX,25,0.3599000925281808,36,0.9772727272727273,0.03594093889810661,TF
2019-10-24,TF1912.CFX,25,0.34741825145693095,28,0.9555555555555556,0.02379214934235687,TF
2019-10-25,TF1912.CFX,25,0.4202872750726743,38,0.9782608695652174,0.025320617769385455,TF
2019-10-28,TF1912.CFX,25,0.25762756511825236,43,0.574468085106383,-0.00456163938853289,TF
2019-10-29,TF1912.CFX,25,0.2660701216036198,29,0.6041666666666666,-0.027745062818780065,TF
2019-10-30,TF1912.CFX,25,0.38198335996491023,53,0.9591836734693877,-0.008508693645309585,TF
2019-10-31,TF1912.CFX,25,0.3027060041847073,37,0.78,-0.011080674692927617,TF
2019-11-01,TF1912.CFX,25,0.18426785478956648,28,0.11764705882352941,-0.011008353807628435,TF
2019-11-04,TF1912.CFX,25,0.23959847460388822,32,0.40384615384615385,-0.025065879917480695,TF
2019-11-05,TF1912.CFX,25,0.19226729216541813,53,0.1509433962264151,-0.04425396651798033,TF
2019-11-06,TF1912.CFX,25,0.14145365300975202,30,0.0,-0.03145052649740588,TF
2019-11-07,TF1912.CFX,25,0.2529326597849979,36,0.5454545454545454,0.0039184788396726565,TF
2019-11-08,TF1912.CFX,25,0.21603019194434822,32,0.26785714285714285,0.0013528802300499742,TF
2019-11-11,TF1912.CFX,25,0.2333319234803212,37,0.40350877192982454,0.015670580156440232,TF
2019-11-12,TF1912.CFX,25,0.24052239592582456,33,0.4482758620689655,0.01785367495274684,TF
2019-11-13,TF1912.CFX,25,0.12864404595286766,25,0.0,-0.022408502368278415,TF
2019-11-14,TF1912.CFX,25,0.21171702867777503,49,0.23333333333333334,-0.01133142040606,TF
2019-11-15,TF1912.CFX,25,0.17799735782939635,40,0.11666666666666667,-0.013947449854989918,TF
2019-11-18,TF1912.CFX,25,0.12521480347276498,41,0.0,-0.018126187302959045,TF
2019-11-19,TF1912.CFX,25,0.2425426351780442,32,0.48333333333333334,0.014129495324534303,TF
2019-11-20,TF1912.CFX,25,0.257812972263257,22,0.6333333333333333,0.015673716451961174,TF
2019-11-21,TF2003.CFX,26,,13,,,TF
2019-11-22,TF2003.CFX,26,0.1713039674788343,23,,,TF
2019-11-25,TF2003.CFX,26,0.301634464384598,26,,,TF
2019-11-26,TF2003.CFX,26,0.17418102116936102,22,,,TF
2019-11-27,TF2003.CFX,26,0.18107686185985533,20,,,TF
2019-11-28,TF2003.CFX,26,0.1357320970891082,17,,-0.019170134330419485,TF
2019-11-29,TF2003.CFX,26,0.24005747659880577,22,,-0.016160289965183726,TF
2019-12-02,TF2003.CFX,26,0.1762896938769111,24,,0.006319796015405055,TF
2019-12-03,TF2003.CFX,26,0.24048660505750147,21,,0.01593770831830952,TF
2019-12-04,TF2003.CFX,26,0.22094409762500683,22,,0.017085312953049298,TF
2019-12-05,TF2003.CFX,26,0.1753323122333552,16,,-0.008479592498280541,TF
2019-12-06,TF2003.CFX,26,0.25124096308974814,23,,0.008474824560152782,TF
2019-12-09,TF2003.CFX,26,0.14844995633607141,24,,-0.015377643197811885,TF
2019-12-10,TF2003.CFX,26,0.2547782742120449,29,,0.004078599727679233,TF
2019-12-11,TF2003.CFX,26,0.20557360440264993,26,,0.006401989546088627,TF
2019-12-12,TF2003.CFX,26,0.25693439636614357,23,,0.006851051461936941,TF
2019-12-13,TF2003.CFX,26,0.22992250342812232,21,,0.01651012163382004,TF
2019-12-16,TF2003.CFX,26,0.17413679314279082,28,,-0.01369340631130358,TF
2019-12-17,TF2003.CFX,26,0.3394996505526496,38,,0.018505448907664656,TF
2019-12-18,TF2003.CFX,26,0.25689299175664365,30,,0.010949433790552748,TF
2019-12-19,TF2003.CFX,26,0.20351693878768518,53,,0.0029945069332978523,TF
2019-12-20,TF2003.CFX,26,0.2342820537978046,36,0.6,-0.001569219045493686,TF
2019-12-23,TF2003.CFX,26,0.19767710906945,51,0.38095238095238093,-0.030625602092523834,TF
2019-12-24,TF2003.CFX,26,0.25222166056446554,35,0.7727272727272727,-0.001518249210259137,TF
2019-12-25,TF2003.CFX,26,0.21978862193394919,25,0.4782608695652174,0.005048297305918903,TF
2019-12-26,TF2003.CFX,26,0.2700494856077701,31,0.9166666666666666,0.00936463764844302,TF
2019-12-27,TF2003.CFX,26,0.26096922355069757,30,0.88,0.01444120540057997,TF
2019-12-30,TF2003.CFX,26,0.1974423247873382,29,0.3076923076923077,-0.006837806993750634,TF
2019-12-31,TF2003.CFX,26,0.28986719016898715,32,0.9259259259259259,0.006754997564964416,TF
2020-01-02,TF2003.CFX,26,0.31368430791768637,32,0.9642857142857143,0.011616761123812214,TF
2020-01-03,TF2003.CFX,26,0.2247427238187388,35,0.4827586206896552,0.004378898366643069,TF
2020-01-06,TF2003.CFX,26,0.223111746319766,31,0.4666666666666667,-0.001378562328539279,TF
2020-01-07,TF2003.CFX,26,0.26395230995069957,29,0.8387096774193549,-0.014240232203449554,TF
2020-01-08,TF2003.CFX,26,0.25924002201325796,29,0.78125,-0.0069678985676896125,TF
2020-01-09,TF2003.CFX,26,0.4039057082406514,48,1.0,0.03944542445373172,TF
2020-01-10,TF2003.CFX,26,0.17115678315044183,43,0.058823529411764705,0.0036043471951303476,TF
2020-01-13,TF2003.CFX,26,0.2175401174986898,27,0.37142857142857144,-0.018090762376683566,TF
2020-01-14,TF2003.CFX,26,0.2200060271447498,37,0.4166666666666667,-0.026483358047897792,TF
2020-01-15,TF2003.CFX,26,0.22708059429287278,35,0.5135135135135135,-0.030480098390124926,TF
2020-01-16,TF2003.CFX,26,0.26481624194599634,30,0.8421052631578947,0.0196859394385292,TF
2020-01-17,TF2003.CFX,26,0.3018783899475074,42,0.9230769230769231,0.02134867596988817,TF
2020-01-20,TF2003.CFX,26,0.2601767489625076,36,0.75,0.015513923929015017,TF
2020-01-21,TF2003.CFX,26,0.22983178433685084,45,0.4878048780487805,8.628871044673581e-05,TF
2020-01-22,TF2003.CFX,26,0.2482503397877729,33,0.5952380952380952,-0.010517840992710348,TF
2020-01-23,TF2003.CFX,26,0.2558003598006485,28,0.6744186046511628,-0.010408246946845234,TF
2020-02-03,TF2003.CFX,26,0.18221126617115116,35,0.20454545454545456,-0.012996239011891514,TF
2020-02-04,TF2003.CFX,26,0.17173527544475897,23,0.08888888888888889,-0.01822320914008054,TF
2020-02-05,TF2003.CFX,26,0.21898890854991176,25,0.34782608695652173,-0.01425879468316118,TF
2020-02-06,TF2003.CFX,26,0.211670701440493,29,0.3191489361702128,-0.005148167434155043,TF
2020-02-07,TF2003.CFX,26,0.211532361762128,26,0.3125,0.009857761717768776,TF
2020-02-10,TF2003.CFX,26,0.24941381947156005,33,0.6326530612244898,0.014790054126581843,TF
2020-02-11,TF2003.CFX,26,0.18036558396727548,37,0.18,-0.003950353113420546,TF
2020-02-12,TF2003.CFX,26,0.2560043016664677,36,0.7254901960784313,0.0057500422657096924,TF
2020-02-13,TF2003.CFX,26,0.15775462650805308,32,0.038461538461538464,-0.010096498831324213,TF
2020-02-14,TF2003.CFX,26,0.2937377834262754,46,0.9056603773584906,0.006603697045020817,TF
2020-02-17,TF2003.CFX,26,0.18802668614532983,37,0.24074074074074073,0.005305568611591638,TF
2020-02-18,TF2003.CFX,26,0.17767601436605904,30,0.18181818181818182,-0.012638451496354059,TF
2020-02-19,TF2003.CFX,26,0.12206885599076507,21,0.0,-0.018743331009479232,TF
2020-02-20,TF2006.CFX,27,,15,,,TF
2020-02-21,TF2006.CFX,27,0.24430175611240507,23,,,TF
2020-02-24,TF2006.CFX,27,0.22605208606519894,25,,,TF
2020-02-25,TF2006.CFX,27,0.16333466173857658,21,,,TF
2020-02-26,TF2006.CFX,27,0.18969400230931796,20,,,TF
2020-02-27,TF2006.CFX,27,0.19679505968724778,24,,-0.013137147660619557,TF
2020-02-28,TF2006.CFX,27,0.2032661711737568,29,,-0.0012111431834213094,TF
2020-03-02,TF2006.CFX,27,0.1383317664238386,29,,-0.0036433621765037173,TF
2020-03-03,TF2006.CFX,27,0.20655322709712193,28,,-0.002474484368780128,TF
2020-03-04,TF2006.CFX,27,0.27118820259125875,28,,0.015207334173138704,TF
2020-03-05,TF2006.CFX,27,0.1596989768777676,23,,0.004572204757544179,TF
2020-03-06,TF2006.CFX,27,0.201076471360872,28,,0.007863515965471251,TF
2020-03-09,TF2006.CFX,27,0.19634755535468695,32,,-0.009052307471525666,TF
2020-03-10,TF2006.CFX,27,0.2726735106332946,36,,0.003961919456099106,TF
2020-03-11,TF2006.CFX,27,0.2101507111148762,26,,0.01725005077466398,TF
2020-03-12,TF2006.CFX,27,0.16303139787970133,24,,-0.006228699120215214,TF
2020-03-13,TF2006.CFX,27,0.21558750391970788,36,,-0.007116221562355141,TF
2020-03-16,TF2006.CFX,27,0.1931654452504878,38,,-0.015357933796078183,TF
2020-03-17,TF2006.CFX,27,0.19966311497585262,29,,0.0009158855092739282,TF
2020-03-18,TF2006.CFX,27,0.17299625136033467,30,,0.00040053180174113857,TF
2020-03-19,TF2006.CFX,27,0.23311382472647768,29,,0.0014883447723386567,TF
2020-03-20,TF2006.CFX,27,0.15101525439434296,28,0.05,-0.0050849671961664625,TF
2020-03-23,TF2006.CFX,27,0.17797395117320053,22,0.2857142857142857,-0.00653593245712959,TF
2020-03-24,TF2006.CFX,27,0.2443516231373329,35,0.9090909090909091,0.008757087000071929,TF
2020-03-25,TF2006.CFX,27,0.30578829960851367,32,1.0,0.0238685318507062,TF
2020-03-26,TF2006.CFX,27,0.2500363574478822,39,0.875,0.032585655454239165,TF
2020-03-27,TF2006.CFX,27,0.2715951909579948,37,0.92,0.01929272138801378,TF
2020-03-30,TF2006.CFX,27,0.234853664867512,45,0.7307692307692307,-0.005318902519016072,TF
2020-03-31,TF2006.CFX,27,0.2898489464376369,44,0.9629629629629629,-0.004706139892212369,TF
2020-04-01,TF2006.CFX,27,0.19609237656640682,36,0.32142857142857145,-0.008963420628330864,TF
2020-04-02,TF2006.CFX,27,0.2492283197063097,37,0.7931034482758621,-0.00834950308044754,TF
2020-04-03,TF2006.CFX,27,0.2295479979723402,39,0.6333333333333333,-0.005123196052167078,TF
2020-04-07,TF2006.CFX,27,0.28311860258985116,69,0.9354838709677419,0.001999493371036187,TF
2020-04-08,TF2006.CFX,27,0.29365030262149017,47,0.96875,0.02290061349937081,TF
2020-04-09,TF2006.CFX,27,0.2829485610261764,45,0.8787878787878788,0.013154278728888335,TF
2020-04-10,TF2006.CFX,27,0.22418604425914493,59,0.5294117647058824,-0.0010893948990065405,TF
2020-04-13,TF2006.CFX,27,0.2938143045713546,45,0.9714285714285714,-0.004807285439933839,TF
2020-04-14,TF2006.CFX,27,0.3020778153627225,41,0.9722222222222222,0.0027720769027642866,TF
2020-04-15,TF2006.CFX,27,0.15655281818210187,41,0.05405405405405406,-0.017489971458457144,TF
2020-04-16,TF2006.CFX,27,0.21552458700825583,34,0.47368421052631576,-0.015458440089103086,TF
2020-04-17,TF2006.CFX,27,0.14874076437644898,31,0.02564102564102564,-0.03767003087442779,TF
2020-04-20,TF2006.CFX,27,0.2998371691767928,41,0.95,-0.001229334617751221,TF
2020-04-21,TF2006.CFX,27,0.3227375265067152,41,1.0,0.04166819988177637,TF
2020-04-22,TF2006.CFX,27,0.1873320197458918,44,0.21428571428571427,0.011761162760553816,TF
2020-04-23,TF2006.CFX,27,0.16054581284489455,50,0.11627906976744186,-0.008889505249400981,TF
2020-04-24,TF2006.CFX,27,0.29496289084104665,59,0.9090909090909091,-0.017194027033331293,TF
2020-04-27,TF2006.CFX,27,0.20320704930759365,26,0.4,-0.013143008330308825,TF
2020-04-28,TF2006.CFX,27,0.32086617762425435,37,0.9782608695652174,0.030972955221942416,TF
2020-04-29,TF2006.CFX,27,0.17067669114200562,46,0.1702127659574468,0.0046165043377429825,TF
2020-04-30,TF2006.CFX,27,0.189474172071662,39,0.25,-0.024350779570435733,TF
2020-05-06,TF2006.CFX,27,0.2132758989883151,27,0.4897959183673469,-0.011125430619114956,TF
2020-05-07,TF2006.CFX,27,0.3686674865948111,46,1.0,0.013820182578742301,TF
2020-05-08,TF2006.CFX,27,0.26750072272628855,54,0.7058823529411765,0.037284137769171485,TF
2020-05-11,TF2006.CFX,27,0.32493637071724624,48,0.9807692307692307,0.03251492210291419,TF
2020-05-12,TF2006.CFX,27,0.2338237315206669,42,0.5849056603773585,-0.0002635450812861151,TF
2020-05-13,TF2006.CFX,27,0.2609471887410665,41,0.6851851851851852,-0.02491175869131107,TF
2020-05-14,TF2006.CFX,27,0.20406159026882734,46,0.4,-0.01908674468911022,TF
2020-05-15,TF2006.CFX,27,0.12389766219265963,28,0.0,-0.04318395583010128,TF
2020-05-18,TF2009.CFX,28,0.2262145772333513,29,,,TF
2020-05-19,TF2009.CFX,28,0.22681652316531542,42,,,TF
2020-05-20,TF2009.CFX,28,0.23827081171107983,41,,,TF
2020-05-21,TF2009.CFX,28,0.19607561041403718,33,,,TF
2020-05-22,TF2009.CFX,28,0.29278688515298745,44,,0.010240370308799407,TF
2020-05-25,TF2009.CFX,28,0.13499625963072517,35,,-0.012912445362727292,TF
2020-05-26,TF2009.CFX,28,0.1531184197054925,56,,-0.023138413479448672,TF
2020-05-27,TF2009.CFX,28,0.24234754308737722,61,,-0.004712460010081488,TF
2020-05-28,TF2009.CFX,28,0.1631234438552538,49,,-0.015197559913881525,TF
2020-05-29,TF2009.CFX,28,0.16367163273675922,37,,0.006735577036182938,TF
2020-06-01,TF2009.CFX,28,0.20698864456887905,40,,0.002906453937615505,TF
2020-06-02,TF2009.CFX,28,0.40111323287303496,63,,0.03613965802849407,TF
2020-06-03,TF2009.CFX,28,0.27302054245581764,78,,0.04572357973374035,TF
2020-06-04,TF2009.CFX,28,0.2994887729747251,50,,0.033766617836287025,TF
2020-06-05,TF2009.CFX,28,0.2283049911767913,59,,-0.005899176668248546,TF
2020-06-08,TF2009.CFX,28,0.21614533155288548,52,,-0.04146513539193254,TF
2020-06-09,TF2009.CFX,28,0.25856697262071565,45,,-0.011225058109204355,TF
2020-06-10,TF2009.CFX,28,0.2811756009703618,48,,-0.0006364362564802106,TF
2020-06-11,TF2009.CFX,28,0.20655507590946423,38,,0.0021530438882822246,TF
2020-06-12,TF2009.CFX,28,0.2409262978343775,40,,-0.0002449964148267425,TF
2020-06-15,TF2009.CFX,28,0.15084773762248924,36,0.05,-0.025568777313243713,TF
2020-06-16,TF2009.CFX,28,0.1737153786609408,37,0.23809523809523808,-0.027062778290581697,TF
2020-06-17,TF2009.CFX,28,0.20452880988831681,30,0.3181818181818182,-0.007126345121573158,TF
2020-06-18,TF2009.CFX,28,0.22651431698189756,55,0.5217391304347826,0.00248571105608677,TF
2020-06-19,TF2009.CFX,28,0.24716060461752787,31,0.75,0.0245424672311034,TF
2020-06-22,TF2009.CFX,28,0.18764721992002079,26,0.24,0.007049547724737098,TF
2020-06-23,TF2009.CFX,28,0.1820866918028541,55,0.23076923076923078,-0.00837513332328022,TF
2020-06-24,TF2009.CFX,28,0.1686954954905495,36,0.18518518518518517,-0.018071155579736993,TF
2020-06-29,TF2009.CFX,28,0.2098163497624066,29,0.4642857142857143,-0.009364023413971379,TF
2020-06-30,TF2009.CFX,28,0.17787941048275208,34,0.2413793103448276,0.0008194039085015036,TF
2020-07-01,TF2009.CFX,28,0.2365202609290502,26,0.6666666666666666,0.01180510532445948,TF
2020-07-02,TF2009.CFX,28,0.15566890371007275,20,0.0967741935483871,6.507276056900712e-05,TF
2020-07-03,TF2009.CFX,28,0.18820952846960967,35,0.34375,-0.0065424149358273235,TF
2020-07-06,TF2009.CFX,28,0.29351404047122853,57,0.9393939393939394,0.01829585275175124,TF
2020-07-07,TF2009.CFX,28,0.21121686437024162,46,0.5,0.008723834364353866,TF
2020-07-08,TF2009.CFX,28,0.31412742684078665,49,0.9714285714285714,0.03399243821620597,TF
2020-07-09,TF2009.CFX,28,0.21446548632442677,57,0.5,0.007312530207919238,TF
2020-07-10,TF2009.CFX,28,0.20422969334972096,38,0.35135135135135137,-0.017532007228883005,TF
2020-07-13,TF2009.CFX,28,0.14461335864968097,33,0.02631578947368421,-0.024310474493218697,TF
2020-07-14,TF2009.CFX,28,0.16699159934155064,37,0.1794871794871795,-0.036412378267321785,TF
2020-07-15,TF2009.CFX,28,0.1967840215444035,42,0.375,-0.007260102356821685,TF
2020-07-16,TF2009.CFX,28,0.1366957163582478,40,0.024390243902439025,-0.00828972910882238,TF
2020-07-17,TF2009.CFX,28,0.2135613885406627,36,0.5476190476190477,0.010760017679866058,TF
2020-07-20,TF2009.CFX,28,0.1576841328996028,25,0.13953488372093023,-0.00018375658876364497,TF
2020-07-21,TF2009.CFX,28,0.2505241723674441,35,0.8181818181818182,0.012846871818743633,TF
2020-07-22,TF2009.CFX,28,0.2820341146882338,39,0.8888888888888888,0.032763958048675344,TF
2020-07-23,TF2009.CFX,28,0.17456205509719377,30,0.2608695652173913,0.004635131490169314,TF
2020-07-24,TF2009.CFX,28,0.319532044510912,32,0.9787234042553191,0.02477337059523681,TF
2020-07-27,TF2009.CFX,28,0.13875242374589983,22,0.041666666666666664,-0.01860455674204104,TF
2020-07-28,TF2009.CFX,28,0.18270971788932341,28,0.32653061224489793,-0.023445842494911478,TF
2020-07-29,TF2009.CFX,28,0.16556281640418832,23,0.2,-0.015482080400759952,TF
2020-07-30,TF2009.CFX,28,0.19504083038170827,20,0.39215686274509803,-0.02221720356001189,TF
2020-07-31,TF2009.CFX,28,0.17702324760147348,28,0.28846153846153844,0.008887276020353219,TF
2020-08-03,TF2009.CFX,28,0.23670649032803573,25,0.7169811320754716,0.011945397607470981,TF
2020-08-04,TF2009.CFX,28,0.21849678825873906,26,0.6111111111111112,0.014753360365542895,TF
2020-08-05,TF2009.CFX,28,0.30304880288430497,29,0.9454545454545454,0.025748948566245898,TF
2020-08-06,TF2009.CFX,28,0.1771771984257155,27,0.2857142857142857,0.006665021420475331,TF
2020-08-07,TF2009.CFX,28,0.2346925200545536,32,0.6842105263157895,-0.0045347530379987845,TF
2020-08-10,TF2009.CFX,28,0.154859955427638,25,0.10344827586206896,-0.019562994849195343,TF
2020-08-11,TF2009.CFX,28,0.251125223020301,27,0.8135593220338984,-0.012616440272608543,TF
2020-08-12,TF2009.CFX,28,0.2828350870782447,31,0.8833333333333333,0.022774848027080567,TF
2020-08-13,TF2009.CFX,28,0.20258182155044877,20,0.43333333333333335,0.006375373464239703,TF
2020-08-14,TF2009.CFX,28,0.1796247532298526,24,0.31666666666666665,9.86194134577012e-05,TF
2020-08-17,TF2009.CFX,28,0.11432055223552,14,0.0,-0.037681967541795404,TF
2020-08-18,TF2009.CFX,28,0.1724252785044704,15,0.25,-0.03090808864624774,TF
2020-08-19,TF2009.CFX,28,0.19706903114652347,13,0.4666666666666667,-0.0018225055533232725,TF
2020-08-20,TF2009.CFX,28,0.18532355824312102,9,0.38333333333333336,0.009414608893754029,TF
2020-08-21,TF2012.CFX,29,,19,,,TF
2020-08-24,TF2012.CFX,29,0.17406308994761793,20,,,TF
2020-08-25,TF2012.CFX,29,0.20518033406424213,36,,,TF
2020-08-26,TF2012.CFX,29,0.2729313872074169,25,,,TF
2020-08-27,TF2012.CFX,29,0.2296960030686424,30,,,TF
2020-08-28,TF2012.CFX,29,0.2586532588525003,34,,0.019369600681416504,TF
2020-08-31,TF2012.CFX,29,0.14797045676711995,23,,-0.012869788294916102,TF
2020-09-01,TF2012.CFX,29,0.17860078838950255,24,,-0.02703867439373512,TF
2020-09-02,TF2012.CFX,29,0.2675349235021569,34,,-0.00043746295959686823,TF
2020-09-03,TF2012.CFX,29,0.2619444484613279,40,,0.01261468459526922,TF
2020-09-04,TF2012.CFX,29,0.2342729975265981,29,,0.025594874159078167,TF
2020-09-07,TF2012.CFX,29,0.22413635399562198,38,,0.005780920523668009,TF
2020-09-08,TF2012.CFX,29,0.18421309791743862,38,,-0.020445174563514256,TF
2020-09-09,TF2012.CFX,29,0.23874589908905822,50,,-0.009645699835369887,TF
2020-09-10,TF2012.CFX,29,0.2541752785501882,39,,0.005441410714061634,TF
2020-09-11,TF2012.CFX,29,0.18274117092906067,30,,-0.0012828185500373124,TF
2020-09-14,TF2012.CFX,29,0.09448260945072956,33,,-0.023546570509341565,TF
2020-09-15,TF2012.CFX,29,0.17306057984069273,39,,-0.029106330759618958,TF
2020-09-16,TF2012.CFX,29,0.1585484317052667,38,,-0.02009342847782109,TF
2020-09-17,TF2012.CFX,29,0.1929422160254623,36,,0.008446791244734042,TF
2020-09-18,TF2012.CFX,29,0.21013512954478392,30,,0.025118667637287827,TF
2020-09-21,TF2012.CFX,29,0.15737574569717164,34,0.1,0.0020217029552475063,TF
2020-09-22,TF2012.CFX,29,0.19052372271949175,40,0.42857142857142855,0.002838411170015942,TF
2020-09-23,TF2012.CFX,29,0.1770835383779659,34,0.2727272727272727,-0.005132876212028492,TF
2020-09-24,TF2012.CFX,29,0.2869386629958367,38,1.0,0.017331485958289983,TF
2020-09-25,TF2012.CFX,29,0.20733592416879562,28,0.5416666666666666,0.01963352972195929,TF
2020-09-28,TF2012.CFX,29,0.18241166793584304,19,0.32,0.0014028276223532366,TF
2020-09-29,TF2012.CFX,29,0.13961060825675195,22,0.038461538461538464,-0.017947285530242156,TF
2020-09-30,TF2012.CFX,29,0.2188534364060597,25,0.6296296296296297,-0.020389576909159768,TF
2020-10-09,TF2012.CFX,29,0.15902700653220073,21,0.17857142857142858,-0.006017606680297311,TF
2020-10-12,TF2012.CFX,29,0.18109574634837342,25,0.3448275862068966,0.0016784555100509523,TF
2020-10-13,TF2012.CFX,29,0.23145516032787233,21,0.7333333333333333,0.014593141408455445,TF
2020-10-14,TF2012.CFX,29,0.29115826985179133,31,1.0,0.02170378206871349,TF
2020-10-15,TF2012.CFX,29,0.1857832519477594,32,0.4375,0.01635750143345353,TF
2020-10-16,TF2012.CFX,29,0.143293430388969,27,0.06060606060606061,-0.012127654029892177,TF
2020-10-19,TF2012.CFX,29,0.11064558628248715,30,0.029411764705882353,-0.038948398755359256,TF
2020-10-20,TF2012.CFX,29,0.17783063420166884,26,0.3142857142857143,-0.030179293696551736,TF
2020-10-21,TF2012.CFX,29,0.27349843905302285,36,0.9444444444444444,0.020996757802322668,TF
2020-10-22,TF2012.CFX,29,0.18161134556467035,34,0.3783783783783784,0.02394886831219384,TF
2020-10-23,TF2012.CFX,29,0.21223065159552798,26,0.631578947368421,0.02069508419890832,TF
2020-10-26,TF2012.CFX,29,0.18249739804171589,28,0.41025641025641024,-0.005193425977740074,TF
2020-10-27,TF2012.CFX,29,0.15238370966357548,27,0.125,-0.02413434063018492,TF
2020-10-28,TF2012.CFX,29,0.27022352565298247,37,0.9024390243902439,0.011737741824467175,TF
2020-10-29,TF2012.CFX,29,0.23473895843839565,31,0.7619047619047619,0.013274274129700192,TF
2020-10-30,TF2012.CFX,29,0.19034308710506542,27,0.4883720930232558,0.009804662690151922,TF
2020-11-02,TF2012.CFX,29,0.1810937507573159,28,0.3181818181818182,-0.002246035636043614,TF
2020-11-03,TF2012.CFX,29,0.19408870665079442,28,0.5555555555555556,-0.020591484568545582,TF
2020-11-04,TF2012.CFX,29,0.24209557913168767,34,0.8043478260869565,0.0018458860932313026,TF
2020-11-05,TF2012.CFX,29,0.2073273043655607,30,0.574468085106383,0.00949702628953623,TF
2020-11-06,TF2012.CFX,29,0.14321609620542156,29,0.0625,-0.0062516711389022424,TF
2020-11-09,TF2012.CFX,29,0.15758077148701308,28,0.16326530612244897,-0.017189535325382883,TF
2020-11-10,TF2012.CFX,29,0.20134976266364818,35,0.56,-0.013123816581462656,TF
2020-11-11,TF2012.CFX,29,0.17154428748497458,29,0.21568627450980393,-0.0013432367302945668,TF
2020-11-12,TF2012.CFX,29,0.14481932920825688,28,0.09615384615384616,0.0017169982003632177,TF
2020-11-13,TF2012.CFX,29,0.26350600044436895,44,0.8867924528301887,0.015532002445932048,TF
2020-11-16,TF2012.CFX,29,0.20242455161265593,31,0.5740740740740741,0.009411129085740993,TF
2020-11-17,TF2012.CFX,29,0.1280640847661973,22,0.03636363636363636,-0.002935518303315554,TF
2020-11-18,TF2012.CFX,29,0.21306620649482158,27,0.6785714285714286,0.00010518388949577462,TF
2020-11-19,TF2012.CFX,29,0.18518826251045223,20,0.45614035087719296,-0.014599382098566782,TF
2020-11-20,TF2012.CFX,29,0.2428479266405182,19,0.8275862068965517,0.013797092779997943,TF
2020-11-23,TF2103.CFX,30,,18,,,TF
2020-11-24,TF2103.CFX,30,0.19988265292344595,27,,,TF
2020-11-25,TF2103.CFX,30,0.2859706998617457,33,,,TF
2020-11-26,TF2103.CFX,30,0.16873378404487316,25,,,TF
2020-11-27,TF2103.CFX,30,0.20243169020014204,25,,,TF
2020-11-30,TF2103.CFX,30,0.16231188462673568,38,,-0.015868054625502427,TF
2020-12-01,TF2103.CFX,30,0.16990367570850498,25,,-0.0238555947724619,TF
2020-12-02,TF2103.CFX,30,0.24449648328232812,27,,0.01189973839832728,TF
2020-12-03,TF2103.CFX,30,0.12036473419465998,24,,-0.00819493133553717,TF
2020-12-04,TF2103.CFX,30,0.2106635213659982,21,,0.004716433196468006,TF
2020-12-07,TF2103.CFX,30,0.22436742896427253,26,,0.007509454459520515,TF
2020-12-08,TF2103.CFX,30,0.17345691758854706,25,,-0.003807643661794963,TF
2020-12-09,TF2103.CFX,30,0.23324460154641838,29,,0.018855313092606567,TF
2020-12-10,TF2103.CFX,30,0.15693611074718736,29,,-0.009857764865547586,TF
2020-12-11,TF2103.CFX,30,0.18896352545537204,37,,-0.008732861385916068,TF
2020-12-14,TF2103.CFX,30,0.23372261780837222,20,,0.007625032434860396,TF
2020-12-15,TF2103.CFX,30,0.21435406622039324,30,,0.003900543640913462,TF
2020-12-16,TF2103.CFX,30,0.14734921704842155,24,,0.0006216753367489558,TF
2020-12-17,TF2103.CFX,30,0.25755674315257593,28,,0.005081303463445708,TF
2020-12-18,TF2103.CFX,30,0.21696153997807585,26,,0.000968052127158997,TF
2020-12-21,TF2103.CFX,30,0.20918170048104465,22,,0.005926759145095712,TF
2020-12-22,TF2103.CFX,30,0.2463003231571416,31,0.9,0.014952716954590878,TF
2020-12-23,TF2103.CFX,30,0.24554887097030748,26,0.8571428571428571,0.000532303881452878,TF
2020-12-24,TF2103.CFX,30,0.24064832366589678,27,0.7727272727272727,0.008374073786490471,TF
2020-12-25,TF2103.CFX,30,0.22723924648602326,21,0.6521739130434783,0.0030463092518712375,TF
2020-12-28,TF2103.CFX,30,0.22335952517165278,21,0.5833333333333334,-0.006419122045526188,TF
2020-12-29,TF2103.CFX,30,0.20002275106913087,22,0.36,-0.010834103829659724,TF
2020-12-30,TF2103.CFX,30,0.20486749922340625,25,0.4230769230769231,-0.009877814430187348,TF
2020-12-31,TF2103.CFX,30,0.21818320337937944,26,0.5925925925925926,-0.0036604112161534143,TF
2021-01-04,TF2103.CFX,30,0.21963735910235965,22,0.6071428571428571,0.0010716120171662346,TF
2021-01-05,TF2103.CFX,30,0.1981873331992678,20,0.27586206896551724,0.001109902413922731,TF
2021-01-06,TF2103.CFX,30,0.1747277113731274,25,0.23333333333333334,-0.008027544588066936,TF
2021-01-07,TF2103.CFX,30,0.24669150011558988,27,0.9354838709677419,0.0012106945743188603,TF
2021-01-08,TF2103.CFX,30,0.16807347462204109,28,0.125,-0.005462360204431499,TF
2021-01-11,TF2103.CFX,30,0.22148877801875014,27,0.6363636363636364,0.003994865288787841,TF
2021-01-12,TF2103.CFX,30,0.20880223549425775,27,0.4411764705882353,0.004294632614542093,TF
2021-01-13,TF2103.CFX,30,0.2707480850506309,36,0.9714285714285714,0.00888419307422988,TF
2021-01-14,TF2103.CFX,30,0.3217055618745779,45,1.0,0.03565234815369544,TF
2021-01-15,TF2103.CFX,30,0.20387647114575302,41,0.3783783783783784,0.007767871263432591,TF
2021-01-18,TF2103.CFX,30,0.18801066155088098,31,0.23684210526315788,-0.010845476179163139,TF
2021-01-19,TF2103.CFX,30,0.2087631875834337,23,0.4358974358974359,-0.025766469525809133,TF
2021-01-20,TF2103.CFX,30,0.23568219150492115,24,0.775,-0.01671600243016328,TF
2021-01-21,TF2103.CFX,30,0.2537302277527063,27,0.9024390243902439,0.014737904316794675,TF
2021-01-22,TF2103.CFX,30,0.2231251490302876,30,0.6190476190476191,0.011519601512808586,TF
2021-01-25,TF2103.CFX,30,0.2801680572974717,26,0.9534883720930233,0.013025269695344233,TF
2021-01-26,TF2103.CFX,30,0.2089231426913675,39,0.4318181818181818,-0.0027080268082341984,TF
2021-01-27,TF2103.CFX,30,0.24365849000582976,35,0.7777777777777778,-0.003434548183267322,TF
2021-01-28,TF2103.CFX,30,0.2411270331871993,32,0.7608695652173914,-5.057989778185501e-05,TF
2021-01-29,TF2103.CFX,30,0.3070950319910623,53,0.9787234042553191,0.008605783988301308,TF
2021-02-01,TF2103.CFX,30,0.13203790440247856,25,0.020833333333333332,-0.009033393459254534,TF
2021-02-02,TF2103.CFX,30,0.15949269356250223,25,0.08163265306122448,-0.027742072167137578,TF
2021-02-03,TF2103.CFX,30,0.26336020841993163,36,0.9,-0.010313598796309543,TF
2021-02-04,TF2103.CFX,30,0.21844393089930209,35,0.5294117647058824,-0.004597989816606735,TF
2021-02-05,TF2103.CFX,30,0.2070543771323889,34,0.36538461538461536,0.020898418279662052,TF
2021-02-08,TF2103.CFX,30,0.19610379008112971,27,0.24528301886792453,0.0016916361749712173,TF
2021-02-09,TF2103.CFX,30,0.14615087734022242,23,0.037037037037037035,-0.02567588029775908,TF
2021-02-10,TF2103.CFX,30,0.1784754733614042,19,0.21818181818181817,-0.014084041486796216,TF
2021-02-18,TF2103.CFX,30,0.1709553477396513,22,0.17857142857142858,-0.008982637550520062,TF
2021-02-19,TF2103.CFX,30,0.178753283167882,15,0.24561403508771928,-0.000989654342706653,TF
2021-02-22,TF2103.CFX,30,0.14575652280545154,10,0.034482758620689655,-5.108992630640241e-05,TF
2021-02-23,TF2106.CFX,31,,18,,,TF
2021-02-24,TF2106.CFX,31,0.24578082315666644,27,,,TF
2021-02-25,TF2106.CFX,31,0.2265973274939781,21,,,TF
2021-02-26,TF2106.CFX,31,0.23747795767160462,20,,,TF
2021-03-01,TF2106.CFX,31,0.15413985438054897,21,,,TF
2021-03-02,TF2106.CFX,31,0.27023884783400665,23,,-0.002354142375874868,TF
2021-03-03,TF2106.CFX,31,0.1965931376136268,25,,-0.002724748959830059,TF
2021-03-04,TF2106.CFX,31,0.21910679833461608,20,,0.0005710964559100696,TF
2021-03-05,TF2106.CFX,31,0.24238894672382036,32,,0.012536613518715229,TF
2021-03-08,TF2106.CFX,31,0.15010410990518802,25,,-0.019447366674744358,TF
2021-03-09,TF2106.CFX,31,0.22335272761137928,26,,-0.00154835084339231,TF
2021-03-10,TF2106.CFX,31,0.21374221741913413,27,,-0.002976538094340497,TF
2021-03-11,TF2106.CFX,31,0.2264677185588222,23,,0.003179565118394978,TF
2021-03-12,TF2106.CFX,31,0.20349026366894368,22,,0.010988729847495427,TF
2021-03-15,TF2106.CFX,31,0.1579752924493507,23,,-0.014100682407424753,TF
2021-03-16,TF2106.CFX,31,0.17620556363374235,21,,-0.014356573368025505,TF
2021-03-17,TF2106.CFX,31,0.16113117993595608,21,,-0.015795777728093364,TF
2021-03-18,TF2106.CFX,31,0.20711256199154673,18,,0.0010400484131811438,TF
2021-03-19,TF2106.CFX,31,0.1877753202364359,24,,0.009050705393197477,TF
2021-03-22,TF2106.CFX,31,0.20316743471136345,17,,0.008056788245572205,TF
2021-03-23,TF2106.CFX,31,0.1659485529986678,16,,0.0005689618845240108,TF
2021-03-24,TF2106.CFX,31,0.24538244496565015,20,0.9,0.005471299871043872,TF
2021-03-25,TF2106.CFX,31,0.1792223364281114,17,0.2857142857142857,0.002510904263763769,TF
2021-03-26,TF2106.CFX,31,0.17661723042051428,16,0.2727272727272727,-0.003982662515225471,TF
2021-03-29,TF2106.CFX,31,0.2716308898921477,17,1.0,0.014259945924182383,TF
2021-03-30,TF2106.CFX,31,0.22129682152268898,18,0.625,0.004423730657811398,TF
2021-03-31,TF2106.CFX,31,0.22446660315961947,16,0.68,0.013516812456519084,TF
2021-04-01,TF2106.CFX,31,0.19994459098811007,19,0.38461538461538464,-5.095655973366697e-05,TF
2021-04-02,TF2106.CFX,31,0.3084824315207905,20,1.0,0.00523508527227069,TF
2021-04-06,TF2106.CFX,31,0.1898816622256972,15,0.32142857142857145,0.0021185509767187418,TF
2021-04-07,TF2106.CFX,31,0.22937681033293886,26,0.7586206896551724,-2.425144157740533e-05,TF
2021-04-08,TF2106.CFX,31,0.24623406746373475,17,0.9,0.0013473331763397766,TF
2021-04-09,TF2106.CFX,31,0.18760105236882288,18,0.25806451612903225,-0.018541035306589775,TF
2021-04-12,TF2106.CFX,31,0.1569603636732333,21,0.0625,-0.010761835506904382,TF
2021-04-13,TF2106.CFX,31,0.2336844901534479,29,0.7575757575757576,-0.008065834414948337,TF
2021-04-14,TF2106.CFX,31,0.20859484581886129,20,0.5,-0.002919500550512194,TF
2021-04-15,TF2106.CFX,31,0.1546238498380654,13,0.05714285714285714,-0.0014319922915886907,TF
2021-04-16,TF2106.CFX,31,0.18929572710196302,19,0.3333333333333333,-0.0014389913457922953,TF
2021-04-19,TF2106.CFX,31,0.22464891681216287,23,0.6756756756756757,-0.003737026539946825,TF
2021-04-20,TF2106.CFX,31,0.12958890496822367,17,0.0,-0.008798681472717779,TF
2021-04-21,TF2106.CFX,31,0.2036684139775083,24,0.48717948717948717,0.003838230614514643,TF
2021-04-22,TF2106.CFX,31,0.2176190772889684,19,0.575,0.0035666197539356128,TF
2021-04-23,TF2106.CFX,31,0.21468960350749908,17,0.5609756097560976,0.00681115457114172,TF
2021-04-26,TF2106.CFX,31,0.1471376703305448,29,0.023809523809523808,0.004611872025463306,TF
2021-04-27,TF2106.CFX,31,0.1356991827410867,22,0.023255813953488372,-0.020641986943126682,TF
2021-04-28,TF2106.CFX,31,0.13810752241361296,24,0.045454545454545456,-0.023801353051712326,TF
2021-04-29,TF2106.CFX,31,0.24651155345769524,20,0.9333333333333333,0.005461375198346052,TF
2021-04-30,TF2106.CFX,31,0.24084696720905954,23,0.8260869565217391,0.029823096447363796,TF
2021-05-06,TF2106.CFX,31,0.23689011660061726,18,0.7872340425531915,0.030512131251450768,TF
2021-05-07,TF2106.CFX,31,0.19672887033409212,19,0.3958333333333333,0.010762125898388031,TF
2021-05-10,TF2106.CFX,31,0.23346658436230744,22,0.7551020408163265,-0.007020803506574302,TF
2021-05-11,TF2106.CFX,31,0.26792402960061784,28,0.94,0.005073059254480677,TF
2021-05-12,TF2106.CFX,31,0.2607498702984892,25,0.9215686274509803,0.011891466666226952,TF
2021-05-13,TF2106.CFX,31,0.17109643368315247,26,0.21153846153846154,-0.0023981587365697553,TF
2021-05-14,TF2106.CFX,31,0.1941031217759834,18,0.3584905660377358,-0.017555452109011355,TF
2021-05-17,TF2106.CFX,31,0.16328315521738582,21,0.18518518518518517,-0.02759284972889698,TF
2021-05-18,TF2106.CFX,31,0.16101819766133535,22,0.16363636363636364,-0.020727662374007427,TF
2021-05-19,TF2106.CFX,31,0.13127676794607715,20,0.017857142857142856,-0.011272425558879872,TF
2021-05-20,TF2106.CFX,31,0.18530303349350513,23,0.3157894736842105,-0.004960656383626527,TF
2021-05-21,TF2106.CFX,31,0.14913026769409912,10,0.08620689655172414,-0.0004020939214403607,TF
2021-05-24,TF2109.CFX,32,,19,,,TF
2021-05-25,TF2109.CFX,32,0.2076148603875918,22,,,TF
2021-05-26,TF2109.CFX,32,0.24076029374584235,24,,,TF
2021-05-27,TF2109.CFX,32,0.2029858089751327,20,,,TF
2021-05-28,TF2109.CFX,32,0.21845081485989368,21,,,TF
2021-05-31,TF2109.CFX,32,0.20482361332491023,22,,-0.0027891973011311853,TF
2021-06-01,TF2109.CFX,32,0.17056303063324046,19,,-0.013855672187542628,TF
2021-06-02,TF2109.CFX,32,0.2375898227589477,39,,0.0021320243340976763,TF
2021-06-03,TF2109.CFX,32,0.1790272525456178,23,,-0.00460809151945143,TF
2021-06-04,TF2109.CFX,32,0.2962190460665877,31,,0.01912550873957323,TF
2021-06-07,TF2109.CFX,32,0.15871697091872633,31,,0.0034937103878611765,TF
2021-06-08,TF2109.CFX,32,0.2068359400404108,25,,-0.008181804706396522,TF
2021-06-09,TF2109.CFX,32,0.1757880193227564,27,,-0.009586157247189964,TF
2021-06-10,TF2109.CFX,32,0.1917878281946442,24,,-0.019179138733985697,TF
2021-06-11,TF2109.CFX,32,0.22694416147180493,25,,0.012140626926039061,TF
2021-06-15,TF2109.CFX,32,0.21041315903226718,26,,0.00583105801327613,TF
2021-06-16,TF2109.CFX,32,0.20093602953876405,21,,0.006892135126963827,TF
2021-06-17,TF2109.CFX,32,0.17454331058237632,26,,-0.006049716715757663,TF
2021-06-18,TF2109.CFX,32,0.3451828102680606,33,,0.020060744914262046,TF
2021-06-21,TF2109.CFX,32,0.15444359436759023,25,,0.0032307651399942627,TF
2021-06-22,TF2109.CFX,32,0.24301923850940071,19,,0.006406670172648732,TF
2021-06-23,TF2109.CFX,32,0.25614019038263847,20,0.9,0.006103018784186437,TF
2021-06-24,TF2109.CFX,32,0.19611178297279647,23,0.3333333333333333,-0.019644545857548,TF
2021-06-25,TF2109.CFX,32,0.24938632029458935,17,0.8636363636363636,0.0142977996317394,TF
2021-06-28,TF2109.CFX,32,0.23925220116145982,25,0.7391304347826086,-0.0014287944783930918,TF
2021-06-29,TF2109.CFX,32,0.2062040279938328,19,0.4583333333333333,-0.0056731906588948,TF
2021-06-30,TF2109.CFX,32,0.16416877448264297,20,0.08,-0.010706830928106347,TF
2021-07-01,TF2109.CFX,32,0.19232177417477508,22,0.3076923076923077,-0.018921251891844536,TF
2021-07-02,TF2109.CFX,32,0.14523726211036228,18,0.0,-0.02019121319212528,TF
2021-07-05,TF2109.CFX,32,0.16922920050071993,16,0.14285714285714285,-0.009288116735850649,TF
2021-07-06,TF2109.CFX,32,0.1767985361380478,22,0.27586206896551724,0.00021669496367545115,TF
2021-07-07,TF2109.CFX,32,0.326647722890943,33,0.9666666666666667,0.03002131714600214,TF
2021-07-08,TF2109.CFX,32,0.18093791247345292,31,0.3225806451612903,0.022881982311640438,TF
2021-07-09,TF2109.CFX,32,0.28508879496946654,30,0.90625,0.02358585652728983,TF
2021-07-12,TF2109.CFX,32,0.31702657034627735,38,0.9393939393939394,0.023889714049498263,TF
2021-07-13,TF2109.CFX,32,0.1806479635164677,24,0.29411764705882354,-0.01559108608761262,TF
2021-07-14,TF2109.CFX,32,0.309555521493146,35,0.9142857142857143,0.015279438658638744,TF
2021-07-15,TF2109.CFX,32,0.17201914617091646,27,0.16666666666666666,-0.02336103464502315,TF
2021-07-16,TF2109.CFX,32,0.22687331337735422,19,0.6486486486486487,-0.018893533128339756,TF
2021-07-19,TF2109.CFX,32,0.1762219431564369,16,0.23684210526315788,-0.009153424883585342,TF
2021-07-20,TF2109.CFX,32,0.25230105047612283,25,0.8205128205128205,-0.011030614504852588,TF
2021-07-21,TF2109.CFX,32,0.21981958680990007,22,0.625,0.01210286183767358,TF
2021-07-22,TF2109.CFX,32,0.22154077848841328,21,0.6341463414634146,0.0032932573875581296,TF
2021-07-23,TF2109.CFX,32,0.18059530475828348,23,0.2857142857142857,-0.0022013548784016457,TF
2021-07-26,TF2109.CFX,32,0.24043154963813623,24,0.7441860465116279,-0.0062963283727589855,TF
2021-07-27,TF2109.CFX,32,0.42511042856475595,36,1.0,0.042947245465943466,TF
2021-07-28,TF2109.CFX,32,0.11323894154737257,26,0.0,0.002791144992439104,TF
2021-07-29,TF2109.CFX,32,0.20653844828603818,20,0.5,-0.007530632103525425,TF
2021-07-30,TF2109.CFX,32,0.22659558134539132,26,0.6382978723404256,-0.024624391686420756,TF
2021-08-02,TF2109.CFX,32,0.19641926255173758,31,0.3958333333333333,-0.034402569222801806,TF
2021-08-03,TF2109.CFX,32,0.22942548058899193,17,0.6938775510204082,0.02222538923489381,TF
2021-08-04,TF2109.CFX,32,0.21802533782459083,20,0.56,0.0025803678320705957,TF
2021-08-05,TF2109.CFX,32,0.17797444801656465,19,0.23529411764705882,-0.00756361913848001,TF
2021-08-06,TF2109.CFX,32,0.16616101064088018,21,0.09615384615384616,-0.01119675363941421,TF
2021-08-09,TF2109.CFX,32,0.2191363988405508,36,0.6037735849056604,-0.007244249068059294,TF
2021-08-10,TF2109.CFX,32,0.1553880665125053,26,0.05555555555555555,-0.008411259180018494,TF
2021-08-11,TF2109.CFX,32,0.22833646541596556,26,0.7090909090909091,0.008995109067042695,TF
2021-08-12,TF2109.CFX,32,0.14888471225257285,20,0.03571428571428571,-0.002535253020119993,TF
2021-08-13,TF2109.CFX,32,0.1844435410367319,19,0.3508771929824561,-0.007588906986757032,TF
2021-08-16,TF2109.CFX,32,0.17611386712464316,26,0.22413793103448276,-0.00024413231549579305,TF
2021-08-17,TF2109.CFX,32,0.1871558584361184,25,0.3728813559322034,-0.005513205908762403,TF
2021-08-18,TF2109.CFX,32,0.1885832472019625,23,0.38333333333333336,0.008210938729816574,TF
2021-08-19,TF2109.CFX,32,0.1934119857322717,13,0.43333333333333335,0.003040626946839897,TF
2021-08-20,TF2112.CFX,33,0.24728790195617573,21,,,TF
2021-08-23,TF2112.CFX,33,0.21132912099210346,24,,,TF
2021-08-24,TF2112.CFX,33,0.2292248889359084,23,,,TF
2021-08-25,TF2112.CFX,33,0.22661448581780666,27,,,TF
2021-08-26,TF2112.CFX,33,0.2593300485842853,29,,0.0039369658081922386,TF
2021-08-27,TF2112.CFX,33,0.2249125621277915,24,,0.005727204191975305,TF
2021-08-30,TF2112.CFX,33,0.2118387235319973,33,,-0.0036474254497837312,TF
2021-08-31,TF2112.CFX,33,0.2204855168244356,25,,-0.005974926303903011,TF
2021-09-01,TF2112.CFX,33,0.21766126695126647,33,,-0.008776460856939361,TF
2021-09-02,TF2112.CFX,33,0.17075751223450764,27,,-0.010248755636729862,TF
2021-09-03,TF2112.CFX,33,0.1796894234542226,22,,-0.011402660474547738,TF
2021-09-06,TF2112.CFX,33,0.22418929809753893,28,,-0.0030564280950837242,TF
2021-09-07,TF2112.CFX,33,0.29138224706736554,29,,0.020087374609522944,TF
2021-09-08,TF2112.CFX,33,0.18767719556436363,32,,0.014553219027285496,TF
2021-09-09,TF2112.CFX,33,0.25556151309740477,26,,0.011523207675318909,TF
2021-09-10,TF2112.CFX,33,0.2949672155497627,39,,0.010573510093448674,TF
2021-09-13,TF2112.CFX,33,0.4015900943660979,31,,0.03277057145828638,TF
2021-09-14,TF2112.CFX,33,0.2428917733911101,34,,0.0256457736922186,TF
2021-09-15,TF2112.CFX,33,0.31241060315754104,34,,0.0061622737961619985,TF
2021-09-16,TF2112.CFX,33,0.15654916929713356,26,,-0.03660155837138151,TF
2021-09-17,TF2112.CFX,33,0.29280613629260843,21,0.85,-0.030391052024095543,TF
2021-09-22,TF2112.CFX,33,0.2081337100533595,25,0.19047619047619047,-0.008912059354043378,TF
2021-09-23,TF2112.CFX,33,0.24729625373497183,29,0.6818181818181818,-0.007864415808891245,TF
2021-09-24,TF2112.CFX,33,0.18455736338871978,26,0.13043478260869565,0.001050650562553579,TF
2021-09-27,TF2112.CFX,33,0.22168649868463447,31,0.4166666666666667,-0.016581562188058774,TF
2021-09-28,TF2112.CFX,33,0.29366115374580865,31,0.88,0.014544513233456097,TF
2021-09-29,TF2112.CFX,33,0.1947318695759892,25,0.19230769230769232,0.00039750220391236436,TF
2021-09-30,TF2112.CFX,33,0.31630738668228275,24,0.9629629629629629,0.02365454174784807,TF
2021-10-08,TF2112.CFX,33,0.18754123533359332,29,0.14285714285714285,-0.004564429376560814,TF
2021-10-11,TF2112.CFX,33,0.19527057320586974,37,0.2413793103448276,-0.020397179532227368,TF
2021-10-12,TF2112.CFX,33,0.24548987007020498,29,0.6333333333333333,-0.0019520812487981488,TF
2021-10-13,TF2112.CFX,33,0.27162559463943037,31,0.7741935483870968,-0.003141494934909317,TF
2021-10-14,TF2112.CFX,33,0.16467967232801234,24,0.03125,0.0030631895422398637,TF
2021-10-15,TF2112.CFX,33,0.363538749390624,32,0.9696969696969697,0.02557261546273159,TF
2021-10-18,TF2112.CFX,33,0.2020577250947105,33,0.2647058823529412,0.0005048864800204778,TF
2021-10-19,TF2112.CFX,33,0.26957976093709246,39,0.7428571428571429,0.003328638536202233,TF
2021-10-20,TF2112.CFX,33,0.18969875834186573,32,0.19444444444444445,-0.004392081642582479,TF
2021-10-21,TF2112.CFX,33,0.1812750489843581,24,0.10810810810810811,-0.03768863675653766,TF
2021-10-22,TF2112.CFX,33,0.2511417246026988,27,0.6842105263157895,0.0009863287063242132,TF
2021-10-25,TF2112.CFX,33,0.25591819090017126,23,0.717948717948718,0.003411982618699072,TF
2021-10-26,TF2112.CFX,33,0.16907456821105488,26,0.05,0.003339476165419147,TF
2021-10-27,TF2112.CFX,33,0.2204842839452136,29,0.4146341463414634,-0.0003648686469932882,TF
2021-10-28,TF2112.CFX,33,0.27969957136034035,37,0.8095238095238095,0.002168178656032538,TF
2021-10-29,TF2112.CFX,33,0.21466551891369218,35,0.37209302325581395,0.002811965917632725,TF
2021-11-01,TF2112.CFX,33,0.18918623522082584,35,0.20454545454545456,0.0034404568988020525,TF
2021-11-02,TF2112.CFX,33,0.2379558987730082,36,0.5777777777777777,-0.005557010648392524,TF
2021-11-03,TF2112.CFX,33,0.1506906506166037,34,0.0,-0.02347274616281574,TF
2021-11-04,TF2112.CFX,33,0.1976671359807253,28,0.2978723404255319,-0.007249235047015595,TF
2021-11-05,TF2112.CFX,33,0.19333260507692102,40,0.25,-0.003199602308009264,TF
2021-11-08,TF2112.CFX,33,0.2617289917184567,36,0.7755102040816326,0.00901881403512143,TF
2021-11-09,TF2112.CFX,33,0.19284276784974938,34,0.24,0.014836609020402281,TF
2021-11-10,TF2112.CFX,33,0.17477123347121296,31,0.09803921568627451,-0.00462816422461963,TF
2021-11-11,TF2112.CFX,33,0.22101206747319488,37,0.5,-0.003159883345469611,TF
2021-11-12,TF2112.CFX,33,0.1843152303609539,26,0.1509433962264151,-0.01266582230915601,TF
2021-11-15,TF2112.CFX,33,0.17958633133288376,30,0.1111111111111111,-0.001696887614399034,TF
2021-11-16,TF2112.CFX,33,0.2645637335113017,29,0.8,0.013815926393986638,TF
2021-11-17,TF2112.CFX,33,0.20261267415607082,31,0.375,0.0043449716516099635,TF
2021-11-18,TF2112.CFX,33,0.2123628560355134,31,0.43859649122807015,0.007912159417230603,TF
2021-11-19,TF2112.CFX,33,0.2866913363580291,35,0.8620689655172413,0.016200913257450246,TF
2021-11-22,TF2112.CFX,33,0.20375442496250243,16,0.3728813559322034,-0.003753995489564016,TF
2021-11-23,TF2203.CFX,34,0.12942119630989007,20,,,TF
2021-11-24,TF2203.CFX,34,0.28836525628185067,27,,,TF
2021-11-25,TF2203.CFX,34,0.23219079692454284,17,,,TF
2021-11-26,TF2203.CFX,34,0.24835582908142287,18,,,TF
2021-11-29,TF2203.CFX,34,0.21085251003155703,22,,0.012285320024290603,TF
2021-11-30,TF2203.CFX,34,0.1917895003394027,23,,-0.021448979877788172,TF
2021-12-01,TF2203.CFX,34,0.20050150373952896,20,,-0.011994491511204797,TF
2021-12-02,TF2203.CFX,34,0.30776140770012994,25,,0.010846015094538619,TF
2021-12-03,TF2203.CFX,34,0.1690768214743859,24,,0.0032420530246385026,TF
2021-12-06,TF2203.CFX,34,0.21931984034829494,27,,0.002363599775264141,TF
2021-12-07,TF2203.CFX,34,0.29841768871545493,32,,0.010739080260001694,TF
2021-12-08,TF2203.CFX,34,0.2583673226794593,21,,0.003055269719972775,TF
2021-12-09,TF2203.CFX,34,0.28840753944819275,24,,0.027770891827877807,TF
2021-12-10,TF2203.CFX,34,0.21959090272901363,20,,-0.000946802450582479,TF
2021-12-13,TF2203.CFX,34,0.260045537357374,30,,-0.01155207226666075,TF
2021-12-14,TF2203.CFX,34,0.19186315457490158,30,,-0.016137033829993413,TF
2021-12-15,TF2203.CFX,34,0.2236718157328678,21,,-0.015719919558476198,TF
2021-12-16,TF2203.CFX,34,0.22006731012117225,24,,-0.003542090684018895,TF
2021-12-17,TF2203.CFX,34,0.28922082801990034,28,,0.008655473687132337,TF
2021-12-20,TF2203.CFX,34,0.17353897958593953,24,,0.0028900662309108427,TF
2021-12-21,TF2203.CFX,34,0.21324351811933578,26,0.35,-0.006738492576229671,TF
2021-12-22,TF2203.CFX,34,0.23564072764270266,29,0.6190476190476191,-0.00448304748575038,TF
2021-12-23,TF2203.CFX,34,0.19913174581326787,25,0.22727272727272727,-0.011807641635650179,TF
2021-12-24,TF2203.CFX,34,0.22882238527375845,21,0.5652173913043478,0.009645503906956992,TF
2021-12-27,TF2203.CFX,34,0.23617678662986807,29,0.6666666666666666,0.003904819465212028,TF
2021-12-28,TF2203.CFX,34,0.18992032158562736,22,0.12,-0.005439577129755041,TF
2021-12-29,TF2203.CFX,34,0.19146155104269075,20,0.15384615384615385,-0.005424245322928534,TF
2021-12-30,TF2203.CFX,34,0.29886543907705965,23,0.9629629629629629,0.009537087201942508,TF
2021-12-31,TF2203.CFX,34,0.2320530467695719,22,0.5714285714285714,0.010069763777083995,TF
2022-01-04,TF2203.CFX,34,0.2278014182586398,23,0.5172413793103449,0.011635368907290606,TF
2022-01-05,TF2203.CFX,34,0.1880489045166066,26,0.1,-0.007788931387058812,TF
2022-01-06,TF2203.CFX,34,0.18081865457144097,29,0.0967741935483871,-0.02800977112642026,TF
2022-01-07,TF2203.CFX,34,0.2419858282909729,27,0.71875,-0.0027117200644396766,TF
2022-01-10,TF2203.CFX,34,0.1682890175149398,22,0.030303030303030304,-0.00650878777130337,TF
2022-01-11,TF2203.CFX,34,0.25134943550247624,28,0.7647058823529411,0.011407142491523808,TF
2022-01-12,TF2203.CFX,34,0.20965589500990633,26,0.34285714285714286,0.006703808808843403,TF
2022-01-13,TF2203.CFX,34,0.23212148064645616,25,0.6111111111111112,0.0021638182205933054,TF
2022-01-14,TF2203.CFX,34,0.2299285497655236,31,0.5675675675675675,0.010405110964514751,TF
2022-01-17,TF2203.CFX,34,0.22147886506522635,42,0.47368421052631576,-0.003946848611888254,TF
2022-01-18,TF2203.CFX,34,0.2617770399334958,39,0.8461538461538461,0.009359967426594912,TF
2022-01-19,TF2203.CFX,34,0.2075540138243463,42,0.3,-0.001728644347624747,TF
2022-01-20,TF2203.CFX,34,0.1388639102022392,30,0.024390243902439025,-0.019605413036744884,TF
2022-01-21,TF2203.CFX,34,0.2542117585689701,30,0.7857142857142857,-0.005744734272376917,TF
2022-01-24,TF2203.CFX,34,0.2098825639069839,35,0.3488372093023256,-0.005713120730839999,TF
2022-01-25,TF2203.CFX,34,0.2713445714007562,38,0.8636363636363636,0.01985997688575645,TF
2022-01-26,TF2203.CFX,34,0.14204104332942558,43,0.044444444444444446,0.002348707908615888,TF
2022-01-27,TF2203.CFX,34,0.29007322804869873,38,0.9347826086956522,0.00038814183818989265,TF
2022-01-28,TF2203.CFX,34,0.2574959003362191,33,0.7659574468085106,0.011395532950641296,TF
2022-02-07,TF2203.CFX,34,0.179121428732064,32,0.125,-0.006899142833059086,TF
2022-02-08,TF2203.CFX,34,0.21020277674758922,31,0.3673469387755102,0.0025371667519692555,TF
2022-02-09,TF2203.CFX,34,0.1817145234091016,28,0.16,-0.026401053286782418,TF
2022-02-10,TF2203.CFX,34,0.2291930580760737,26,0.5686274509803921,-0.00540125898432533,TF
2022-02-11,TF2203.CFX,34,0.34108338649117603,51,1.0,0.03429141968467085,TF
2022-02-14,TF2203.CFX,34,0.17245522689488826,29,0.09433962264150944,0.008387376337667252,TF
2022-02-15,TF2203.CFX,34,0.1475135552344912,36,0.05555555555555555,-0.01251397675304063,TF
2022-02-16,TF2203.CFX,34,0.2232791076816906,26,0.509090909090909,-0.020539773204545104,TF
2022-02-17,TF2203.CFX,34,0.2695954520838722,13,0.8392857142857143,-0.009215198802780534,TF
2022-02-18,TF2206.CFX,35,0.2743040637021508,20,,,TF
2022-02-21,TF2206.CFX,35,0.3785679494516834,34,,,TF
2022-02-22,TF2206.CFX,35,0.33011984104379855,38,,,TF
2022-02-23,TF2206.CFX,35,0.17431255513684174,27,,,TF
2022-02-24,TF2206.CFX,35,0.23005254333711914,29,,-0.02927584350449051,TF
2022-02-25,TF2206.CFX,35,0.24726159621094795,22,,-0.03626800041881504,TF
2022-02-28,TF2206.CFX,35,0.15412803912198836,22,,-0.02790345627695141,TF
2022-03-01,TF2206.CFX,35,0.21765277219317256,26,,0.001075592989753088,TF
2022-03-02,TF2206.CFX,35,0.1624851987735907,23,,-0.016474351314483226,TF
2022-03-03,TF2206.CFX,35,0.26727155778668493,44,,0.004837708280307629,TF
2022-03-04,TF2206.CFX,35,0.28074046604514596,38,,0.030284363943982755,TF
2022-03-07,TF2206.CFX,35,0.3299986727265263,40,,0.034294706833826266,TF
2022-03-08,TF2206.CFX,35,0.18059827408506018,33,,0.009895326556278039,TF
2022-03-09,TF2206.CFX,35,0.27245187679522154,47,,-0.008978155394301246,TF
2022-03-10,TF2206.CFX,35,0.1475163104071696,28,,-0.03239951072072575,TF
2022-03-11,TF2206.CFX,35,0.5664514564944012,57,,0.04398236038578592,TF
2022-03-14,TF2206.CFX,35,0.12529962482429452,44,,0.018340228117764833,TF
2022-03-15,TF2206.CFX,35,0.3651717610875158,58,,0.01632230830017134,TF
2022-03-16,TF2206.CFX,35,0.19715978244919685,52,,-0.010199275132283091,TF
2022-03-17,TF2206.CFX,35,0.14057682708837213,25,,-0.07798891011871559,TF
2022-03-18,TF2206.CFX,35,0.19327060029706017,23,0.35,-0.008865298305361235,TF
2022-03-21,TF2206.CFX,35,0.20754794679989036,16,0.42857142857142855,-0.031913681072738766,TF
2022-03-22,TF2206.CFX,35,0.2042838611020718,25,0.4090909090909091,0.008121927701726811,TF
2022-03-23,TF2206.CFX,35,0.2397553298780219,24,0.5652173913043478,0.020937026638431118,TF
2022-03-24,TF2206.CFX,35,0.2631001245942312,21,0.625,0.017186643167247367,TF
2022-03-25,TF2206.CFX,35,0.20981594682160515,22,0.44,0.006335226353558904,TF
2022-03-28,TF2206.CFX,35,0.243658182284236,18,0.5769230769230769,0.004880925930791169,TF
2022-03-29,TF2206.CFX,35,0.22210781039802643,18,0.48148148148148145,-0.00547369812699861,TF
2022-03-30,TF2206.CFX,35,0.2225008209625073,26,0.5,-0.0068906743687026486,TF
2022-03-31,TF2206.CFX,35,0.15752224868503178,21,0.13793103448275862,-0.012574475759487535,TF
2022-04-01,TF2206.CFX,35,0.1532902101029078,22,0.1,-0.0245321506075651,TF
2022-04-06,TF2206.CFX,35,0.3024196885587275,20,0.8387096774193549,0.009141314546180257,TF
2022-04-07,TF2206.CFX,35,0.28121978332743713,20,0.8125,0.026233536460355533,TF
2022-04-08,TF2206.CFX,35,0.23474824006809475,24,0.5454545454545454,0.028238155599065527,TF
2022-04-11,TF2206.CFX,35,0.18929546741850278,22,0.2647058823529412,0.00043390661405571796,TF
2022-04-12,TF2206.CFX,35,0.33448288392754083,38,0.9142857142857143,-0.0027797925171307637,TF
2022-04-13,TF2206.CFX,35,0.15979904576187004,22,0.16666666666666666,-0.014310683127168804,TF
2022-04-14,TF2206.CFX,35,0.2314256088083777,28,0.5405405405405406,-0.0036141684176066837,TF
2022-04-15,TF2206.CFX,35,0.25121672672057005,33,0.6578947368421053,0.002078524348497135,TF
2022-04-18,TF2206.CFX,35,0.17989926135568574,34,0.23076923076923078,-0.021774956418501013,TF
2022-04-19,TF2206.CFX,35,0.11900451963092742,25,0.0,-0.01331153997145772,TF
2022-04-20,TF2206.CFX,35,0.20401093981245594,42,0.36585365853658536,-0.018704154508148618,TF
2022-04-21,TF2206.CFX,35,0.13133226045401408,20,0.047619047619047616,-0.021565725407634177,TF
2022-04-22,TF2206.CFX,35,0.20900137313860628,26,0.4418604651162791,0.007053196438892778,TF
2022-04-25,TF2206.CFX,35,0.19330319948567226,24,0.3409090909090909,0.015358779303564002,TF
2022-04-26,TF2206.CFX,35,0.1823671799413182,19,0.28888888888888886,0.0018683419289382774,TF
2022-04-27,TF2206.CFX,35,0.153127855770069,21,0.10869565217391304,0.0016956997434821707,TF
2022-04-28,TF2206.CFX,35,0.1494230870313608,22,0.10638297872340426,-0.015933191593009426,TF
2022-04-29,TF2206.CFX,35,0.23980384326076054,24,0.6666666666666666,0.006005719464021913,TF
2022-05-05,TF2206.CFX,35,0.11944661307102662,17,0.02040816326530612,-0.003916514624989162,TF
2022-05-06,TF2206.CFX,35,0.30837766224330737,23,0.88,0.028052313898614255,TF
2022-05-09,TF2206.CFX,35,0.14923121710858891,16,0.11764705882352941,0.006819007913700303,TF
2022-05-10,TF2206.CFX,35,0.12696619028436038,23,0.057692307692307696,-0.01958907019152381,TF
2022-05-11,TF2206.CFX,35,0.2027978839518997,24,0.4339622641509434,-0.001470893019720082,TF
2022-05-12,TF2206.CFX,35,0.204144643955196,21,0.46296296296296297,-0.015489936973291197,TF
2022-05-13,TF2206.CFX,35,0.16569850461424793,20,0.2727272727272727,0.011011302868215367,TF
2022-05-16,TF2206.CFX,35,0.18200695930453809,23,0.3392857142857143,0.007298215870270364,TF
2022-05-17,TF2206.CFX,35,0.1602306227686891,17,0.24561403508771928,-0.010727220701707913,TF
2022-05-18,TF2206.CFX,35,0.20997139378614177,20,0.5689655172413793,0.00061856178163327,TF
2022-05-19,TF2206.CFX,35,0.17916869617463407,13,0.3050847457627119,0.005490481760237598,TF
2022-05-20,TF2209.CFX,36,,16,,,TF
2022-05-23,TF2209.CFX,36,0.23130068790241665,21,,,TF
2022-05-24,TF2209.CFX,36,0.15951077075134343,19,,,TF
2022-05-25,TF2209.CFX,36,0.19739944263833678,25,,,TF
2022-05-26,TF2209.CFX,36,0.26908387142538875,29,,,TF
2022-05-27,TF2209.CFX,36,0.18412133296643526,27,,0.0015214390802082533,TF
2022-05-30,TF2209.CFX,36,0.24457620925518925,21,,0.01568527673357901,TF
2022-05-31,TF2209.CFX,36,0.16294340289038925,36,,-0.009341974166609457,TF
2022-06-01,TF2209.CFX,36,0.19797330519111694,24,,-0.01633990625445897,TF
2022-06-02,TF2209.CFX,36,0.23570360149429764,32,,0.005656163299165245,TF
2022-06-06,TF2209.CFX,36,0.21450266376213598,27,,0.0012613107617801878,TF
2022-06-07,TF2209.CFX,36,0.2360233455411716,30,,0.016268924387258375,TF
2022-06-08,TF2209.CFX,36,0.2296333933752898,27,,0.0063639920415219705,TF
2022-06-09,TF2209.CFX,36,0.31279450139326404,35,,0.016931252941108654,TF
2022-06-10,TF2209.CFX,36,0.2320720242677544,26,,0.011190987686332926,TF
2022-06-13,TF2209.CFX,36,0.2369715691920577,28,,0.0004335078194236841,TF
2022-06-14,TF2209.CFX,36,0.21810536074561782,26,,-0.009887899746055018,TF
2022-06-15,TF2209.CFX,36,0.22345101074507903,32,,-0.01926536448185066,TF
2022-06-16,TF2209.CFX,36,0.16703244777848308,26,,-0.01435997114255213,TF
2022-06-17,TF2209.CFX,36,0.19900873659442625,27,,-0.012699857816239757,TF
2022-06-20,TF2209.CFX,36,0.19965577774213578,28,,-0.006134144015761683,TF
2022-06-21,TF2209.CFX,36,0.23690904787427738,19,0.8,0.00595394042220494,TF
2022-06-22,TF2209.CFX,36,0.24701918572444245,21,0.9047619047619048,0.01978737871717698,TF
2022-06-23,TF2209.CFX,36,0.196148578113925,25,0.18181818181818182,0.004164309102130415,TF
2022-06-24,TF2209.CFX,36,0.1968331074808721,26,0.21739130434782608,-0.004640581028287971,TF
2022-06-27,TF2209.CFX,36,0.20519731104582886,35,0.4166666666666667,-0.011360955190046734,TF
2022-06-28,TF2209.CFX,36,0.20260912796453998,31,0.4,-0.007977138258790113,TF
2022-06-29,TF2209.CFX,36,0.2922789309880516,31,0.9615384615384616,0.019803672623192103,TF
2022-06-30,TF2209.CFX,36,0.1743452586901737,28,0.1111111111111111,0.004210592236082588,TF
2022-07-01,TF2209.CFX,36,0.2074423577743369,31,0.4642857142857143,-0.0023773775817350186,TF
2022-07-04,TF2209.CFX,36,0.24566038185512412,34,0.8620689655172413,0.00012659345674535528,TF
2022-07-05,TF2209.CFX,36,0.2414764692574582,39,0.8,-0.003028980029623629,TF
2022-07-06,TF2209.CFX,36,0.24432598831622596,33,0.8064516129032258,0.017399557073522576,TF
2022-07-07,TF2209.CFX,36,0.22540558292431845,22,0.53125,0.0034592056761065027,TF
2022-07-08,TF2209.CFX,36,0.2023984820148034,24,0.3333333333333333,-0.010259468601378113,TF
2022-07-11,TF2209.CFX,36,0.1596008869712587,31,0.029411764705882353,-0.020567867087382157,TF
2022-07-12,TF2209.CFX,36,0.2117792518115092,30,0.45714285714285713,-0.013089816896249329,TF
2022-07-13,TF2209.CFX,36,0.211163091641538,28,0.4444444444444444,-0.00191042127688551,TF
2022-07-14,TF2209.CFX,36,0.1935810488204964,29,0.16216216216216217,0.003392733828166533,TF
2022-07-15,TF2209.CFX,36,0.228121266980735,32,0.6052631578947368,0.011884255702793983,TF
2022-07-18,TF2209.CFX,36,0.186486820972481,26,0.15384615384615385,-0.0033626686338859403,TF
2022-07-19,TF2209.CFX,36,0.24744399767641276,26,0.925,0.006546758422173421,TF
2022-07-20,TF2209.CFX,36,0.23158199273294847,24,0.6585365853658537,0.009532461852058189,TF
2022-07-21,TF2209.CFX,36,0.19911302566050687,28,0.30952380952380953,-0.0012921310879988822,TF
2022-07-22,TF2209.CFX,36,0.1895608912610255,24,0.16279069767441862,-0.00421828314388169,TF
2022-07-25,TF2209.CFX,36,0.27255066291515584,27,0.9545454545454546,0.0008192229005563156,TF
2022-07-26,TF2209.CFX,36,0.24654068244256244,29,0.8666666666666667,0.010335501667387692,TF
2022-07-27,TF2209.CFX,36,0.1996532395905839,29,0.32608695652173914,0.0058060219041691005,TF
2022-07-28,TF2209.CFX,36,0.19887427194840832,34,0.2765957446808511,-0.005427066194980628,TF
2022-07-29,TF2209.CFX,36,0.1870217602686244,34,0.14583333333333334,-0.021872421578721695,TF
2022-08-01,TF2209.CFX,36,0.19721907218782292,31,0.24489795918367346,-0.011127469983143855,TF
2022-08-02,TF2209.CFX,36,0.18984943316506966,36,0.18,-0.0021262812611613892,TF
2022-08-03,TF2209.CFX,36,0.2555101117508327,34,0.9215686274509803,0.0116099352501294,TF
2022-08-04,TF2209.CFX,36,0.37728926223870857,54,1.0,0.04388260435031781,TF
2022-08-05,TF2209.CFX,36,0.2203206632360662,31,0.5471698113207547,0.02336430111701255,TF
2022-08-08,TF2209.CFX,36,0.17203861529722214,29,0.07407407407407407,-0.007081108425046151,TF
2022-08-09,TF2209.CFX,36,0.3196261968567,46,0.9818181818181818,-0.007701847672975171,TF
2022-08-10,TF2209.CFX,36,0.34326442844488464,41,0.9821428571428571,0.0031255866032985913,TF
2022-08-11,TF2209.CFX,36,0.2552846301865014,37,0.8596491228070176,0.024115374704853292,TF
2022-08-12,TF2209.CFX,36,0.2174181820972138,31,0.5,0.0026417566929784696,TF
2022-08-15,TF2209.CFX,36,0.1815174209235349,43,0.1016949152542373,-0.04020637982140011,TF
2022-08-16,TF2209.CFX,36,0.18201106409712822,36,0.11666666666666667,-0.03962739379584794,TF
2022-08-17,TF2209.CFX,36,0.11762247936143833,17,0.0,-0.03107314196502118,TF
2022-08-18,TF2209.CFX,36,0.13932722022679525,14,0.016666666666666666,-0.022007686530293374,TF
2022-08-19,TF2212.CFX,37,0.20416436052120304,20,,,TF
2022-08-22,TF2212.CFX,37,0.1688388794456904,21,,,TF
2022-08-23,TF2212.CFX,37,0.2310063187646277,26,,,TF
2022-08-24,TF2212.CFX,37,0.17758590149965658,24,,,TF
2022-08-25,TF2212.CFX,37,0.1201435332225917,25,,-0.015929463254325645,TF
2022-08-26,TF2212.CFX,37,0.17665463205449733,27,,-0.009523128032442213,TF
2022-08-29,TF2212.CFX,37,0.18957581988296884,25,,-0.008379226720847704,TF
2022-08-30,TF2212.CFX,37,0.29447544736489345,28,,0.030321137839085088,TF
2022-08-31,TF2212.CFX,37,0.1475736703993698,25,,0.01726810896639523,TF
2022-09-01,TF2212.CFX,37,0.2946574446844307,29,,0.01940034757762678,TF
2022-09-02,TF2212.CFX,37,0.19368767244873436,32,,0.0008405702451068254,TF
2022-09-05,TF2212.CFX,37,0.22774949821364782,25,,-0.008733789625312672,TF
2022-09-06,TF2212.CFX,37,0.18076666175703532,23,,-5.219637554518264e-05,TF
2022-09-07,TF2212.CFX,37,0.22529596883044656,30,,-0.015164396239966727,TF
2022-09-08,TF2212.CFX,37,0.157971605128343,22,,-0.007388566402398394,TF
2022-09-09,TF2212.CFX,37,0.2513955793356184,31,,0.0024497105615248873,TF
2022-09-13,TF2212.CFX,37,0.16515021256795187,21,,-0.0005133287872995052,TF
2022-09-14,TF2212.CFX,37,0.14473545246733097,25,,-0.015394242528662228,TF
2022-09-15,TF2212.CFX,37,0.2828961582721601,31,,0.014318897941934684,TF
2022-09-16,TF2212.CFX,37,0.18977393583612587,37,,-0.0005497341294776803,TF
2022-09-19,TF2212.CFX,37,0.18319093247423254,32,0.45,0.008111992318135624,TF
2022-09-20,TF2212.CFX,37,0.18167386448757478,34,0.42857142857142855,-0.0025828401757439943,TF
2022-09-21,TF2212.CFX,37,0.22336107227256868,28,0.6818181818181818,-0.012717024334773386,TF
2022-09-22,TF2212.CFX,37,0.18235389291615017,30,0.43478260869565216,0.002533005395838478,TF
2022-09-23,TF2212.CFX,37,0.22156642549170907,28,0.6666666666666666,0.007743101446352846,TF
2022-09-26,TF2212.CFX,37,0.2515340045841928,41,0.88,0.013792563341237647,TF
2022-09-27,TF2212.CFX,37,0.23270925951822616,39,0.8076923076923077,0.00878764861593575,TF
2022-09-28,TF2212.CFX,37,0.257309855834641,37,0.8888888888888888,0.01610547598634988,TF
2022-09-29,TF2212.CFX,37,0.25458222434889877,42,0.8571428571428571,0.0071807448964827545,TF
2022-09-30,TF2212.CFX,37,0.1778945486696601,35,0.27586206896551724,-0.01254059469983928,TF
2022-10-10,TF2212.CFX,37,0.2066274226845229,35,0.5666666666666667,-0.01315789808323874,TF
2022-10-11,TF2212.CFX,37,0.177014756277614,29,0.22580645161290322,-0.02085450007784299,TF
2022-10-12,TF2212.CFX,37,0.5005925978614213,46,1.0,0.04911409546329989,TF
2022-10-13,TF2212.CFX,37,0.14492950167179616,30,0.06060606060606061,0.02280350811811705,TF
2022-10-14,TF2212.CFX,37,0.2788541850904268,35,0.8823529411764706,0.011236827020599005,TF
2022-10-17,TF2212.CFX,37,0.18509189189296704,25,0.42857142857142855,-0.02055841415402885,TF
2022-10-18,TF2212.CFX,37,0.2516949000948966,29,0.8055555555555556,-0.04576330053118786,TF
2022-10-19,TF2212.CFX,37,0.20452936815107714,27,0.5405405405405406,0.00920404479630318,TF
2022-10-20,TF2212.CFX,37,0.26708193883016973,37,0.868421052631579,-0.0004107016262404062,TF
2022-10-21,TF2212.CFX,37,0.19410191290555348,28,0.48717948717948717,0.0033407080760446016,TF
2022-10-24,TF2212.CFX,37,0.18798599643392055,28,0.4,-0.013784526256747576,TF
2022-10-25,TF2212.CFX,37,0.23710850447827286,35,0.7317073170731707,-0.0013937669741857727,TF
2022-10-26,TF2212.CFX,37,0.19878829579152396,28,0.5,-0.009358069450457213,TF
2022-10-27,TF2212.CFX,37,0.23662637574194972,29,0.7209302325581395,0.009585122503039594,TF
2022-10-28,TF2212.CFX,37,0.2694352615343023,31,0.8863636363636364,0.016241640146444043,TF
2022-10-31,TF2212.CFX,37,0.1808842658961328,35,0.26666666666666666,-0.004180151142150185,TF
2022-11-01,TF2212.CFX,37,0.2055152477324805,38,0.5434782608695652,-0.004228820596390376,TF
2022-11-02,TF2212.CFX,37,0.2232050470322613,32,0.5957446808510638,-0.009076267122119864,TF
2022-11-03,TF2212.CFX,37,0.20816999832249974,24,0.5625,-0.008020974528747666,TF
2022-11-04,TF2212.CFX,37,0.2559416478603983,39,0.8367346938775511,0.015276951451855026,TF
2022-11-07,TF2212.CFX,37,0.19494632115498375,32,0.44,0.001159874767314345,TF
2022-11-08,TF2212.CFX,37,0.2978710738447045,36,0.9803921568627451,0.013610837645737051,TF
2022-11-09,TF2212.CFX,37,0.24280630151459204,32,0.7307692307692307,0.011120203236849074,TF
2022-11-10,TF2212.CFX,37,0.16758804896448964,28,0.11320754716981132,-0.012884721743220907,TF
2022-11-11,TF2212.CFX,37,0.21475789597948367,59,0.5555555555555556,-0.009065987523121505,TF
2022-11-14,TF2212.CFX,37,0.2088911834070259,52,0.5454545454545454,-0.02060081864104656,TF
2022-11-15,TF2212.CFX,37,0.2024751518995452,45,0.44642857142857145,-0.003935916478755741,TF
2022-11-16,TF2212.CFX,37,0.27000264748454705,48,0.8947368421052632,0.019254645296017635,TF
2022-11-17,TF2212.CFX,37,0.17998131145659718,42,0.20689655172413793,-0.0008441704968251806,TF
2022-11-18,TF2212.CFX,37,0.19359292012991683,24,0.3728813559322034,-0.0053090366997166185,TF
2022-11-21,TF2303.CFX,38,,19,,,TF
2022-11-22,TF2303.CFX,38,0.19743260958718045,27,,,TF
2022-11-23,TF2303.CFX,38,0.2014838022339553,34,,,TF
2022-11-24,TF2303.CFX,38,0.24072561733770273,32,,,TF
2022-11-25,TF2303.CFX,38,0.2697118818589702,31,,,TF
2022-11-28,TF2303.CFX,38,0.25169677149827846,30,,0.017675640344721088,TF
2022-11-29,TF2303.CFX,38,0.2760916857524195,46,,0.016018692119750415,TF
2022-11-30,TF2303.CFX,38,0.22953131823588863,30,,-0.0016008794310178986,TF
2022-12-01,TF2303.CFX,38,0.21201204021444436,28,,-0.013756513655144154,TF
2022-12-02,TF2303.CFX,38,0.19538071939704416,24,,-0.017671174974044378,TF
2022-12-05,TF2303.CFX,38,0.18013446841711206,23,,-0.02260650335094594,TF
2022-12-06,TF2303.CFX,38,0.16300369138205223,28,,-0.016493282550500515,TF
2022-12-07,TF2303.CFX,38,0.34846164880149105,51,,0.024052218915910147,TF
2022-12-08,TF2303.CFX,38,0.19077624259763218,29,,0.01591182267855551,TF
2022-12-09,TF2303.CFX,38,0.1959508233589501,27,,0.005940526109925603,TF
2022-12-12,TF2303.CFX,38,0.2205958754465945,22,,-0.0037326457313456352,TF
2022-12-13,TF2303.CFX,38,0.19320352919179262,32,,-0.02806966063704345,TF
2022-12-14,TF2303.CFX,38,0.2566073037782117,35,,0.012891482819400158,TF
2022-12-15,TF2303.CFX,38,0.1753522941298465,30,,-0.0005185630126590013,TF
2022-12-16,TF2303.CFX,38,0.15384029100923985,23,,-0.01513624039366555,TF
2022-12-19,TF2303.CFX,38,0.13563957253582043,24,,-0.021789492608091626,TF
2022-12-20,TF2303.CFX,38,0.15670066157204515,20,0.1,-0.02395260060063592,TF
2022-12-21,TF2303.CFX,38,0.16153909667016453,20,0.14285714285714285,-0.002476602435655867,TF
2022-12-22,TF2303.CFX,38,0.16478061690254897,16,0.22727272727272727,0.004778017592096234,TF
2022-12-23,TF2303.CFX,38,0.1667064746842683,18,0.2608695652173913,0.007021375962739956,TF
2022-12-26,TF2303.CFX,38,0.27003367136896717,18,0.9166666666666666,0.02318333976079478,TF
2022-12-27,TF2303.CFX,38,0.20033589825906467,22,0.56,0.018284665764421847,TF
2022-12-28,TF2303.CFX,38,0.1777640808874144,14,0.3076923076923077,0.0059596351544527245,TF
2022-12-29,TF2303.CFX,38,0.11845825562147469,14,0.0,-0.018876602860714,TF
2022-12-30,TF2303.CFX,38,0.1300739521658323,17,0.03571428571428571,-0.03617970810438596,TF
2023-01-03,TF2303.CFX,38,0.2201073145779306,18,0.6896551724137931,-0.0008147296083850341,TF
2023-01-04,TF2303.CFX,38,0.23186603890090493,20,0.7666666666666667,0.020985297498343693,TF
2023-01-05,TF2303.CFX,38,0.19156135940035385,14,0.41935483870967744,0.02479982942928309,TF
2023-01-06,TF2303.CFX,38,0.2161564590813522,23,0.65625,0.014361905865346303,TF
2023-01-09,TF2303.CFX,38,0.15078710283564595,16,0.09090909090909091,-0.015435000330412207,TF
2023-01-10,TF2303.CFX,38,0.23571337859824532,22,0.7941176470588235,-0.0033079577170027075,TF
2023-01-11,TF2303.CFX,38,0.16368019702633307,21,0.22857142857142856,-0.0036205405231148403,TF
2023-01-12,TF2303.CFX,38,0.15496446145598497,21,0.1388888888888889,-0.010949090106004733,TF
2023-01-13,TF2303.CFX,38,0.16141698978155317,23,0.1891891891891892,-0.005948914325044597,TF
2023-01-16,TF2303.CFX,38,0.15763416864649676,30,0.18421052631578946,-0.0158421627148277,TF
2023-01-17,TF2303.CFX,38,0.13538306429983282,22,0.05128205128205128,-0.0053924558262488705,TF
2023-01-18,TF2303.CFX,38,0.144638380628456,21,0.1,-0.00466860871367783,TF
2023-01-19,TF2303.CFX,38,0.14498671276838984,21,0.12195121951219512,-0.004585634204436745,TF
2023-01-20,TF2303.CFX,38,0.15487073035180854,13,0.19047619047619047,0.00040767718791805406,TF
2023-01-30,TF2303.CFX,38,0.13953739321539269,25,0.09302325581395349,0.0018541007554472243,TF
2023-01-31,TF2303.CFX,38,0.14921805797150314,29,0.1590909090909091,0.00037100351330971446,TF
2023-02-01,TF2303.CFX,38,0.11480874781366116,20,0.0,-0.006600860228976274,TF
2023-02-02,TF2303.CFX,38,0.14217191747097696,20,0.13043478260869565,-0.005012627116339474,TF
2023-02-03,TF2303.CFX,38,0.11169766086131194,24,0.0,-0.00627256052086877,TF
2023-02-06,TF2303.CFX,38,0.170744623073463,22,0.4791666666666667,0.003994204325157047,TF
2023-02-07,TF2303.CFX,38,0.14125744787170919,25,0.14285714285714285,0.00814701057185821,TF
2023-02-08,TF2303.CFX,38,0.11649560522647757,21,0.04,-0.002179283747860153,TF
2023-02-09,TF2303.CFX,38,0.19729041575778755,24,0.6666666666666666,0.011693649194596579,TF
2023-02-10,TF2303.CFX,38,0.10301288454957294,21,0.0,-0.007943050916170175,TF
2023-02-13,TF2303.CFX,38,0.15371971385484215,21,0.2830188679245283,0.0011441811289361337,TF
2023-02-14,TF2303.CFX,38,0.14344408909636341,24,0.2037037037037037,0.0010326265836826277,TF
2023-02-15,TF2303.CFX,38,0.14613871353324143,23,0.2545454545454545,-0.006187219990230175,TF
2023-02-16,TF2303.CFX,38,0.28439270182522164,24,0.9821428571428571,0.03551786342296967,TF
2023-02-17,TF2303.CFX,38,0.1224906407957281,23,0.08771929824561403,0.007849046661063014,TF
2023-02-20,TF2303.CFX,38,0.16001528511146001,26,0.41379310344827586,0.0009494319292679854,TF
2023-02-21,TF2303.CFX,38,0.13840130363493391,14,0.15254237288135594,-0.01398522365103766,TF
2023-02-22,TF2303.CFX,38,0.16746729111941588,4,0.5333333333333333,-0.021794015857240577,TF
2023-02-23,TF2306.CFX,39,,18,,,TF
2023-02-24,TF2306.CFX,39,0.1733105286329319,22,,,TF
2023-02-27,TF2306.CFX,39,0.18815391620821717,21,,,TF
2023-02-28,TF2306.CFX,39,0.19230130591060496,32,,,TF
2023-03-01,TF2306.CFX,39,0.16394645980609546,26,,,TF
2023-03-02,TF2306.CFX,39,0.22775827553262934,24,,0.008468803739727315,TF
2023-03-03,TF2306.CFX,39,0.2833574954387329,27,,0.022586412808305582,TF
2023-03-06,TF2306.CFX,39,0.17325237005098337,28,,0.008131316391339427,TF
2023-03-07,TF2306.CFX,39,0.2220622954004646,27,,0.006172576570709238,TF
2023-03-08,TF2306.CFX,39,0.19432037413412276,21,,-0.012817100283528143,TF
2023-03-09,TF2306.CFX,39,0.2047534529025558,25,,-0.013614008098921482,TF
2023-03-10,TF2306.CFX,39,0.18918748072089414,24,,0.001456137884191272,TF
2023-03-13,TF2306.CFX,39,0.1719508805821655,25,,-0.010535572304982681,TF
2023-03-14,TF2306.CFX,39,0.1935339097952518,26,,-0.003437550099813219,TF
2023-03-15,TF2306.CFX,39,0.1809755134461918,26,,-0.004320944983837028,TF
2023-03-16,TF2306.CFX,39,0.17953699580346838,28,,-0.0010276336970825306,TF
2023-03-17,TF2306.CFX,39,0.16146667848268428,27,,-0.0034965318190745944,TF
2023-03-20,TF2306.CFX,39,0.1710625295484628,35,,-0.006445159545708556,TF
2023-03-21,TF2306.CFX,39,0.2532594612247165,33,,0.013609342930204372,TF
2023-03-22,TF2306.CFX,39,0.23166998046593665,30,,0.019605875206696877,TF
2023-03-23,TF2306.CFX,39,0.20018676859461806,25,,0.013804763114134139,TF
2023-03-24,TF2306.CFX,39,0.18482627741894012,32,0.4,-0.0025545196889143864,TF
2023-03-27,TF2306.CFX,39,0.18394039720228697,26,0.38095238095238093,-0.018548183109185563,TF
2023-03-28,TF2306.CFX,39,0.14675692398114698,19,0.0,-0.01860724843619105,TF
2023-03-29,TF2306.CFX,39,0.19924227126843458,22,0.6956521739130435,-0.003995834809016013,TF
2023-03-30,TF2306.CFX,39,0.24172407087073156,29,0.9166666666666666,0.012909746096973046,TF
2023-03-31,TF2306.CFX,39,0.12476884193382617,29,0.0,-0.0023375963647337015,TF
2023-04-03,TF2306.CFX,39,0.2413960524577302,31,0.8846153846153846,0.011480482761855797,TF
2023-04-04,TF2306.CFX,39,0.15237934477777787,19,0.07407407407407407,-0.009405387139431476,TF
2023-04-06,TF2306.CFX,39,0.18045185901886893,26,0.35714285714285715,-0.009493392085977359,TF
2023-04-07,TF2306.CFX,39,0.32328426453064407,29,1.0,0.03360866517547746,TF
2023-04-10,TF2306.CFX,39,0.12761960919382792,22,0.03333333333333333,-0.005664796677493833,TF
2023-04-11,TF2306.CFX,39,0.20467153892471224,26,0.7096774193548387,0.00517521384688277,TF
2023-04-12,TF2306.CFX,39,0.15307379954602976,19,0.125,-0.01733688445516101,TF
2023-04-13,TF2306.CFX,39,0.22778366503392328,22,0.8181818181818182,-0.016554700864123983,TF
2023-04-14,TF2306.CFX,39,0.2518115454043275,28,0.9117647058823529,0.02714959985302102,TF
2023-04-17,TF2306.CFX,39,0.18669254903087487,28,0.45714285714285713,0.0062779766070623026,TF
2023-04-18,TF2306.CFX,39,0.19104367447406145,24,0.5277777777777778,0.0034848633853014955,TF
2023-04-19,TF2306.CFX,39,0.1490209081768736,22,0.08108108108108109,-0.021829338464436538,TF
2023-04-20,TF2306.CFX,39,0.19568305664810012,21,0.631578947368421,-0.014992861836645593,TF
2023-04-21,TF2306.CFX,39,0.123318661933396,31,0.0,-0.01221083920209191,TF
2023-04-24,TF2306.CFX,39,0.21635042924328368,24,0.75,0.0024911263294966845,TF
2023-04-25,TF2306.CFX,39,0.16238086826257958,26,0.1951219512195122,0.0047387292766595535,TF
2023-04-26,TF2306.CFX,39,0.23733559328987744,27,0.8571428571428571,0.012236727961273824,TF
2023-04-27,TF2306.CFX,39,0.16401000407741062,31,0.23255813953488372,0.010236784833462301,TF
2023-04-28,TF2306.CFX,39,0.1676984015188742,20,0.25,-0.009567491963398794,TF
2023-05-04,TF2306.CFX,39,0.20066099810381752,21,0.6888888888888889,0.0006923067911472625,TF
2023-05-05,TF2306.CFX,39,0.1777848041655512,27,0.34782608695652173,-0.00824505842222455,TF
2023-05-08,TF2306.CFX,39,0.1319623548814524,27,0.06382978723404255,-0.005400889574523943,TF
2023-05-09,TF2306.CFX,39,0.20556212590037792,29,0.75,0.0007028805540642335,TF
2023-05-10,TF2306.CFX,39,0.16661137724633338,30,0.24489795918367346,-0.004032191998014162,TF
2023-05-11,TF2306.CFX,39,0.19692623506806126,23,0.64,0.00729318841699011,TF
2023-05-12,TF2306.CFX,39,0.18492384016782049,28,0.47058823529411764,0.009728707974041951,TF
2023-05-15,TF2306.CFX,39,0.2233275967571106,28,0.8076923076923077,0.005384340463495252,TF
2023-05-16,TF2306.CFX,39,0.2367092329050307,24,0.8679245283018868,0.016659707300644404,TF
2023-05-17,TF2306.CFX,39,0.1694320296089582,16,0.25925925925925924,-0.00032030181809958314,TF
2023-05-18,TF2306.CFX,39,0.11949964804234976,14,0.0,-0.01847439513990939,TF
2023-05-19,TF2306.CFX,39,0.17981968882343446,10,0.39285714285714285,-0.020422540073003325,TF
2023-05-22,TF2309.CFX,40,0.20493912669268824,26,,,TF
2023-05-23,TF2309.CFX,40,0.20557830158769522,31,,,TF
2023-05-24,TF2309.CFX,40,0.21862412480224963,28,,,TF
2023-05-25,TF2309.CFX,40,0.20368246113868094,28,,,TF
2023-05-26,TF2309.CFX,40,0.19850810582926628,24,,-0.0014757882175858218,TF
2023-05-29,TF2309.CFX,40,0.1718216276889019,25,,-0.008762936677056998,TF
2023-05-30,TF2309.CFX,40,0.19509698200611555,26,,-0.007891511904204718,TF
2023-05-31,TF2309.CFX,40,0.19380897640329092,24,,-0.0023158093293930704,TF
2023-06-01,TF2309.CFX,40,0.16865634755402015,27,,-0.0037716167836103266,TF
2023-06-02,TF2309.CFX,40,0.2693258097684009,36,,0.01685677297069026,TF
2023-06-05,TF2309.CFX,40,0.11456718020116981,26,,-0.00855427702447815,TF
2023-06-06,TF2309.CFX,40,0.1385555316180148,24,,-0.016459605692340264,TF
2023-06-07,TF2309.CFX,40,0.2024484880122571,23,,-0.006318599723391221,TF
2023-06-08,TF2309.CFX,40,0.15833771883193587,30,,-0.013409487406184284,TF
2023-06-09,TF2309.CFX,40,0.1859966136235232,29,,0.01626410540586279,TF
2023-06-12,TF2309.CFX,40,0.14361268610079764,27,,-0.0006337565423168157,TF
2023-06-13,TF2309.CFX,40,0.1463852300524864,32,,-0.01268515486506796,TF
2023-06-14,TF2309.CFX,40,0.15173411290755062,26,,-0.005281859541980738,TF
2023-06-15,TF2309.CFX,40,0.17371604375365615,39,,-0.0016439712932981188,TF
2023-06-16,TF2309.CFX,40,0.19526065239022433,43,,0.013062674628002313,TF
2023-06-19,TF2309.CFX,40,0.15277651488980704,37,0.25,0.005630910915731496,TF
2023-06-20,TF2309.CFX,40,0.1488111875875078,30,0.19047619047619047,-0.0026785379503934726,TF
2023-06-21,TF2309.CFX,40,0.11988804995285011,25,0.045454545454545456,-0.015410545240432862,TF
2023-06-26,TF2309.CFX,40,0.18436929169916622,22,0.5217391304347826,-0.005467118631907314,TF
2023-06-27,TF2309.CFX,40,0.18959359764280706,24,0.5833333333333334,0.010919226961765848,TF
2023-06-28,TF2309.CFX,40,0.14906549984402997,21,0.24,0.007021417220300127,TF
2023-06-29,TF2309.CFX,40,0.21456508134877153,28,0.9230769230769231,0.01540502709367066,TF
2023-06-30,TF2309.CFX,40,0.18213519734261235,26,0.48148148148148145,0.0020503294992856745,TF
2023-07-03,TF2309.CFX,40,0.14848715358233977,21,0.17857142857142858,-0.0049143190622352225,TF
2023-07-04,TF2309.CFX,40,0.41104863351108056,30,1.0,0.04578883395676694,TF
2023-07-05,TF2309.CFX,40,0.1262763616519434,19,0.06666666666666667,0.005233599677481193,TF
2023-07-06,TF2309.CFX,40,0.2268613560102414,23,0.9354838709677419,0.006724152540486172,TF
2023-07-07,TF2309.CFX,40,0.20990764020694658,24,0.84375,-0.006134630425162557,TF
2023-07-10,TF2309.CFX,40,0.2592979887023345,22,0.9393939393939394,-0.021987001106248884,TF
2023-07-11,TF2309.CFX,40,0.2739202881463377,23,0.9705882352941176,0.03277244856808817,TF
2023-07-12,TF2309.CFX,40,0.13772660290053731,26,0.08571428571428572,-0.011425685828001709,TF
2023-07-13,TF2309.CFX,40,0.24687595956720085,24,0.8888888888888888,-0.004763474708128862,TF
2023-07-14,TF2309.CFX,40,0.29631809739388115,41,0.972972972972973,0.004699588880395645,TF
2023-07-17,TF2309.CFX,40,0.13766286381991885,29,0.07894736842105263,-0.011392335415949379,TF
2023-07-18,TF2309.CFX,40,0.22651928793786427,24,0.8205128205128205,0.006837227432737197,TF
2023-07-19,TF2309.CFX,40,0.21134260386731127,16,0.75,-0.014086552085579601,TF
2023-07-20,TF2309.CFX,40,0.1942314161157743,18,0.5365853658536586,-0.01304936225088213,TF
2023-07-21,TF2309.CFX,40,0.16901190885137313,22,0.35714285714285715,0.0030410218240818575,TF
2023-07-24,TF2309.CFX,40,0.2045114598575215,17,0.6744186046511628,-0.008634635117662364,TF
2023-07-25,TF2309.CFX,40,0.2602422111087806,40,0.9090909090909091,0.01080792582246859,TF
2023-07-26,TF2309.CFX,40,0.20182269818036205,32,0.6,0.010641286638658298,TF
2023-07-27,TF2309.CFX,40,0.127844732246885,31,0.06521739130434782,-0.008502311488613573,TF
2023-07-28,TF2309.CFX,40,0.1909765694582521,30,0.48936170212765956,-0.01594672596604344,TF
2023-07-31,TF2309.CFX,40,0.1963720678049225,24,0.5833333333333334,-0.013858641532982607,TF
2023-08-01,TF2309.CFX,40,0.14722070279150434,26,0.1836734693877551,-0.004067665521967795,TF
2023-08-02,TF2309.CFX,40,0.09312196536211395,22,0.0,-0.011320140043628985,TF
2023-08-03,TF2309.CFX,40,0.1542452298215377,24,0.3137254901960784,-0.017671278171623728,TF
2023-08-04,TF2309.CFX,40,0.36395903090668147,31,0.9807692307692307,0.03421984532335513,TF
2023-08-07,TF2309.CFX,40,0.1497097641136774,19,0.2641509433962264,0.027581518818891364,TF
2023-08-08,TF2309.CFX,40,0.1529776683745408,23,0.3148148148148148,0.011517594031699338,TF
2023-08-09,TF2309.CFX,40,0.18438246448309858,20,0.4727272727272727,-0.015070689320901897,TF
2023-08-10,TF2309.CFX,40,0.16045350512856543,19,0.35714285714285715,-0.03723383511868109,TF
2023-08-11,TF2309.CFX,40,0.194601685357981,21,0.5789473684210527,0.009725967924263185,TF
2023-08-14,TF2309.CFX,40,0.1501901279911774,35,0.25862068965517243,0.00046441401081556146,TF
2023-08-15,TF2309.CFX,40,0.13057737751453785,40,0.0847457627118644,-0.011787355107450947,TF
2023-08-16,TF2309.CFX,40,0.09902934090858745,29,0.016666666666666666,-0.018687263628339907,TF
2023-08-17,TF2309.CFX,40,0.1457968728415571,23,0.18333333333333332,-0.014877041211543773,TF
2023-08-18,TF2309.CFX,40,0.19515645141148388,19,0.65,0.010515214216763219,TF
2023-08-21,TF2309.CFX,40,0.1814909626659112,25,0.48333333333333334,0.019795428080564312,TF
2023-08-22,TF2309.CFX,40,0.15581198594724846,22,0.38333333333333336,0.014925937990167615,TF
2023-08-23,TF2309.CFX,40,0.16410789622958125,14,0.43333333333333335,-0.0002722418688187178,TF
2023-08-24,TF2312.CFX,41,0.1621070572358836,20,,,TF
2023-08-25,TF2312.CFX,41,0.2582809807165916,27,,,TF
2023-08-28,TF2312.CFX,41,0.148829721520664,30,,,TF
2023-08-29,TF2312.CFX,41,0.18076205706731546,29,,,TF
2023-08-30,TF2312.CFX,41,0.18990437642007532,28,,-0.002192428528089263,TF
2023-08-31,TF2312.CFX,41,0.15920679445371452,23,,-0.015707371762634287,TF
2023-09-01,TF2312.CFX,41,0.31052396281067857,34,,0.03018332199664282,TF
2023-09-04,TF2312.CFX,41,0.17120955379262,33,,0.010151457984121237,TF
2023-09-05,TF2312.CFX,41,0.14798759541338352,27,,-0.007183080267447806,TF
2023-09-06,TF2312.CFX,41,0.22820592348922214,40,,-0.002453810932627981,TF
2023-09-07,TF2312.CFX,41,0.18464643894252358,37,,-0.01947586780397078,TF
2023-09-08,TF2312.CFX,41,0.3096285970149377,33,,0.03134969299737755,TF
2023-09-11,TF2312.CFX,41,0.2341595521725619,32,,0.02537665870440724,TF
2023-09-12,TF2312.CFX,41,0.18330683829269656,26,,-0.004028505716301289,TF
2023-09-13,TF2312.CFX,41,0.19503928593246914,31,,-0.010553606474235006,TF
2023-09-14,TF2312.CFX,41,0.12550583818887362,28,,-0.0407365783892221,TF
2023-09-15,TF2312.CFX,41,0.14874496888741123,37,,-0.022863016667412427,TF
2023-09-18,TF2312.CFX,41,0.18213942801647282,36,,-0.004862913759750537,TF
2023-09-19,TF2312.CFX,41,0.21683264327264123,33,,0.010022030450794344,TF
2023-09-20,TF2312.CFX,41,0.15766196647472713,29,,0.013239993095693703,TF
2023-09-21,TF2312.CFX,41,0.29061034675086006,31,0.9,0.0259253294185152,TF
2023-09-22,TF2312.CFX,41,0.23499838806191603,34,0.8095238095238095,0.01794956235691053,TF
2023-09-25,TF2312.CFX,41,0.2335533144290387,31,0.7272727272727273,0.011077776389998389,TF
2023-09-26,TF2312.CFX,41,0.1874956691158765,25,0.5217391304347826,0.00026103729604773915,TF
2023-09-27,TF2312.CFX,41,0.2112084954226571,27,0.625,-0.020630642160244544,TF
2023-09-28,TF2312.CFX,41,0.1821410708190884,32,0.4,-0.01280594534920369,TF
2023-10-09,TF2312.CFX,41,0.1914766228802078,27,0.5769230769230769,-0.008950798139444988,TF
2023-10-10,TF2312.CFX,41,0.1907367523392065,35,0.5555555555555556,-0.0013249706095789238,TF
2023-10-11,TF2312.CFX,41,0.2228949048841206,44,0.7142857142857143,0.0031968500443045056,TF
2023-10-12,TF2312.CFX,41,0.20590572148061756,36,0.6206896551724138,0.007894758332697111,TF
2023-10-13,TF2312.CFX,41,0.20447313899167258,38,0.6,0.004116200136434056,TF
2023-10-16,TF2312.CFX,41,0.18128966910208927,28,0.2903225806451613,-0.003731593236668246,TF
2023-10-17,TF2312.CFX,41,0.21754937364970478,30,0.71875,-0.0035307114847359876,TF
2023-10-18,TF2312.CFX,41,0.1898428134349181,28,0.45454545454545453,-0.0019049581433366713,TF
2023-10-19,TF2312.CFX,41,0.1823137094914551,40,0.35294117647058826,-0.0035765714667606086,TF
2023-10-20,TF2312.CFX,41,0.41511611992657327,43,1.0,0.04324172374907183,TF
2023-10-23,TF2312.CFX,41,0.17020211534260116,38,0.19444444444444445,0.013057878987744798,TF
2023-10-24,TF2312.CFX,41,0.2663980605268171,36,0.8918918918918919,0.014099890003494403,TF
2023-10-25,TF2312.CFX,41,0.22815136804844816,57,0.7368421052631579,-0.005704274228577,TF
2023-10-26,TF2312.CFX,41,0.21515206300968445,31,0.6410256410256411,-0.03419788611279307,TF
2023-10-27,TF2312.CFX,41,0.19672453419879016,28,0.55,0.00017988401952453436,TF
2023-10-30,TF2312.CFX,41,0.2488302508231479,28,0.8536585365853658,-0.006656245325699639,TF
2023-10-31,TF2312.CFX,41,0.1716463591000496,31,0.21428571428571427,-0.007933183008333367,TF
2023-11-01,TF2312.CFX,41,0.21501825505251898,31,0.627906976744186,-0.0025345791013071496,TF
2023-11-02,TF2312.CFX,41,0.12965637145913914,24,0.022727272727272728,-0.0167948321249931,TF
2023-11-03,TF2312.CFX,41,0.1396250954459016,23,0.044444444444444446,-0.02604002983954032,TF
2023-11-06,TF2312.CFX,41,0.2590612077279299,28,0.8913043478260869,0.009943653764914328,TF
2023-11-07,TF2312.CFX,41,0.21647361098401716,21,0.6595744680851063,0.013231554813178715,TF
2023-11-08,TF2312.CFX,41,0.29704708238801575,31,0.9375,0.04116299373958689,TF
2023-11-09,TF2312.CFX,41,0.14492914183129826,23,0.061224489795918366,0.004859396743087918,TF
2023-11-10,TF2312.CFX,41,0.18268405126482196,23,0.36,-0.022429878207893484,TF
2023-11-13,TF2312.CFX,41,0.1795204958631949,27,0.2549019607843137,-0.018826926136483835,TF
2023-11-14,TF2312.CFX,41,0.3150456067152774,33,0.9807692307692307,0.007058840268641997,TF
2023-11-15,TF2312.CFX,41,0.22233041453723254,31,0.6981132075471698,0.0287164100862324,TF
2023-11-16,TF2312.CFX,41,0.18876501463022805,31,0.42592592592592593,0.005497184540484978,TF
2023-11-17,TF2312.CFX,41,0.19009463505305005,27,0.4727272727272727,-0.010513231370533916,TF
2023-11-20,TF2312.CFX,41,0.15007436509339572,36,0.125,-0.036217826272794594,TF
2023-11-21,TF2312.CFX,41,0.23265181062189821,24,0.7719298245614035,-0.0018047857367500975,TF
2023-11-22,TF2312.CFX,41,0.1838896532446226,17,0.3793103448275862,0.0032806452797637274,TF
2023-11-23,TF2312.CFX,41,0.1487013634542148,16,0.0847457627118644,-0.0048971255046443615,TF
2023-11-24,TF2403.CFX,42,0.21696496446616392,23,,,TF
2023-11-27,TF2403.CFX,42,0.22901469408678551,31,,,TF
2023-11-28,TF2403.CFX,42,0.20902211473831303,27,,,TF
2023-11-29,TF2403.CFX,42,0.225441034300678,29,,,TF
2023-11-30,TF2403.CFX,42,0.17476811359677052,28,,-0.008796736152489437,TF
2023-12-01,TF2403.CFX,42,0.1844413411780036,23,,-0.012340070695910638,TF
2023-12-04,TF2403.CFX,42,0.22127426893969698,23,,-0.0016495384719906526,TF
2023-12-05,TF2403.CFX,42,0.2360449142259014,27,,0.006771391519337327,TF
2023-12-06,TF2403.CFX,42,0.180676909956347,27,,0.006342116576705076,TF
2023-12-07,TF2403.CFX,42,0.2632250742542862,36,,0.01169701071692153,TF
2023-12-08,TF2403.CFX,42,0.1983655688797751,26,,-0.0018637240091459006,TF
2023-12-11,TF2403.CFX,42,0.23829429211849362,28,,0.0022187414708612517,TF
2023-12-12,TF2403.CFX,42,0.2833313781001615,20,,0.018037815415183643,TF
2023-12-13,TF2403.CFX,42,0.2512028204783749,30,,0.00609213016685638,TF
2023-12-14,TF2403.CFX,42,0.3111877615107833,44,,0.023855291362189772,TF
2023-12-15,TF2403.CFX,42,0.16073354825930689,28,,-0.012726510430775167,TF
2023-12-18,TF2403.CFX,42,0.19293384037442707,27,,-0.027126434767053696,TF
2023-12-19,TF2403.CFX,42,0.18565817295885895,25,,-0.024934321617538814,TF
2023-12-20,TF2403.CFX,42,0.2179357531018195,27,,-0.016157939211837558,TF
2023-12-21,TF2403.CFX,42,0.27598244739667865,34,,0.025549971100213592,TF
2023-12-22,TF2403.CFX,42,0.16566911623661057,32,0.05,0.0035794826162186765,TF
2023-12-25,TF2403.CFX,42,0.2579129153905,28,0.8095238095238095,0.00922428479980732,TF
2023-12-26,TF2403.CFX,42,0.23735978477631373,29,0.6818181818181818,0.002077853134280977,TF
2023-12-27,TF2403.CFX,42,0.16116888223082398,24,0.043478260869565216,-0.015793646179200628,TF
2023-12-28,TF2403.CFX,42,0.1961769113370304,31,0.3333333333333333,-0.0035728442958836313,TF
2023-12-29,TF2403.CFX,42,0.17263201525676133,21,0.12,-0.021174467370676058,TF
2024-01-02,TF2403.CFX,42,0.23383820140506137,25,0.6538461538461539,0.00044199662834326083,TF
2024-01-03,TF2403.CFX,42,0.18425833410509235,35,0.2222222222222222,0.008384019381656772,TF
2024-01-04,TF2403.CFX,42,0.10429812260662259,26,0.0,-0.01721312586124846,TF
2024-01-05,TF2403.CFX,42,0.2156265306875574,28,0.4827586206896552,-0.004355104793684661,TF
2024-01-08,TF2403.CFX,42,0.13242710095229765,23,0.03333333333333333,-0.017145400432306234,TF
2024-01-09,TF2403.CFX,42,0.17357815926775746,30,0.1935483870967742,0.0006768628671005306,TF
2024-01-10,TF2403.CFX,42,0.18547426038133583,25,0.34375,0.012030390412962649,TF
2024-01-11,TF2403.CFX,42,0.19059526348659478,38,0.3939393939393939,0.00029846250271129413,TF
2024-01-12,TF2403.CFX,42,0.266886355775079,39,0.9117647058823529,0.02859356138644001,TF
2024-01-15,TF2403.CFX,42,0.12842131134491425,30,0.02857142857142857,-0.0008901600451943215,TF
2024-01-16,TF2403.CFX,42,0.1779339258928932,28,0.25,-0.007725462111856579,TF
2024-01-17,TF2403.CFX,42,0.13051777631037081,27,0.05405405405405406,-0.020910740423463376,TF
2024-01-18,TF2403.CFX,42,0.1597410469670156,22,0.10526315789473684,-0.021219415265067015,TF
2024-01-19,TF2403.CFX,42,0.13113891532076355,23,0.07692307692307693,-0.0012757670974179014,TF
2024-01-22,TF2403.CFX,42,0.23398275597221613,24,0.75,0.01127187991690386,TF
2024-01-23,TF2403.CFX,42,0.1271397477840211,26,0.024390243902439025,0.006748565195250106,TF
2024-01-24,TF2403.CFX,42,0.18362577121414334,23,0.35714285714285715,0.004377028095751301,TF
2024-01-25,TF2403.CFX,42,0.2500935536980257,42,0.8372093023255814,0.018755229199645153,TF
2024-01-26,TF2403.CFX,42,0.14162799998338793,22,0.13636363636363635,-0.006175570606365183,TF
2024-01-29,TF2403.CFX,42,0.1892804562063285,20,0.4666666666666667,0.008228364561385936,TF
2024-01-30,TF2403.CFX,42,0.12207832255993763,23,0.021739130434782608,-0.018390799480010864,TF
2024-01-31,TF2403.CFX,42,0.1979673852273579,27,0.5531914893617021,-0.012380201436478588,TF
2024-02-01,TF2403.CFX,42,0.21370958157994005,21,0.6041666666666666,0.015285009221413366,TF
2024-02-02,TF2403.CFX,42,0.23269449902283842,19,0.7346938775510204,0.01784593446530222,TF
2024-02-05,TF2403.CFX,42,0.13582147725778926,19,0.14,0.0062213423191183805,TF
2024-02-06,TF2403.CFX,42,0.19245190266637208,27,0.49019607843137253,-0.008891906944412243,TF
2024-02-07,TF2403.CFX,42,0.12532509117193288,20,0.038461538461538464,-0.021701157717248065,TF
2024-02-08,TF2403.CFX,42,0.16569490869957645,15,0.2641509433962264,-0.014449556673238034,TF
2024-02-19,TF2403.CFX,42,0.15826711020108636,18,0.18518518518518517,0.001813427191979855,TF
2024-02-20,TF2403.CFX,42,0.1563619953153266,22,0.18181818181818182,-0.003923779567293751,TF
2024-02-21,TF2403.CFX,42,0.14458065326428965,16,0.17857142857142858,0.0029178210800463677,TF
2024-02-22,TF2403.CFX,42,0.17213677674101008,12,0.3157894736842105,-8.027208539294617e-05,TF
2024-02-23,TF2406.CFX,43,0.1885760086232658,22,,,TF
2024-02-26,TF2406.CFX,43,0.2122477746297693,25,,,TF
2024-02-27,TF2406.CFX,43,0.24758189288053895,31,,,TF
2024-02-28,TF2406.CFX,43,0.12756920579399794,22,,,TF
2024-02-29,TF2406.CFX,43,0.22288274079993448,23,,-0.001606510448243398,TF
2024-03-01,TF2406.CFX,43,0.14357443869114536,32,,-0.016204582395785226,TF
2024-03-04,TF2406.CFX,43,0.21270497275001995,27,,-0.005374860736389059,TF
2024-03-05,TF2406.CFX,43,0.2318642932856247,27,,0.019841240693333893,TF
2024-03-06,TF2406.CFX,43,0.16258978894428175,26,,-0.0032296049116826153,TF
2024-03-07,TF2406.CFX,43,0.24236970151672543,38,,0.014747534184542199,TF
2024-03-08,TF2406.CFX,43,0.24961647817578667,30,,0.008432841908263416,TF
2024-03-11,TF2406.CFX,43,0.2767655527798825,34,,0.017682920822002058,TF
2024-03-12,TF2406.CFX,43,0.24210098746268388,41,,0.019341824829996128,TF
2024-03-13,TF2406.CFX,43,0.272045885216083,50,,0.005183687668561238,TF
2024-03-14,TF2406.CFX,43,0.2649561883147328,36,,0.002595975271409268,TF
2024-03-15,TF2406.CFX,43,0.15857066836640132,33,,-0.021353456797491354,TF
2024-03-18,TF2406.CFX,43,0.16936756617807716,31,,-0.02589420594188952,TF
2024-03-19,TF2406.CFX,43,0.20505051387719037,29,,-0.022957936481444098,TF
2024-03-20,TF2406.CFX,43,0.19461642119491365,27,,-0.009419968872884921,TF
2024-03-21,TF2406.CFX,43,0.22061369455251773,46,,0.01493349073890693,TF
2024-03-22,TF2406.CFX,43,0.27734070128669064,41,1.0,0.023150945089255432,TF
2024-03-25,TF2406.CFX,43,0.2542643946611725,39,0.8095238095238095,0.01811520416597413,TF
2024-03-26,TF2406.CFX,43,0.22681008365568744,37,0.5454545454545454,0.009803802503020237,TF
2024-03-27,TF2406.CFX,43,0.2919271808567409,36,1.0,0.009209635497744317,TF
2024-03-28,TF2406.CFX,43,0.23282128721250564,26,0.5833333333333334,-0.005137604195280148,TF
2024-03-29,TF2406.CFX,43,0.17448247443274506,35,0.2,-0.015355263690003673,TF
2024-04-01,TF2406.CFX,43,0.16483369819165267,34,0.15384615384615385,-0.02413974773520654,TF
2024-04-02,TF2406.CFX,43,0.18838326736482972,28,0.25925925925925924,-0.027507541600467526,TF
2024-04-03,TF2406.CFX,43,0.19282607239929225,32,0.32142857142857145,-0.0066089636694342145,TF
2024-04-08,TF2406.CFX,43,0.2965728622645786,32,1.0,0.02721731498713067,TF
2024-04-09,TF2406.CFX,43,0.25872251998135126,34,0.8,0.02959672384791461,TF
2024-04-10,TF2406.CFX,43,0.20508204372337815,33,0.3870967741935484,0.009929400029915592,TF
2024-04-11,TF2406.CFX,43,0.21019440100651904,46,0.40625,-0.005675416132674682,TF
2024-04-12,TF2406.CFX,43,0.24362177613018487,41,0.696969696969697,-0.015443029124361952,TF
2024-04-15,TF2406.CFX,43,0.14738761338518325,38,0.058823529411764705,-0.01841300807855293,TF
2024-04-16,TF2406.CFX,43,0.22800612804780812,34,0.5714285714285714,-0.0016958618972475858,TF
2024-04-17,TF2406.CFX,43,0.1970472692384871,27,0.3333333333333333,-0.004190991161844066,TF
2024-04-18,TF2406.CFX,43,0.24665972374893683,39,0.7297297297297297,0.005573555109080775,TF
2024-04-19,TF2406.CFX,43,0.17346705103410182,30,0.18421052631578946,0.0070812470998965924,TF
2024-04-22,TF2406.CFX,43,0.19591981347892778,28,0.3333333333333333,-0.0087752847342146,TF
2024-04-23,TF2406.CFX,43,0.21154194363474121,31,0.45,-0.002175056147750082,TF
2024-04-24,TF2406.CFX,43,0.1362334708013361,39,0.024390243902439025,-0.018277761329456205,TF
2024-04-25,TF2406.CFX,43,0.2846136630809558,39,0.9523809523809523,0.016260688141611624,TF
2024-04-26,TF2406.CFX,43,0.23163122792665214,50,0.6046511627906976,0.01444945483416633,TF
2024-04-29,TF2406.CFX,43,0.18681258543051316,59,0.22727272727272727,0.004593904071685995,TF
2024-04-30,TF2406.CFX,43,0.1917349596538699,34,0.28888888888888886,0.0013201900054624904,TF
2024-05-06,TF2406.CFX,43,0.1418693644728865,43,0.043478260869565216,-0.03253848654889209,TF
2024-05-07,TF2406.CFX,43,0.29985957397537766,40,1.0,0.009151347113982444,TF
2024-05-08,TF2406.CFX,43,0.2140518585455886,32,0.5208333333333334,0.01626031605516587,TF
2024-05-09,TF2406.CFX,43,0.1579658254837451,27,0.10204081632653061,0.00046442257324524894,TF
2024-05-10,TF2406.CFX,43,0.22517147563038656,33,0.58,0.0024710473823367552,TF
2024-05-13,TF2406.CFX,43,0.16496038026374685,33,0.17647058823529413,-0.02586787703384637,TF
2024-05-14,TF2406.CFX,43,0.1730679379968627,28,0.21153846153846154,-0.007497328631745004,TF
2024-05-15,TF2406.CFX,43,0.1095898466129098,24,0.0,-0.014885549537519444,TF
2024-05-16,TF2406.CFX,43,0.19768019179033175,28,0.42592592592592593,-0.011035310133094667,TF
2024-05-17,TF2406.CFX,43,0.2596000047769206,29,0.8545454545454545,0.021389150281981656,TF
2024-05-20,TF2406.CFX,43,0.17276639743493208,27,0.21428571428571427,0.01494070770401495,TF
2024-05-21,TF2406.CFX,43,0.1655786711611355,22,0.19298245614035087,0.008706385474105174,TF
2024-05-22,TF2406.CFX,43,0.14595987150265785,10,0.08620689655172414,-0.019746197419113286,TF
2024-05-23,TF2409.CFX,44,,13,,,TF
2024-05-24,TF2409.CFX,44,0.23820535305899923,26,,,TF
2024-05-27,TF2409.CFX,44,0.18115530903740956,24,,,TF
2024-05-28,TF2409.CFX,44,0.1605537342676489,24,,,TF
2024-05-29,TF2409.CFX,44,0.19765370182790468,17,,,TF
2024-05-30,TF2409.CFX,44,0.18181557938966914,19,,-0.00962811545481651,TF
2024-05-31,TF2409.CFX,44,0.16573444252025507,28,,-0.0009579887912288809,TF
2024-06-03,TF2409.CFX,44,0.17961586671162005,23,,0.0006205005580292688,TF
2024-06-04,TF2409.CFX,44,0.14526648794511662,18,,-0.01069741404436252,TF
2024-06-05,TF2409.CFX,44,0.16763831424568038,19,,-0.004882248486311591,TF
2024-06-06,TF2409.CFX,44,0.14472733789259834,15,,-0.005399176172125314,TF
2024-06-07,TF2409.CFX,44,0.14801694016800068,16,,-0.006373700313975705,TF
2024-06-11,TF2409.CFX,44,0.10917092016966594,15,,-0.009181250962858104,TF
2024-06-12,TF2409.CFX,44,0.1377400031670984,23,,-0.009535303988009636,TF
2024-06-13,TF2409.CFX,44,0.19040818718997707,23,,0.008108476159385513,TF
2024-06-14,TF2409.CFX,44,0.1899771317049888,20,,0.016515765009428737,TF
2024-06-17,TF2409.CFX,44,0.19908256215114994,25,,0.023206041250085845,TF
2024-06-18,TF2409.CFX,44,0.1475108640020904,22,,0.0028216096631156875,TF
2024-06-19,TF2409.CFX,44,0.22134405903548465,22,,0.001940547598811676,TF
2024-06-20,TF2409.CFX,44,0.1724439510117547,15,,-0.0012804864502133529,TF
2024-06-21,TF2409.CFX,44,0.19372227238117407,23,,0.0014212507469712587,TF
2024-06-24,TF2409.CFX,44,0.20246606975539683,14,0.9,0.008228862485230231,TF
2024-06-25,TF2409.CFX,44,0.12919944963622262,14,0.047619047619047616,-0.015426710005488193,TF
2024-06-26,TF2409.CFX,44,0.16202321495304434,11,0.36363636363636365,-0.008536429486237207,TF
2024-06-27,TF2409.CFX,44,0.26685958979628377,16,1.0,0.010583178002786691,TF
2024-06-28,TF2409.CFX,44,0.17851507176725373,14,0.5,0.008975814418377493,TF
2024-07-01,TF2409.CFX,44,0.2919144099454368,26,1.0,0.03419217774326378,TF
2024-07-02,TF2409.CFX,44,0.09050761284491546,24,0.0,-0.01179763840671047,TF
2024-07-03,TF2409.CFX,44,0.15873249966448155,18,0.2962962962962963,-0.030426163918594262,TF
2024-07-04,TF2409.CFX,44,0.16087387736971337,18,0.35714285714285715,-0.0168464299076036,TF
2024-07-05,TF2409.CFX,44,0.20124336386748337,23,0.8275862068965517,-0.011097582763110903,TF
2024-07-08,TF2409.CFX,44,0.1534994629663875,34,0.26666666666666666,0.01684945644459459,TF
2024-07-09,TF2409.CFX,44,0.1906336802068563,20,0.7096774193548387,0.005642794668142365,TF
2024-07-10,TF2409.CFX,44,0.14469242123466786,12,0.125,-0.0042972595930718,TF
2024-07-11,TF2409.CFX,44,0.14357370778505793,13,0.12121212121212122,-0.012414635389657053,TF
2024-07-12,TF2409.CFX,44,0.14754004862689357,13,0.2647058823529412,-0.005897880110078624,TF
2024-07-15,TF2409.CFX,44,0.1611651503272309,16,0.42857142857142855,-0.005608943236702519,TF
2024-07-16,TF2409.CFX,44,0.24013310681902347,13,0.9444444444444444,0.020847281371088416,TF
2024-07-17,TF2409.CFX,44,0.17299160366679517,15,0.5405405405405406,0.015142884995560438,TF
2024-07-18,TF2409.CFX,44,0.1938875102333874,13,0.7631578947368421,0.010452137655255194,TF
2024-07-19,TF2409.CFX,44,0.21987211465966655,15,0.8717948717948718,0.007116833207923529,TF
2024-07-22,TF2409.CFX,44,0.18195405506219747,26,0.625,-0.006947759252078062,TF
2024-07-23,TF2409.CFX,44,0.185721309124624,18,0.6341463414634146,0.00135259557444678,TF
2024-07-24,TF2409.CFX,44,0.144106339195891,14,0.11904761904761904,-0.013371314761003538,TF
2024-07-25,TF2409.CFX,44,0.2455857469797515,24,0.9534883720930233,0.0013579548773863359,TF
2024-07-26,TF2409.CFX,44,0.193463173205484,18,0.7045454545454546,0.008288267414170053,TF
2024-07-29,TF2409.CFX,44,0.17332191692360718,16,0.4888888888888889,0.0024558049607559308,TF
2024-07-30,TF2409.CFX,44,0.17017192874380555,18,0.43478260869565216,-0.0020132650960315245,TF
2024-07-31,TF2409.CFX,44,0.13282790476352543,22,0.06382978723404255,-0.024880692889413063,TF
2024-08-01,TF2409.CFX,44,0.18348157933965792,23,0.625,-0.006045719989173392,TF
2024-08-02,TF2409.CFX,44,0.18066717688601766,21,0.5510204081632653,0.0028000170520673328,TF
2024-08-05,TF2409.CFX,44,0.14108901313673453,25,0.1,-0.0010326559091649867,TF
2024-08-06,TF2409.CFX,44,0.20186106885273677,24,0.8431372549019608,0.009567376197549932,TF
2024-08-07,TF2409.CFX,44,0.22356303863867227,22,0.9038461538461539,0.010135681056474787,TF
2024-08-08,TF2409.CFX,44,0.14728842677487097,30,0.20754716981132076,0.0015716525279644345,TF
2024-08-09,TF2409.CFX,44,0.20854478253848252,28,0.8518518518518519,0.008033889672563022,TF
2024-08-12,TF2409.CFX,44,0.15605784174909362,31,0.2909090909090909,-0.010662471030747606,TF
2024-08-13,TF2409.CFX,44,0.17725705639499584,31,0.5,-0.008384254951313019,TF
2024-08-14,TF2409.CFX,44,0.19174592006263702,29,0.7017543859649122,0.005762726043204542,TF
2024-08-15,TF2409.CFX,44,0.1525380316708899,27,0.25862068965517243,-0.007632542342164189,TF
2024-08-16,TF2409.CFX,44,0.15118037974421267,24,0.2542372881355932,-0.0034473948733867886,TF
2024-08-19,TF2409.CFX,44,0.12143782465927822,17,0.03333333333333333,-0.01522040037898596,TF
2024-08-20,TF2409.CFX,44,0.13821472435647952,13,0.1,-0.013816259842392663,TF
2024-08-21,TF2412.CFX,45,0.2534404463671544,22,,,TF
2024-08-22,TF2412.CFX,45,0.2123290347375088,32,,,TF
2024-08-23,TF2412.CFX,45,0.17472155408555406,28,,,TF
2024-08-26,TF2412.CFX,45,0.18046488479337533,26,,,TF
2024-08-27,TF2412.CFX,45,0.2071550864760506,27,,-0.012443486972634105,TF
2024-08-28,TF2412.CFX,45,0.2362774961953747,25,,0.00803304553062283,TF
2024-08-29,TF2412.CFX,45,0.25873753471108346,25,,0.02238445726530582,TF
2024-08-30,TF2412.CFX,45,0.2406238517373916,19,,0.01719003821230654,TF
2024-09-02,TF2412.CFX,45,0.1078067152405672,32,,-0.01943503869289499,TF
2024-09-03,TF2412.CFX,45,0.2567137804558311,24,,-0.011005825094960352,TF
2024-09-04,TF2412.CFX,45,0.3042991076128756,27,,0.010721307452202367,TF
2024-09-05,TF2412.CFX,45,0.18183939334360918,24,,0.007892347558474361,TF
2024-09-06,TF2412.CFX,45,0.19877612633306516,18,,0.010706443507277402,TF
2024-09-09,TF2412.CFX,45,0.15186972394751327,18,,-0.0315211094296446,TF
2024-09-10,TF2412.CFX,45,0.23809892433941832,25,,-0.016237003594301046,TF
2024-09-11,TF2412.CFX,45,0.20461549530435102,23,,0.008487500192783687,TF
2024-09-12,TF2412.CFX,45,0.3617933615118373,32,,0.0378780241714382,TF
2024-09-13,TF2412.CFX,45,0.19830094093528663,21,,0.021655687114796568,TF
2024-09-18,TF2412.CFX,45,0.19349970098660277,22,,-0.009551300107469546,TF
2024-09-19,TF2412.CFX,45,0.24475657276076146,32,,-0.008801150561241367,TF
2024-09-20,TF2412.CFX,45,0.16384360726748232,20,0.1,-0.034944387666323504,TF
2024-09-23,TF2412.CFX,45,0.1432892282179011,25,0.047619047619047616,-0.013967951915389154,TF
2024-09-24,TF2412.CFX,45,0.29238447182936306,44,0.9090909090909091,0.00963021971426603,TF
2024-09-25,TF2412.CFX,45,0.17253707453326356,37,0.17391304347826086,-0.0015898131893115008,TF
2024-09-26,TF2412.CFX,45,0.22346459677705205,39,0.5833333333333334,0.014848982533450189,TF
2024-09-27,TF2412.CFX,45,0.2495093597720718,59,0.76,0.01435203880560304,TF
2024-09-30,TF2412.CFX,45,0.16521582258764445,39,0.15384615384615385,-0.017736501324462906,TF
2024-10-08,TF2412.CFX,45,0.18434931689104894,33,0.3333333333333333,-0.0034624289473836776,TF
2024-10-09,TF2412.CFX,45,0.22310271325671732,36,0.5714285714285714,-0.006588380992169229,TF
2024-10-10,TF2412.CFX,45,0.1323693877111352,30,0.034482758620689655,-0.017639305345280038,TF
2024-10-11,TF2412.CFX,45,0.19489440001786487,26,0.4,0.0007377225680527122,TF
2024-10-14,TF2412.CFX,45,0.17083186355314023,33,0.1935483870967742,-0.005524321991466996,TF
2024-10-15,TF2412.CFX,45,0.20952516337071697,31,0.5625,0.001130737607000426,TF
2024-10-16,TF2412.CFX,45,0.17027146130957257,20,0.18181818181818182,0.009043491054972685,TF
2024-10-17,TF2412.CFX,45,0.1808931379569024,24,0.3235294117647059,-0.0028562926365492567,TF
2024-10-18,TF2412.CFX,45,0.25994526568702475,28,0.9142857142857143,0.014959477885395445,TF
2024-10-21,TF2412.CFX,45,0.15011722886325912,21,0.08333333333333333,-0.002914206463746355,TF
2024-10-22,TF2412.CFX,45,0.17932176941304653,21,0.2972972972972973,-0.0012675292886695333,TF
2024-10-23,TF2412.CFX,45,0.13765939914638214,24,0.05263157894736842,-0.01670909738950187,TF
2024-10-24,TF2412.CFX,45,0.13879041535487277,24,0.07692307692307693,-0.0254767530381181,TF
2024-10-25,TF2412.CFX,45,0.1124815356325567,20,0.025,-0.011580274051957861,TF
2024-10-28,TF2412.CFX,45,0.2069208352667026,21,0.5853658536585366,0.003002026819348669,TF
2024-10-29,TF2412.CFX,45,0.21323686163633773,26,0.6666666666666666,0.021928534489174097,TF
2024-10-30,TF2412.CFX,45,0.24276100503672948,21,0.7906976744186046,0.03086965053674945,TF
2024-10-31,TF2412.CFX,45,0.1492742883288739,24,0.13636363636363635,0.010942567516266133,TF
2024-11-01,TF2412.CFX,45,0.21266988372883272,26,0.6444444444444445,-0.005246447638320361,TF
2024-11-04,TF2412.CFX,45,0.10885132273904068,22,0.021739130434782608,-0.02388621991024908,TF
2024-11-05,TF2412.CFX,45,0.16537560883186816,21,0.2553191489361702,-0.01951937579995559,TF
2024-11-06,TF2412.CFX,45,0.14926029335619515,22,0.14583333333333334,-0.004732226484232211,TF
2024-11-07,TF2412.CFX,45,0.17643329262295734,23,0.3673469387755102,-0.0032064211594596214,TF
2024-11-08,TF2412.CFX,45,0.22357521108307163,27,0.74,0.02405054604791511,TF
2024-11-11,TF2412.CFX,45,0.22448537424475812,22,0.7450980392156863,0.019253444855265645,TF
2024-11-12,TF2412.CFX,45,0.15251816997352624,23,0.21153846153846154,0.005456783485646299,TF
2024-11-13,TF2412.CFX,45,0.20517418123880113,20,0.5660377358490566,-0.0013575263877857791,TF
2024-11-14,TF2412.CFX,45,0.1560046672959915,19,0.2222222222222222,-0.01544522805801173,TF
2024-11-15,TF2412.CFX,45,0.23193475306743747,23,0.7636363636363637,0.0018385254967823895,TF
2024-11-18,TF2412.CFX,45,0.23636442686854928,24,0.7857142857142857,0.01944530856186824,TF
2024-11-19,TF2412.CFX,45,0.18915282708764014,21,0.45614035087719296,0.004831705127023589,TF
2024-11-20,TF2412.CFX,45,0.19414748303014676,22,0.4827586206896552,0.003350370548851317,TF
2024-11-21,TF2412.CFX,45,0.17093767998829285,27,0.3050847457627119,-0.016421108999669178,TF
2024-11-22,TF2412.CFX,45,0.17289597163094758,31,0.3333333333333333,-0.014515205757455074,TF
2024-11-25,TF2412.CFX,45,0.16745421746583897,24,0.26666666666666666,-0.006464873064280147,TF
2024-11-26,TF2412.CFX,45,0.1760780372747624,13,0.38333333333333336,-0.003962235403322256,TF
2024-11-27,TF2503.CFX,46,0.32261188469394797,21,,,TF
2024-11-28,TF2503.CFX,46,0.1756230420189618,21,,,TF
2024-11-29,TF2503.CFX,46,0.21770211194377845,27,,,TF
2024-12-02,TF2503.CFX,46,0.16341051109214705,31,,,TF
2024-12-03,TF2503.CFX,46,0.13283701814708837,33,,-0.039176226402053406,TF
2024-12-04,TF2503.CFX,46,0.16151230555604,22,,-0.011308656672253375,TF
2024-12-05,TF2503.CFX,46,0.1730282197276918,21,,-0.009124598996828031,TF
2024-12-06,TF2503.CFX,46,0.2467040715534119,21,,0.020677832250313312,TF
2024-12-09,TF2503.CFX,46,0.2238342683698577,26,,0.026718626644291053,TF
2024-12-10,TF2503.CFX,46,0.2284829825298449,40,,0.01847474025897757,TF
2024-12-11,TF2503.CFX,46,0.19078947993380566,32,,0.0017301431388660748,TF
2024-12-12,TF2503.CFX,46,0.23026318933122006,32,,-0.006592655288043575,TF
2024-12-13,TF2503.CFX,46,0.2668631990854549,43,,0.008783806823256957,TF
2024-12-16,TF2503.CFX,46,0.22799132863555566,32,,0.007509041136307076,TF
2024-12-17,TF2503.CFX,46,0.17388103294015403,34,,-0.0036088754682967682,TF
2024-12-18,TF2503.CFX,46,0.17565597820533083,49,,-0.020219658839707937,TF
2024-12-19,TF2503.CFX,46,0.20882188719500192,39,,-0.016841797421113074,TF
2024-12-20,TF2503.CFX,46,0.1764832537090958,33,,-0.0068075295598071794,TF
2024-12-23,TF2503.CFX,46,0.22620849689263217,42,,0.010548220340872128,TF
2024-12-24,TF2503.CFX,46,0.3574777290560269,41,,0.03810301113990225,TF
2024-12-25,TF2503.CFX,46,0.1914308591167433,33,0.45,0.014621241919041395,TF
2024-12-26,TF2503.CFX,46,0.18220040639533125,36,0.38095238095238093,-0.0023343332403417904,TF
2024-12-27,TF2503.CFX,46,0.18007845944180345,33,0.36363636363636365,-0.026753739756235316,TF
2024-12-30,TF2503.CFX,46,0.13080361474625393,36,0.0,-0.046470062829448586,TF
2024-12-31,TF2503.CFX,46,0.1476906396633102,37,0.08333333333333333,-0.013887723055594358,TF
2025-01-02,TF2503.CFX,46,0.17908405691698914,32,0.4,-0.003862051873517747,TF
2025-01-03,TF2503.CFX,46,0.2096206179907778,60,0.6153846153846154,0.010736475926868393,TF
2025-01-06,TF2503.CFX,46,0.15962825241467724,41,0.1111111111111111,0.011957925366431421,TF
2025-01-07,TF2503.CFX,46,0.21424074140186594,35,0.6428571428571429,0.01136443989747996,TF
2025-01-08,TF2503.CFX,46,0.20126258030352512,36,0.5517241379310345,0.004897717018416009,TF
2025-01-09,TF2503.CFX,46,0.26765542542886533,40,0.9333333333333333,0.015770394276502293,TF
2025-01-10,TF2503.CFX,46,0.15427398975864065,45,0.0967741935483871,0.004270615871492622,TF
2025-01-13,TF2503.CFX,46,0.2060276637615929,41,0.5625,-0.00634147458254306,TF
2025-01-14,TF2503.CFX,46,0.20700922220561332,42,0.5757575757575758,-0.005013447786309605,TF
2025-01-15,TF2503.CFX,46,0.1614898597361079,29,0.14705882352941177,-0.01595958989385422,TF
2025-01-16,TF2503.CFX,46,0.26648513579321614,38,0.8857142857142857,0.017988448804366602,TF
2025-01-17,TF2503.CFX,46,0.20149383786630307,31,0.5277777777777778,0.005040826179702318,TF
2025-01-20,TF2503.CFX,46,0.12425116426520984,32,0.0,-0.012551213775061184,TF
2025-01-21,TF2503.CFX,46,0.30326869453289895,39,0.9473684210526315,0.014132369806557571,TF
2025-01-22,TF2503.CFX,46,0.2479977473233284,28,0.8461538461538461,0.006480007972682045,TF
2025-01-23,TF2503.CFX,46,0.2634037783488358,29,0.85,0.02475664640231841,TF
2025-01-24,TF2503.CFX,46,0.19723367472591208,27,0.4634146341463415,0.010610010473734138,TF
2025-01-27,TF2503.CFX,46,0.1580160079088083,27,0.11904761904761904,-0.03412694458455977,TF
2025-02-05,TF2503.CFX,46,0.16337192992866217,20,0.20930232558139536,-0.027463940522935992,TF
2025-02-06,TF2503.CFX,46,0.1600154433182313,29,0.1590909090909091,-0.024063841485845894,TF
2025-02-07,TF2503.CFX,46,0.22211507482887796,26,0.6888888888888889,0.005176223561535476,TF
2025-02-10,TF2503.CFX,46,0.2134811677826886,33,0.6304347826086957,0.01696734646479764,TF
2025-02-11,TF2503.CFX,46,0.2275506438795986,29,0.7446808510638298,0.018182315236633016,TF
2025-02-12,TF2503.CFX,46,0.1926839518359865,29,0.4583333333333333,0.0070772586086231045,TF
2025-02-13,TF2503.CFX,46,0.17500750666513673,29,0.2857142857142857,-0.011501235227418454,TF
2025-02-14,TF2503.CFX,46,0.2139715828684278,32,0.64,-0.005156230704298342,TF
2025-02-17,TF2503.CFX,46,0.19204533556430647,31,0.45098039215686275,-0.004972298559814303,TF
2025-02-18,TF2503.CFX,46,0.179310627925626,23,0.36538461538461536,-0.0009708818921551233,TF
2025-02-19,TF2503.CFX,46,0.15788225399064357,20,0.09433962264150944,-0.006891146029178813,TF
2025-02-20,TF2506.CFX,47,0.18473107656345228,25,,,TF
2025-02-21,TF2506.CFX,47,0.2448398611692253,34,,,TF
2025-02-24,TF2506.CFX,47,0.26089323166513817,43,,,TF
2025-02-25,TF2506.CFX,47,0.2614634942290886,42,,,TF
2025-02-26,TF2506.CFX,47,0.24849468521545398,35,,0.01441508503638667,TF
2025-02-27,TF2506.CFX,47,0.20999921342279987,22,,-0.008207984194253514,TF
2025-02-28,TF2506.CFX,47,0.1836559853192383,23,,-0.02059387734980885,TF
2025-03-03,TF2506.CFX,47,0.18771379448043551,32,,-0.02123380993935219,TF
2025-03-04,TF2506.CFX,47,0.1694267826982371,25,,-0.01804212239767981,TF
2025-03-05,TF2506.CFX,47,0.17110649409477954,21,,-0.00920146412770419,TF
2025-03-06,TF2506.CFX,47,0.20568981620399676,25,,0.0027460361383860933,TF
2025-03-07,TF2506.CFX,47,0.20882329860664656,37,,0.007848204175818174,TF
2025-03-10,TF2506.CFX,47,0.19149305888086088,25,,0.008184935687711453,TF
2025-03-11,TF2506.CFX,47,0.18712249033287134,25,,0.001783523515304769,TF
2025-03-12,TF2506.CFX,47,0.2707870442912996,39,,0.010849364790083037,TF
2025-03-13,TF2506.CFX,47,0.20254003940047532,30,,0.006672746699809623,TF
2025-03-14,TF2506.CFX,47,0.19140698964871045,30,,0.0015245410603303144,TF
2025-03-17,TF2506.CFX,47,0.1631087241363482,31,,-0.012740758703563542,TF
2025-03-18,TF2506.CFX,47,0.16413891764166896,32,,-0.025272756856338834,TF
2025-03-19,TF2506.CFX,47,0.21296702670402556,28,,-0.0006414097399940922,TF
2025-03-20,TF2506.CFX,47,0.15480111690390622,27,0.0,-0.0023353442921931035,TF
2025-03-21,TF2506.CFX,47,0.16827700217431962,27,0.14285714285714285,9.987553381800574e-05,TF
2025-03-24,TF2506.CFX,47,0.1986072619525185,31,0.5454545454545454,0.0024246664091993053,TF
2025-03-25,TF2506.CFX,47,0.1714064954385785,28,0.2608695652173913,-0.003931491748228183,TF
2025-03-26,TF2506.CFX,47,0.20799986275649984,24,0.6666666666666666,0.010952698496944612,TF
2025-03-27,TF2506.CFX,47,0.2078452307138532,20,0.64,0.008852905788304843,TF
2025-03-28,TF2506.CFX,47,0.16727062118888308,23,0.11538461538461539,-0.002623454625199606,TF
2025-03-31,TF2506.CFX,47,0.17273450914753893,25,0.2962962962962963,-0.003807321414969589,TF
2025-04-01,TF2506.CFX,47,0.13274845355092382,18,0.0,-0.018561353997746628,TF
2025-04-02,TF2506.CFX,47,0.14795162127861503,21,0.034482758620689655,-0.015430938650843556,TF
2025-04-03,TF2506.CFX,47,0.16124064563612212,29,0.1,-0.003684283897444585,TF
2025-04-07,TF2506.CFX,47,0.19435765228228552,34,0.5806451612903226,0.007173847835469144,TF
2025-04-08,TF2506.CFX,47,0.1968626299814909,26,0.59375,0.017463438386480467,TF
2025-04-09,TF2506.CFX,47,0.30341676702428627,33,1.0,0.03465522758367113,TF
2025-04-10,TF2506.CFX,47,0.2877481889345678,33,0.9705882352941176,0.03620742013388921,TF
2025-04-11,TF2506.CFX,47,0.14718749171436568,29,0.02857142857142857,-0.00034547621827627493,TF
2025-04-14,TF2506.CFX,47,0.15134043294947225,25,0.08333333333333333,-0.0247273669373958,TF
2025-04-15,TF2506.CFX,47,0.11573839021700097,23,0.0,-0.05117645095996661,TF
2025-04-16,TF2506.CFX,47,0.2646812158285201,28,0.9210526315789473,-0.007758304770946,TF
2025-04-17,TF2506.CFX,47,0.13877985661584943,22,0.05128205128205128,0.009652551268201536,TF
2025-04-18,TF2506.CFX,47,0.15274734306651847,23,0.15,0.0025855286632940956,TF
2025-04-21,TF2506.CFX,47,0.13719880035170506,21,0.04878048780487805,-0.006901305249259348,TF
2025-04-22,TF2506.CFX,47,0.09403110242497012,16,0.0,-0.03428812830712444,TF
2025-04-23,TF2506.CFX,47,0.16538126321605412,23,0.3023255813953488,-0.0005513427441138918,TF
2025-04-24,TF2506.CFX,47,0.15848291356517794,19,0.22727272727272727,0.003965360386166799,TF
2025-04-25,TF2506.CFX,47,0.2000266467535463,25,0.6666666666666666,0.019010750394389028,TF
2025-04-28,TF2506.CFX,47,0.1552865106540761,22,0.21739130434782608,0.015715619999570413,TF
2025-04-29,TF2506.CFX,47,0.2133509515025828,23,0.8297872340425532,0.009274297366195543,TF
2025-04-30,TF2506.CFX,47,0.21622191179146805,25,0.8333333333333334,0.012880230120161661,TF
2025-05-06,TF2506.CFX,47,0.20756130775645015,22,0.6938775510204082,0.007600472314319967,TF
2025-05-07,TF2506.CFX,47,0.15556014770137463,29,0.22,-0.0005242369651535572,TF
2025-05-08,TF2506.CFX,47,0.10787109709962583,25,0.0196078431372549,-0.027162147289600737,TF
2025-05-09,TF2506.CFX,47,0.21642578364271725,28,0.8461538461538461,-0.009928246695432585,TF
2025-05-12,TF2506.CFX,47,0.33795318605362956,36,1.0,0.03216493925357015,TF
2025-05-13,TF2506.CFX,47,0.12176030968733757,30,0.05555555555555555,0.01624824129259296,TF
2025-05-14,TF2506.CFX,47,0.1162523688356,26,0.05454545454545454,-0.0077902930483431335,TF
2025-05-15,TF2506.CFX,47,0.20460598750177383,24,0.6607142857142857,-0.02453404094999164,TF
2025-05-16,TF2506.CFX,47,0.18308995520292154,28,0.45614035087719296,-0.022688078388697974,TF
2025-05-19,TF2506.CFX,47,0.10721476478025993,20,0.017241379310344827,0.0037746496553166253,TF
2025-05-20,TF2506.CFX,47,0.16382414007773627,14,0.3220338983050847,-0.00022476802372413672,TF
2025-05-21,TF2509.CFX,48,,15,,,TF
2025-05-22,TF2509.CFX,48,0.20202563431369355,23,,,TF
2025-05-23,TF2509.CFX,48,0.20865951094271148,25,,,TF
2025-05-26,TF2509.CFX,48,0.1688326000925595,24,,,TF
2025-05-27,TF2509.CFX,48,0.16290638597347878,21,,,TF
2025-05-28,TF2509.CFX,48,0.1899565756015555,22,,-0.0069891242393508805,TF
2025-05-29,TF2509.CFX,48,0.1795608629997704,28,,-0.0037073320376886155,TF
2025-05-30,TF2509.CFX,48,0.16926425482840166,27,,0.0017517786497975919,TF
2025-06-03,TF2509.CFX,48,0.16565154924602205,23,,-0.0015201994228067229,TF
2025-06-04,TF2509.CFX,48,0.20799228986271684,23,,0.002216211476857438,TF
2025-06-05,TF2509.CFX,48,0.23132628215613632,36,,0.014225887334704706,TF
2025-06-06,TF2509.CFX,48,0.1571382893154306,24,,0.004142280188417219,TF
2025-06-09,TF2509.CFX,48,0.20476546747288996,24,,0.002737383590644965,TF
2025-06-10,TF2509.CFX,48,0.20650788124984204,24,,-0.0029529631908995933,TF
2025-06-11,TF2509.CFX,48,0.2559606990884617,18,,0.009863842579906218,TF
2025-06-12,TF2509.CFX,48,0.18785942749171142,23,,0.011263750796813337,TF
2025-06-13,TF2509.CFX,48,0.27187905348065194,29,,0.011557871825739335,TF
2025-06-16,TF2509.CFX,48,0.22942188003008948,22,,0.006174635195268519,TF
2025-06-17,TF2509.CFX,48,0.18532687235246806,36,,-0.00997052009336093,TF
2025-06-18,TF2509.CFX,48,0.20411738567824944,20,,-0.005403626475510792,TF
2025-06-19,TF2509.CFX,48,0.22437242047836023,21,,-0.012031776035642344,TF
2025-06-20,TF2509.CFX,48,0.2321939171197814,22,0.9,0.0044589622305276026,TF
2025-06-23,TF2509.CFX,48,0.20863623887218563,23,0.6666666666666666,0.007469526448096719,TF
2025-06-24,TF2509.CFX,48,0.21782576426772954,22,0.7272727272727273,0.0011680575572785568,TF
2025-06-25,TF2509.CFX,48,0.27053417293578913,32,0.9565217391304348,0.007795535206280596,TF
2025-06-26,TF2509.CFX,48,0.14506544124753556,19,0.0,-0.011235901768088825,TF
2025-06-27,TF2509.CFX,48,0.1403533663041802,31,0.0,-0.02093260681562048,TF
2025-06-30,TF2509.CFX,48,0.22036966816253895,33,0.7307692307692307,-0.012509299884199021,TF
2025-07-01,TF2509.CFX,48,0.3261760471688967,29,1.0,0.018658797538121857,TF
2025-07-02,TF2509.CFX,48,0.15866951963976803,22,0.10714285714285714,0.021303083764918147,TF
2025-07-03,TF2509.CFX,48,0.30111928415790723,26,0.9655172413793104,0.02598316871846832,TF
2025-07-04,TF2509.CFX,48,0.2219970476186377,21,0.7,-0.002180200409879196,TF
2025-07-07,TF2509.CFX,48,0.2165632179291644,29,0.6129032258064516,-0.015589813050059497,TF
2025-07-08,TF2509.CFX,48,0.21618307253913663,31,0.59375,0.0030471039569994417,TF
2025-07-09,TF2509.CFX,48,0.24223823335215083,22,0.8484848484848485,-0.012357607669101388,TF
2025-07-10,TF2509.CFX,48,0.2004426708544651,32,0.35294117647058826,-0.0017433738105358699,TF
2025-07-11,TF2509.CFX,48,0.167019398685091,36,0.17142857142857143,-0.011482804017281828,TF
2025-07-14,TF2509.CFX,48,0.24834171982449518,31,0.8611111111111112,-0.0010901540096342754,TF
2025-07-15,TF2509.CFX,48,0.1883427168605618,24,0.32432432432432434,-0.005989198401314799,TF
2025-07-16,TF2509.CFX,48,0.19914260956489996,25,0.3684210526315789,0.0018723195596340558,TF
2025-07-17,TF2509.CFX,48,0.21265416647630286,24,0.5897435897435898,0.004207042532282846,TF
2025-07-18,TF2509.CFX,48,0.20870770935641797,21,0.575,-0.005495657132041332,TF
2025-07-21,TF2509.CFX,48,0.2001269737891111,36,0.36585365853658536,0.003313361364861661,TF
2025-07-22,TF2509.CFX,48,0.19390423885447616,29,0.3333333333333333,-0.0023003934108039303,TF
2025-07-23,TF2509.CFX,48,0.25134683654536655,42,0.8837209302325582,0.00625818696361855,TF
2025-07-24,TF2509.CFX,48,0.2659471061731867,44,0.9090909090909091,0.016569865638979293,TF
2025-07-25,TF2509.CFX,48,0.1940840582675884,37,0.3333333333333333,0.0059957036275665124,TF
2025-07-28,TF2509.CFX,48,0.15942202397789568,35,0.08695652173913043,-0.012622720803093918,TF
2025-07-29,TF2509.CFX,48,0.13508760775013748,30,0.0,-0.03390435397857493,TF
2025-07-30,TF2509.CFX,48,0.24228897340600328,35,0.8333333333333334,-0.010631271605181764,TF
2025-07-31,TF2509.CFX,48,0.13525307080649812,27,0.02040816326530612,-0.0034795025494072985,TF
2025-08-01,TF2509.CFX,48,0.2032079408883966,25,0.46,0.008773729687736247,TF
2025-08-04,TF2509.CFX,48,0.17410836012934724,31,0.23529411764705882,0.0038960472240812893,TF
2025-08-05,TF2509.CFX,48,0.18398995752180447,26,0.2692307692307692,-0.007774274244554846,TF
2025-08-06,TF2509.CFX,48,0.17920204945481744,23,0.24528301886792453,0.006867997393004649,TF
2025-08-07,TF2509.CFX,48,0.22319085983365775,24,0.7407407407407407,0.004505952721599244,TF
2025-08-08,TF2509.CFX,48,0.15807375804178453,24,0.09090909090909091,0.000713169813672776,TF
2025-08-11,TF2509.CFX,48,0.1948341337408792,28,0.4107142857142857,5.600610251165761e-05,TF
2025-08-12,TF2509.CFX,48,0.14911931713115842,23,0.07017543859649122,-0.008852219074009654,TF
2025-08-13,TF2509.CFX,48,0.15711729158128823,24,0.08620689655172414,-0.014110157741536511,TF
2025-08-14,TF2509.CFX,48,0.24293104990623618,34,0.864406779661017,0.013199774156931233,TF
2025-08-15,TF2509.CFX,48,0.17655600843615188,30,0.26666666666666666,0.005725548216562304,TF
2025-08-18,TF2509.CFX,48,0.15558113704291238,34,0.08333333333333333,0.0032362356678371563,TF
2025-08-19,TF2509.CFX,48,0.12003430225171532,38,0.0,-0.01615158915224696,TF
2025-08-20,TF2509.CFX,48,0.25197039541317745,27,0.9,-0.003844301517055404,TF
2025-08-21,TF2509.CFX,48,0.24181047830299024,19,0.8,0.022689819810394175,TF
2025-08-22,TF2512.CFX,49,,18,,,TF
2025-08-25,TF2512.CFX,49,0.13727498316773187,33,,,TF
2025-08-26,TF2512.CFX,49,0.1581948225824316,30,,,TF
2025-08-27,TF2512.CFX,49,0.14019383080687559,26,,,TF
2025-08-28,TF2512.CFX,49,0.11757439538017533,26,,,TF
2025-08-29,TF2512.CFX,49,0.20169161337421798,24,,0.008821283321071594,TF
2025-09-01,TF2512.CFX,49,0.1302121890708891,25,,0.0005532515544257432,TF
2025-09-02,TF2512.CFX,49,0.13912770888695059,23,,0.001050554985086377,TF
2025-09-03,TF2512.CFX,49,0.15931713105451462,27,,0.0020921566861411165,TF
2025-09-04,TF2512.CFX,49,0.12241777155768777,26,,-0.012944274164943486,TF
2025-09-05,TF2512.CFX,49,0.1794868649460283,32,,0.008183941442101555,TF
2025-09-08,TF2512.CFX,49,0.16456042314364394,30,,0.007103516240490037,TF
2025-09-09,TF2512.CFX,49,0.2219713802962347,22,,0.016745115006939638,TF
2025-09-10,TF2512.CFX,49,0.16854076409628904,28,,0.013473050042740891,TF
2025-09-11,TF2512.CFX,49,0.2717496523087595,35,,0.01885059156781076,TF
2025-09-12,TF2512.CFX,49,0.13891221602510948,31,,-0.000151814222454405,TF
2025-09-15,TF2512.CFX,49,0.11385513429234026,23,,-0.02458610400789684,TF
2025-09-16,TF2512.CFX,49,0.30356412892027573,38,,0.01121522116315542,TF
2025-09-17,TF2512.CFX,49,0.16241605995416855,30,,-0.005401527181401572,TF
2025-09-18,TF2512.CFX,49,0.18878125522548767,28,,0.01482990040625847,TF
2025-09-19,TF2512.CFX,49,0.38974505564233686,39,,0.04369969690052051,TF
2025-09-22,TF2512.CFX,49,0.13330539979626307,21,0.2,-0.011318846255985698,TF
2025-09-23,TF2512.CFX,49,0.2106216772958434,35,0.8095238095238095,0.004093537925412516,TF
2025-09-24,TF2512.CFX,49,0.16085629501519905,26,0.5,-0.023497329876707072,TF
2025-09-25,TF2512.CFX,49,0.2701076094712173,35,0.8695652173913043,-0.021172399712330314,TF
2025-09-26,TF2512.CFX,49,0.17587168186093155,25,0.625,0.014461849630471086,TF
2025-09-29,TF2512.CFX,49,0.21266386863159797,30,0.8,0.0019099769517241627,TF
2025-09-30,TF2512.CFX,49,0.22636682053291596,26,0.8461538461538461,0.0073577310195814425,TF
2025-10-09,TF2512.CFX,49,0.13761725646005943,22,0.2222222222222222,-0.021448556735033132,TF
2025-10-10,TF2512.CFX,49,0.1814486584056278,22,0.6428571428571429,-0.006389265908214603,TF
2025-10-13,TF2512.CFX,49,0.14436618721880307,26,0.3448275862068966,-0.018151352495287803,TF
2025-10-14,TF2512.CFX,49,0.24668294734089063,31,0.8666666666666667,0.004738118437469302,TF
2025-10-15,TF2512.CFX,49,0.14128805538012065,20,0.3225806451612903,0.007257588677538529,TF
2025-10-16,TF2512.CFX,49,0.1642119414999306,18,0.5,-0.0037551565650076725,TF
2025-10-17,TF2512.CFX,49,0.16544220497168094,21,0.5454545454545454,-0.0040318970335204265,TF
2025-10-20,TF2512.CFX,49,0.18922797461718233,23,0.7058823529411765,-0.009075579585585636,TF
2025-10-21,TF2512.CFX,49,0.18986293112607786,19,0.7142857142857143,0.012216578460916611,TF
2025-10-22,TF2512.CFX,49,0.16431226400432225,17,0.4722222222222222,0.0024621371163180195,TF
2025-10-23,TF2512.CFX,49,0.14979409604874336,26,0.32432432432432434,-0.005621192845873524,TF
2025-10-24,TF2512.CFX,49,0.15546188344081033,20,0.34210526315789475,-0.010760101743007849,TF
2025-10-27,TF2512.CFX,49,0.2201217488062001,24,0.8205128205128205,0.005166725479673262,TF
2025-10-28,TF2512.CFX,49,0.1657499996728657,29,0.55,0.00732031240945436,TF
2025-10-29,TF2512.CFX,49,0.19221628845880923,43,0.7317073170731707,0.009513250105218713,TF
2025-10-30,TF2512.CFX,49,0.15336090536890326,23,0.30952380952380953,-0.003210741649120502,TF
2025-10-31,TF2512.CFX,49,0.20174819746082173,22,0.7674418604651163,-0.004913619699471916,TF
2025-11-03,TF2512.CFX,49,0.1607095935535063,22,0.38636363636363635,-5.489032367062552e-05,TF
2025-11-04,TF2512.CFX,49,0.20999747521035889,21,0.7777777777777778,0.004291106168770242,TF
2025-11-05,TF2512.CFX,49,0.14618688347574813,18,0.2608695652173913,-0.0006098766036773062,TF
2025-11-06,TF2512.CFX,49,0.16918017348768485,17,0.574468085106383,-0.007965875802403193,TF
2025-11-07,TF2512.CFX,49,0.18180314558541474,19,0.6458333333333334,0.00013698023411428672,TF
2025-11-10,TF2512.CFX,49,0.24129614353040071,21,0.8979591836734694,0.009821359874975028,TF
2025-11-11,TF2512.CFX,49,0.16691818112618426,21,0.52,0.011357856534358815,TF
2025-11-12,TF2512.CFX,49,0.2236149219348941,17,0.8627450980392157,0.009398453243518807,TF
2025-11-13,TF2512.CFX,49,0.1656797762359663,25,0.4807692307692308,-0.004992796029440349,TF
2025-11-14,TF2512.CFX,49,0.17074036193176226,22,0.5660377358490566,-0.014234996808749484,TF
2025-11-17,TF2512.CFX,49,0.1782615658677589,21,0.5925925925925926,-0.0030187790519982604,TF
2025-11-18,TF2512.CFX,49,0.16614663838396765,22,0.4909090909090909,-0.010235477747006028,TF
2025-11-19,TF2512.CFX,49,0.15844559434681552,23,0.30357142857142855,-0.0019062087326096155,TF
2025-11-20,TF2512.CFX,49,0.16858591295773026,31,0.543859649122807,-0.0024124869469007437,TF
2025-11-21,TF2512.CFX,49,0.16911046403830107,27,0.5517241379310345,-0.001586292908515302,TF
2025-11-24,TF2512.CFX,49,0.1812404793231996,20,0.6440677966101694,0.0040852551569949495,TF
2025-11-25,TF2512.CFX,49,0.15404572502355765,16,0.25,0.0003854827718953624,TF
2025-11-26,TF2603.CFX,50,0.23804407732081945,24,,,TF
2025-11-27,TF2603.CFX,50,0.1695254296950938,28,,,TF
2025-11-28,TF2603.CFX,50,0.19356585221925632,26,,,TF
2025-12-01,TF2603.CFX,50,0.1952125750956227,27,,,TF
2025-12-02,TF2603.CFX,50,0.18074090299751372,26,,-0.00889192032460825,TF
2025-12-03,TF2603.CFX,50,0.12435652420470136,31,,-0.010316276020252747,TF
2025-12-04,TF2603.CFX,50,0.20839246151546176,47,,-0.004120283229851052,TF
2025-12-05,TF2603.CFX,50,0.16280335057139855,37,,-0.003716689053050026,TF
2025-12-08,TF2603.CFX,50,0.18026536332140214,35,,0.0037495747014474057,TF
2025-12-09,TF2603.CFX,50,0.14361882963749126,27,,0.001039751267152017,TF
2025-12-10,TF2603.CFX,50,0.13655579098400117,25,,-0.01628578619968285,TF
2025-12-11,TF2603.CFX,50,0.18381241154338698,32,,-0.00016914503934240544,TF
2025-12-12,TF2603.CFX,50,0.19864471905072262,36,,0.007695229336453668,TF
2025-12-15,TF2603.CFX,50,0.14753775845992287,37,,0.006992678571158467,TF
2025-12-16,TF2603.CFX,50,0.1942944240067767,32,,0.007920261296208698,TF
2025-12-17,TF2603.CFX,50,0.19240575726586856,27,,0.0012836396401017247,TF
2025-12-18,TF2603.CFX,50,0.1922267764193133,28,,0.0032032113543127017,TF
2025-12-19,TF2603.CFX,50,0.14416429728707186,26,,-0.0008814569933165428,TF
2025-12-22,TF2603.CFX,50,0.14539819221250572,31,,-0.014603392356733863,TF
2025-12-23,TF2603.CFX,50,0.17622267246080356,37,,-0.007919475381693759,TF
2025-12-24,TF2603.CFX,50,0.13344102544705902,26,0.05,-0.008551312677077677,TF
2025-12-25,TF2603.CFX,50,0.13892183994820054,23,0.14285714285714285,-0.002244208144318932,TF
2025-12-26,TF2603.CFX,50,0.18475642468166212,27,0.6363636363636364,0.004141563242570973,TF
2025-12-29,TF2603.CFX,50,0.11605432442942136,43,0.0,-0.00690212968281613,TF
2025-12-30,TF2603.CFX,50,0.16959881190406775,32,0.4583333333333333,0.004944805739523828,TF
2025-12-31,TF2603.CFX,50,0.20139550546918997,31,0.92,0.01097897182643845,TF
2026-01-05,TF2603.CFX,50,0.16521375501641009,33,0.38461538461538464,0.00462558417092645,TF
2026-01-06,TF2603.CFX,50,0.19902873925376358,33,0.8888888888888888,0.016156377276102675,TF
2026-01-07,TF2603.CFX,50,0.18461719095709062,33,0.6071428571428571,0.0027669991890619306,TF
2026-01-08,TF2603.CFX,50,0.2080699574108172,32,0.9310344827586207,0.003275233982393505,TF
2026-01-09,TF2603.CFX,50,0.17978002570371804,26,0.4666666666666667,0.0038173759531669573,TF
2026-01-12,TF2603.CFX,50,0.2603168709090789,31,1.0,0.011773909805725808,TF
2026-01-13,TF2603.CFX,50,0.1634265492334305,21,0.3125,0.0009865630050941432,TF
2026-01-14,TF2603.CFX,50,0.24033571733642586,28,0.9696969696969697,0.004817804338092974,TF
2026-01-15,TF2603.CFX,50,0.2819801101559427,35,1.0,0.01844190153317963,TF
2026-01-16,TF2603.CFX,50,0.2021585456347727,30,0.8285714285714286,0.00022369103738998364,TF
2026-01-19,TF2603.CFX,50,0.18660288047919013,20,0.5833333333333334,0.0008175490789866125,TF
2026-01-20,TF2603.CFX,50,0.1605176753172743,24,0.24324324324324326,-0.025501331371505575,TF
2026-01-21,TF2603.CFX,50,0.1890954373738672,25,0.6052631578947368,-0.022741021588164944,TF
2026-01-22,TF2603.CFX,50,0.1796848490841769,23,0.41025641025641024,-0.004245483620651458,TF
2026-01-23,TF2603.CFX,50,0.2808812952717569,30,0.975,0.02077240033520362,TF
2026-01-26,TF2603.CFX,50,0.24230844165471316,23,0.926829268292683,0.02553673905727674,TF
2026-01-27,TF2603.CFX,50,0.251806929932595,24,0.9285714285714286,0.018804657768799186,TF
2026-01-28,TF2603.CFX,50,0.16723325200007647,19,0.3023255813953488,-0.005397755950736277,TF
2026-01-29,TF2603.CFX,50,0.22576197403670198,29,0.8409090909090909,-0.018531383212474654,TF
2026-01-30,TF2603.CFX,50,0.17000330040506412,25,0.35555555555555557,-0.017065523839519113,TF
2026-02-02,TF2603.CFX,50,0.23090648477805198,27,0.8478260869565217,-0.0039030841904098335,TF
2026-02-03,TF2603.CFX,50,0.15369144325662448,29,0.19148936170212766,-0.0021939106745553993,TF
2026-02-04,TF2603.CFX,50,0.16264895313149466,34,0.22916666666666666,-0.014253789895885428,TF
2026-02-05,TF2603.CFX,50,0.21035975819608654,30,0.8163265306122449,0.0012455383935487507,TF
2026-02-06,TF2603.CFX,50,0.18883087151340014,29,0.56,-0.0027482911589841673,TF
2026-02-09,TF2603.CFX,50,0.18574327554537645,33,0.5294117647058824,0.009028558295940948,TF
2026-02-10,TF2603.CFX,50,0.11519690969332419,26,0.0,-0.011952056952705098,TF
2026-02-11,TF2603.CFX,50,0.09404761841974428,35,0.0,-0.030625824137276048,TF
2026-02-12,TF2603.CFX,50,0.22075021600758427,30,0.8333333333333334,-0.0027856968137263904,TF
2026-02-13,TF2603.CFX,50,0.22423355732316458,37,0.8363636363636363,0.018253386986983634,TF
2026-02-24,TF2603.CFX,50,0.22688263766411604,21,0.8571428571428571,0.035355739484500395,TF
2026-02-25,TF2606.CFX,51,0.16530567563976284,22,,,TF
2026-02-26,TF2606.CFX,51,0.15309694671713459,29,,,TF
2026-02-27,TF2606.CFX,51,0.18311135984548857,26,,,TF
2026-03-02,TF2606.CFX,51,0.16994256593335608,20,,,TF
2026-03-03,TF2606.CFX,51,0.16592402224890312,17,,0.001808231243450209,TF
2026-03-04,TF2606.CFX,51,0.1837660658933164,26,,0.004415090075577821,TF
2026-03-05,TF2606.CFX,51,0.23795806719808238,22,,0.012351691466514797,TF
2026-03-06,TF2606.CFX,51,0.2209143943869268,22,,0.017397770185632065,TF
2026-03-09,TF2606.CFX,51,0.2164801661668188,35,,0.013826061632944175,TF
2026-03-10,TF2606.CFX,51,0.18811306614319073,30,,-0.0012783900531514957,TF
2026-03-11,TF2606.CFX,51,0.23130156016528303,23,,-0.004611434230933487,TF
2026-03-12,TF2606.CFX,51,0.29213429896532755,25,,0.01572612031552657,TF
2026-03-13,TF2606.CFX,51,0.2281522490120192,22,,0.012736539851253753,TF
2026-03-16,TF2606.CFX,51,0.19797710856775538,31,,0.0016578773695865468,TF
2026-03-17,TF2606.CFX,51,0.15075501381391032,23,,-0.02552502831003175,TF
2026-03-18,TF2606.CFX,51,0.16616074166960837,22,,-0.03293443497895473,TF
2026-03-19,TF2606.CFX,51,0.1288491263420795,30,,-0.02304226122380264,TF
2026-03-20,TF2606.CFX,51,0.11626544645357635,32,,-0.01853292117001888,TF
2026-03-23,TF2606.CFX,51,0.22684511825550335,46,,0.010228491366715404,TF
2026-03-24,TF2606.CFX,51,0.1606662816824891,29,,0.008700707193918527,TF
2026-03-25,TF2606.CFX,51,0.1686252788740376,24,0.4,0.012395314029282895,TF
2026-03-26,TF2606.CFX,51,0.2362937604732734,23,0.9047619047619048,0.018183678865792842,TF
2026-03-27,TF2606.CFX,51,0.19878551402941944,30,0.6363636363636364,0.0019508270338616518,TF
2026-03-30,TF2606.CFX,51,0.194912783805499,31,0.5652173913043478,0.009865323940140164,TF
2026-03-31,TF2606.CFX,51,0.2195731858545848,26,0.7083333333333334,0.006051483729331997,TF
2026-04-01,TF2606.CFX,51,0.2027463994841426,36,0.64,-0.004630705015309622,TF
2026-04-02,TF2606.CFX,51,0.21975413490626633,35,0.7307692307692307,0.0049770857432337445,TF
2026-04-03,TF2606.CFX,51,0.19250085387375082,33,0.48148148148148145,-0.00046429108118148377,TF
2026-04-07,TF2606.CFX,51,0.20783200691282572,23,0.6428571428571429,-0.003372790349390997,TF
2026-04-08,TF2606.CFX,51,0.1885691202087028,25,0.4482758620689655,-0.004027668654432021,TF
2026-04-09,TF2606.CFX,51,0.3436640812565814,33,1.0,0.02438881590355821,TF
2026-04-10,TF2606.CFX,51,0.22886547620588696,34,0.8387096774193549,0.0208561319008028,TF
2026-04-13,TF2606.CFX,51,0.1752442527340197,31,0.3125,-0.002487915236042798,TF
2026-04-14,TF2606.CFX,51,0.195285925382577,40,0.5151515151515151,-0.015498621817481328,TF
2026-04-15,TF2606.CFX,51,0.18733647550711768,42,0.38235294117647056,-0.03462347623222374,TF
2026-04-16,TF2606.CFX,51,0.19959532138031516,34,0.6,-0.004644808687804564,TF
2026-04-17,TF2606.CFX,51,0.19963800116612812,26,0.6111111111111112,0.005309689286195502,TF
2026-04-20,TF2606.CFX,51,0.12920419487484372,24,0.05405405405405406,-0.011986193535645617,TF
2026-04-21,TF2606.CFX,51,0.23210348663095445,23,0.8947368421052632,0.0019142895742202126,TF
2026-04-22,TF2606.CFX,51,0.14505792636129675,22,0.07692307692307693,-0.007660930457321052,TF
2026-04-23,TF2606.CFX,51,0.20697090502275892,31,0.65,0.0030519539199714675,TF
2026-04-24,TF2606.CFX,51,0.18056076213883002,32,0.3170731707317073,0.007758055291977711,TF
2026-04-27,TF2606.CFX,51,0.2182617262062557,40,0.7142857142857143,0.0007819314928135757,TF
2026-04-28,TF2606.CFX,51,0.19093301190866518,37,0.4418604651162791,0.010304099227823372,TF
2026-04-29,TF2606.CFX,51,0.22051492863210162,30,0.7727272727272727,0.003746029698852055,TF
2026-04-30,TF2606.CFX,51,0.19241712764213317,29,0.4444444444444444,0.0025965933432452295,TF
2026-05-06,TF2606.CFX,51,0.16934380417917508,35,0.2391304347826087,-0.009635172832069333,TF
2026-05-07,TF2606.CFX,51,0.16566035237125404,22,0.1702127659574468,-0.01017164435277489,TF
2026-05-08,TF2606.CFX,51,0.1629811679899032,29,0.14583333333333334,-0.0141824296555276,TF
2026-05-11,TF2606.CFX,51,0.18357165132555703,36,0.3673469387755102,-0.00240535888224242,TF
2026-05-12,TF2606.CFX,51,0.2034061750380216,36,0.66,0.008603604067199604,TF
2026-05-13,TF2606.CFX,51,0.1798231650242151,32,0.3137254901960784,0.0068750632354040555,TF
2026-05-14,TF2606.CFX,51,0.13567214495875438,31,0.057692307692307696,-0.005836653236363959,TF
2026-05-15,TF2606.CFX,51,0.21493989383440573,39,0.7169811320754716,-0.0004997545061569853,TF
2026-05-18,TF2606.CFX,51,0.18891600287419447,44,0.46296296296296297,0.0006136384482536283,TF
2026-05-19,TF2606.CFX,51,0.18590720384438925,37,0.4,0.006541193555578834,TF
2026-05-20,TF2606.CFX,51,0.1823742308848716,32,0.3392857142857143,0.006437148186221792,TF
2026-05-21,TF2606.CFX,51,0.25764635400507946,40,0.9649122807017544,0.007887114835202458,TF
2026-05-22,TF2606.CFX,51,0.23360029349770595,47,0.9137931034482759,0.016110773140771313,TF
2026-05-25,TF2606.CFX,51,0.21398479646827626,45,0.6949152542372882,0.010738124786060838,TF
2026-05-26,TF2606.CFX,51,0.1850380513412226,37,0.38333333333333336,-0.003833391662410124,TF
2026-05-27,TF2606.CFX,51,0.29226191239331445,20,0.9833333333333333,0.0020668874619986567,TF
2026-05-28,TF2609.CFX,52,,18,,,TF
2026-05-29,TF2609.CFX,52,0.12751094795137285,29,,,TF
2026-06-01,TF2609.CFX,52,0.18946096129726447,25,,,TF
2026-06-02,TF2609.CFX,52,0.18028764733963515,19,,,TF
2026-06-03,TF2609.CFX,52,0.2302267721246975,22,,,TF
2026-06-04,TF2609.CFX,52,0.19878087780357834,22,,0.0183305670531844,TF
2026-06-05,TF2609.CFX,52,0.2335631948629146,33,,0.010669769759524338,TF
2026-06-08,TF2609.CFX,52,0.21406854341007583,33,,0.007089821487909853,TF
2026-06-09,TF2609.CFX,52,0.1919909386043028,24,,-0.0061184001434291865,TF
2026-06-10,TF2609.CFX,52,0.24055087077002976,29,,0.004196772967429102,TF
2026-06-11,TF2609.CFX,52,0.22207257466650793,28,,0.00035010869671405767,TF
2026-06-12,TF2609.CFX,52,0.1888678702822081,26,,-0.002031971019353029,TF
2026-06-15,TF2609.CFX,52,0.1706394869366925,23,,-0.009438590382304223,TF
2026-06-16,TF2609.CFX,52,0.2290153866381727,26,,-0.007450405599352955,TF
2026-06-17,TF2609.CFX,52,0.1357745389967018,22,,-0.013244855498364766,TF
2026-06-18,TF2609.CFX,52,0.1469632945837837,18,,-0.011867409933683949,TF
2026-06-22,TF2609.CFX,52,0.1938303205289767,20,,-0.0035670424869820583,TF
2026-06-23,TF2609.CFX,52,0.1453434072712283,18,,-0.010928817720161393,TF
2026-06-24,TF2609.CFX,52,0.1671058075347737,20,,0.0061042649763588365,TF
2026-06-25,TF2609.CFX,52,0.22571675781307604,25,,0.013078241346438169,TF
2026-06-26,TF2609.CFX,52,0.11542495112610558,21,,-0.007643738826389449,TF
2026-06-29,TF2609.CFX,52,0.15530321680443132,23,0.25,-0.003176123734226205,TF
2026-06-30,TF2609.CFX,52,0.16219539502304786,24,0.2857142857142857,-0.008023436603209639,TF
2026-07-01,TF2609.CFX,52,0.16735535784164152,31,0.36363636363636365,-0.006995235604592681,TF
2026-07-02,TF2609.CFX,52,0.16341592486623496,15,0.30434782608695654,0.010803408851746892,TF
2026-07-03,TF2609.CFX,52,0.17464487495036035,19,0.4583333333333333,0.003990384613504516,TF
2026-07-06,TF2609.CFX,52,0.12964121541171802,16,0.08,-0.005781884211394084,TF
2026-07-07,TF2609.CFX,52,0.2085106860825011,20,0.7307692307692307,0.004853594702720221,TF
2026-07-08,TF2609.CFX,52,0.1672782956230074,20,0.37037037037037035,0.004159055264568568,TF
2026-07-09,TF2609.CFX,52,0.16281449430727765,16,0.2857142857142857,0.0013976318925123965,TF
2026-07-10,TF2609.CFX,52,0.17741376004866902,17,0.5172413793103449,0.004984889749867855,TF
2026-07-13,TF2609.CFX,52,0.2006258017835026,21,0.7333333333333333,-0.0005634304172335347,TF
2026-07-14,TF2609.CFX,52,0.18252656170681134,21,0.5483870967741935,0.00683078396438328,TF
2026-07-15,TF2609.CFX,52,0.13015842097468494,17,0.09375,-0.006019934500704305,TF
2026-07-16,TF2609.CFX,52,0.19318506017730658,19,0.6666666666666666,-0.0038924780551542527,TF
2026-07-17,TF2609.CFX,52,0.16443422171962135,18,0.3235294117647059,-0.0061724661657267255,TF
2026-07-20,TF2609.CFX,52,0.2214059888535541,15,0.8285714285714286,0.011203465503842191,TF
2026-07-21,TF2609.CFX,52,0.20274587386699974,18,0.75,0.01733958344608771,TF
2026-07-22,TF2609.CFX,52,0.22883037888357055,26,0.8918918918918919,0.010960228955990626,TF
2026-07-23,TF2609.CFX,52,0.16290232508145427,31,0.2631578947368421,0.00043605967536822774,TF
2026-07-24,TF2609.CFX,52,0.2314597999424135,22,0.9487179487179487,-0.0019735926607826635,TF
2026-07-27,TF2609.CFX,52,0.18470149928091625,20,0.525,-0.0033459328113324025,TF
2026-07-28,TF2609.CFX,52,0.20738294819524122,15,0.7317073170731707,-0.0021095687177196676,TF
2026-07-29,TF2609.CFX,52,0.14839665385459921,16,0.16666666666666666,-0.005308819420088246,TF
2026-07-30,TF2609.CFX,52,0.2379621315011223,23,0.9767441860465116,-0.0023300182308899466,TF
2026-07-31,TF2609.CFX,52,0.15238853451319206,21,0.18181818181818182,-0.003404674622956727,TF
2026-08-03,TF2609.CFX,52,0.1665990122354822,21,0.3333333333333333,-0.007757599126092518,TF
2026-08-04,TF2609.CFX,52,0.1438144826498274,20,0.10869565217391304,-0.00805274616751837,TF
2026-08-05,TF2609.CFX,52,0.214757588317554,17,0.7872340425531915,-0.0054983138230501214,TF
2026-08-06,TF2609.CFX,52,0.19747124394378787,15,0.6458333333333334,0.013832399494326336,TF
2026-08-07,TF2609.CFX,52,0.18345569376373244,17,0.5102040816326531,0.008737012435046099,TF
2026-08-10,TF2609.CFX,52,0.20735387319717238,20,0.72,0.009577688654086836,TF
2026-08-11,TF2609.CFX,52,0.1963502037377619,20,0.6274509803921569,-0.002693213990619969,TF
2026-08-12,TF2609.CFX,52,0.1381908076644392,21,0.09615384615384616,-0.010566636258466789,TF
2026-08-13,TF2609.CFX,52,0.17859999762545617,24,0.4528301886792453,-0.00788744578092857,TF
2026-08-14,TF2609.CFX,52,0.21138701915173166,22,0.7777777777777778,-0.0009683914203187205,TF
2026-08-17,TF2609.CFX,52,0.19389884093227244,19,0.6181818181818182,0.006829348587631357,TF
2026-08-18,TF2609.CFX,52,0.20113625247266445,23,0.6964285714285714,0.014118973292326675,TF
2026-08-19,TF2609.CFX,52,0.2417816174411335,27,1.0,0.011611247295228739,TF
2026-08-20,TF2609.CFX,52,0.1679493431279163,41,0.3620689655172414,-0.0038992575538769727,TF
2026-08-21,TF2609.CFX,52,0.16565580645075514,35,0.288135593220339,-0.00896729783077827,TF
2026-08-24,TF2609.CFX,52,0.12903205588879663,32,0.03333333333333333,-0.0220334204158114,TF
2026-08-25,TF2609.CFX,52,0.13308099767343298,17,0.06666666666666667,-0.025631852677452067,TF
2026-08-26,TF2609.CFX,52,0.18051375711600362,15,0.48333333333333334,-0.0007445980801147501,TF
2026-08-27,TF2612.CFX,53,0.22527952845609356,24,,,TF
2026-08-28,TF2612.CFX,53,0.2303370960416126,24,,,TF
2026-08-31,TF2612.CFX,53,0.18769747376257992,22,,,TF
2026-09-01,TF2612.CFX,53,0.22289145798858145,18,,,TF
2026-09-02,TF2612.CFX,53,0.13380727473631107,17,,-0.01903901454925961,TF
2026-09-03,TF2612.CFX,53,0.19773735277951948,19,,-0.011908968555045507,TF
2026-09-04,TF2612.CFX,53,0.20627165373654247,22,,0.0011994254738863063,TF
2026-09-07,TF2612.CFX,53,0.22253138924622876,18,,0.0071744241515526,TF
2026-09-08,TF2612.CFX,53,0.18504268172156385,16,,0.012726485043721484,TF
2026-09-09,TF2612.CFX,53,0.21544598950059957,16,,0.0014188301427181583,TF
2026-09-10,TF2612.CFX,53,0.20624847361724755,17,,-0.0007131759984219055,TF
2026-09-11,TF2612.CFX,53,0.20203224693673874,25,,-0.001979249272329636,TF
2026-09-14,TF2612.CFX,53,0.19175628921155757,25,,1.3472416126592002e-06,TF
2026-09-15,TF2612.CFX,53,0.15390542595016302,22,,-0.013757331150656305,TF
2026-09-16,TF2612.CFX,53,0.15499081647556065,17,,-0.015064213526994958,TF
2026-09-17,TF2612.CFX,53,0.17848843827162789,16,,-0.00838530900662186,TF
2026-09-18,TF2612.CFX,53,0.22763195439021486,19,,0.009633434267877944,TF
2026-09-21,TF2612.CFX,53,0.20363291032809278,18,,0.017209610667051376,TF
2026-09-22,TF2612.CFX,53,0.16325791388879166,19,,0.004167866688292688,TF
2026-09-23,TF2612.CFX,53,0.17801411381594723,17,,-0.006532268941278452,TF
2026-09-24,TF2612.CFX,53,0.24066888705108708,17,1.0,4.5506880959889084e-05,TF
2026-09-28,TF2612.CFX,53,0.14517526512166404,17,0.047619047619047616,-0.0039504317250562025,TF
2026-09-29,TF2612.CFX,53,0.16571504368360737,20,0.22727272727272727,-0.002792458910465173,TF
2026-09-30,TF2612.CFX,53,0.3047022159960177,35,1.0,0.017842236099266117,TF
2015-03-23,T1509.CFX,1,,0,,,T
2015-03-24,T1509.CFX,1,,0,,,T
2015-03-25,T1509.CFX,1,,0,,,T
2015-03-26,T1509.CFX,1,,0,,,T
2015-03-27,T1509.CFX,1,,0,,,T
2015-03-30,T1509.CFX,1,,0,,,T
2015-03-31,T1509.CFX,1,,0,,,T
2015-04-01,T1509.CFX,1,,0,,,T
2015-04-02,T1509.CFX,1,,0,,,T
2015-04-03,T1509.CFX,1,,0,,,T
2015-04-07,T1509.CFX,1,,0,,,T
2015-04-08,T1509.CFX,1,,0,,,T
2015-04-09,T1509.CFX,1,,0,,,T
2015-04-10,T1509.CFX,1,,0,,,T
2015-04-13,T1509.CFX,1,,0,,,T
2015-04-14,T1509.CFX,1,,0,,,T
2015-04-15,T1509.CFX,1,,0,,,T
2015-04-16,T1509.CFX,1,,0,,,T
2015-04-17,T1509.CFX,1,,0,,,T
2015-04-20,T1509.CFX,1,,0,,,T
2015-04-21,T1509.CFX,1,0.29722360369674383,74,,,T
2015-04-22,T1509.CFX,1,0.11288865575863301,48,,,T
2015-04-23,T1509.CFX,1,0.33066332899194667,38,,,T
2015-04-24,T1509.CFX,1,0.1666560749203047,34,,,T
2015-04-27,T1509.CFX,1,0.3554625374159889,53,,0.01702452866001618,T
2015-04-28,T1509.CFX,1,0.32892223008886307,26,,0.04568663570845023,T
2015-04-29,T1509.CFX,1,0.06789557818189959,37,,-0.036326934645153575,T
2015-04-30,T1509.CFX,1,0.3901256861218848,64,,0.015937226316907093,T
2015-05-04,T1509.CFX,1,0.4828460064518236,44,,0.03159703941046912,T
2015-05-05,T1509.CFX,1,0.34197115902852754,62,,0.04410482861492529,T
2015-05-06,T1509.CFX,1,0.624536748000705,96,,0.10651278125442536,T
2015-05-07,T1509.CFX,1,0.1604169869832527,62,,-0.03177266567283828,T
2015-05-08,T1509.CFX,1,0.3802916636435142,62,,-0.03866628576618936,T
2015-05-11,T1509.CFX,1,0.3110420626200542,79,,-0.030610327717413753,T
2015-05-12,T1509.CFX,1,0.44848787108185384,52,,-0.02014726782009011,T
2015-05-13,T1509.CFX,1,0.2917320711837937,70,,0.03308263758394216,T
2015-05-14,T1509.CFX,1,0.5769193326183377,61,,0.03739453465133864,T
2015-05-15,T1509.CFX,1,0.30037187040405244,39,,0.01070910771044804,T
2015-05-18,T1509.CFX,1,0.7953279258321,81,,0.07023199087207511,T
2015-05-19,T1509.CFX,1,0.2032429768077298,60,,0.0041430404461634375,T
2015-05-20,T1509.CFX,1,0.12956940457216667,44,0.1,-0.09918287496886649,T
2015-05-21,T1509.CFX,1,0.2105941236199626,38,0.2857142857142857,-0.0845314014828113,T
2015-05-22,T1509.CFX,1,0.2593882853361579,30,0.3181818181818182,-0.10645281341796513,T
2015-05-25,T1509.CFX,1,0.33674695264242616,31,0.6086956521739131,0.03968268324333839,T
2015-05-26,T1509.CFX,1,0.25573955496545564,89,0.2916666666666667,0.037849312980904146,T
2015-05-27,T1509.CFX,1,0.12494429593117577,51,0.08,-0.01749483857482759,T
2015-05-28,T1509.CFX,1,0.7299362260557498,71,0.9615384615384616,0.07292932247279335,T
2015-05-29,T1509.CFX,1,0.41926069272379773,50,0.7777777777777778,0.06392241512530374,T
2015-06-01,T1509.CFX,1,0.46629533518244193,110,0.8214285714285714,0.07154279572265945,T
2015-06-02,T1509.CFX,1,0.4840670612648662,96,0.8620689655172413,0.0454604639794073,T
2015-06-03,T1509.CFX,1,0.32337727319382026,68,0.4666666666666667,-0.07483115371827909,T
2015-06-04,T1509.CFX,1,0.37978154543835396,59,0.6451612903225806,-0.022187635655950923,T
2015-06-05,T1509.CFX,1,0.20877715336146405,51,0.21875,-0.06193218794684678,T
2015-06-08,T1509.CFX,1,0.26515465822090845,48,0.3333333333333333,-0.05524249259202718,T
2015-06-09,T1509.CFX,1,0.2951582128832537,43,0.38235294117647056,-0.017106500783857857,T
2015-06-10,T1509.CFX,1,0.42805189828414214,57,0.7714285714285715,0.0182921765213366,T
2015-06-11,T1509.CFX,1,0.28237353413125976,47,0.3333333333333333,0.03100900016028252,T
2015-06-12,T1509.CFX,1,0.25059503924352383,63,0.24324324324324326,-0.004190391670676319,T
2015-06-15,T1509.CFX,1,0.2754817171943665,36,0.34210526315789475,-0.021680985041839275,T
2015-06-16,T1509.CFX,1,0.6131816047488324,88,0.9230769230769231,0.036336759599248716,T
2015-06-17,T1509.CFX,1,0.15457555531005554,45,0.1,0.01069906078629001,T
2015-06-18,T1509.CFX,1,0.27807141516198175,46,0.36585365853658536,-0.006595341004739519,T
2015-06-19,T1509.CFX,1,0.16358450523411577,40,0.14285714285714285,-0.05589046135073521,T
2015-06-23,T1509.CFX,1,0.23788359009557647,40,0.2558139534883721,-0.07415870793824517,T
2015-06-24,T1509.CFX,1,0.12142032404350041,23,0.045454545454545456,-0.01064982875995156,T
2015-06-25,T1509.CFX,1,0.19080121700980432,62,0.2,-0.021670457749497024,T
2015-06-26,T1509.CFX,1,0.19236652912458455,50,0.21739130434782608,0.0010481674695165422,T
2015-06-29,T1509.CFX,1,0.36657451043377376,82,0.7021276595744681,0.032832804575747866,T
2015-06-30,T1509.CFX,1,0.12667124234226787,34,0.08333333333333333,0.018627513002150438,T
2015-07-01,T1509.CFX,1,0.2621243951843638,20,0.3877551020408163,0.007695106956680231,T
2015-07-02,T1509.CFX,1,0.18607157483155817,20,0.2,-0.011704002383546274,T
2015-07-03,T1509.CFX,1,0.20744850889407324,59,0.27450980392156865,-0.02588516705901108,T
2015-07-06,T1509.CFX,1,0.5304037600252788,62,0.9038461538461539,0.07527891490757313,T
2015-07-07,T1509.CFX,1,0.17145827376026263,54,0.18867924528301888,0.016299994234551817,T
2015-07-08,T1509.CFX,1,0.16348900024948748,144,0.14814814814814814,-0.008115538429795205,T
2015-07-09,T1509.CFX,1,0.21675391235457986,71,0.34545454545454546,-0.0348303952854778,T
2015-07-10,T1509.CFX,1,0.22023949454618527,40,0.35714285714285715,-0.057503289236386965,T
2015-07-13,T1509.CFX,1,0.09135310460660769,47,0.017543859649122806,-0.0103459844010612,T
2015-07-14,T1509.CFX,1,0.4233302255724345,46,0.8103448275862069,0.039428164289792185,T
2015-07-15,T1509.CFX,1,0.25688685505568365,80,0.423728813559322,0.028335661642845678,T
2015-07-16,T1509.CFX,1,0.17870466760307865,34,0.21666666666666667,0.008246409656286275,T
2015-07-17,T1509.CFX,1,0.24365659944319623,34,0.4,0.005998143170382131,T
2015-07-20,T1509.CFX,1,0.30076698143557773,25,0.6,-0.0258356743886201,T
2015-07-21,T1509.CFX,1,0.17079855189860516,39,0.18333333333333332,-0.005011429248165794,T
2015-07-22,T1509.CFX,1,0.1904463194532481,29,0.23333333333333334,-0.004937474384425216,T
2015-07-23,T1509.CFX,1,0.304947286140146,39,0.6333333333333333,0.0012260711411569924,T
2015-07-24,T1509.CFX,1,0.10783344738669624,46,0.03333333333333333,-0.025171833385622212,T
2015-07-27,T1509.CFX,1,0.23476886213255388,29,0.38333333333333336,0.0045327748401345624,T
2015-07-28,T1509.CFX,1,0.2931597564748868,41,0.6,0.01352484500356852,T
2015-07-29,T1509.CFX,1,0.19792146462179097,27,0.2833333333333333,-0.002872533394851945,T
2015-07-30,T1509.CFX,1,0.27602452235521335,29,0.5666666666666667,0.029953475242627127,T
2015-07-31,T1509.CFX,1,0.5682446834201657,55,0.9333333333333333,0.06498164084555501,T
2015-08-03,T1509.CFX,1,0.3357747355886011,48,0.7333333333333333,0.04555531770258033,T
2015-08-04,T1509.CFX,1,0.31745335122693996,39,0.7166666666666667,0.02988139864436858,T
2015-08-05,T1509.CFX,1,0.3091058560573911,34,0.7,-0.01846286647888703,T
2015-08-06,T1509.CFX,1,0.27779976594931755,32,0.5666666666666667,-0.060755871447290624,T
2015-08-07,T1509.CFX,1,0.3965220047254052,39,0.8166666666666667,0.008184095299598581,T
2015-08-10,T1509.CFX,1,0.26365107868085147,38,0.5166666666666667,-0.0020188396424162926,T
2015-08-11,T1509.CFX,1,0.20056883614601134,58,0.2833333333333333,-0.02312227270912256,T
2015-08-12,T1509.CFX,1,0.5433616888729685,61,0.95,0.03351706772679082,T
2015-08-13,T1509.CFX,1,0.2557091085802061,27,0.45,-0.00019151820982811208,T
2015-08-14,T1512.CFX,2,0.2437331962839205,24,,,T
2015-08-17,T1512.CFX,2,0.12413950034392615,31,,,T
2015-08-18,T1512.CFX,2,0.4217924547417127,36,,,T
2015-08-19,T1512.CFX,2,0.23290230669604398,34,,,T
2015-08-20,T1512.CFX,2,0.1824341837799767,18,,-0.001383521865576981,T
2015-08-21,T1512.CFX,2,0.2530667296231412,26,,0.0018496187596694024,T
2015-08-24,T1512.CFX,2,0.20378555153243302,37,,-0.041584938349146214,T
2015-08-25,T1512.CFX,2,0.21522721641522632,33,,-0.0013998812809178974,T
2015-08-26,T1512.CFX,2,0.17686861147970873,44,,-0.004897065780845078,T
2015-08-27,T1512.CFX,2,0.26708770912495317,38,,0.00011250189508995589,T
2015-08-28,T1512.CFX,2,0.18965001787069266,44,,0.0023589425386246143,T
2015-08-31,T1512.CFX,2,0.28551582001489806,53,,0.015335861359032744,T
2015-09-01,T1512.CFX,2,0.25983020216381003,40,,0.01843512922581475,T
2015-09-02,T1512.CFX,2,0.3149385491628901,37,,0.016588186436899122,T
2015-09-07,T1512.CFX,2,0.27028884967463807,33,,0.019070039275588292,T
2015-09-08,T1512.CFX,2,0.24265869059683162,60,,-0.007525561132530484,T
2015-09-09,T1512.CFX,2,0.36695342175368517,53,,0.014196658061369183,T
2015-09-10,T1512.CFX,2,0.3097612548980328,48,,0.00863099835493325,T
2015-09-11,T1512.CFX,2,0.35837734886994826,55,,0.024327956269182154,T
2015-09-14,T1512.CFX,2,0.20083468870923107,48,,-0.009222407665893806,T
2015-09-15,T1512.CFX,2,0.19551876752879607,61,0.2,-0.045179587463858,T
2015-09-16,T1512.CFX,2,0.2114332023485168,57,0.3333333333333333,-0.03595146864401842,T
2015-09-17,T1512.CFX,2,0.36095321746261155,51,0.9090909090909091,0.0015750250824612343,T
2015-09-18,T1512.CFX,2,0.3830400812065687,51,0.9565217391304348,0.052984523492849066,T
2015-09-21,T1512.CFX,2,0.1711472829070573,34,0.041666666666666664,0.01228639096145744,T
2015-09-22,T1512.CFX,2,0.5649005912363202,45,1.0,0.05171288432200525,T
2015-09-23,T1512.CFX,2,0.3409729803770898,36,0.7692307692307693,0.014190003585870803,T
2015-09-24,T1512.CFX,2,0.4084913087902205,33,0.9259259259259259,0.022072815263733614,T
2015-09-25,T1512.CFX,2,0.32037231890422896,40,0.7142857142857143,0.014204078954824357,T
2015-09-28,T1512.CFX,2,0.23179624391526515,36,0.3448275862068966,-0.0686809356114971,T
2015-09-29,T1512.CFX,2,0.18428036643824836,48,0.13333333333333333,-0.049008029275263806,T
2015-09-30,T1512.CFX,2,0.30206821561212543,44,0.6451612903225806,-0.03489381388221707,T
2015-10-08,T1512.CFX,2,0.23243460847092226,37,0.375,-0.0105603449169753,T
2015-10-09,T1512.CFX,2,0.4753063772166926,84,0.9696969696969697,0.05351745086355288,T
2015-10-12,T1512.CFX,2,0.4324130660807307,85,0.9411764705882353,0.0669503560889532,T
2015-10-13,T1512.CFX,2,0.6218089163212477,88,1.0,0.0839459859028053,T
2015-10-14,T1512.CFX,2,0.4172714192713657,203,0.8611111111111112,0.051617616070544194,T
2015-10-15,T1512.CFX,2,0.37362263306336285,128,0.7837837837837838,-0.021850913511602454,T
2015-10-16,T1512.CFX,2,0.37681430509517033,160,0.7894736842105263,-0.03593838052290057,T
2015-10-19,T1512.CFX,2,0.5272921679689908,108,0.9487179487179487,-0.022949061088070887,T
2015-10-20,T1512.CFX,2,0.8808811119196773,162,1.0,0.10808889202022512,T
2015-10-21,T1512.CFX,2,0.7009338127461809,187,0.975609756097561,0.11586891661901433,T
2015-10-22,T1512.CFX,2,0.6929291961546287,133,0.9523809523809523,0.08058714268961067,T
2015-10-23,T1512.CFX,2,0.9728610435657512,213,1.0,0.07031858354284722,T
2015-10-26,T1512.CFX,2,0.6698835320694756,232,0.9090909090909091,-0.01500679288808333,T
2015-10-27,T1512.CFX,2,0.17798021056681737,255,0.06666666666666667,-0.10689528684438802,T
2015-10-28,T1512.CFX,2,0.3796714656881331,233,0.6956521739130435,-0.14213962939319252,T
2015-10-29,T1512.CFX,2,0.8344464676318012,252,0.9574468085106383,-0.05670412182492426,T
2015-10-30,T1512.CFX,2,0.838438422360292,253,0.9583333333333334,0.09935760376466166,T
2015-11-02,T1512.CFX,2,0.5199175203220116,213,0.7959183673469388,0.11426415761825473,T
2015-11-03,T1512.CFX,2,0.5986784298230237,175,0.84,0.012348498095999139,T
2015-11-04,T1512.CFX,2,0.3647415398711459,254,0.5686274509803921,-0.11791698480585788,T
2015-11-05,T1512.CFX,2,0.6909962871429213,250,0.8846153846153846,-0.045006025088560685,T
2015-11-06,T1512.CFX,2,0.11511873289998223,217,0.0,-0.0717279717524161,T
2015-11-09,T1512.CFX,2,0.5003112007624058,225,0.7592592592592593,-0.04463572650923995,T
2015-11-10,T1512.CFX,2,0.4587631568881555,227,0.7272727272727273,-0.0002641852346496387,T
2015-11-11,T1512.CFX,2,0.7706607123590267,286,0.9285714285714286,0.05029732744203839,T
2015-11-12,T1512.CFX,2,0.693210631207035,248,0.8947368421052632,0.14265333082107262,T
2015-11-13,T1512.CFX,2,0.27597405489026455,232,0.3793103448275862,-0.021422681742540306,T
2015-11-16,T1603.CFX,3,,6,,,T
2015-11-17,T1603.CFX,3,,9,,,T
2015-11-18,T1603.CFX,3,0.2667379054979643,9,,,T
2015-11-19,T1603.CFX,3,0.2971693610345282,10,,,T
2015-11-20,T1603.CFX,3,0.3002060507604633,12,,,T
2015-11-23,T1603.CFX,3,0.34377279342668887,17,,,T
2015-11-24,T1603.CFX,3,0.2655746190976863,23,,0.0044276859591604765,T
2015-11-25,T1603.CFX,3,0.3771476357844123,21,,0.01253251178369912,T
2015-11-26,T1603.CFX,3,0.36477111058632256,26,,0.0162504962009442,T
2015-11-27,T1603.CFX,3,0.37189808578103356,23,,0.015544707619732567,T
2015-11-30,T1603.CFX,3,0.389004484973448,17,,0.024161018174814454,T
2015-12-01,T1603.CFX,3,0.31102487472731377,20,,-0.010801214772707169,T
2015-12-02,T1603.CFX,3,0.4413117998071655,23,,0.00922081673879661,T
2015-12-03,T1603.CFX,3,0.36193590019926597,17,,0.0032382943670182353,T
2015-12-04,T1603.CFX,3,0.28957588006332735,21,,-0.014794618434828922,T
2015-12-07,T1603.CFX,3,0.21251294147273508,20,,-0.03487597862529954,T
2015-12-08,T1603.CFX,3,0.20975275353584996,16,,-0.06125410512691618,T
2015-12-09,T1603.CFX,3,0.11317677407103824,20,,-0.05773413787839328,T
2015-12-10,T1603.CFX,3,0.18547862853194805,20,,-0.030753067046445554,T
2015-12-11,T1603.CFX,3,0.34527921643806136,18,,0.024125842492675065,T
2015-12-14,T1603.CFX,3,0.2994584029184388,27,,0.04115137411322008,T
2015-12-15,T1603.CFX,3,0.2203448601329141,19,,0.03283159465102425,T
2015-12-16,T1603.CFX,3,0.3113077089253804,18,0.6,0.012672380448171738,T
2015-12-17,T1603.CFX,3,0.3448974623611035,21,0.6666666666666666,0.001108579785302588,T
2015-12-18,T1603.CFX,3,0.3115281851277793,25,0.5909090909090909,0.014869216664687046,T
2015-12-21,T1603.CFX,3,0.3925206273177714,24,0.9565217391304348,0.03445720105721135,T
2015-12-22,T1603.CFX,3,0.4258146241419013,25,0.9583333333333334,0.027663699538970965,T
2015-12-23,T1603.CFX,3,0.306162594789676,19,0.44,0.00368167038712669,T
2015-12-24,T1603.CFX,3,0.35310723400244864,23,0.6923076923076923,-0.0003199934778756686,T
2015-12-25,T1603.CFX,3,0.34407520762647836,24,0.5925925925925926,-0.016959822952203885,T
2015-12-28,T1603.CFX,3,0.42705114572683966,18,0.9642857142857143,0.0040385656006679095,T
2015-12-29,T1603.CFX,3,0.3588952776081099,25,0.6896551724137931,0.01794092773612589,T
2015-12-30,T1603.CFX,3,0.21761525423894496,23,0.13333333333333333,-0.02561638895453757,T
2015-12-31,T1603.CFX,3,0.4657142108446579,24,1.0,0.0033842114948464453,T
2016-01-04,T1603.CFX,3,0.30324991239002635,32,0.375,-0.014078353343707873,T
2016-01-05,T1603.CFX,3,0.28571017149475936,26,0.24242424242424243,-0.00607355540756197,T
2016-01-06,T1603.CFX,3,0.35612270239758564,28,0.6764705882352942,0.009701085696738276,T
2016-01-07,T1603.CFX,3,0.1423387057809506,42,0.02857142857142857,-0.059387822011985524,T
2016-01-08,T1603.CFX,3,0.2985832588739798,30,0.3333333333333333,-0.015270477274590178,T
2016-01-11,T1603.CFX,3,0.31744602522732945,28,0.5405405405405406,0.0005932263941534454,T
2016-01-12,T1603.CFX,3,0.28140896535007137,29,0.23684210526315788,0.002567984535135037,T
2016-01-13,T1603.CFX,3,0.24141150327084576,27,0.1794871794871795,0.018097130145588197,T
2016-01-14,T1603.CFX,3,0.23661340924633775,37,0.175,-0.01999742212117677,T
2016-01-15,T1603.CFX,3,0.4758962424627776,29,1.0,0.027210487836716278,T
2016-01-18,T1603.CFX,3,0.26759148897383916,32,0.2619047619047619,0.02068497864394674,T
2016-01-19,T1603.CFX,3,0.3201809842014386,35,0.5813953488372093,0.018851704158868703,T
2016-01-20,T1603.CFX,3,0.2883447660417185,37,0.3181818181818182,-0.00522525446705775,T
2016-01-21,T1603.CFX,3,0.2522904708591785,28,0.2,-0.04264582661393189,T
2016-01-22,T1603.CFX,3,0.3405155684578995,24,0.6086956521739131,0.007795764562586049,T
2016-01-25,T1603.CFX,3,0.2501291051393033,32,0.19148936170212766,-0.008793295570808945,T
2016-01-26,T1603.CFX,3,0.30401290261811476,36,0.4791666666666667,0.0029174907432917285,T
2016-01-27,T1603.CFX,3,0.42807602636802955,32,0.9387755102040817,0.031506844517791746,T
2016-01-28,T1603.CFX,3,0.41159165369633327,33,0.88,0.03200990917055938,T
2016-01-29,T1603.CFX,3,0.31898759647290886,30,0.5686274509803921,0.02452957337454296,T
2016-02-01,T1603.CFX,3,0.27614580172902203,24,0.2692307692307692,-0.016482263167330626,T
2016-02-02,T1603.CFX,3,0.29614214137541844,31,0.3584905660377358,-0.03993136219525335,T
2016-02-03,T1603.CFX,3,0.34698520157284446,25,0.7037037037037037,-0.015205835934446809,T
2016-02-04,T1603.CFX,3,0.27021221721483635,26,0.2545454545454545,-0.002671135867232266,T
2016-02-05,T1606.CFX,4,,3,,,T
2016-02-15,T1606.CFX,4,,9,,,T
2016-02-16,T1606.CFX,4,0.17124333681474077,11,,,T
2016-02-17,T1606.CFX,4,0.22775113773616998,14,,,T
2016-02-18,T1606.CFX,4,0.29278584334231117,20,,,T
2016-02-19,T1606.CFX,4,0.2792517920494683,22,,,T
2016-02-22,T1606.CFX,4,0.2809834267758565,18,,0.027098083423552983,T
2016-02-23,T1606.CFX,4,0.3219749970486232,20,,0.017664530205845186,T
2016-02-24,T1606.CFX,4,0.48064160988575233,19,,0.04184347380860372,T
2016-02-25,T1606.CFX,4,0.2490405095753855,27,,0.013923561816173019,T
2016-02-26,T1606.CFX,4,0.3701888742011654,29,,0.010547640737738007,T
2016-02-29,T1606.CFX,4,0.4629305154977944,23,,0.01714583012137554,T
2016-03-01,T1606.CFX,4,0.3706220336178872,28,,-0.0006149146613321444,T
2016-03-02,T1606.CFX,4,0.5399232127459297,27,,0.058219856575781014,T
2016-03-03,T1606.CFX,4,0.34219491286717846,32,,0.002100477458016148,T
2016-03-04,T1606.CFX,4,0.3241950707480509,28,,-0.03058980102501958,T
2016-03-07,T1606.CFX,4,0.3431339704093813,25,,-0.027070426841489047,T
2016-03-08,T1606.CFX,4,0.3056717349499315,32,,-0.046756389804979356,T
2016-03-09,T1606.CFX,4,0.35060269573172775,23,,-0.00017077700690207865,T
2016-03-10,T1606.CFX,4,0.26421936496055876,28,,-0.01124826862526378,T
2016-03-11,T1606.CFX,4,0.4142247882998282,24,,0.010072926579152097,T
2016-03-14,T1606.CFX,4,0.32267835097304465,19,,0.009763532461432666,T
2016-03-15,T1606.CFX,4,0.31396404182660126,23,0.4,-0.0014818321797767098,T
2016-03-16,T1606.CFX,4,0.4541790865336496,26,0.8571428571428571,0.027965869667295463,T
2016-03-17,T1606.CFX,4,0.255952244026818,27,0.13636363636363635,-0.018504435298541556,T
2016-03-18,T1606.CFX,4,0.16225331217155134,20,0.0,-0.03788618754027698,T
2016-03-21,T1606.CFX,4,0.2652466659904521,21,0.25,-0.03893605260343965,T
2016-03-22,T1606.CFX,4,0.39535754995375627,19,0.8,-0.010834865119615256,T
2016-03-23,T1606.CFX,4,0.374646524670876,17,0.7692307692307693,0.047049279907032095,T
2016-03-24,T1606.CFX,4,0.3594127773523744,19,0.6666666666666666,0.05037187890420701,T
2016-03-25,T1606.CFX,4,0.31228738706646414,18,0.39285714285714285,0.0058136669550642225,T
2016-03-28,T1606.CFX,4,0.35084893706052045,17,0.6551724137931034,-0.015137636339088333,T
2016-03-29,T1606.CFX,4,0.329180248559075,19,0.5333333333333333,-0.009949639251545605,T
2016-03-30,T1606.CFX,4,0.24127931194561464,16,0.0967741935483871,-0.021937406932090876,T
2016-03-31,T1606.CFX,4,0.22320957044719986,17,0.0625,-0.028772525835343433,T
2016-04-01,T1606.CFX,4,0.2574508755281542,11,0.21212121212121213,-0.02927668011766075,T
2016-04-05,T1606.CFX,4,0.2643451216818906,15,0.2647058823529412,-0.011349869017182934,T
2016-04-06,T1606.CFX,4,0.21838178540803307,19,0.05714285714285714,-0.0004659501840472313,T
2016-04-07,T1606.CFX,4,0.20610526417552477,15,0.05555555555555555,-0.0073277702663471335,T
2016-04-08,T1606.CFX,4,0.3066186261170683,21,0.4594594594594595,0.004009564367146235,T
2016-04-11,T1606.CFX,4,0.3587415106289829,13,0.7368421052631579,0.02770296186032198,T
2016-04-12,T1606.CFX,4,0.26044227580719387,9,0.2564102564102564,0.023675722725177966,T
2016-04-13,T1606.CFX,4,0.24634391516750354,20,0.175,0.003430095167408315,T
2016-04-14,T1606.CFX,4,0.2674599750165051,18,0.36585365853658536,-0.019071489766260587,T
2016-04-15,T1606.CFX,4,0.16035466422027195,19,0.0,-0.038975599360811075,T
2016-04-18,T1606.CFX,4,0.24469037328325355,14,0.18604651162790697,-0.011749305599511229,T
2016-04-19,T1606.CFX,4,0.29618239349827635,14,0.4772727272727273,0.007690735492829415,T
2016-04-20,T1606.CFX,4,0.31108619048150965,21,0.5333333333333333,0.022308016020801347,T
2016-04-21,T1606.CFX,4,0.30448734177706427,18,0.4782608695652174,0.03546611723118407,T
2016-04-22,T1606.CFX,4,0.23911718243355215,13,0.14893617021276595,-0.00028414334206148807,T
2016-04-25,T1606.CFX,4,0.22899778144310656,16,0.14583333333333334,-0.020633823215829704,T
2016-04-26,T1606.CFX,4,0.3449928368597351,18,0.7346938775510204,-0.0007676267577506835,T
2016-04-27,T1606.CFX,4,0.23752449887360153,13,0.16,-0.0028050031380742525,T
2016-04-28,T1606.CFX,4,0.3306187338223808,12,0.6862745098039216,0.019152982020815213,T
2016-04-29,T1606.CFX,4,0.30377556791283666,8,0.4807692307692308,0.013518146990210594,T
2016-05-03,T1606.CFX,4,0.2775447471643938,7,0.39622641509433965,-0.006864511035144738,T
2016-05-04,T1606.CFX,4,0.2934746914410336,10,0.46296296296296297,0.005882639847687721,T
2016-05-05,T1606.CFX,4,0.24432215877881286,5,0.2,-0.018289402655893884,T
2016-05-06,T1609.CFX,5,,10,,,T
2016-05-09,T1609.CFX,5,0.20916745066627357,17,,,T
2016-05-10,T1609.CFX,5,0.34572050223429857,30,,,T
2016-05-11,T1609.CFX,5,0.33445052743116865,24,,,T
2016-05-12,T1609.CFX,5,0.30053209001227793,25,,,T
2016-05-13,T1609.CFX,5,0.30853234685726316,30,,0.01535413801599586,T
2016-05-16,T1609.CFX,5,0.23871705634859763,29,,-0.023992507234530724,T
2016-05-17,T1609.CFX,5,0.3733264711629091,24,,0.0015936853799800698,T
2016-05-18,T1609.CFX,5,0.3353215589475325,30,,0.013437306217615509,T
2016-05-19,T1609.CFX,5,0.17011834587042268,29,,-0.018022349937474612,T
2016-05-20,T1609.CFX,5,0.3176222029559346,25,,-0.004539783207781256,T
2016-05-23,T1609.CFX,5,0.3928000054191776,22,,0.002124771252093893,T
2016-05-24,T1609.CFX,5,0.40220289043873303,24,,0.0356444322531156,T
2016-05-25,T1609.CFX,5,0.2878866502502831,21,,0.03201172962425193,T
2016-05-26,T1609.CFX,5,0.4265632997541827,20,,0.011296883842760175,T
2016-05-27,T1609.CFX,5,0.25079920093826796,17,,-0.025964119964636944,T
2016-05-30,T1609.CFX,5,0.25891698791039547,20,,-0.03236592543686902,T
2016-05-31,T1609.CFX,5,0.3992364444457473,24,,0.005505327654714109,T
2016-06-01,T1609.CFX,5,0.18359865544726434,20,,-0.033749204510635754,T
2016-06-02,T1609.CFX,5,0.34425077584150277,21,,0.011158481734333847,T
2016-06-03,T1609.CFX,5,0.2518853760616352,20,,-0.006904889230176514,T
2016-06-06,T1609.CFX,5,0.41929959620487545,16,0.95,0.010841302413262721,T
2016-06-07,T1609.CFX,5,0.2361583245198648,13,0.14285714285714285,0.01801681585085736,T
2016-06-08,T1609.CFX,5,0.2471773603436791,13,0.22727272727272727,-0.02098738825374178,T
2016-06-13,T1609.CFX,5,0.16349684828217242,19,0.0,-0.03488992914201219,T
2016-06-14,T1609.CFX,5,0.4795879271915705,28,1.0,0.004791518573569764,T
2016-06-15,T1609.CFX,5,0.2416525015571332,19,0.24,0.02433989209224282,T
2016-06-16,T1609.CFX,5,0.3660159134238349,24,0.7307692307692307,0.031583275943527236,T
2016-06-17,T1609.CFX,5,0.3094930517190292,24,0.5185185185185185,0.01784203931059779,T
2016-06-20,T1609.CFX,5,0.39064913269198576,19,0.7857142857142857,-0.011003703883727345,T
2016-06-21,T1609.CFX,5,0.2744143170716076,23,0.3793103448275862,0.009015685029709975,T
2016-06-22,T1609.CFX,5,0.3211575229536026,31,0.5666666666666667,-0.012479551558788604,T
2016-06-23,T1609.CFX,5,0.1670518156802549,19,0.03225806451612903,-0.03543740818159319,T
2016-06-24,T1609.CFX,5,0.22287629393271874,42,0.15625,-0.04429081789098867,T
2016-06-27,T1609.CFX,5,0.29387853854583634,26,0.45454545454545453,-0.005935278607242656,T
2016-06-28,T1609.CFX,5,0.4212157953567542,32,0.9411764705882353,0.03269432676718846,T
2016-06-29,T1609.CFX,5,0.4442212677918208,25,0.9714285714285714,0.07526784056471672,T
2016-06-30,T1609.CFX,5,0.32166821887991076,28,0.5833333333333334,0.03479265791403685,T
2016-07-01,T1609.CFX,5,0.40954849500844964,31,0.8648648648648649,0.013179233644838317,T
2016-07-04,T1609.CFX,5,0.16799923042570486,33,0.05263157894736842,-0.05411059026454699,T
2016-07-05,T1609.CFX,5,0.2921576028765097,29,0.41025641025641024,-0.04577963182848281,T
2016-07-06,T1609.CFX,5,0.3905879005071425,27,0.75,0.002044847112252346,T
2016-07-07,T1609.CFX,5,0.22883425966430299,22,0.17073170731707318,-0.013883980060685575,T
2016-07-08,T1609.CFX,5,0.4710443820018172,30,0.9761904761904762,0.0542766959940018,T
2016-07-11,T1609.CFX,5,0.21025515400269237,25,0.13953488372093023,-0.008334841625295991,T
2016-07-12,T1609.CFX,5,0.3951046334077927,27,0.7954545454545454,-0.0009545639860310207,T
2016-07-13,T1609.CFX,5,0.32566513724487145,24,0.5777777777777777,0.011772200656711251,T
2016-07-14,T1609.CFX,5,0.32823464040453965,24,0.5869565217391305,-0.01702094999523761,T
2016-07-15,T1609.CFX,5,0.3996210309465227,38,0.8297872340425532,0.031186176088440754,T
2016-07-18,T1609.CFX,5,0.2595248740907262,21,0.3333333333333333,-0.019720362493248177,T
2016-07-19,T1609.CFX,5,0.25807968332757886,15,0.30612244897959184,-0.02038806741483986,T
2016-07-20,T1609.CFX,5,0.3083656560695112,31,0.46,-0.018127931628900064,T
2016-07-21,T1609.CFX,5,0.3283995858674168,32,0.6078431372549019,-0.009360210817942693,T
2016-07-22,T1609.CFX,5,0.2456625798013325,32,0.23076923076923078,0.004259531396105043,T
2016-07-25,T1609.CFX,5,0.1809284614872681,24,0.07547169811320754,-0.021700551994880024,T
2016-07-26,T1609.CFX,5,0.19779280839274682,26,0.1111111111111111,-0.03686168197336774,T
2016-07-27,T1609.CFX,5,0.29037132976255625,28,0.41818181818181815,-0.012392628361830683,T
2016-07-28,T1609.CFX,5,0.3992825798610101,30,0.8392857142857143,0.041668286839464344,T
2016-07-29,T1609.CFX,5,0.2697515060562634,23,0.3684210526315789,0.03791358606062539,T
2016-08-01,T1609.CFX,5,0.3487781650109517,24,0.7068965517241379,0.02813508895301169,T
2016-08-02,T1609.CFX,5,0.38046518908125176,19,0.7457627118644068,0.012968330378733262,T
2016-08-03,T1609.CFX,5,0.4307199150010166,21,0.95,0.017358835330500134,T
2016-08-04,T1609.CFX,5,0.3124605954232179,13,0.5,0.01673599287239739,T
2016-08-05,T1609.CFX,5,0.34025500895411454,18,0.65,-0.008505090577170827,T
2016-08-08,T1609.CFX,5,0.26903417389690787,19,0.3333333333333333,-0.031332693641558995,T
2016-08-09,T1609.CFX,5,0.27863842520771315,18,0.38333333333333336,-0.0347589401112917,T
2016-08-10,T1612.CFX,6,0.24566234555148414,27,,,T
2016-08-11,T1612.CFX,6,0.2688290637005085,24,,,T
2016-08-12,T1612.CFX,6,0.14982092059301097,35,,,T
2016-08-15,T1612.CFX,6,0.32439782302476305,46,,,T
2016-08-16,T1612.CFX,6,0.18167582539017352,39,,-0.007240428099836671,T
2016-08-17,T1612.CFX,6,0.2815266094058169,33,,0.0057249996207779374,T
2016-08-18,T1612.CFX,6,0.3351981747384149,37,,0.03278832946718617,T
2016-08-19,T1612.CFX,6,0.1392365350605344,45,,-0.021680022658021596,T
2016-08-22,T1612.CFX,6,0.24620078968556017,29,,-0.0013240145754509214,T
2016-08-23,T1612.CFX,6,0.40224033525527075,58,,0.015243006664605296,T
2016-08-24,T1612.CFX,6,0.3208803483153663,52,,0.023436814734863927,T
2016-08-25,T1612.CFX,6,0.40060338279780583,41,,0.059741325410434906,T
2016-08-26,T1612.CFX,6,0.2140141414139441,36,,-0.006601024900069708,T
2016-08-29,T1612.CFX,6,0.2868713848821226,32,,-0.033760410764771855,T
2016-08-30,T1612.CFX,6,0.3059379938733898,46,,-0.014361670679963624,T
2016-08-31,T1612.CFX,6,0.21156048186115192,32,,-0.028616194941386203,T
2016-09-01,T1612.CFX,6,0.19578495058963996,46,,-0.011176928466957892,T
2016-09-02,T1612.CFX,6,0.38300916226633575,33,,0.008212251148467641,T
2016-09-05,T1612.CFX,6,0.19798087076865073,24,,-0.00444655658042944,T
2016-09-06,T1612.CFX,6,0.30929327886463914,28,,0.019766151418598527,T
2016-09-07,T1612.CFX,6,0.3646206170660124,30,0.85,0.02639554495510483,T
2016-09-08,T1612.CFX,6,0.22158085903415597,32,0.3333333333333333,-0.015621686016699787,T
2016-09-09,T1612.CFX,6,0.2088136416826194,34,0.22727272727272727,-0.006604687800254578,T
2016-09-12,T1612.CFX,6,0.28344676682504694,30,0.5652173913043478,-0.020749999946257737,T
2016-09-13,T1612.CFX,6,0.18520138103180156,42,0.125,-0.02969725642775308,T
2016-09-14,T1612.CFX,6,0.5697171065426253,38,1.0,0.06726602343661207,T
2016-09-19,T1612.CFX,6,0.235530814088757,21,0.38461538461538464,0.03397046845298536,T
2016-09-20,T1612.CFX,6,0.39417413108736593,31,0.8888888888888888,0.027178416158159347,T
2016-09-21,T1612.CFX,6,0.4316585516027983,36,0.9642857142857143,0.031737136568673406,T
2016-09-22,T1612.CFX,6,0.2179159615495025,28,0.3103448275862069,-0.05074745524722044,T
2016-09-23,T1612.CFX,6,0.1807882765983585,30,0.06666666666666667,-0.02857432445186605,T
2016-09-26,T1612.CFX,6,0.2696706470397689,24,0.5161290322580645,-0.0499877243099634,T
2016-09-27,T1612.CFX,6,0.1851388568060262,25,0.125,-0.04412847041032778,T
2016-09-28,T1612.CFX,6,0.16506993454209887,22,0.06060606060606061,-0.010134147380713953,T
2016-09-29,T1612.CFX,6,0.3698269472617638,18,0.8235294117647058,0.02734766288291405,T
2016-09-30,T1612.CFX,6,0.25428253058110906,13,0.4857142857142857,0.015391185753841786,T
2016-10-10,T1612.CFX,6,0.2779575003316088,24,0.5555555555555556,0.027484988309017543,T
2016-10-11,T1612.CFX,6,0.2998927714955454,24,0.6486486486486487,0.0177776226976738,T
2016-10-12,T1612.CFX,6,0.3569861156541041,28,0.7894736842105263,0.001992857769911693,T
2016-10-13,T1612.CFX,6,0.2660614259604118,22,0.46153846153846156,0.01025864060811008,T
2016-10-14,T1612.CFX,6,0.1960912354157423,29,0.2,-0.01975638753668666,T
2016-10-17,T1612.CFX,6,0.32998590577479076,22,0.7560975609756098,-0.01007086116798711,T
2016-10-18,T1612.CFX,6,0.21582767234705705,22,0.30952380952380953,-0.021839240679971512,T
2016-10-19,T1612.CFX,6,0.19077681435186836,28,0.16279069767441862,-0.013083278628577217,T
2016-10-20,T1612.CFX,6,0.25399026165586075,31,0.45454545454545453,-0.002341103894268559,T
2016-10-21,T1612.CFX,6,0.1733644737808671,24,0.06666666666666667,-0.027508027467904362,T
2016-10-24,T1612.CFX,6,0.5457050940083908,45,0.9782608695652174,0.06423425027516663,T
2016-10-25,T1612.CFX,6,0.3733487234983797,40,0.851063829787234,0.06568586506455529,T
2016-10-26,T1612.CFX,6,0.17878376948541316,48,0.08333333333333333,0.004957126537661738,T
2016-10-27,T1612.CFX,6,0.14366840617348448,42,0.02040816326530612,-0.04263134597377429,T
2016-10-28,T1612.CFX,6,0.3009825736885756,32,0.66,-0.07191253579645256,T
2016-10-31,T1612.CFX,6,0.15696630711743886,36,0.058823529411764705,-0.031056602855871928,T
2016-11-01,T1612.CFX,6,0.3212754416481935,34,0.7307692307692307,0.029828124526951504,T
2016-11-02,T1612.CFX,6,0.11541571473451924,26,0.0,-0.0036212514918312596,T
2016-11-03,T1612.CFX,6,0.19776978729183128,30,0.2777777777777778,-0.024797616517640824,T
2016-11-04,T1612.CFX,6,0.27630630432647096,19,0.5636363636363636,0.011517434006170191,T
2016-11-07,T1612.CFX,6,0.3170756314524308,24,0.7142857142857143,0.015249096920042626,T
2016-11-08,T1612.CFX,6,0.30527169049880565,30,0.6666666666666666,0.04990177956891723,T
2016-11-09,T1612.CFX,6,0.12920725644655517,35,0.017241379310344827,-0.01081596755182176,T
2016-11-10,T1703.CFX,7,0.3385004472405794,27,,,T
2016-11-11,T1703.CFX,7,0.28174681011474556,35,,,T
2016-11-14,T1703.CFX,7,0.18538279767304702,42,,,T
2016-11-15,T1703.CFX,7,0.2628993883695366,46,,,T
2016-11-16,T1703.CFX,7,0.5357698579026977,35,,0.037569139957902765,T
2016-11-17,T1703.CFX,7,0.279905361693781,42,,0.03467041633877216,T
2016-11-18,T1703.CFX,7,0.27026078744201554,45,,0.018676195286218146,T
2016-11-21,T1703.CFX,7,0.27354750082134166,26,,-0.02442128455570721,T
2016-11-22,T1703.CFX,7,0.3375521880735401,35,,-0.040279320053075454,T
2016-11-23,T1703.CFX,7,0.37741760671921243,32,,0.02623158906823874,T
2016-11-24,T1703.CFX,7,0.2935019189590079,27,,0.015035236893185543,T
2016-11-25,T1703.CFX,7,0.2981254643353874,27,,0.0005105657913559325,T
2016-11-28,T1703.CFX,7,0.19205686987977527,20,,-0.03702827787713546,T
2016-11-29,T1703.CFX,7,0.31627172013978067,57,,-0.022373682223809598,T
2016-11-30,T1703.CFX,7,0.4966665204777839,63,,0.042447545884194526,T
2016-12-01,T1703.CFX,7,0.3746769310593736,70,,0.045771258404598114,T
2016-12-02,T1703.CFX,7,0.2997251501086812,59,,0.027374177137740485,T
2016-12-05,T1703.CFX,7,0.5741831688780172,45,,0.03188815271073706,T
2016-12-06,T1703.CFX,7,0.20551512973166336,83,,-0.03827965436735975,T
2016-12-07,T1703.CFX,7,0.33399880074099714,67,,-0.017556628101377092,T
2016-12-08,T1703.CFX,7,0.4191838278604599,56,0.85,-0.00012670126334627386,T
2016-12-09,T1703.CFX,7,0.23981967358109588,43,0.14285714285714285,-0.04550582924650462,T
2016-12-12,T1703.CFX,7,0.6177936274740594,66,1.0,0.07303778683248908,T
2016-12-13,T1703.CFX,7,0.4215566315813734,71,0.8260869565217391,0.037372546129435205,T
2016-12-14,T1703.CFX,7,0.3444026374963343,71,0.6666666666666666,0.003217457727202644,T
2016-12-15,T1703.CFX,7,0.33801938018941424,153,0.6,-0.007699157676108848,T
2016-12-16,T1703.CFX,7,0.3778641847767361,150,0.7692307692307693,-0.05633961367866058,T
2016-12-19,T1703.CFX,7,0.37003539326315793,122,0.6666666666666666,-0.006958092935602922,T
2016-12-20,T1703.CFX,7,0.26799167064562485,156,0.17857142857142858,-0.012080592062767515,T
2016-12-21,T1703.CFX,7,0.6839995719282912,155,1.0,0.05820878693466427,T
2016-12-22,T1703.CFX,7,0.326786486543964,124,0.4666666666666667,0.02118087821995891,T
2016-12-23,T1703.CFX,7,0.470801027116141,114,0.8387096774193549,0.02603260836043053,T
2016-12-26,T1703.CFX,7,0.2349231783979072,87,0.09375,-0.027933552930758537,T
2016-12-27,T1703.CFX,7,0.6431365670992196,64,0.9696969696969697,-0.017358931780420007,T
2016-12-28,T1703.CFX,7,0.4671526442067295,88,0.7941176470588235,0.04530678553086094,T
2016-12-29,T1703.CFX,7,0.2556653246813236,99,0.14285714285714285,-0.019804193906081246,T
2016-12-30,T1703.CFX,7,0.11049581023220753,88,0.0,-0.06363259787492952,T
2017-01-03,T1703.CFX,7,0.3247108924359256,76,0.4594594594594595,-0.099350818330111,T
2017-01-04,T1703.CFX,7,0.34737815051265064,95,0.631578947368421,-0.01705034196335555,T
2017-01-05,T1703.CFX,7,0.27524550659953706,51,0.28205128205128205,0.027604270411687004,T
2017-01-06,T1703.CFX,7,0.18190439114579451,41,0.025,0.009335177599078542,T
2017-01-09,T1703.CFX,7,0.18277991955835576,30,0.04878048780487805,-0.04493357051219958,T
2017-01-10,T1703.CFX,7,0.17778590820444445,50,0.023809523809523808,-0.04316500716575936,T
2017-01-11,T1703.CFX,7,0.18882824536803755,54,0.11627906976744186,-0.01769530054043491,T
2017-01-12,T1703.CFX,7,0.575947390962808,54,0.9318181818181818,0.07941343254437087,T
2017-01-13,T1703.CFX,7,0.14460745878244244,22,0.022222222222222223,0.032181656120653684,T
2017-01-16,T1703.CFX,7,0.5118993885286811,68,0.8695652173913043,0.062400617406287814,T
2017-01-17,T1703.CFX,7,0.1584890901777057,45,0.0425531914893617,-0.012472631281479057,T
2017-01-18,T1703.CFX,7,0.2524697702174463,45,0.25,-0.06330736100954601,T
2017-01-19,T1706.CFX,8,,12,,,T
2017-01-20,T1706.CFX,8,0.39687038531848307,15,,,T
2017-01-23,T1706.CFX,8,0.3570824120414111,3,,,T
2017-01-24,T1706.CFX,8,0.3122930302372805,9,,,T
2017-01-25,T1706.CFX,8,0.23396767799511328,14,,,T
2017-01-26,T1706.CFX,8,0.15029016815814494,14,,-0.061627516836697406,T
2017-02-03,T1706.CFX,8,0.41682725131922327,21,,-0.00425131835235113,T
2017-02-06,T1706.CFX,8,0.27755566034608703,22,,0.011338483354172302,T
2017-02-07,T1706.CFX,8,0.23928452716848345,31,,0.013789919053468241,T
2017-02-08,T1706.CFX,8,0.476281321253922,30,,0.04744395820408143,T
2017-02-09,T1706.CFX,8,0.28497147629742803,28,,-0.006498588913575565,T
2017-02-10,T1706.CFX,8,0.17207056141552818,21,,-0.016528324873217315,T
2017-02-13,T1706.CFX,8,0.12783387024383266,11,,-0.05271120736876953,T
2017-02-14,T1706.CFX,8,0.31996448104363134,23,,-0.04697712864741767,T
2017-02-15,T1706.CFX,8,0.15868774942538166,13,,-0.010467353411598962,T
2017-02-16,T1706.CFX,8,0.15940246261090235,14,,0.0005517681572297373,T
2017-02-17,T1706.CFX,8,0.23253449113832597,17,,0.004883922335625762,T
2017-02-20,T1706.CFX,8,0.2711927053621394,26,,-0.0023696809650039508,T
2017-02-21,T1706.CFX,8,0.2684336039941255,15,,0.03312819518887248,T
2017-02-22,T1706.CFX,8,0.25437179867881704,24,,0.022583778499162897,T
2017-02-23,T1706.CFX,8,0.4168662914843374,31,,0.03518426940087006,T
2017-02-24,T1706.CFX,8,0.5216612609339337,33,1.0,0.06493697986338005,T
2017-02-27,T1706.CFX,8,0.2938843190466626,29,0.6190476190476191,0.031819089236019095,T
2017-02-28,T1706.CFX,8,0.247323516278442,26,0.36363636363636365,-0.013707853723842478,T
2017-03-01,T1706.CFX,8,0.30700148539480504,32,0.6521739130434783,-0.049406735683455646,T
2017-03-02,T1706.CFX,8,0.16137398294096456,25,0.16666666666666666,-0.07074573896377959,T
2017-03-03,T1706.CFX,8,0.2532617196335351,23,0.4,-0.016719473216373248,T
2017-03-06,T1706.CFX,8,0.3361667790901247,19,0.7692307692307693,0.012394675986209558,T
2017-03-07,T1706.CFX,8,0.21771100941190671,12,0.2222222222222222,-0.000378815581663644,T
2017-03-08,T1706.CFX,8,0.41971416866571654,28,0.9285714285714286,0.04811296612278756,T
2017-03-09,T1706.CFX,8,0.26609340571985685,21,0.4482758620689655,0.010921076174823529,T
2017-03-10,T1706.CFX,8,0.14475904318058566,11,0.03333333333333333,-0.03344330755111279,T
2017-03-13,T1706.CFX,8,0.2709160418398683,16,0.5161290322580645,-0.01685450606292078,T
2017-03-14,T1706.CFX,8,0.42388025067442425,28,0.9375,0.0013154800137426981,T
2017-03-15,T1706.CFX,8,0.2268283454414861,25,0.24242424242424243,0.020059108693709714,T
2017-03-16,T1706.CFX,8,0.22424479335835906,28,0.23529411764705882,0.011488380395716457,T
2017-03-17,T1706.CFX,8,0.13150836135668023,11,0.02857142857142857,-0.04784508182824414,T
2017-03-20,T1706.CFX,8,0.1426760393998575,12,0.05555555555555555,-0.06577284066339394,T
2017-03-21,T1706.CFX,8,0.31824934549156786,28,0.7297297297297297,0.010127324614166188,T
2017-03-22,T1706.CFX,8,0.3178726076208966,22,0.7105263157894737,0.03739966126599627,T
2017-03-23,T1706.CFX,8,0.291634732754383,12,0.6153846153846154,0.049544931101644464,T
2017-03-24,T1706.CFX,8,0.1722148981356439,17,0.225,0.003246310473438796,T
2017-03-27,T1706.CFX,8,0.1814565483646297,22,0.24390243902439024,-0.04192433037391289,T
2017-03-28,T1706.CFX,8,0.4866719622224003,28,0.9761904761904762,0.022742052481325416,T
2017-03-29,T1706.CFX,8,0.34619496081998985,13,0.7906976744186046,0.042357752021797,T
2017-03-30,T1706.CFX,8,0.26697176029204334,31,0.4772727272727273,0.035425213676815906,T
2017-03-31,T1706.CFX,8,0.1685405719784288,15,0.17777777777777778,-0.02455321547027588,T
2017-04-05,T1706.CFX,8,0.16326477958336422,14,0.17391304347826086,-0.08244687541196333,T
2017-04-06,T1706.CFX,8,0.3763734669502543,24,0.8297872340425532,-0.00433499684481502,T
2017-04-07,T1706.CFX,8,0.3789269442682107,30,0.8333333333333334,0.04317432629241602,T
2017-04-10,T1706.CFX,8,0.24243849588619854,12,0.3877551020408163,0.03634580125003859,T
2017-04-11,T1706.CFX,8,0.23137523162708656,21,0.32,0.00022859330233889196,T
2017-04-12,T1706.CFX,8,0.2961392557596756,23,0.6470588235294118,-0.030802013502228155,T
2017-04-13,T1706.CFX,8,0.24384059256357354,14,0.40384615384615385,-0.021647194353579723,T
2017-04-14,T1706.CFX,8,0.4844704000023789,23,0.9622641509433962,0.04965291691688477,T
2017-04-17,T1706.CFX,8,0.3272845271828238,30,0.7407407407407407,0.03801497353541778,T
2017-04-18,T1706.CFX,8,0.16632227361649193,13,0.16363636363636364,-0.017619002966711716,T
2017-04-19,T1706.CFX,8,0.19124610968263303,23,0.25,-0.04233370921477679,T
2017-04-20,T1706.CFX,8,0.22730902793064992,23,0.3157894736842105,-0.06503611616436489,T
2017-04-21,T1706.CFX,8,0.30874020166497995,25,0.6724137931034483,0.002389810327847031,T
2017-04-24,T1706.CFX,8,0.38178847406980754,28,0.847457627118644,0.054842649288897816,T
2017-04-25,T1706.CFX,8,0.2892396158678857,27,0.5833333333333334,0.0350466458509663,T
2017-04-26,T1706.CFX,8,0.36425106134094587,24,0.8166666666666667,0.02543834810234976,T
2017-04-27,T1706.CFX,8,0.3112014497343051,13,0.6833333333333333,-0.001261491659021141,T
2017-04-28,T1706.CFX,8,0.15428468488859787,11,0.08333333333333333,-0.04330457444959999,T
2017-05-02,T1706.CFX,8,0.1575767249148222,12,0.1,-0.04732921583584751,T
2017-05-03,T1706.CFX,8,0.2703538908556543,26,0.5166666666666667,-0.034141906579006606,T
2017-05-04,T1706.CFX,8,0.18174667924112464,13,0.25,-0.014284033501930448,T
2017-05-05,T1706.CFX,8,0.15730097966797166,11,0.08333333333333333,0.0030202543885050003,T
2017-05-08,T1706.CFX,8,0.13049138345054279,10,0.016666666666666666,-0.016722359411624144,T
2017-05-09,T1706.CFX,8,0.2884876669341191,14,0.6166666666666667,-0.0014987743633652294,T
2017-05-10,T1709.CFX,9,0.37729744507573537,29,,,T
2017-05-11,T1709.CFX,9,0.283245410931492,41,,,T
2017-05-12,T1709.CFX,9,0.4786410536236171,44,,,T
2017-05-15,T1709.CFX,9,0.197054999460826,43,,,T
2017-05-16,T1709.CFX,9,0.16810178567410805,19,,-0.05045817302739206,T
2017-05-17,T1709.CFX,9,0.41039310437483695,43,,-0.005624388106281908,T
2017-05-18,T1709.CFX,9,0.22875115213659547,23,,-0.028644169806003216,T
2017-05-19,T1709.CFX,9,0.47501416597249235,44,,0.06165676994858201,T
2017-05-22,T1709.CFX,9,0.4966934527865642,41,,0.07218043958225676,T
2017-05-23,T1709.CFX,9,0.201806645002451,36,,-0.014923061809480309,T
2017-05-24,T1709.CFX,9,0.40225690702216294,43,,0.007380398880109362,T
2017-05-25,T1709.CFX,9,0.2517851431589572,18,,-0.054089459139147145,T
2017-05-26,T1709.CFX,9,0.1970351308105131,20,,-0.05493381457955958,T
2017-05-31,T1709.CFX,9,0.3538831140445038,29,,0.009893116187245577,T
2017-06-01,T1709.CFX,9,0.2534247527717677,16,,-0.01955663376152439,T
2017-06-02,T1709.CFX,9,0.2606727615354991,31,,0.007416485871433842,T
2017-06-05,T1709.CFX,9,0.30352499907350905,15,,0.011976938401698722,T
2017-06-06,T1709.CFX,9,0.2192934005296185,16,,-0.021907918072802922,T
2017-06-07,T1709.CFX,9,0.18175718233687074,51,,-0.018471450187567445,T
2017-06-08,T1709.CFX,9,0.40618352819625925,31,,0.016925371658488196,T
2017-06-09,T1709.CFX,9,0.2678960021719091,15,0.5,0.011563213386344084,T
2017-06-12,T1709.CFX,9,0.2944399934136312,31,0.5714285714285714,0.023643200560306377,T
2017-06-13,T1709.CFX,9,0.3432575392605474,22,0.6363636363636364,0.021125717906472535,T
2017-06-14,T1709.CFX,9,0.16836754062820555,16,0.043478260869565216,-0.04002704380474689,T
2017-06-15,T1709.CFX,9,0.18274441203635322,21,0.125,-0.029637563305653748,T
2017-06-16,T1709.CFX,9,0.15638138243614427,15,0.0,-0.043663034917916795,T
2017-06-19,T1709.CFX,9,0.3182687323526595,32,0.6538461538461539,-0.006196377200783709,T
2017-06-20,T1709.CFX,9,0.2733658747025333,16,0.5185185185185185,0.03455209884649618,T
2017-06-21,T1709.CFX,9,0.2129831647442882,20,0.2857142857142857,0.017746199768225897,T
2017-06-22,T1709.CFX,9,0.38136420923762493,28,0.7931034482758621,0.034468008599459005,T
2017-06-23,T1709.CFX,9,0.2124729964533238,15,0.26666666666666666,-0.010359313726357988,T
2017-06-26,T1709.CFX,9,0.17871575300249723,16,0.0967741935483871,-0.01898104116910366,T
2017-06-27,T1709.CFX,9,0.18602440373396587,15,0.1875,-0.025656597825577238,T
2017-06-28,T1709.CFX,9,0.42747269581185066,29,0.9090909090909091,0.0065768380429093495,T
2017-06-29,T1709.CFX,9,0.38268136997876917,32,0.7941176470588235,0.05891736898602442,T
2017-06-30,T1709.CFX,9,0.4628418850122917,34,0.9142857142857143,0.07649092302643923,T
2017-07-03,T1709.CFX,9,0.1922653394963467,17,0.19444444444444445,0.004785106072520262,T
2017-07-04,T1709.CFX,9,0.16610899829222703,14,0.02702702702702703,-0.07131434255216698,T
2017-07-05,T1709.CFX,9,0.20031707725066963,16,0.2894736842105263,-0.06614614721762638,T
2017-07-06,T1709.CFX,9,0.2413393863402165,29,0.4358974358974359,-0.043495325958982735,T
2017-07-07,T1709.CFX,9,0.30076797788703746,17,0.625,0.029223566482937096,T
2017-07-10,T1709.CFX,9,0.41355402193429225,26,0.8780487804878049,0.05953409479204983,T
2017-07-11,T1709.CFX,9,0.27486197528632034,31,0.5476190476190477,0.032130443166537716,T
2017-07-12,T1709.CFX,9,0.25737551717260565,21,0.46511627906976744,0.0006166259064061208,T
2017-07-13,T1709.CFX,9,0.16540062564499575,31,0.022727272727272728,-0.04269132092457702,T
2017-07-14,T1709.CFX,9,0.14515128603470012,11,0.0,-0.06462668214405089,T
2017-07-17,T1709.CFX,9,0.3334288422708018,30,0.6956521739130435,0.00049095028310574,T
2017-07-18,T1709.CFX,9,0.4193044851578748,28,0.8936170212765957,0.04918861525963442,T
2017-07-19,T1709.CFX,9,0.3017996528194673,17,0.625,0.05469512534721177,T
2017-07-20,T1709.CFX,9,0.2716290116684952,23,0.5102040816326531,0.02213262618162557,T
2017-07-21,T1709.CFX,9,0.22497432205990928,20,0.36,-0.03645845139111646,T
2017-07-24,T1709.CFX,9,0.28819293042196764,18,0.5882352941176471,-0.033904844023137225,T
2017-07-25,T1709.CFX,9,0.3703396073542158,24,0.75,0.015364382782296949,T
2017-07-26,T1709.CFX,9,0.366138628824044,22,0.7358490566037735,0.03343845196054042,T
2017-07-27,T1709.CFX,9,0.2831952024223622,16,0.5370370370370371,0.01943874591269822,T
2017-07-28,T1709.CFX,9,0.17663848346226746,9,0.10909090909090909,-0.031025329885125397,T
2017-07-31,T1709.CFX,9,0.16600423948534612,11,0.05357142857142857,-0.05981708810995159,T
2017-08-01,T1709.CFX,9,0.20720956940910917,25,0.2982456140350877,-0.04350490817668856,T
2017-08-02,T1709.CFX,9,0.23574780474940843,12,0.39655172413793105,-0.006432370939906573,T
2017-08-03,T1709.CFX,9,0.4060709862407843,22,0.847457627118644,0.052860857082109594,T
2017-08-04,T1709.CFX,9,0.2800475440252916,10,0.55,0.0426948025911566,T
2017-08-07,T1709.CFX,9,0.2698706514090179,20,0.5,0.016962190327570063,T
2017-08-08,T1709.CFX,9,0.2503050579494902,19,0.4166666666666667,-0.010708582843160286,T
2017-08-09,T1712.CFX,10,,8,,,T
2017-08-10,T1712.CFX,10,0.3849066654669418,27,,,T
2017-08-11,T1712.CFX,10,0.21244195465712346,12,,,T
2017-08-14,T1712.CFX,10,0.5208915604507949,35,,,T
2017-08-15,T1712.CFX,10,0.251064063243979,14,,,T
2017-08-16,T1712.CFX,10,0.4088179422423959,27,,0.00864446621377638,T
2017-08-17,T1712.CFX,10,0.48481902791976517,24,,0.04326805283168844,T
2017-08-18,T1712.CFX,10,0.24917891530288375,27,,-0.0309670325620036,T
2017-08-21,T1712.CFX,10,0.20954204273053537,11,,-0.024268306796639945,T
2017-08-22,T1712.CFX,10,0.23616532286693914,15,,-0.06205822239401433,T
2017-08-23,T1712.CFX,10,0.3216629255395652,28,,-0.03393257971963446,T
2017-08-24,T1712.CFX,10,0.33397679993720586,28,,0.028171665207767406,T
2017-08-25,T1712.CFX,10,0.16264281868102107,21,,0.0004013028971238175,T
2017-08-28,T1712.CFX,10,0.43954724412709395,19,,0.024774373566176545,T
2017-08-29,T1712.CFX,10,0.19039037922000643,24,,-0.015697464844922942,T
2017-08-30,T1712.CFX,10,0.3797352890271989,26,,0.011926453871897147,T
2017-08-31,T1712.CFX,10,0.3983293140683627,23,,0.04115610356747882,T
2017-09-01,T1712.CFX,10,0.19216730278745983,9,,-0.0286820947830912,T
2017-09-04,T1712.CFX,10,0.4747874619574228,22,,0.03812261792350937,T
2017-09-05,T1712.CFX,10,0.3281749710188489,27,,-0.0026662488127639715,T
2017-09-06,T1712.CFX,10,0.3710655414713543,14,,0.00814801230373723,T
2017-09-07,T1712.CFX,10,0.2779821953202541,16,0.4,0.006790786457952003,T
2017-09-08,T1712.CFX,10,0.2712051903772958,16,0.38095238095238093,-0.04573573188588488,T
2017-09-11,T1712.CFX,10,0.158921965008508,12,0.0,-0.043836636311474025,T
2017-09-12,T1712.CFX,10,0.21038126370311322,15,0.21739130434782608,-0.04404287858482283,T
2017-09-13,T1712.CFX,10,0.2112223383924871,12,0.25,-0.019434364052971644,T
2017-09-14,T1712.CFX,10,0.23876878930883344,21,0.36,-0.0012572428752945564,T
2017-09-15,T1712.CFX,10,0.15515164485923377,12,0.0,0.002084688530717177,T
2017-09-18,T1712.CFX,10,0.19162808636868242,16,0.14814814814814814,-0.009357704820211487,T
2017-09-19,T1712.CFX,10,0.1824915450609051,11,0.10714285714285714,-0.010460228960331497,T
2017-09-20,T1712.CFX,10,0.14451146881154142,12,0.0,-0.016117474079291268,T
2017-09-21,T1712.CFX,10,0.40799759504430966,30,0.8333333333333334,0.045857528281301074,T
2017-09-22,T1712.CFX,10,0.2466178536666646,19,0.45161290322580644,0.033548558457936896,T
2017-09-25,T1712.CFX,10,0.21083633428884743,12,0.3125,0.01587959633110079,T
2017-09-26,T1712.CFX,10,0.17114294851954584,8,0.12121212121212122,-0.014389830133945342,T
2017-09-27,T1712.CFX,10,0.1658946005275165,11,0.11764705882352941,-0.0559680894180705,T
2017-09-28,T1712.CFX,10,0.23019030439195537,19,0.42857142857142855,-0.007779683231074941,T
2017-09-29,T1712.CFX,10,0.24977193065129627,9,0.5555555555555556,0.013691854859730717,T
2017-10-09,T1712.CFX,10,0.28949427726330973,21,0.6486486486486487,0.03205799876113075,T
2017-10-10,T1712.CFX,10,0.21043162894253392,9,0.3157894736842105,0.01483780297013892,T
2017-10-11,T1712.CFX,10,0.18034389706339898,20,0.15384615384615385,-0.013903311636587517,T
2017-10-12,T1712.CFX,10,0.21545330684663783,14,0.425,-0.017778762780922754,T
2017-10-13,T1712.CFX,10,0.4447051638085785,20,0.926829268292683,0.03154434509946413,T
2017-10-16,T1712.CFX,10,0.08485899434482311,26,0.0,0.001321599754975794,T
2017-10-17,T1712.CFX,10,0.3448082504212013,31,0.7441860465116279,0.019833439421378985,T
2017-10-18,T1712.CFX,10,0.15820168534263385,18,0.06818181818181818,-0.021440015639538512,T
2017-10-19,T1712.CFX,10,0.32820928455995235,39,0.7111111111111111,-0.015964906749944153,T
2017-10-20,T1712.CFX,10,0.2527513171162064,28,0.5869565217391305,0.03191856796815177,T
2017-10-23,T1712.CFX,10,0.29162703106983745,20,0.6595744680851063,-0.0011812806929155206,T
2017-10-24,T1712.CFX,10,0.18251153412023538,9,0.20833333333333334,0.0012037444065088165,T
2017-10-25,T1712.CFX,10,0.2122702200056524,20,0.3877551020408163,-0.03021179121045709,T
2017-10-26,T1712.CFX,10,0.4271922043392757,44,0.9,0.026952496338195353,T
2017-10-27,T1712.CFX,10,0.21507344465076672,17,0.4117647058823529,0.009157349738089886,T
2017-10-30,T1712.CFX,10,0.5254986877756357,69,1.0,0.0688777531955915,T
2017-10-31,T1712.CFX,10,0.235054428170264,51,0.4528301886792453,0.01438748997655832,T
2017-11-01,T1712.CFX,10,0.3159447164425653,44,0.6666666666666666,-0.020251399227392365,T
2017-11-02,T1712.CFX,10,0.3175575370098282,34,0.6727272727272727,-0.00045857866149474625,T
2017-11-03,T1712.CFX,10,0.23269934013932292,20,0.42857142857142855,-0.05030955864330613,T
2017-11-06,T1712.CFX,10,0.2547519957382428,28,0.5789473684210527,-0.004385024116728475,T
2017-11-07,T1712.CFX,10,0.2829544814559284,38,0.6206896551724138,-0.012878601124485922,T
2017-11-08,T1712.CFX,10,0.2311917940361301,35,0.4067796610169492,-0.012247634463079072,T
2017-11-09,T1712.CFX,10,0.3177796676763135,22,0.7,0.014660045337186844,T
2017-11-10,T1803.CFX,11,,6,,,T
2017-11-13,T1803.CFX,11,0.37159303376682934,35,,,T
2017-11-14,T1803.CFX,11,0.2880309748818471,27,,,T
2017-11-15,T1803.CFX,11,0.18047649638275856,18,,,T
2017-11-16,T1803.CFX,11,0.204295590365602,33,,,T
2017-11-17,T1803.CFX,11,0.26196241559639616,25,,-0.030299662085711155,T
2017-11-20,T1803.CFX,11,0.4499819723998909,28,,0.04053879142497253,T
2017-11-21,T1803.CFX,11,0.2262764052254312,36,,0.033728619971963414,T
2017-11-22,T1803.CFX,11,0.22556221565878992,20,,0.0006847240215410888,T
2017-11-23,T1803.CFX,11,0.35772837466743973,33,,-0.0032887838599013784,T
2017-11-24,T1803.CFX,11,0.24522265920378042,31,,-0.027806665695021233,T
2017-11-27,T1803.CFX,11,0.23236676714437848,13,,0.0031841167382885118,T
2017-11-28,T1803.CFX,11,0.1828396974725401,16,,-0.021080664389556074,T
2017-11-29,T1803.CFX,11,0.2269437667522308,19,,-0.032395217756165814,T
2017-11-30,T1803.CFX,11,0.5113260864111323,32,,0.05267838540225561,T
2017-12-01,T1803.CFX,11,0.3418586087890035,31,,0.054747007222784215,T
2017-12-04,T1803.CFX,11,0.28650440026014007,31,,0.03222442476119726,T
2017-12-05,T1803.CFX,11,0.42193366418987593,39,,0.016515810872429804,T
2017-12-06,T1803.CFX,11,0.3149541143082773,30,,-0.031266888880483755,T
2017-12-07,T1803.CFX,11,0.42343575765824043,25,,0.0191604011786611,T
2017-12-08,T1803.CFX,11,0.31655763177412,15,,0.006160855649632424,T
2017-12-11,T1803.CFX,11,0.21618982792650412,17,0.15,-0.0409884155060901,T
2017-12-12,T1803.CFX,11,0.20298716781255113,15,0.09523809523809523,-0.043117982272318875,T
2017-12-13,T1803.CFX,11,0.19076726459825896,13,0.09090909090909091,-0.05789074500815319,T
2017-12-14,T1803.CFX,11,0.24075280734934962,14,0.43478260869565216,-0.017703221217778585,T
2017-12-15,T1803.CFX,11,0.13862584221938884,14,0.0,-0.011736233187743212,T
2017-12-18,T1803.CFX,11,0.2121618394074989,11,0.24,-0.003379207918897459,T
2017-12-19,T1803.CFX,11,0.22386119100418528,12,0.3076923076923077,0.00375968848700019,T
2017-12-20,T1803.CFX,11,0.38944688392196114,22,0.8518518518518519,0.038262350193001955,T
2017-12-21,T1803.CFX,11,0.3790595141654823,19,0.8214285714285714,0.06581523884066491,T
2017-12-22,T1803.CFX,11,0.3829795358542746,23,0.8275862068965517,0.04968337160548485,T
2017-12-25,T1803.CFX,11,0.3858819703913648,21,0.8333333333333334,0.031757421070667244,T
2017-12-26,T1803.CFX,11,0.35513968567069826,11,0.6774193548387096,-0.0061791940276643255,T
2017-12-27,T1803.CFX,11,0.2347464424877192,12,0.40625,-0.031646599353910246,T
2017-12-28,T1803.CFX,11,0.36013611754228464,16,0.7272727272727273,-0.019682236452762535,T
2017-12-29,T1803.CFX,11,0.23366204732220033,22,0.38235294117647056,-0.029944341426674254,T
2018-01-02,T1803.CFX,11,0.5395742231363345,28,1.0,0.03677846797657537,T
2018-01-03,T1803.CFX,11,0.23110276351547668,20,0.3333333333333333,0.017215074764956477,T
2018-01-04,T1803.CFX,11,0.20613810831280563,21,0.16216216216216217,-0.03105553022656817,T
2018-01-05,T1803.CFX,11,0.3358009719700114,14,0.631578947368421,-0.012915826552790666,T
2018-01-08,T1803.CFX,11,0.2178520036642632,21,0.23076923076923078,-0.053874623048960804,T
2018-01-09,T1803.CFX,11,0.2570140272854263,16,0.5,0.0063536422891356855,T
2018-01-10,T1803.CFX,11,0.3689878738247415,25,0.7560975609756098,0.02469125863392867,T
2018-01-11,T1803.CFX,11,0.36161962717784496,27,0.7380952380952381,0.020277318057614548,T
2018-01-12,T1803.CFX,11,0.4804578450911102,16,0.9534883720930233,0.06298172827461126,T
2018-01-15,T1803.CFX,11,0.24106447898165503,27,0.4318181818181818,0.007957087465882612,T
2018-01-16,T1803.CFX,11,0.3503491495748519,18,0.6444444444444445,-0.015783259669596907,T
2018-01-17,T1803.CFX,11,0.4680877317797938,28,0.9347826086956522,0.00828275136876393,T
2018-01-18,T1803.CFX,11,0.3458176390918743,27,0.6170212765957447,-0.004225715920033302,T
2018-01-19,T1803.CFX,11,0.24092970993959226,24,0.3958333333333333,-0.00048010485671031724,T
2018-01-22,T1803.CFX,11,0.3552073388666869,24,0.673469387755102,-0.021744164325653147,T
2018-01-23,T1803.CFX,11,0.2985671402199988,19,0.52,-0.032965148334477744,T
2018-01-24,T1803.CFX,11,0.4212543033143555,21,0.8627450980392157,0.020851075872536883,T
2018-01-25,T1803.CFX,11,0.4622555653431343,20,0.9230769230769231,0.05086986752547527,T
2018-01-26,T1803.CFX,11,0.2836905006430327,21,0.4528301886792453,0.0020654748675827173,T
2018-01-29,T1803.CFX,11,0.19948794669379705,24,0.07407407407407407,-0.033572218972372635,T
2018-01-30,T1803.CFX,11,0.19594344875611922,19,0.07272727272727272,-0.07133893277658096,T
2018-01-31,T1803.CFX,11,0.23927542032233115,20,0.35714285714285715,-0.05337073419285197,T
2018-02-01,T1803.CFX,11,0.30914302463493587,21,0.543859649122807,0.009069252161234043,T
2018-02-02,T1803.CFX,11,0.27702377353049407,17,0.46551724137931033,0.026827122955221067,T
2018-02-05,T1803.CFX,11,0.3264604366780962,19,0.5932203389830508,0.029878232905211695,T
2018-02-06,T1803.CFX,11,0.504568208715404,26,0.9666666666666667,0.0547902988829306,T
2018-02-07,T1803.CFX,11,0.3047426174315623,15,0.5333333333333333,0.02187436207781628,T
2018-02-08,T1806.CFX,12,,14,,,T
2018-02-09,T1806.CFX,12,0.1909029550074771,26,,,T
2018-02-12,T1806.CFX,12,0.31205470217926246,17,,,T
2018-02-13,T1806.CFX,12,0.2088788126497966,13,,,T
2018-02-14,T1806.CFX,12,0.1704024054724101,9,,,T
2018-02-22,T1806.CFX,12,0.30688580284104916,15,,0.009031339896029177,T
2018-02-23,T1806.CFX,12,0.2599188389095392,12,,-0.0006264736348193911,T
2018-02-26,T1806.CFX,12,0.34060228136097903,27,,0.0352963370859494,T
2018-02-27,T1806.CFX,12,0.27413965450397965,33,,0.024119097658306898,T
2018-02-28,T1806.CFX,12,0.3532694470654384,24,,0.01069881040432188,T
2018-03-01,T1806.CFX,12,0.2835939747723439,23,,0.006001743743006871,T
2018-03-02,T1806.CFX,12,0.3198608021112548,18,,-0.003202863823108415,T
2018-03-05,T1806.CFX,12,0.333565730073288,20,,0.008544350618443308,T
2018-03-06,T1806.CFX,12,0.4578220630167517,30,,0.025907698720357066,T
2018-03-07,T1806.CFX,12,0.19077057049446997,22,,-0.0047685547650250905,T
2018-03-08,T1806.CFX,12,0.3878892044978249,21,,-0.0006738354805677748,T
2018-03-09,T1806.CFX,12,0.3589405531208004,26,,-0.0019183212423901975,T
2018-03-12,T1806.CFX,12,0.24846256767641242,17,,-0.025054900805434804,T
2018-03-13,T1806.CFX,12,0.4452222364307703,27,,0.03694766950511882,T
2018-03-14,T1806.CFX,12,0.19779186326751733,28,,-0.029391299915064523,T
2018-03-15,T1806.CFX,12,0.22525546562688742,20,,-0.03180408793967211,T
2018-03-16,T1806.CFX,12,0.35624636081966754,22,0.8,-0.0004399184517372534,T
2018-03-19,T1806.CFX,12,0.41019055387563,20,0.9047619047619048,0.008839113244186968,T
2018-03-20,T1806.CFX,12,0.5871414580776452,31,1.0,0.09636342778689984,T
2018-03-21,T1806.CFX,12,0.23375303760832195,23,0.2608695652173913,0.02478902412208467,T
2018-03-22,T1806.CFX,12,0.2698707940805831,32,0.375,-0.0349188649745477,T
2018-03-23,T1806.CFX,12,0.27376459570811196,38,0.4,-0.05901225803320982,T
2018-03-26,T1806.CFX,12,0.2399918554324306,21,0.2692307692307692,-0.06542876471906392,T
2018-03-27,T1806.CFX,12,0.3996112220314557,22,0.8518518518518519,0.030183743019811506,T
2018-03-28,T1806.CFX,12,0.2618335388754361,23,0.35714285714285715,0.01097721159130497,T
2018-03-29,T1806.CFX,12,0.5378162363860056,23,0.9655172413793104,0.054994496479879286,T
2018-03-30,T1806.CFX,12,0.4575905345166187,21,0.9,0.05734023725229261,T
2018-04-02,T1806.CFX,12,0.2626192170629011,23,0.3548387096774194,-0.00782270142959266,T
2018-04-03,T1806.CFX,12,0.4372607929900699,29,0.84375,0.007565748890616319,T
2018-04-04,T1806.CFX,12,0.36441661201168773,22,0.7272727272727273,-0.03671289902751844,T
2018-04-09,T1806.CFX,12,0.2651832223298217,25,0.35294117647058826,-0.028301722942480734,T
2018-04-10,T1806.CFX,12,0.535607679612393,30,0.9428571428571428,0.037389935443873555,T
2018-04-11,T1806.CFX,12,0.3135740325533053,33,0.5277777777777778,-0.007618245327282391,T
2018-04-12,T1806.CFX,12,0.4399095616316527,29,0.8378378378378378,0.019937670946341347,T
2018-04-13,T1806.CFX,12,0.3135729662302271,36,0.5,0.00010813698200704547,T
2018-04-16,T1806.CFX,12,0.32998595468710995,37,0.5641025641025641,-0.04112445161736443,T
2018-04-17,T1806.CFX,12,0.26087498621770666,30,0.25,-0.021532169961573987,T
2018-04-18,T1806.CFX,12,0.09410581791218346,66,0.0,-0.07443054674514588,T
2018-04-19,T1806.CFX,12,0.4290309987744531,36,0.8095238095238095,-0.0004964071686474614,T
2018-04-20,T1806.CFX,12,0.4271938774888633,27,0.7906976744186046,0.036257185816025314,T
2018-04-23,T1806.CFX,12,0.3481068454627221,29,0.6136363636363636,0.05075517780667107,T
2018-04-24,T1806.CFX,12,0.4254127846385828,27,0.7777777777777778,0.05816897801410677,T
2018-04-25,T1806.CFX,12,0.31953775743400203,28,0.5,-0.022076757553118276,T
2018-04-26,T1806.CFX,12,0.3864173369375484,32,0.7021276595744681,-0.011012216913134986,T
2018-04-27,T1806.CFX,12,0.27147237823811554,26,0.3333333333333333,-0.019226438215024743,T
2018-05-02,T1806.CFX,12,0.2985535949188741,24,0.40816326530612246,-0.030178375863530373,T
2018-05-03,T1806.CFX,12,0.24758347926037533,25,0.18,-0.02317722983659276,T
2018-05-04,T1806.CFX,12,0.34720843879181806,21,0.6078431372549019,-0.010230669526920089,T
2018-05-07,T1806.CFX,12,0.2726218374764096,23,0.34615384615384615,0.005095376234953208,T
2018-05-08,T1806.CFX,12,0.41341795873788606,37,0.7924528301886793,0.025476708585405815,T
2018-05-09,T1806.CFX,12,0.2854908185820121,24,0.4074074074074074,0.01420241985893415,T
2018-05-10,T1806.CFX,12,0.45562169256993845,25,0.9090909090909091,0.022969548866184332,T
2018-05-11,T1806.CFX,12,0.5083240931863592,26,0.9464285714285714,0.05136082452519516,T
2018-05-14,T1806.CFX,12,0.326866930287849,23,0.5263157894736842,0.004973121770427302,T
2018-05-15,T1806.CFX,12,0.3243766340619397,28,0.5172413793103449,-0.005098313132223409,T
2018-05-16,T1806.CFX,12,0.24459382917762018,24,0.15254237288135594,-0.06060031859090562,T
2018-05-17,T1806.CFX,12,0.26813866511305395,18,0.2833333333333333,-0.05626439572568394,T
2018-05-18,T1809.CFX,13,,11,,,T
2018-05-21,T1809.CFX,13,0.4037269273844907,20,,,T
2018-05-22,T1809.CFX,13,0.23270438877851762,24,,,T
2018-05-23,T1809.CFX,13,0.2837963588390599,18,,,T
2018-05-24,T1809.CFX,13,0.35037678328600175,20,,,T
2018-05-25,T1809.CFX,13,0.3876072486447905,25,,0.00854330370280838,T
2018-05-28,T1809.CFX,13,0.3118737730022639,22,,0.026214965825322307,T
2018-05-29,T1809.CFX,13,0.2860677694273454,24,,-0.0033960189107166915,T
2018-05-30,T1809.CFX,13,0.30423027416841075,26,,-0.01938324974526271,T
2018-05-31,T1809.CFX,13,0.30185927644645616,26,,-0.01791394432305219,T
2018-06-01,T1809.CFX,13,0.2050286813904135,21,,-0.019789867620458996,T
2018-06-04,T1809.CFX,13,0.27852438046824235,20,,-0.011428837069620335,T
2018-06-05,T1809.CFX,13,0.3416443996407404,18,,0.005149335496644547,T
2018-06-06,T1809.CFX,13,0.2989455048637085,25,,0.01307881750848316,T
2018-06-07,T1809.CFX,13,0.25445652419407316,20,,0.011927681000278556,T
2018-06-08,T1809.CFX,13,0.32986075245293905,21,,0.0015484868522726235,T
2018-06-11,T1809.CFX,13,0.4339777008021847,17,,0.021558184991211916,T
2018-06-12,T1809.CFX,13,0.3427135868458183,21,,0.02670573405723311,T
2018-06-13,T1809.CFX,13,0.36466196766898956,21,,0.0233263721342712,T
2018-06-14,T1809.CFX,13,0.4037629748983438,30,,0.00784887117576143,T
2018-06-15,T1809.CFX,13,0.27240805768943727,20,,-0.026208989817296923,T
2018-06-19,T1809.CFX,13,0.37007592771257747,31,0.8,-0.0037529228246033996,T
2018-06-20,T1809.CFX,13,0.2833007805660638,30,0.23809523809523808,-0.019640942139161777,T
2018-06-21,T1809.CFX,13,0.274192282206578,26,0.18181818181818182,-0.024824866250690504,T
2018-06-22,T1809.CFX,13,0.2868528281578526,34,0.391304347826087,-0.006699410456916877,T
2018-06-25,T1809.CFX,13,0.3687661596561659,32,0.7916666666666666,9.325114789657807e-05,T
2018-06-26,T1809.CFX,13,0.3849510297240343,23,0.84,0.02978743757655289,T
2018-06-27,T1809.CFX,13,0.34766750990933604,26,0.6538461538461539,0.024504865697169774,T
2018-06-28,T1809.CFX,13,0.4257675400566733,24,0.9629629629629629,0.025673077405081145,T
2018-06-29,T1809.CFX,13,0.29076530354395486,29,0.35714285714285715,-0.011518520189178294,T
2018-07-02,T1809.CFX,13,0.16455844386538301,21,0.0,-0.049768737808268376,T
2018-07-03,T1809.CFX,13,0.28972669122605166,28,0.36666666666666664,-0.037709073355785896,T
2018-07-04,T1809.CFX,13,0.2179398683152566,21,0.06451612903225806,-0.04166939558007365,T
2018-07-05,T1809.CFX,13,0.28406033519004215,24,0.3125,0.003997148774204817,T
2018-07-06,T1809.CFX,13,0.35083576167001995,29,0.7272727272727273,0.03668882795732644,T
2018-07-09,T1809.CFX,13,0.28670213438702336,22,0.35294117647058826,0.012684677967670676,T
2018-07-10,T1809.CFX,13,0.2934323320909814,26,0.45714285714285713,0.015362672674843087,T
2018-07-11,T1809.CFX,13,0.19497615233065727,28,0.027777777777777776,-0.02355717952978083,T
2018-07-12,T1809.CFX,13,0.30014039140345333,20,0.5135135135135135,-0.01931167225894993,T
2018-07-13,T1809.CFX,13,0.4537032753945381,24,1.0,0.03407103413275013,T
2018-07-16,T1809.CFX,13,0.15259876424680133,21,0.0,-0.002294001262447931,T
2018-07-17,T1809.CFX,13,0.22752823414333756,22,0.125,-0.008243746353129144,T
2018-07-18,T1809.CFX,13,0.3569815434357596,24,0.7560975609756098,-0.011249273718658803,T
2018-07-19,T1809.CFX,13,0.5155183863894556,35,1.0,0.03280130011787933,T
2018-07-20,T1809.CFX,13,0.3844464347083837,53,0.813953488372093,0.07516854931692828,T
2018-07-23,T1809.CFX,13,0.4598488425280517,30,0.9772727272727273,0.04921061080420523,T
2018-07-24,T1809.CFX,13,0.28288623133841606,27,0.24444444444444444,-0.020386016805609086,T
2018-07-25,T1809.CFX,13,0.355354886326091,18,0.6956521739130435,-0.042188720349669695,T
2018-07-26,T1809.CFX,13,0.16482065154612777,28,0.0425531914893617,-0.05437455225264724,T
2018-07-27,T1809.CFX,13,0.3729683351680345,20,0.7916666666666666,-0.029182659451232284,T
2018-07-30,T1809.CFX,13,0.35736322855083413,21,0.7142857142857143,0.016656744326677964,T
2018-07-31,T1809.CFX,13,0.5156724616904655,23,1.0,0.05131777277334554,T
2018-08-01,T1809.CFX,13,0.20125159631286352,26,0.0784313725490196,0.02155660160559026,T
2018-08-02,T1809.CFX,13,0.38435804258835493,33,0.7884615384615384,-0.01333322173973298,T
2018-08-03,T1809.CFX,13,0.3543919050310115,27,0.6415094339622641,-0.013725706614175593,T
2018-08-06,T1809.CFX,13,0.34040695069735716,24,0.5370370370370371,-0.01973907132680689,T
2018-08-07,T1809.CFX,13,0.4984729248648575,31,0.9636363636363636,0.05504915652129901,T
2018-08-08,T1809.CFX,13,0.19210811883860596,25,0.05357142857142857,-0.02404188276656518,T
2018-08-09,T1809.CFX,13,0.3830833978328533,26,0.7719298245614035,-0.009091584625506766,T
2018-08-10,T1809.CFX,13,0.3209728748399268,25,0.5,-0.01542576787468648,T
2018-08-13,T1809.CFX,13,0.40922801076989834,27,0.8813559322033898,-0.004962507218859757,T
2018-08-14,T1809.CFX,13,0.27713826324399277,21,0.21666666666666667,0.019620490174781867,T
2018-08-15,T1812.CFX,14,,14,,,T
2018-08-16,T1812.CFX,14,0.282369184706703,30,,,T
2018-08-17,T1812.CFX,14,0.3418301610889926,33,,,T
2018-08-20,T1812.CFX,14,0.2861291656281435,24,,,T
2018-08-21,T1812.CFX,14,0.25416892997768764,27,,,T
2018-08-22,T1812.CFX,14,0.36183182608010905,23,,0.007126405163550708,T
2018-08-23,T1812.CFX,14,0.2634001025006715,22,,-0.008115745672467667,T
2018-08-24,T1812.CFX,14,0.34988552625281355,26,,0.013674389377232388,T
2018-08-27,T1812.CFX,14,0.22695143618164546,20,,-0.006638128741937993,T
2018-08-28,T1812.CFX,14,0.1933585387609253,26,,-0.03733952409573935,T
2018-08-29,T1812.CFX,14,0.4161358968379877,17,,0.014894460118274421,T
2018-08-30,T1812.CFX,14,0.4393087124883694,20,,0.036803083312745385,T
2018-08-31,T1812.CFX,14,0.15760429883354124,21,,0.010725589903123566,T
2018-09-03,T1812.CFX,14,0.33494618507007223,18,,0.0024643694613847413,T
2018-09-04,T1812.CFX,14,0.26215300212008685,18,,-0.041232831685409886,T
2018-09-05,T1812.CFX,14,0.3256699677740218,21,,-0.012272878614214954,T
2018-09-06,T1812.CFX,14,0.3343201373119192,20,,0.034415545966070535,T
2018-09-07,T1812.CFX,14,0.4416599784296353,19,,0.028559472191095836,T
2018-09-10,T1812.CFX,14,0.3717887200663291,19,,0.033526144654809804,T
2018-09-11,T1812.CFX,14,0.3146748639294365,31,,0.0015478375065239413,T
2018-09-12,T1812.CFX,14,0.24923735529462068,20,,-0.029715067853479566,T
2018-09-13,T1812.CFX,14,0.3541269374607152,21,0.75,-0.029761744670954847,T
2018-09-14,T1812.CFX,14,0.24355786237994664,23,0.14285714285714285,-0.02170096418414863,T
2018-09-17,T1812.CFX,14,0.22534488618599954,14,0.09090909090909091,-0.018433944840154797,T
2018-09-18,T1812.CFX,14,0.3409211691869568,19,0.6521739130434783,0.0054585576509956655,T
2018-09-19,T1812.CFX,14,0.18972351244196167,19,0.041666666666666664,-0.023144354323049687,T
2018-09-20,T1812.CFX,14,0.3484280677624684,20,0.72,0.01741190370210055,T
2018-09-21,T1812.CFX,14,0.3780780757913599,20,0.8846153846153846,0.03129732777862323,T
2018-09-25,T1812.CFX,14,0.2823981494308424,12,0.4074074074074074,0.007130852383716945,T
2018-09-26,T1812.CFX,14,0.24527416293424062,16,0.21428571428571427,0.004507138265293193,T
2018-09-27,T1812.CFX,14,0.37525898882823927,19,0.8620689655172413,-0.007914207072557754,T
2018-09-28,T1812.CFX,14,0.3287524812280559,15,0.5333333333333333,-0.0005790349729210998,T
2018-10-08,T1812.CFX,14,0.26840358802232755,20,0.3548387096774194,0.005548919547678555,T
2018-10-09,T1812.CFX,14,0.5095323945001669,21,1.0,0.04216610623259408,T
2018-10-10,T1812.CFX,14,0.2632626660543193,16,0.30303030303030304,-0.004321273227572908,T
2018-10-11,T1812.CFX,14,0.33237009167287757,24,0.5588235294117647,0.00020942989216350406,T
2018-10-12,T1812.CFX,14,0.20875569106292802,18,0.08571428571428572,-0.029645809674608836,T
2018-10-15,T1812.CFX,14,0.2799192282723532,15,0.3888888888888889,-0.051373330744701864,T
2018-10-16,T1812.CFX,14,0.2609290485157414,23,0.2702702702702703,-0.005711809847768023,T
2018-10-17,T1812.CFX,14,0.28959199523740653,26,0.5,-0.00333828354181287,T
2018-10-18,T1812.CFX,14,0.21876919556821708,23,0.10256410256410256,0.002969977597563139,T
2018-10-19,T1812.CFX,14,0.3727526011206236,25,0.85,0.01435068927490164,T
2018-10-22,T1812.CFX,14,0.27059329369643537,21,0.3902439024390244,0.010248909624460501,T
2018-10-23,T1812.CFX,14,0.3784490495116361,23,0.9047619047619048,0.022953820667667747,T
2018-10-24,T1812.CFX,14,0.30977582687856997,23,0.5116279069767442,0.018770971101171825,T
2018-10-25,T1812.CFX,14,0.34800779654532443,20,0.7045454545454546,-0.0010307075968463586,T
2018-10-26,T1812.CFX,14,0.24189983974608417,17,0.15555555555555556,-0.008782816086701412,T
2018-10-29,T1812.CFX,14,0.33547557870991207,21,0.6521739130434783,-0.015382292873593374,T
2018-10-30,T1812.CFX,14,0.27354785529829745,21,0.3829787234042553,-0.00849881609959574,T
2018-10-31,T1812.CFX,14,0.40416612738992985,25,0.9166666666666666,0.014396467724142404,T
2018-11-01,T1812.CFX,14,0.3576794823048301,26,0.7755102040816326,0.03002498337975097,T
2018-11-02,T1812.CFX,14,0.32034675411125646,30,0.52,0.005387397780922143,T
2018-11-05,T1812.CFX,14,0.35392537419213393,27,0.7450980392156863,0.007693566450899958,T
2018-11-06,T1812.CFX,14,0.23697306731906775,27,0.1346153846153846,-0.03381402282544203,T
2018-11-07,T1812.CFX,14,0.21668958164312482,22,0.07547169811320754,-0.036535348811559926,T
2018-11-08,T1812.CFX,14,0.3853061822124037,23,0.9074074074074074,-0.0007316936346714708,T
2018-11-09,T1812.CFX,14,0.28183353349898843,22,0.4,0.00041494335070448864,T
2018-11-12,T1812.CFX,14,0.1995285325125032,21,0.05357142857142857,-0.0009745117757265498,T
2018-11-13,T1812.CFX,14,0.3737296121236423,22,0.8421052631578947,0.01283024112611344,T
2018-11-14,T1812.CFX,14,0.24662099375083263,20,0.22413793103448276,-0.018547429829848826,T
2018-11-15,T1903.CFX,15,,11,,,T
2018-11-16,T1903.CFX,15,0.33664932832950684,20,,,T
2018-11-19,T1903.CFX,15,0.3859585278115208,28,,,T
2018-11-20,T1903.CFX,15,0.343927531886122,25,,,T
2018-11-21,T1903.CFX,15,0.37277059129639234,29,,,T
2018-11-22,T1903.CFX,15,0.28300965667805583,26,,-0.012046727981803052,T
2018-11-23,T1903.CFX,15,0.14076524597974155,24,,-0.05513044388716247,T
2018-11-26,T1903.CFX,15,0.2634280816216864,31,,-0.039300424584552206,T
2018-11-27,T1903.CFX,15,0.3493434721990264,26,,-0.006643581325110126,T
2018-11-28,T1903.CFX,15,0.31851607739164056,19,,0.027959106764645424,T
2018-11-29,T1903.CFX,15,0.4034566205813436,25,,0.05804707449731582,T
2018-11-30,T1903.CFX,15,0.3483838648266776,22,,0.022402471479229958,T
2018-12-03,T1903.CFX,15,0.3045928361393388,25,,-0.005963348468433827,T
2018-12-04,T1903.CFX,15,0.34316552385218874,33,,-0.004956489152090848,T
2018-12-05,T1903.CFX,15,0.4420275273554342,34,,0.007192347257369225,T
2018-12-06,T1903.CFX,15,0.17664040766336273,27,,-0.020605222311053446,T
2018-12-07,T1903.CFX,15,0.3471298018103424,28,,-0.00814511848468188,T
2018-12-10,T1903.CFX,15,0.2119868990635449,25,,-0.035725497512237955,T
2018-12-11,T1903.CFX,15,0.2283789449198969,18,,-0.03919506734708923,T
2018-12-12,T1903.CFX,15,0.45296612693253213,24,,0.04339005816478933,T
2018-12-13,T1903.CFX,15,0.3516008113571377,45,,0.02499212469625779,T
2018-12-14,T1903.CFX,15,0.15965760164681841,34,0.05,0.0018563271603787902,T
2018-12-17,T1903.CFX,15,0.3644877222353035,29,0.7619047619047619,-0.0021090970654900508,T
2018-12-18,T1903.CFX,15,0.33750577748562255,27,0.45454545454545453,-0.02180337880156532,T
2018-12-19,T1903.CFX,15,0.36564329299762244,31,0.782608695652174,0.020593313911977364,T
2018-12-20,T1903.CFX,15,0.518684768696876,32,1.0,0.0719209904862434,T
2018-12-21,T1903.CFX,15,0.37328200195315586,32,0.8,0.019876755064695807,T
2018-12-24,T1903.CFX,15,0.33274483476513605,21,0.34615384615384615,-0.00018831764854395638,T
2018-12-25,T1903.CFX,15,0.23745989728255323,24,0.18518518518518517,-0.04423067253618784,T
2018-12-26,T1903.CFX,15,0.5450184009397225,31,1.0,-0.008315484018490938,T
2018-12-27,T1903.CFX,15,0.3538235589127673,27,0.6551724137931034,0.017335668009380932,T
2018-12-28,T1903.CFX,15,0.3606670725228712,26,0.6666666666666666,0.01722081371456844,T
2019-01-02,T1903.CFX,15,0.2788059809218319,12,0.22580645161290322,-0.010165916113829398,T
2019-01-03,T1903.CFX,15,0.2036530462304469,13,0.09375,-0.07577482874094868,T
2019-01-04,T1903.CFX,15,0.24366888487444105,23,0.21212121212121213,-0.037732337436907695,T
2019-01-07,T1903.CFX,15,0.14016346604429727,14,0.0,-0.04761443090045388,T
2019-01-08,T1903.CFX,15,0.16127832987573762,16,0.08571428571428572,-0.029854488227833813,T
2019-01-09,T1903.CFX,15,0.18347364882529668,18,0.1388888888888889,-0.012274934980900381,T
2019-01-10,T1903.CFX,15,0.21319321824827261,18,0.21621621621621623,-0.0017641150471337463,T
2019-01-11,T1903.CFX,15,0.1951045202116118,13,0.15789473684210525,0.016179699670716405,T
2019-01-14,T1903.CFX,15,0.18194885700105204,15,0.1282051282051282,0.005297192563694398,T
2019-01-15,T1903.CFX,15,0.2534536527533599,16,0.35,0.010871564660890587,T
2019-01-16,T1903.CFX,15,0.19818637764409408,15,0.1951219512195122,0.0028335451333391048,T
2019-01-17,T1903.CFX,15,0.17489134064321002,13,0.09523809523809523,-0.002418883849376147,T
2019-01-18,T1903.CFX,15,0.1838747123893474,16,0.18604651162790697,-0.0074710601333559164,T
2019-01-21,T1903.CFX,15,0.19919114596091003,14,0.25,-0.012283667883964644,T
2019-01-22,T1903.CFX,15,0.1274560642067785,13,0.0,-0.011716082155693114,T
2019-01-23,T1903.CFX,15,0.23700699284570487,19,0.3695652173913043,0.006781265622242072,T
2019-01-24,T1903.CFX,15,0.1530381524383339,14,0.06382978723404255,-0.0023857273017232226,T
2019-01-25,T1903.CFX,15,0.1484538236820582,13,0.0625,-0.007589255632614822,T
2019-01-28,T1903.CFX,15,0.18147413578327135,17,0.1836734693877551,0.0019482973989339014,T
2019-01-29,T1903.CFX,15,0.2000849344804275,14,0.32,-0.004540813338561728,T
2019-01-30,T1903.CFX,15,0.14056441328755429,12,0.0392156862745098,0.0026683632496810107,T
2019-01-31,T1903.CFX,15,0.18900064498892186,14,0.2692307692307692,0.004018392011801025,T
2019-02-01,T1903.CFX,15,0.20178597464115455,9,0.3584905660377358,0.002953938822426083,T
2019-02-11,T1903.CFX,15,0.20689292292067862,12,0.3888888888888889,0.007483753823410255,T
2019-02-12,T1903.CFX,15,0.20281755207528823,14,0.36363636363636365,0.014239855550722469,T
2019-02-13,T1903.CFX,15,0.1668279271693116,14,0.14285714285714285,-0.004331385820508687,T
2019-02-14,T1903.CFX,15,0.21915458178035468,14,0.45614035087719296,-0.0005327781472966753,T
2019-02-15,T1903.CFX,15,0.2139548036191258,16,0.4482758620689655,0.003046079110196087,T
2019-02-18,T1903.CFX,15,0.25824431430398637,10,0.559322033898305,0.015798040090721045,T
2019-02-19,T1903.CFX,15,0.13456896381616026,12,0.016666666666666666,-0.002542819418267095,T
2019-02-20,T1903.CFX,15,0.09684465472335799,7,0.0,-0.032400569391695895,T
2019-02-21,T1906.CFX,16,0.2655473971633343,21,,,T
2019-02-22,T1906.CFX,16,0.14995275815564071,21,,,T
2019-02-25,T1906.CFX,16,0.2509709682647701,29,,,T
2019-02-26,T1906.CFX,16,0.26957576371465336,38,,,T
2019-02-27,T1906.CFX,16,0.23873441819952673,33,,0.006599704763139752,T
2019-02-28,T1906.CFX,16,0.22907435293314343,29,,0.014600663948976206,T
2019-03-01,T1906.CFX,16,0.1400999790574819,27,,-0.026224338919608636,T
2019-03-04,T1906.CFX,16,0.2924321280838039,36,,-0.00529217104037436,T
2019-03-05,T1906.CFX,16,0.1629692548644605,31,,-0.008817255151947201,T
2019-03-06,T1906.CFX,16,0.22940938605762753,31,,0.0023539342055946878,T
2019-03-07,T1906.CFX,16,0.24624274638790475,31,,0.01492627926346693,T
2019-03-08,T1906.CFX,16,0.1924606728992978,35,,-0.011666941884556803,T
2019-03-11,T1906.CFX,16,0.20764837350590892,25,,0.005240952412456712,T
2019-03-12,T1906.CFX,16,0.20966686824793404,27,,-0.0078079408501382785,T
2019-03-13,T1906.CFX,16,0.1731538755232236,23,,-0.012897154638072606,T
2019-03-14,T1906.CFX,16,0.23748577610219163,27,,0.005555570842310231,T
2019-03-15,T1906.CFX,16,0.2604443180965884,37,,0.013341079703561659,T
2019-03-18,T1906.CFX,16,0.14259858492726527,23,,-0.004684612406797267,T
2019-03-19,T1906.CFX,16,0.22806481614040086,28,,0.0014934690059428268,T
2019-03-20,T1906.CFX,16,0.16899121445706927,25,,-0.016936862524643225,T
2019-03-21,T1906.CFX,16,0.20111668337506755,24,0.35,-0.009226263991323775,T
2019-03-22,T1906.CFX,16,0.18056720409691052,18,0.2857142857142857,0.004898910557395714,T
2019-03-25,T1906.CFX,16,0.16633846865380508,24,0.18181818181818182,-0.011187670533335036,T
2019-03-26,T1906.CFX,16,0.2618152861831674,24,0.8695652173913043,0.015086992873093374,T
2019-03-27,T1906.CFX,16,0.2000812276137805,23,0.375,0.00791771705636828,T
2019-03-28,T1906.CFX,16,0.22885459864493596,21,0.56,0.01303175480560263,T
2019-03-29,T1906.CFX,16,0.19800651531593022,19,0.34615384615384615,0.0030375405786018826,T
2019-04-01,T1906.CFX,16,0.14130703183847665,29,0.037037037037037035,-0.024309122098723168,T
2019-04-02,T1906.CFX,16,0.21872710943985996,26,0.5357142857142857,-0.00502558031543004,T
2019-04-03,T1906.CFX,16,0.19500517655016483,36,0.3448275862068966,-0.004697825006561257,T
2019-04-04,T1906.CFX,16,0.19383252846649637,34,0.3333333333333333,0.004535017101282041,T
2019-04-08,T1906.CFX,16,0.2665735391897344,28,0.9354838709677419,0.022563843372915192,T
2019-04-09,T1906.CFX,16,0.18439259031229305,25,0.28125,0.00028993243844357974,T
2019-04-10,T1906.CFX,16,0.31316691764442744,37,1.0,0.022688354403432188,T
2019-04-11,T1906.CFX,16,0.1528768154451677,27,0.11764705882352941,-0.0035318047587964306,T
2019-04-12,T1906.CFX,16,0.18388463456943455,23,0.2857142857142857,-0.019689358410772507,T
2019-04-15,T1906.CFX,16,0.1662027415832133,29,0.16666666666666666,-0.016566198053315235,T
2019-04-16,T1906.CFX,16,0.2061345790260904,24,0.5135135135135135,-0.02007387510986286,T
2019-04-17,T1906.CFX,16,0.1746628129654668,45,0.2631578947368421,0.006582193949725401,T
2019-04-18,T1906.CFX,16,0.1736850773230661,16,0.2564102564102564,-0.0011939043110483437,T
2019-04-19,T1906.CFX,16,0.18110248486172964,22,0.325,-0.0002650015145991558,T
2019-04-22,T1906.CFX,16,0.21990781145153795,22,0.6341463414634146,0.0033986136747157945,T
2019-04-23,T1906.CFX,16,0.21382113588272406,24,0.5952380952380952,0.012453937996298636,T
2019-04-24,T1906.CFX,16,0.3177072945273243,28,1.0,0.032076308542951085,T
2019-04-25,T1906.CFX,16,0.2798788818065061,30,0.9318181818181818,0.029535227696533932,T
2019-04-26,T1906.CFX,16,0.22269091829307458,24,0.6222222222222222,0.0071623959606855305,T
2019-04-29,T1906.CFX,16,0.17883514812555953,25,0.2608695652173913,-0.01649883517485789,T
2019-04-30,T1906.CFX,16,0.22223678437366737,26,0.6170212765957447,-0.029198475398826047,T
2019-05-06,T1906.CFX,16,0.21469309194844438,28,0.5625,-0.013082571363553064,T
2019-05-07,T1906.CFX,16,0.1423309317397195,19,0.04081632653061224,-0.012486202928382534,T
2019-05-08,T1906.CFX,16,0.16089152474193585,21,0.12,-0.011579309940119525,T
2019-05-09,T1906.CFX,16,0.20277482685653206,22,0.49019607843137253,-0.009272548224077914,T
2019-05-10,T1906.CFX,16,0.2500857364468051,26,0.8076923076923077,0.01312291841135339,T
2019-05-13,T1906.CFX,16,0.13334881981751723,19,0.0,0.007122998786046469,T
2019-05-14,T1906.CFX,16,0.1798642328260339,18,0.2962962962962963,-0.0031480590870818725,T
2019-05-15,T1906.CFX,16,0.24451131484606575,21,0.7818181818181819,0.0013251472358296156,T
2019-05-16,T1906.CFX,16,0.18012884392873627,19,0.30357142857142855,-0.0028751290007589135,T
2019-05-17,T1906.CFX,16,0.1311680672371429,17,0.0,-0.00040968940580463076,T
2019-05-20,T1906.CFX,16,0.14800132550749784,13,0.10344827586206896,-0.017706906224599493,T
2019-05-21,T1909.CFX,17,,12,,,T
2019-05-22,T1909.CFX,17,0.18900156064544513,25,,,T
2019-05-23,T1909.CFX,17,0.18444682209398744,22,,,T
2019-05-24,T1909.CFX,17,0.15718869199743227,19,,,T
2019-05-27,T1909.CFX,17,0.26115628551337566,31,,,T
2019-05-28,T1909.CFX,17,0.16119740862166637,30,,0.0021101159371830656,T
2019-05-29,T1909.CFX,17,0.22246059464365864,22,,0.008003626172357652,T
2019-05-30,T1909.CFX,17,0.165658337722783,20,,-0.0021756399419015637,T
2019-05-31,T1909.CFX,17,0.2175586949075039,26,,-0.00827342521106269,T
2019-06-03,T1909.CFX,17,0.16494474090616046,22,,0.00025927648328334386,T
2019-06-04,T1909.CFX,17,0.19258190702439573,26,,-0.006047097205514829,T
2019-06-05,T1909.CFX,17,0.2174406846190997,25,,0.007858790590952524,T
2019-06-06,T1909.CFX,17,0.2213428033157276,25,,0.006006416052938668,T
2019-06-10,T1909.CFX,17,0.13566969602607595,21,,-0.0029789193468837127,T
2019-06-11,T1909.CFX,17,0.16661979955616918,25,,-0.013369520352947684,T
2019-06-12,T1909.CFX,17,0.17758359982357713,22,,-0.013443717335060362,T
2019-06-13,T1909.CFX,17,0.2388888194183679,20,,0.0077005936002781826,T
2019-06-14,T1909.CFX,17,0.21208976783846395,22,,0.022510916348697473,T
2019-06-17,T1909.CFX,17,0.18838304239336673,17,,0.007803265368928186,T
2019-06-18,T1909.CFX,17,0.20211771304050713,20,,-0.00014375505911412012,T
2019-06-19,T1909.CFX,17,0.19246499844560494,22,,-0.010281969674348274,T
2019-06-20,T1909.CFX,17,0.22457284047376863,25,0.9,0.002904810132284763,T
2019-06-21,T1909.CFX,17,0.18375358243026907,22,0.3333333333333333,0.0013196207507066237,T
2019-06-24,T1909.CFX,17,0.22574729756712056,18,0.9090909090909091,0.0038547753037890984,T
2019-06-25,T1909.CFX,17,0.17103397048994892,25,0.2608695652173913,-0.004168759881796008,T
2019-06-26,T1909.CFX,17,0.20804349002540917,21,0.625,-0.004577831283703903,T
2019-06-27,T1909.CFX,17,0.21631957808770466,21,0.68,0.0047428183773159825,T
2019-06-28,T1909.CFX,17,0.2250445792815554,33,0.8846153846153846,0.004388017102662544,T
2019-07-01,T1909.CFX,17,0.18483937638787057,27,0.37037037037037035,0.004461190105198953,T
2019-07-02,T1909.CFX,17,0.17943779941815874,38,0.2857142857142857,-0.008869158291433494,T
2019-07-03,T1909.CFX,17,0.14916835391037436,29,0.034482758620689655,-0.01799092282180572,T
2019-07-04,T1909.CFX,17,0.16825193757839246,28,0.23333333333333334,-0.014925630588382217,T
2019-07-05,T1909.CFX,17,0.1879036520489697,23,0.45161290322580644,-0.0005057310517568026,T
2019-07-08,T1909.CFX,17,0.1817991824467028,28,0.34375,0.004345806419568349,T
2019-07-09,T1909.CFX,17,0.18873096950343654,22,0.5151515151515151,0.009267247605443469,T
2019-07-10,T1909.CFX,17,0.24347571552678898,29,0.9705882352941176,0.015127487335125983,T
2019-07-11,T1909.CFX,17,0.30649748193533266,40,1.0,0.029886419285281213,T
2019-07-12,T1909.CFX,17,0.21344779782353068,22,0.6666666666666666,0.018106374318555198,T
2019-07-15,T1909.CFX,17,0.17075095821627456,40,0.21621621621621623,-0.00659879402775822,T
2019-07-16,T1909.CFX,17,0.171850420894228,24,0.2631578947368421,-0.027899711298418013,T
2019-07-17,T1909.CFX,17,0.16166996278597803,22,0.10256410256410256,-0.033125241522801205,T
2019-07-18,T1909.CFX,17,0.24119232316631095,28,0.925,0.004640805525526393,T
2019-07-19,T1909.CFX,17,0.14829866686860538,25,0.024390243902439025,0.0024437319576744608,T
2019-07-22,T1909.CFX,17,0.2025787794393315,22,0.6190476190476191,0.004808542117283432,T
2019-07-23,T1909.CFX,17,0.18278337743060752,28,0.37209302325581395,0.0003613285562279522,T
2019-07-24,T1909.CFX,17,0.15300269284299683,23,0.06818181818181818,-0.01418945500846261,T
2019-07-25,T1909.CFX,17,0.2184746809443682,16,0.7777777777777778,0.009077594155519097,T
2019-07-26,T1909.CFX,17,0.18252656690184393,15,0.3695652173913043,-0.00044131215612144283,T
2019-07-29,T1909.CFX,17,0.22483952734199017,25,0.851063829787234,0.01136361738816124,T
2019-07-30,T1909.CFX,17,0.18821213074319892,24,0.4791666666666667,0.007678372219802621,T
2019-07-31,T1909.CFX,17,0.17750876621286055,23,0.2857142857142857,-0.007624626562166031,T
2019-08-01,T1909.CFX,17,0.2186607911006016,19,0.78,0.002493768726838569,T
2019-08-02,T1909.CFX,17,0.1961602806585902,20,0.5882352941176471,-0.0026909833009397255,T
2019-08-05,T1909.CFX,17,0.2247695159150595,24,0.8461538461538461,0.009176628478945075,T
2019-08-06,T1909.CFX,17,0.15550401776185652,26,0.07547169811320754,-0.0037900772087550217,T
2019-08-07,T1909.CFX,17,0.10562091794573439,18,0.0,-0.026673600920646807,T
2019-08-08,T1909.CFX,17,0.12959958165963942,16,0.01818181818181818,-0.025226999596722664,T
2019-08-09,T1909.CFX,17,0.18814684406192753,20,0.48214285714285715,-0.009914977980848106,T
2019-08-12,T1909.CFX,17,0.17938041742307007,15,0.3333333333333333,0.013027872543862026,T
2019-08-13,T1909.CFX,17,0.18126427986136923,18,0.3620689655172414,0.02010675595947003,T
2019-08-14,T1909.CFX,17,0.21980888986843866,20,0.7966101694915254,0.01735360522170402,T
2019-08-15,T1912.CFX,18,,19,,,T
2019-08-16,T1912.CFX,18,0.25886587591572047,30,,,T
2019-08-19,T1912.CFX,18,0.18276101138098988,21,,,T
2019-08-20,T1912.CFX,18,0.16480639570099576,24,,,T
2019-08-21,T1912.CFX,18,0.2791553149416499,32,,,T
2019-08-22,T1912.CFX,18,0.17337475176056208,24,,-0.007458794474965674,T
2019-08-23,T1912.CFX,18,0.20154369719943568,26,,0.004613372769645791,T
2019-08-26,T1912.CFX,18,0.3035634409452194,32,,0.019990247274623306,T
2019-08-27,T1912.CFX,18,0.1516354518425406,24,,-0.012485103701356127,T
2019-08-28,T1912.CFX,18,0.20597452466374463,20,,0.001529130044946997,T
2019-08-29,T1912.CFX,18,0.39082952833437185,60,,0.028098274598839755,T
2019-08-30,T1912.CFX,18,0.2583926102062565,43,,0.014885241501390539,T
2019-09-02,T1912.CFX,18,0.1799466369975681,29,,0.010904045585256688,T
2019-09-03,T1912.CFX,18,0.19141014991079758,22,,-0.024001164084269788,T
2019-09-04,T1912.CFX,18,0.2882081293345551,35,,-0.027222525829509236,T
2019-09-05,T1912.CFX,18,0.17725759884330136,26,,-0.005400853038892322,T
2019-09-06,T1912.CFX,18,0.2696553083503651,26,,0.016526479163809782,T
2019-09-09,T1912.CFX,18,0.1831358080363697,25,,-0.003510150473304574,T
2019-09-10,T1912.CFX,18,0.18121367556360352,24,,-0.02081106983488349,T
2019-09-11,T1912.CFX,18,0.22403460420403296,26,,0.0005112377934701651,T
2019-09-12,T1912.CFX,18,0.30821858628068954,38,,0.011802535202831222,T
2019-09-16,T1912.CFX,18,0.18886026989633117,34,0.4,0.013845383443700903,T
2019-09-17,T1912.CFX,18,0.20676769803629677,37,0.5714285714285714,0.0015933710637684728,T
2019-09-18,T1912.CFX,18,0.23946126039513865,35,0.6363636363636364,-0.007059757586218129,T
2019-09-19,T1912.CFX,18,0.16147500485264973,31,0.043478260869565216,-0.02428861723572722,T
2019-09-20,T1912.CFX,18,0.1877338242691136,29,0.375,-0.00475455844380821,T
2019-09-23,T1912.CFX,18,0.12177389934618872,22,0.0,-0.022171503350624115,T
2019-09-24,T1912.CFX,18,0.23020233827925968,33,0.6538461538461539,-0.005821894973821895,T
2019-09-25,T1912.CFX,18,0.18663674193408025,28,0.37037037037037035,0.00927919881730071,T
2019-09-26,T1912.CFX,18,0.2960735355559249,35,0.8928571428571429,0.028154226516151414,T
2019-09-27,T1912.CFX,18,0.27153082746840684,32,0.7931034482758621,0.036538505352110145,T
2019-09-30,T1912.CFX,18,0.23796716183101946,20,0.6333333333333333,0.010042373263784609,T
2019-10-08,T1912.CFX,18,0.2584550300751196,27,0.7096774193548387,0.00855302025571733,T
2019-10-09,T1912.CFX,18,0.14131733731390633,23,0.03125,-0.03225881938773244,T
2019-10-10,T1912.CFX,18,0.17604185317657078,25,0.18181818181818182,-0.028762777310078536,T
2019-10-11,T1912.CFX,18,0.13647832524228726,26,0.029411764705882353,-0.028539085007601328,T
2019-10-14,T1912.CFX,18,0.2267715099199643,34,0.6,-0.0068206052381929675,T
2019-10-15,T1912.CFX,18,0.22648935223937833,27,0.5833333333333334,0.022107368659433753,T
2019-10-16,T1912.CFX,18,0.20975081822269911,24,0.5405405405405406,0.015742895708934772,T
2019-10-17,T1912.CFX,18,0.20294734241202478,26,0.47368421052631576,0.011591734264220988,T
2019-10-18,T1912.CFX,18,0.2478761708766112,33,0.717948717948718,0.0018667312085940302,T
2019-10-21,T1912.CFX,18,0.27284256395970197,38,0.85,0.013083177609455932,T
2019-10-22,T1912.CFX,18,0.1815749097328228,25,0.2682926829268293,0.0013543404567924577,T
2019-10-23,T1912.CFX,18,0.3697284295210984,33,0.9761904761904762,0.02672609130743589,T
2019-10-24,T1912.CFX,18,0.15884099124074108,20,0.09302325581395349,-0.008118449371034387,T
2019-10-25,T1912.CFX,18,0.3039938039856541,25,0.9318181818181818,0.003956856155982269,T
2019-10-28,T1912.CFX,18,0.17321373721621483,33,0.15555555555555556,-0.008245697056866026,T
2019-10-29,T1912.CFX,18,0.27282520380028663,29,0.8043478260869565,-0.01794337054661499,T
2019-10-30,T1912.CFX,18,0.30607158868870316,45,0.9361702127659575,0.026329259471055667,T
2019-10-31,T1912.CFX,18,0.3162583772866137,40,0.9583333333333334,0.015738699807440755,T
2019-11-01,T1912.CFX,18,0.21325778008200252,24,0.5102040816326531,0.012352125921790242,T
2019-11-04,T1912.CFX,18,0.2201336587001203,27,0.52,-0.019819689880703317,T
2019-11-05,T1912.CFX,18,0.16736630463107782,50,0.13725490196078433,-0.037353528670174406,T
2019-11-06,T1912.CFX,18,0.21870610744423907,31,0.5192307692307693,-0.024099601513567392,T
2019-11-07,T1912.CFX,18,0.22589082589359194,27,0.5660377358490566,0.0023838540367297654,T
2019-11-08,T1912.CFX,18,0.21242715865802508,26,0.48148148148148145,0.0043111521178323675,T
2019-11-11,T1912.CFX,18,0.22208330401891224,29,0.5454545454545454,0.01031550499894548,T
2019-11-12,T1912.CFX,18,0.19261835212192766,27,0.375,-0.0055983032519302586,T
2019-11-13,T1912.CFX,18,0.15337561161151037,20,0.07017543859649122,-0.016483923510026054,T
2019-11-14,T1912.CFX,18,0.24928458195306846,26,0.7068965517241379,0.0005007154182684826,T
2019-11-15,T1912.CFX,18,0.21353082346717955,26,0.5084745762711864,0.0039561268727675404,T
2019-11-18,T1912.CFX,18,0.26487257080918625,28,0.7666666666666667,0.02046636492301863,T
2019-11-19,T2003.CFX,19,,11,,,T
2019-11-20,T2003.CFX,19,0.17951733601503933,23,,,T
2019-11-21,T2003.CFX,19,0.21544015593017182,22,,,T
2019-11-22,T2003.CFX,19,0.20907097255273058,21,,,T
2019-11-25,T2003.CFX,19,0.2731480202037646,24,,,T
2019-11-26,T2003.CFX,19,0.21179413318930754,24,,0.012226145862212916,T
2019-11-27,T2003.CFX,19,0.21425957179150643,22,,3.619923592461105e-05,T
2019-11-28,T2003.CFX,19,0.19964537368437998,17,,-0.007773964614895929,T
2019-11-29,T2003.CFX,19,0.24896602486807234,23,,-0.006051275017631208,T
2019-12-02,T2003.CFX,19,0.21837971955966964,26,,0.004787762581729016,T
2019-12-03,T2003.CFX,19,0.22166371108260735,19,,0.0033542624457491453,T
2019-12-04,T2003.CFX,19,0.19340137435754107,21,,-0.003979031243914283,T
2019-12-05,T2003.CFX,19,0.1388116755199293,17,,-0.02452870438984146,T
2019-12-06,T2003.CFX,19,0.28010775287144407,22,,0.004060403106087085,T
2019-12-09,T2003.CFX,19,0.2465128696886317,21,,0.013640469572595177,T
2019-12-10,T2003.CFX,19,0.22718479005470232,25,,0.0175268025563025,T
2019-12-11,T2003.CFX,19,0.17698041057734937,25,,0.0023414507298098407,T
2019-12-12,T2003.CFX,19,0.21991029776749182,22,,-0.018992736931918684,T
2019-12-13,T2003.CFX,19,0.20007074009216436,26,,-0.01001587514801452,T
2019-12-16,T2003.CFX,19,0.23313917636644632,46,,0.0034999102138302983,T
2019-12-17,T2003.CFX,19,0.21340993175618247,36,,0.00860879209566207,T
2019-12-18,T2003.CFX,19,0.21865096149596092,28,0.6,0.0010820519120956274,T
2019-12-19,T2003.CFX,19,0.2891914009190908,37,1.0,0.016375310678336745,T
2019-12-20,T2003.CFX,19,0.24557029043815834,28,0.7727272727272727,0.010064369730633233,T
2019-12-23,T2003.CFX,19,0.1769322117388175,40,0.043478260869565216,-0.004603611109253248,T
2019-12-24,T2003.CFX,19,0.19206532331188755,28,0.16666666666666666,-0.016543046554841994,T
2019-12-25,T2003.CFX,19,0.18354930422318474,20,0.16,-0.026478916051808292,T
2019-12-26,T2003.CFX,19,0.3247922937741071,31,1.0,0.016506109915626475,T
2019-12-27,T2003.CFX,19,0.19161199074580482,25,0.18518518518518517,0.01620865284761942,T
2019-12-30,T2003.CFX,19,0.1266101096100564,22,0.0,-0.012284774088104227,T
2019-12-31,T2003.CFX,19,0.2115601723899779,21,0.41379310344827586,-0.01421604478304645,T
2020-01-02,T2003.CFX,19,0.2627662996638677,27,0.8666666666666667,-0.010410380657630568,T
2020-01-03,T2003.CFX,19,0.27534252815638893,26,0.9032258064516129,0.030361726487497957,T
2020-01-06,T2003.CFX,19,0.2385273266505127,26,0.71875,0.02876167898473237,T
2020-01-07,T2003.CFX,19,0.19974274689511015,27,0.30303030303030304,-0.004787382400309054,T
2020-01-08,T2003.CFX,19,0.23001102827079506,29,0.6764705882352942,-0.014111032404742407,T
2020-01-09,T2003.CFX,19,0.3284282176019617,44,1.0,0.009765508051142801,T
2020-01-10,T2003.CFX,19,0.2041077751921756,34,0.3333333333333333,0.005984636779017738,T
2020-01-13,T2003.CFX,19,0.17800000865140547,20,0.10810810810810811,-0.0069388729566028816,T
2020-01-14,T2003.CFX,19,0.16988241059150183,28,0.05263157894736842,-0.027068544430914276,T
2020-01-15,T2003.CFX,19,0.2325870728284912,28,0.6923076923076923,-0.022590765414761488,T
2020-01-16,T2003.CFX,19,0.42061063473547017,34,1.0,0.048759278326367485,T
2020-01-17,T2003.CFX,19,0.19653474443311886,36,0.2682926829268293,0.028779769570739504,T
2020-01-20,T2003.CFX,19,0.22489358768347234,26,0.6190476190476191,0.007397002578856865,T
2020-01-21,T2003.CFX,19,0.21087994273963467,31,0.3953488372093023,-0.023913130722971087,T
2020-01-22,T2003.CFX,19,0.2483058328922036,25,0.7954545454545454,-0.03302644053800173,T
2020-01-23,T2003.CFX,19,0.2040981112869527,29,0.3333333333333333,0.003853897891639896,T
2020-02-03,T2003.CFX,19,0.1736053255583741,39,0.06521739130434782,-0.01093583557028784,T
2020-02-04,T2003.CFX,19,0.17035303240637162,26,0.06382978723404255,-0.015575432800035555,T
2020-02-05,T2003.CFX,19,0.21269156938004855,29,0.4791666666666667,-0.01049736059048913,T
2020-02-06,T2003.CFX,19,0.20100145792780816,27,0.3469387755102041,0.0032892937103385254,T
2020-02-07,T2003.CFX,19,0.22249537863053312,26,0.64,0.012842853166575453,T
2020-02-10,T2003.CFX,19,0.14694124638558587,26,0.0392156862745098,-0.0037019762791086876,T
2020-02-11,T2003.CFX,19,0.20510561945944103,35,0.40384615384615385,-0.006923211138343733,T
2020-02-12,T2003.CFX,19,0.23469327446056312,27,0.7547169811320755,0.004999387389441784,T
2020-02-13,T2003.CFX,19,0.21175542245874107,26,0.46296296296296297,0.006627211573139313,T
2020-02-14,T2003.CFX,19,0.34068486567390555,29,0.9818181818181818,0.03941370415759394,T
2020-02-17,T2003.CFX,19,0.18773044825930696,22,0.19642857142857142,0.007124124881307425,T
2020-02-18,T2006.CFX,20,,16,,,T
2020-02-19,T2006.CFX,20,0.14647045418580784,21,,,T
2020-02-20,T2006.CFX,20,0.23257991897782665,32,,,T
2020-02-21,T2006.CFX,20,0.1996714124126723,32,,,T
2020-02-24,T2006.CFX,20,0.19321053075094624,28,,,T
2020-02-25,T2006.CFX,20,0.15965456056228902,29,,-0.0013001175473917991,T
2020-02-26,T2006.CFX,20,0.23959683668800086,34,,-0.0025983016430034867,T
2020-02-27,T2006.CFX,20,0.2325204717358161,32,,0.011208442458334222,T
2020-02-28,T2006.CFX,20,0.30438551437589656,40,,0.029521587842342777,T
2020-03-02,T2006.CFX,20,0.17763920163832017,39,,0.0100757959839958,T
2020-03-03,T2006.CFX,20,0.22174746275111623,33,,-0.009058001797126524,T
2020-03-04,T2006.CFX,20,0.22806655143727395,39,,-0.00915458922218646,T
2020-03-05,T2006.CFX,20,0.1975739176719025,29,,-0.016319584360903434,T
2020-03-06,T2006.CFX,20,0.2304655964532208,37,,0.008147924455058752,T
2020-03-09,T2006.CFX,20,0.2501007250796918,39,,0.005910556967309794,T
2020-03-10,T2006.CFX,20,0.22808968500530727,53,,0.005257307454385596,T
2020-03-11,T2006.CFX,20,0.24257107747082446,38,,0.008761840814993038,T
2020-03-12,T2006.CFX,20,0.260652380418405,43,,0.005284392032150115,T
2020-03-13,T2006.CFX,20,0.20165234654724412,65,,-0.006433406165179756,T
2020-03-16,T2006.CFX,20,0.18323646984009728,50,,-0.01306251612540003,T
2020-03-17,T2006.CFX,20,0.23543900078859376,51,,-0.009168006394276918,T
2020-03-18,T2006.CFX,20,0.30880840885018357,50,1.0,0.013009871110490673,T
2020-03-19,T2006.CFX,20,0.23719829048052002,52,0.7142857142857143,0.019666382687663804,T
2020-03-20,T2006.CFX,20,0.17986615932399397,37,0.13636363636363635,-0.0004981331340280337,T
2020-03-23,T2006.CFX,20,0.18532381649616161,35,0.21739130434782608,-0.02291726181110539,T
2020-03-24,T2006.CFX,20,0.26237527961628493,43,0.9166666666666666,-0.014474073245215569,T
2020-03-25,T2006.CFX,20,0.22485167972371758,46,0.44,0.0057815898778686035,T
2020-03-26,T2006.CFX,20,0.18324491930202652,37,0.19230769230769232,0.004628538318362107,T
2020-03-27,T2006.CFX,20,0.2070969042967586,42,0.4074074074074074,-0.0035584184713064516,T
2020-03-30,T2006.CFX,20,0.1366171629330048,44,0.0,-0.026927100879351917,T
2020-03-31,T2006.CFX,20,0.20524625756766932,37,0.41379310344827586,-0.008583860068111826,T
2020-04-01,T2006.CFX,20,0.2148256964063125,37,0.4666666666666667,0.006131090747948265,T
2020-04-02,T2006.CFX,20,0.23266107567125283,37,0.7096774193548387,0.012933687622229623,T
2020-04-03,T2006.CFX,20,0.238702860249958,44,0.78125,0.023158621273748986,T
2020-04-07,T2006.CFX,20,0.26338742558547257,63,0.9393939393939394,0.014015949987925203,T
2020-04-08,T2006.CFX,20,0.33800889751111945,41,1.0,0.027709275212383366,T
2020-04-09,T2006.CFX,20,0.22632625442607845,39,0.4857142857142857,0.00866363947708127,T
2020-04-10,T2006.CFX,20,0.2000569896855679,51,0.3055555555555556,-0.011435291228817424,T
2020-04-13,T2006.CFX,20,0.18092679363846367,36,0.13513513513513514,-0.030287317171956936,T
2020-04-14,T2006.CFX,20,0.22621960457887175,34,0.5,-0.026897804665211023,T
2020-04-15,T2006.CFX,20,0.19955504214130113,37,0.28205128205128205,-0.0027379809676250865,T
2020-04-16,T2006.CFX,20,0.2161549300114042,31,0.45,0.005082412915451012,T
2020-04-17,T2006.CFX,20,0.2444597266375405,40,0.8292682926829268,0.011700119143068611,T
2020-04-20,T2006.CFX,20,0.20970609506084834,36,0.40476190476190477,0.0011877665460192533,T
2020-04-21,T2006.CFX,20,0.2616263793820861,34,0.8837209302325582,0.011769383953101408,T
2020-04-22,T2006.CFX,20,0.133674879866376,34,0.0,-0.014779344754551083,T
2020-04-23,T2006.CFX,20,0.26988018290550275,54,0.9333333333333333,-0.0025190302658547824,T
2020-04-24,T2006.CFX,20,0.26615237798458236,50,0.9130434782608695,0.012114636937088464,T
2020-04-27,T2006.CFX,20,0.19752186392849003,30,0.23404255319148937,0.00042684672110141484,T
2020-04-28,T2006.CFX,20,0.16747297749641926,29,0.08333333333333333,-0.00047621237169261923,T
2020-04-29,T2006.CFX,20,0.1516304174931454,27,0.061224489795918366,-0.03351789313128777,T
2020-04-30,T2006.CFX,20,0.2019816155032092,32,0.38,-0.017423297139809092,T
2020-05-06,T2006.CFX,20,0.18932327261286946,28,0.23529411764705882,0.0018111455375548868,T
2020-05-07,T2006.CFX,20,0.2795497055046003,42,0.9423076923076923,0.02618463111360861,T
2020-05-08,T2006.CFX,20,0.2574350505936883,50,0.8113207547169812,0.028917735620247693,T
2020-05-11,T2006.CFX,20,0.21213309184376844,43,0.4444444444444444,0.008841473066193739,T
2020-05-12,T2006.CFX,20,0.24722307487450604,42,0.7818181818181819,0.004838299086244136,T
2020-05-13,T2006.CFX,20,0.34032772822919244,35,1.0,0.011134406973000199,T
2020-05-14,T2006.CFX,20,0.261681910029287,39,0.8421052631578947,0.013668835525662126,T
2020-05-15,T2006.CFX,20,0.14187322201022862,19,0.034482758620689655,-0.012606090451229868,T
2020-05-18,T2009.CFX,21,0.2266548612934706,28,,,T
2020-05-19,T2009.CFX,21,0.17521099163519022,38,,,T
2020-05-20,T2009.CFX,21,0.21801351317657378,31,,,T
2020-05-21,T2009.CFX,21,0.23112745246085414,28,,,T
2020-05-22,T2009.CFX,21,0.21125862871522094,37,,0.0025123995669164624,T
2020-05-25,T2009.CFX,21,0.12925611912041512,28,,-0.009866462949090304,T
2020-05-26,T2009.CFX,21,0.11016444729417504,39,,-0.031756946510523645,T
2020-05-27,T2009.CFX,21,0.2091318894799235,34,,-0.014508530738290715,T
2020-05-28,T2009.CFX,21,0.23748514996082876,36,,0.013232881285072402,T
2020-05-29,T2009.CFX,21,0.19899013624475492,31,,0.02667887369153333,T
2020-06-01,T2009.CFX,21,0.19367899710884773,27,,0.015688734639417678,T
2020-06-02,T2009.CFX,21,0.24501937555637934,38,,0.0027968819300930705,T
2020-06-03,T2009.CFX,21,0.35429761368333973,52,,0.027965416675664635,T
2020-06-04,T2009.CFX,21,0.20314024979671758,29,,0.016891884367841732,T
2020-06-05,T2009.CFX,21,0.21110283104655397,38,,-0.0007031457884249248,T
2020-06-08,T2009.CFX,21,0.1455462435235237,30,,-0.03421410467024971,T
2020-06-09,T2009.CFX,21,0.18777203599088338,29,,-0.03906451616581065,T
2020-06-10,T2009.CFX,21,0.26847547832685376,30,,0.01073396620046017,T
2020-06-11,T2009.CFX,21,0.24600145573837962,30,,0.019272648418698142,T
2020-06-12,T2009.CFX,21,0.1516408653338645,31,,0.007041866336817787,T
2020-06-15,T2009.CFX,21,0.2725327634051332,30,0.95,0.005268684183551036,T
2020-06-16,T2009.CFX,21,0.2316901910654189,34,0.7142857142857143,-0.004703926685611609,T
2020-06-17,T2009.CFX,21,0.19446274520837778,28,0.3181818181818182,-0.002302809532844935,T
2020-06-18,T2009.CFX,21,0.24067011987443737,34,0.782608695652174,0.009998849088439033,T
2020-06-19,T2009.CFX,21,0.32179155064749343,30,0.9583333333333334,0.010749750329373886,T
2020-06-22,T2009.CFX,21,0.17758997279181804,22,0.2,0.001912836889191394,T
2020-06-23,T2009.CFX,21,0.22559482663102348,37,0.5769230769230769,-8.15984237327927e-05,T
2020-06-24,T2009.CFX,21,0.17470565266190485,23,0.14814814814814814,-0.022812565844153497,T
2020-06-29,T2009.CFX,21,0.1528601656175682,22,0.14285714285714285,-0.03407470901897636,T
2020-06-30,T2009.CFX,21,0.17597148595605544,25,0.2413793103448276,-0.007597163468498047,T
2020-07-01,T2009.CFX,21,0.18234431679623703,22,0.3,-0.008523518637542232,T
2020-07-02,T2009.CFX,21,0.15997249347827142,24,0.16129032258064516,1.783281140194104e-06,T
2020-07-03,T2009.CFX,21,0.16720723521981168,27,0.1875,0.001269514672670291,T
2020-07-06,T2009.CFX,21,0.26140713889117045,40,0.8787878787878788,0.015573422429380474,T
2020-07-07,T2009.CFX,21,0.20303081431161035,40,0.47058823529411764,0.014280764044364564,T
2020-07-08,T2009.CFX,21,0.2828689356773505,40,0.9428571428571428,0.028161646348995685,T
2020-07-09,T2009.CFX,21,0.23153521537688876,56,0.6944444444444444,0.015011775710033426,T
2020-07-10,T2009.CFX,21,0.24315007841219355,39,0.7837837837837838,-0.0008009719892675349,T
2020-07-13,T2009.CFX,21,0.21609107587121285,37,0.5526315789473685,-0.0013598334145951962,T
2020-07-14,T2009.CFX,21,0.1584810065857697,35,0.1282051282051282,-0.026421999768883753,T
2020-07-15,T2009.CFX,21,0.20628660885830336,40,0.475,-0.01351662848635946,T
2020-07-16,T2009.CFX,21,0.15798121578829177,39,0.12195121951219512,-0.0180142192260713,T
2020-07-17,T2009.CFX,21,0.28411066457867573,38,0.9523809523809523,0.013553938661744785,T
2020-07-20,T2009.CFX,21,0.18071121090801293,26,0.3023255813953488,0.01222844643648589,T
2020-07-21,T2009.CFX,21,0.2349560729349863,28,0.7272727272727273,0.008006892327308706,T
2020-07-22,T2009.CFX,21,0.3409891562606979,35,0.9777777777777777,0.03168612893011229,T
2020-07-23,T2009.CFX,21,0.1804484080530302,29,0.2826086956521739,-0.004704656769860605,T
2020-07-24,T2009.CFX,21,0.26417784537356925,33,0.851063829787234,0.011242560404915659,T
2020-07-27,T2009.CFX,21,0.13206692269834616,23,0.041666666666666664,-0.0282589611360409,T
2020-07-28,T2009.CFX,21,0.19911241649507364,30,0.42857142857142855,-0.03321349648859326,T
2020-07-29,T2009.CFX,21,0.22771520481145338,27,0.64,0.0029468164638350725,T
2020-07-30,T2009.CFX,21,0.1584003081269149,22,0.13725490196078433,-0.011590679238020152,T
2020-07-31,T2009.CFX,21,0.19906143432451356,31,0.4230769230769231,0.009327691488417606,T
2020-08-03,T2009.CFX,21,0.21734492274545042,27,0.5849056603773585,0.0007811242013813724,T
2020-08-04,T2009.CFX,21,0.17203137201481844,26,0.2037037037037037,-0.005242305097473437,T
2020-08-05,T2009.CFX,21,0.28370926774587313,33,0.9272727272727272,0.022358785692822136,T
2020-08-06,T2009.CFX,21,0.19703038019723873,27,0.39285714285714285,0.00623022367458731,T
2020-08-07,T2009.CFX,21,0.26191470376432163,34,0.8421052631578947,0.011413857022016272,T
2020-08-10,T2009.CFX,21,0.18651728694714195,28,0.3275862068965517,0.0007177265883095529,T
2020-08-11,T2009.CFX,21,0.2525651859414588,32,0.8135593220338984,-0.007280125685892536,T
2020-08-12,T2009.CFX,21,0.3485296093087735,34,0.9833333333333333,0.029364894040020673,T
2020-08-13,T2009.CFX,21,0.15444144480440364,23,0.1,-0.005293419555820444,T
2020-08-14,T2009.CFX,21,0.21234167772889764,23,0.55,-0.0046474959573543865,T
2020-08-17,T2009.CFX,21,0.1306693456283352,19,0.03333333333333333,-0.03799796122061231,T
2020-08-18,T2009.CFX,21,0.17845501314434858,18,0.2833333333333333,-0.03639212915049182,T
2020-08-19,T2009.CFX,21,0.20037473585976126,16,0.48333333333333334,0.0057979917526166155,T
2020-08-20,T2009.CFX,21,0.19407842242961487,10,0.38333333333333336,0.003317887963286048,T
2020-08-21,T2012.CFX,22,,15,,,T
2020-08-24,T2012.CFX,22,0.20126968718038946,20,,,T
2020-08-25,T2012.CFX,22,0.19864451631281863,34,,,T
2020-08-26,T2012.CFX,22,0.22851344362793116,26,,,T
2020-08-27,T2012.CFX,22,0.21380588952165933,27,,,T
2020-08-28,T2012.CFX,22,0.26667122088432277,31,,0.014596444061670733,T
2020-08-31,T2012.CFX,22,0.1839058711205856,22,,0.000868048687192552,T
2020-09-01,T2012.CFX,22,0.19387071097751685,22,,-0.009918548370190234,T
2020-09-02,T2012.CFX,22,0.22904723453632797,30,,-0.004231781987746863,T
2020-09-03,T2012.CFX,22,0.3128700839425176,33,,0.013753908953213207,T
2020-09-04,T2012.CFX,22,0.17862003629293283,20,,0.01084277033096952,T
2020-09-07,T2012.CFX,22,0.2723603898642706,27,,0.010655215953011238,T
2020-09-08,T2012.CFX,22,0.1549024605354856,28,,-0.018879924207993178,T
2020-09-09,T2012.CFX,22,0.22330500999695513,30,,-0.020284772364857217,T
2020-09-10,T2012.CFX,22,0.14548794433624584,26,,-0.011531956378068942,T
2020-09-11,T2012.CFX,22,0.234821362178608,31,,-0.0084492571570565,T
2020-09-14,T2012.CFX,22,0.2124726861786285,27,,0.012665680346793861,T
2020-09-15,T2012.CFX,22,0.21948336311428723,30,,0.005934144807704688,T
2020-09-16,T2012.CFX,22,0.20816721538351493,29,,0.011002054303021735,T
2020-09-17,T2012.CFX,22,0.20091708652166168,25,,-0.0072114022109006195,T
2020-09-18,T2012.CFX,22,0.19958474024153772,31,,-0.004434216846680711,T
2020-09-21,T2012.CFX,22,0.23145985717242232,31,0.8,0.0015370512974292982,T
2020-09-22,T2012.CFX,22,0.18837438632680512,36,0.19047619047619047,-0.0009042887462658966,T
2020-09-23,T2012.CFX,22,0.1798527139822891,28,0.13636363636363635,-0.005333909899347772,T
2020-09-24,T2012.CFX,22,0.20342612128270748,32,0.4782608695652174,-0.004392438110779373,T
2020-09-25,T2012.CFX,22,0.23882199337037932,30,0.875,0.0029776007351816403,T
2020-09-28,T2012.CFX,22,0.19460953592099445,20,0.28,0.007143957857646888,T
2020-09-29,T2012.CFX,22,0.23602690870662263,22,0.8461538461538461,0.0103531804086954,T
2020-09-30,T2012.CFX,22,0.21875183409369187,23,0.5925925925925926,0.0027856340958212046,T
2020-10-09,T2012.CFX,22,0.24498280409967843,19,0.8928571428571429,0.0036463919631295636,T
2020-10-12,T2012.CFX,22,0.18612727008168214,24,0.1724137931034483,-0.0008008636285568749,T
2020-10-13,T2012.CFX,22,0.18201637374064217,20,0.13333333333333333,-0.014064563394397068,T
2020-10-14,T2012.CFX,22,0.3226103209266447,30,1.0,0.014475054330686942,T
2020-10-15,T2012.CFX,22,0.18647958442761833,26,0.21875,0.0019476611500842344,T
2020-10-16,T2012.CFX,22,0.1378845124776888,23,0.0,-0.009202230452101057,T
2020-10-19,T2012.CFX,22,0.2058667033548609,29,0.5,-0.013702514922051833,T
2020-10-20,T2012.CFX,22,0.18515698775752226,24,0.2,-0.025551954741100235,T
2020-10-21,T2012.CFX,22,0.22475773803036198,24,0.6944444444444444,0.012382878248532075,T
2020-10-22,T2012.CFX,22,0.186605453099803,29,0.2702702702702703,0.01163329159197295,T
2020-10-23,T2012.CFX,22,0.2652692354211495,28,0.8947368421052632,0.01202535294748579,T
2020-10-26,T2012.CFX,22,0.19954416278166623,27,0.38461538461538464,0.006928584743907551,T
2020-10-27,T2012.CFX,22,0.19549549886630563,26,0.35,-0.004558576864624952,T
2020-10-28,T2012.CFX,22,0.24649081244288124,32,0.8780487804878049,0.0049996982131312595,T
2020-10-29,T2012.CFX,22,0.1354792350353792,26,0.0,-0.021263335111032556,T
2020-10-30,T2012.CFX,22,0.16124088433434616,25,0.09302325581395349,-0.013662282072556658,T
2020-11-02,T2012.CFX,22,0.15836512762104266,23,0.09090909090909091,-0.0159510670599061,T
2020-11-03,T2012.CFX,22,0.20611722017717155,27,0.5555555555555556,-0.00578612919457559,T
2020-11-04,T2012.CFX,22,0.24011843324418886,32,0.8478260869565217,0.025415473226044465,T
2020-11-05,T2012.CFX,22,0.2064502622306798,30,0.5531914893617021,0.01721720614158135,T
2020-11-06,T2012.CFX,22,0.19166119810969043,25,0.3125,0.006692518303080375,T
2020-11-09,T2012.CFX,22,0.17756611911077408,25,0.12244897959183673,-0.010555943726729345,T
2020-11-10,T2012.CFX,22,0.1623015947149225,26,0.12,-0.018451782017843844,T
2020-11-11,T2012.CFX,22,0.18728656174044014,20,0.3137254901960784,-0.006768700437524722,T
2020-11-12,T2012.CFX,22,0.2349358357090376,21,0.8076923076923077,0.009626971782836035,T
2020-11-13,T2012.CFX,22,0.21871480374975652,33,0.6415094339622641,0.015493161027207991,T
2020-11-16,T2012.CFX,22,0.16581197227723724,23,0.12962962962962962,0.003844899713394584,T
2020-11-17,T2012.CFX,22,0.14701689608854712,20,0.05454545454545454,-0.014966319473558642,T
2020-11-18,T2012.CFX,22,0.21120546366494858,22,0.6071428571428571,-0.011915865174938733,T
2020-11-19,T2012.CFX,22,0.21265638034582074,18,0.631578947368421,0.0033276644579839755,T
2020-11-20,T2012.CFX,22,0.18801015274702315,14,0.3275862068965517,0.011003584519684546,T
2020-11-23,T2103.CFX,23,,15,,,T
2020-11-24,T2103.CFX,23,0.17253648493901938,22,,,T
2020-11-25,T2103.CFX,23,0.17325507704912774,28,,,T
2020-11-26,T2103.CFX,23,0.12403411792402146,21,,,T
2020-11-27,T2103.CFX,23,0.1551299189503281,26,,,T
2020-11-30,T2103.CFX,23,0.18603613257395193,31,,0.0008874137171065499,T
2020-12-01,T2103.CFX,23,0.1259134284409716,23,,-0.0032681282566381807,T
2020-12-02,T2103.CFX,23,0.2255981196920011,24,,0.01739115130266028,T
2020-12-03,T2103.CFX,23,0.1675243279759855,21,,0.006435080516936392,T
2020-12-04,T2103.CFX,23,0.21414054123407186,21,,0.009781971685525376,T
2020-12-07,T2103.CFX,23,0.24593752084717507,24,,0.02285906063544777,T
2020-12-08,T2103.CFX,23,0.20054489042445284,24,,0.0028306734336093044,T
2020-12-09,T2103.CFX,23,0.22087048922092464,26,,0.009309667168025925,T
2020-12-10,T2103.CFX,23,0.17338112614395895,22,,-0.010658586180647623,T
2020-12-11,T2103.CFX,23,0.20659003229108733,31,,-0.010585874139266932,T
2020-12-14,T2103.CFX,23,0.22529626137549896,23,,0.003522228497225488,T
2020-12-15,T2103.CFX,23,0.21074560963716657,24,,0.003166537606402392,T
2020-12-16,T2103.CFX,23,0.21250063055046486,20,,0.008239458615909112,T
2020-12-17,T2103.CFX,23,0.23552526385131634,21,,0.004507483229542397,T
2020-12-18,T2103.CFX,23,0.2463878684553822,24,,0.006696286837391619,T
2020-12-21,T2103.CFX,23,0.20812633713091078,18,,0.002864869289240568,T
2020-12-22,T2103.CFX,23,0.24831519367336613,27,1.0,0.0044230199525396975,T
2020-12-23,T2103.CFX,23,0.16733306325474143,24,0.14285714285714285,-0.013445707597516588,T
2020-12-24,T2103.CFX,23,0.1672453532947921,21,0.13636363636363635,-0.019907830419734956,T
2020-12-25,T2103.CFX,23,0.2591594915402856,22,1.0,0.0020996468440175665,T
2020-12-28,T2103.CFX,23,0.19539601687931168,18,0.4166666666666667,-0.0014011925302564675,T
2020-12-29,T2103.CFX,23,0.23000888689688778,20,0.8,0.015350231086881227,T
2020-12-30,T2103.CFX,23,0.1941156953348539,21,0.38461538461538464,0.0024590079436725754,T
2020-12-31,T2103.CFX,23,0.2367557547085804,27,0.8518518518518519,-0.00460877952078681,T
2021-01-04,T2103.CFX,23,0.27482946433441946,21,1.0,0.016561376272190814,T
2021-01-05,T2103.CFX,23,0.17119316342569427,21,0.20689655172413793,-0.003691767794282147,T
2021-01-06,T2103.CFX,23,0.2544826376347213,25,0.9333333333333333,0.005517129331684856,T
2021-01-07,T2103.CFX,23,0.2085735791255902,24,0.5161290322580645,-0.007671117786567855,T
2021-01-08,T2103.CFX,23,0.19820120244598477,26,0.40625,-0.011587610807697334,T
2021-01-11,T2103.CFX,23,0.24467849730118324,27,0.8181818181818182,0.009068923256224142,T
2021-01-12,T2103.CFX,23,0.22960187156142733,23,0.7058823529411765,-0.0013656613970994824,T
2021-01-13,T2103.CFX,23,0.23669308070967388,25,0.7714285714285715,0.00876396722836098,T
2021-01-14,T2103.CFX,23,0.19409944725615136,30,0.3055555555555556,-0.0016188926971176132,T
2021-01-15,T2103.CFX,23,0.16937966284463846,28,0.16216216216216217,-0.01861000932183655,T
2021-01-18,T2103.CFX,23,0.23885011589854183,25,0.8157894736842105,-0.004881692919080638,T
2021-01-19,T2103.CFX,23,0.22907388886245225,20,0.6666666666666666,0.002951228494794722,T
2021-01-20,T2103.CFX,23,0.21377873445147305,22,0.55,0.009905280040845722,T
2021-01-21,T2103.CFX,23,0.17301699696907588,25,0.21951219512195122,-0.001779671319819398,T
2021-01-22,T2103.CFX,23,0.18036302909157717,26,0.2857142857142857,-0.017303106550730567,T
2021-01-25,T2103.CFX,23,0.3088197955827389,27,1.0,0.012607610808067748,T
2021-01-26,T2103.CFX,23,0.23110384775792578,30,0.7272727272727273,0.017045302522656847,T
2021-01-27,T2103.CFX,23,0.2372306631105161,25,0.8,0.017916815094922912,T
2021-01-28,T2103.CFX,23,0.24093034437276734,28,0.8260869565217391,0.004954549809015751,T
2021-01-29,T2103.CFX,23,0.34146455185675473,42,1.0,0.007511600916287308,T
2021-02-01,T2103.CFX,23,0.14689959230005584,20,0.041666666666666664,-0.006417462216950132,T
2021-02-02,T2103.CFX,23,0.17354549179162657,18,0.2653061224489796,-0.02214010947104906,T
2021-02-03,T2103.CFX,23,0.23985481326664065,32,0.8,-0.01700701222773815,T
2021-02-04,T2103.CFX,23,0.21279724118231091,27,0.5098039215686274,-0.01643794003823027,T
2021-02-05,T2103.CFX,23,0.17422481940536388,27,0.2692307692307692,0.009390220360130042,T
2021-02-08,T2103.CFX,23,0.18845362296322024,28,0.32075471698113206,-0.003581373151808942,T
2021-02-09,T2103.CFX,23,0.1237375622497737,19,0.0,-0.025657812025282462,T
2021-02-10,T2103.CFX,23,0.18660516908271857,17,0.32727272727272727,-0.01028714013547749,T
2021-02-18,T2103.CFX,23,0.16808934751575255,18,0.14285714285714285,-0.001411939765972431,T
2021-02-19,T2103.CFX,23,0.13961728833697712,8,0.05263157894736842,-0.005332088398650736,T
2021-02-22,T2106.CFX,24,,17,,,T
2021-02-23,T2106.CFX,24,0.22400625012628672,20,,,T
2021-02-24,T2106.CFX,24,0.20198786208303637,21,,,T
2021-02-25,T2106.CFX,24,0.2742267985420928,20,,,T
2021-02-26,T2106.CFX,24,0.2496818873448532,23,,,T
2021-03-01,T2106.CFX,24,0.16094945481200423,23,,-0.007841956536674822,T
2021-03-02,T2106.CFX,24,0.222297168985739,21,,-0.007265872992468331,T
2021-03-03,T2106.CFX,24,0.20718101236591585,22,,-0.016147629071146807,T
2021-03-04,T2106.CFX,24,0.21241459285843473,21,,-0.0028303031418925374,T
2021-03-05,T2106.CFX,24,0.2679594458827025,33,,0.02041374060140922,T
2021-03-08,T2106.CFX,24,0.2418082191212873,29,,0.009980053378788323,T
2021-03-09,T2106.CFX,24,0.20496941975171606,31,,0.002497044103445295,T
2021-03-10,T2106.CFX,24,0.24243347869477297,33,,-0.0002952254458309933,T
2021-03-11,T2106.CFX,24,0.302611672254006,36,,0.0069929712316092575,T
2021-03-12,T2106.CFX,24,0.17978885517251741,26,,-0.0026396475395249917,T
2021-03-15,T2106.CFX,24,0.20761993538683132,29,,-0.005734359225202501,T
2021-03-16,T2106.CFX,24,0.1875137185927623,24,,-0.020483125707119593,T
2021-03-17,T2106.CFX,24,0.16571997162422983,25,,-0.02660585378393074,T
2021-03-18,T2106.CFX,24,0.1771612716868538,23,,-0.004715513073392874,T
2021-03-19,T2106.CFX,24,0.16015882510780835,29,,-0.010527466746395448,T
2021-03-22,T2106.CFX,24,0.22939740930880567,19,,0.007820623491566519,T
2021-03-23,T2106.CFX,24,0.23483307782440552,24,0.7,0.019046235002230332,T
2021-03-24,T2106.CFX,24,0.21402640869821155,29,0.5238095238095238,0.01484045267393127,T
2021-03-25,T2106.CFX,24,0.19940327159165522,20,0.2727272727272727,0.006311789235709964,T
2021-03-26,T2106.CFX,24,0.16817134187807586,24,0.13043478260869565,-0.015788194109420988,T
2021-03-29,T2106.CFX,24,0.2771786142597875,20,0.9583333333333334,0.0038836006050628315,T
2021-03-30,T2106.CFX,24,0.30295451706932847,28,1.0,0.02556315594103662,T
2021-03-31,T2106.CFX,24,0.19157468007161563,21,0.2692307692307692,0.011912599215117347,T
2021-04-01,T2106.CFX,24,0.19295255197255506,24,0.2962962962962963,-0.0036041513999213516,T
2021-04-02,T2106.CFX,24,0.24799931742151254,26,0.7857142857142857,-0.016836055877332334,T
2021-04-06,T2106.CFX,24,0.1878068095865746,21,0.2413793103448276,-0.017387077761561072,T
2021-04-07,T2106.CFX,24,0.18296134932956928,23,0.2,-0.0022372403870073165,T
2021-04-08,T2106.CFX,24,0.23578780134134014,24,0.7096774193548387,0.002063253064562687,T
2021-04-09,T2106.CFX,24,0.20020044925227182,23,0.375,-0.004761674458371589,T
2021-04-12,T2106.CFX,24,0.15546777236823023,25,0.0,-0.004743897451398621,T
2021-04-13,T2106.CFX,24,0.2324346096705971,32,0.6764705882352942,0.0018626491708945646,T
2021-04-14,T2106.CFX,24,0.21484243816415854,19,0.5714285714285714,-0.0009656565936037864,T
2021-04-15,T2106.CFX,24,0.20651269904454103,17,0.4444444444444444,0.00719991653804668,T
2021-04-16,T2106.CFX,24,0.23605768389796777,23,0.7567567567567568,0.013525791243341911,T
2021-04-19,T2106.CFX,24,0.2854830212091654,25,0.9473684210526315,0.012731206881094581,T
2021-04-20,T2106.CFX,24,0.20365116599439217,20,0.38461538461538464,0.005658777782509161,T
2021-04-21,T2106.CFX,24,0.2735704893397191,27,0.875,0.010170906268678049,T
2021-04-22,T2106.CFX,24,0.18880528701831542,24,0.24390243902439024,-0.010641732562875105,T
2021-04-23,T2106.CFX,24,0.18992592444690531,23,0.2619047619047619,-0.020596007250059688,T
2021-04-26,T2106.CFX,24,0.1677174488021976,29,0.09302325581395349,-0.015551199927720295,T
2021-04-27,T2106.CFX,24,0.19927518531167826,25,0.3409090909090909,-0.016967844627219952,T
2021-04-28,T2106.CFX,24,0.19924039251957693,20,0.3333333333333333,0.0030219471867295954,T
2021-04-29,T2106.CFX,24,0.22509158624368272,26,0.6521739130434783,0.01018542673109341,T
2021-04-30,T2106.CFX,24,0.2660248826413926,30,0.851063829787234,0.022243126861039453,T
2021-05-06,T2106.CFX,24,0.2566310503708372,20,0.8333333333333334,0.01814962202401336,T
2021-05-07,T2106.CFX,24,0.2585648567327786,26,0.8367346938775511,0.015018839255355788,T
2021-05-10,T2106.CFX,24,0.24297847487267119,21,0.76,0.0028313751349362927,T
2021-05-11,T2106.CFX,24,0.2588874933787839,28,0.8431372549019608,-0.002792735402338342,T
2021-05-12,T2106.CFX,24,0.19965776549823694,24,0.34615384615384615,-0.011362393309919528,T
2021-05-13,T2106.CFX,24,0.2144699564339728,21,0.5283018867924528,-0.0131510509972046,T
2021-05-14,T2106.CFX,24,0.19185965355153448,25,0.25925925925925924,-0.014665517958708458,T
2021-05-17,T2106.CFX,24,0.19293406173729383,26,0.2727272727272727,-0.013970497522968273,T
2021-05-18,T2106.CFX,24,0.2711063072888204,23,0.8928571428571429,0.012136118888448793,T
2021-05-19,T2106.CFX,24,0.1839538213187964,20,0.15789473684210525,0.0018214383506933106,T
2021-05-20,T2106.CFX,24,0.26352283942330973,21,0.8448275862068966,0.013434613132505307,T
2021-05-21,T2109.CFX,25,0.2480803308645561,23,,,T
2021-05-24,T2109.CFX,25,0.20707256176580757,29,,,T
2021-05-25,T2109.CFX,25,0.19363929596535986,29,,,T
2021-05-26,T2109.CFX,25,0.2781004437300761,34,,,T
2021-05-27,T2109.CFX,25,0.1780404678062399,30,,-0.006905184415236393,T
2021-05-28,T2109.CFX,25,0.22397869202380302,31,,0.0018213432356870896,T
2021-05-31,T2109.CFX,25,0.20378406080632216,29,,-0.0033832222024348436,T
2021-06-01,T2109.CFX,25,0.23024432465155048,27,,-0.006996864515696888,T
2021-06-02,T2109.CFX,25,0.2503722642950509,34,,0.015092922560536941,T
2021-06-03,T2109.CFX,25,0.1969519483007562,26,,-0.0007465283957364954,T
2021-06-04,T2109.CFX,25,0.2735150208674591,41,,0.010616954377147969,T
2021-06-07,T2109.CFX,25,0.19955463387434774,29,,-0.0038236624981997256,T
2021-06-08,T2109.CFX,25,0.18689769219866859,22,,-0.01243464586191731,T
2021-06-09,T2109.CFX,25,0.22803589612328712,25,,-0.0024449433023728704,T
2021-06-10,T2109.CFX,25,0.18197250150097027,27,,-0.015460377648403833,T
2021-06-11,T2109.CFX,25,0.2948287894901101,30,,0.01856231205338264,T
2021-06-15,T2109.CFX,25,0.18444035396217534,26,,0.006187821689383649,T
2021-06-16,T2109.CFX,25,0.2595293071555126,29,,0.006545467452565595,T
2021-06-17,T2109.CFX,25,0.26856578746050974,29,,0.013788708958448137,T
2021-06-18,T2109.CFX,25,0.32640792869882246,44,,0.014728371191575907,T
2021-06-21,T2109.CFX,25,0.18608012567068816,32,0.15,0.00701581649603355,T
2021-06-22,T2109.CFX,25,0.27943816263246013,28,0.9047619047619048,-0.004266795083592645,T
2021-06-23,T2109.CFX,25,0.17443653887184404,26,0.0,-0.02352282632436937,T
2021-06-24,T2109.CFX,25,0.26372737951401115,26,0.7391304347826086,-0.013700468516846675,T
2021-06-25,T2109.CFX,25,0.24625062866445088,24,0.5833333333333334,0.010463022286907648,T
2021-06-28,T2109.CFX,25,0.20931208308761606,28,0.44,-0.006843806929708129,T
2021-06-29,T2109.CFX,25,0.21710204806088274,27,0.46153846153846156,0.003091572195168224,T
2021-06-30,T2109.CFX,25,0.22130050843035876,30,0.48148148148148145,-0.011400232277087297,T
2021-07-01,T2109.CFX,25,0.16764315559150159,30,0.0,-0.014522652080315595,T
2021-07-02,T2109.CFX,25,0.28409404978754826,28,0.9310344827586207,0.010010504093048322,T
2021-07-05,T2109.CFX,25,0.18822331289464775,22,0.23333333333333334,0.0005036071024719535,T
2021-07-06,T2109.CFX,25,0.2737376942964339,30,0.8387096774193549,0.012545452903529652,T
2021-07-07,T2109.CFX,25,0.40183482039953916,44,1.0,0.045802697412496075,T
2021-07-08,T2109.CFX,25,0.15547028022512482,38,0.0,-0.0043636031619955495,T
2021-07-09,T2109.CFX,25,0.2893040496513598,28,0.9117647058823529,0.008389405944211508,T
2021-07-12,T2109.CFX,25,0.29409509585809523,38,0.9142857142857143,-0.0071815967624856755,T
2021-07-13,T2109.CFX,25,0.20192215691717924,26,0.3333333333333333,-0.026120051133174938,T
2021-07-14,T2109.CFX,25,0.3104219051659344,33,0.9459459459459459,0.022252135714743854,T
2021-07-15,T2109.CFX,25,0.21875844558287638,40,0.4473684210526316,-0.012476439882912771,T
2021-07-16,T2109.CFX,25,0.1521212598876469,24,0.0,-0.026711138327519944,T
2021-07-19,T2109.CFX,25,0.23836038389953745,22,0.575,-0.008542419131357105,T
2021-07-20,T2109.CFX,25,0.19504061419012714,31,0.2682926829268293,-0.021116064363495345,T
2021-07-21,T2109.CFX,25,0.23630111120361894,26,0.5714285714285714,0.0078004685543965335,T
2021-07-22,T2109.CFX,25,0.2486971836862287,27,0.6511627906976745,0.019109257490124515,T
2021-07-23,T2109.CFX,25,0.20314126141397754,30,0.3409090909090909,-0.0016781675475018298,T
2021-07-26,T2109.CFX,25,0.18084650255871831,31,0.1111111111111111,-0.0061548073052459075,T
2021-07-27,T2109.CFX,25,0.45362267242378584,41,1.0,0.03667924413128234,T
2021-07-28,T2109.CFX,25,0.14057448870074657,29,0.0,0.0034236021038844045,T
2021-07-29,T2109.CFX,25,0.24729499364455565,27,0.625,0.004803545060318442,T
2021-07-30,T2109.CFX,25,0.2504999909311012,31,0.6938775510204082,-0.006702070203446442,T
2021-08-02,T2109.CFX,25,0.2691207138603299,41,0.76,-0.025907841489655727,T
2021-08-03,T2109.CFX,25,0.2217488998393256,31,0.47058823529411764,0.01841745424929323,T
2021-08-04,T2109.CFX,25,0.1913912012123891,28,0.23076923076923078,-0.014055867595610876,T
2021-08-05,T2109.CFX,25,0.26643268835930806,24,0.7358490566037735,-0.0045864117791527105,T
2021-08-06,T2109.CFX,25,0.24270097576407354,23,0.5740740740740741,-0.0008155687672530166,T
2021-08-09,T2109.CFX,25,0.2280876850559072,41,0.509090909090909,0.0063987344984847705,T
2021-08-10,T2109.CFX,25,0.21237749583630694,31,0.39285714285714285,0.00036275859444348524,T
2021-08-11,T2109.CFX,25,0.2654082506091849,28,0.7368421052631579,-0.0032372355428012976,T
2021-08-12,T2109.CFX,25,0.16485140103567242,25,0.05172413793103448,-0.011837858390352457,T
2021-08-13,T2109.CFX,25,0.22015515000976332,29,0.4406779661016949,-0.006339116489292229,T
2021-08-16,T2109.CFX,25,0.21234411808775683,30,0.38333333333333336,-0.004531985609652173,T
2021-08-17,T2109.CFX,25,0.18097938950325043,23,0.13333333333333333,-0.012136500515978449,T
2021-08-18,T2109.CFX,25,0.19321991623137,23,0.25,0.0017561269884882214,T
2021-08-19,T2109.CFX,25,0.13186986929412958,12,0.0,-0.019569476328765434,T
2021-08-20,T2112.CFX,26,,17,,,T
2021-08-23,T2112.CFX,26,0.176815122502665,22,,,T
2021-08-24,T2112.CFX,26,0.24156772553622896,24,,,T
2021-08-25,T2112.CFX,26,0.24051520692377554,25,,,T
2021-08-26,T2112.CFX,26,0.28228443380244606,30,,,T
2021-08-27,T2112.CFX,26,0.20586324832362188,25,,0.009881295990813083,T
2021-08-30,T2112.CFX,26,0.22047289454697006,24,,-0.007684162057867139,T
2021-08-31,T2112.CFX,26,0.22266774402344186,25,,-0.009750646505614335,T
2021-09-01,T2112.CFX,26,0.16049646521540942,34,,-0.02267714414742534,T
2021-09-02,T2112.CFX,26,0.25824473054542524,23,,0.0044786535112046,T
2021-09-03,T2112.CFX,26,0.2205910473450839,20,,0.003581329211821099,T
2021-09-06,T2112.CFX,26,0.26829088600274004,27,,0.015134086608827086,T
2021-09-07,T2112.CFX,26,0.27968641666539756,25,,0.024842605835729108,T
2021-09-08,T2112.CFX,26,0.313408133226295,28,,0.016942217468205317,T
2021-09-09,T2112.CFX,26,0.18728600013840543,20,,-0.0021492847189801987,T
2021-09-10,T2112.CFX,26,0.2587904965492601,28,,-0.011140119543395189,T
2021-09-13,T2112.CFX,26,0.4335053282167478,34,,0.025302018642566558,T
2021-09-14,T2112.CFX,26,0.2315305784852908,30,,0.00824642185963339,T
2021-09-15,T2112.CFX,26,0.2708576057093723,33,,0.013988329307796444,T
2021-09-16,T2112.CFX,26,0.1919019969346351,30,,-0.02964247217366255,T
2021-09-17,T2112.CFX,26,0.20477069401350736,22,,-0.04970978499571365,T
2021-09-22,T2112.CFX,26,0.23542549222872805,20,0.5,-0.005829708420899049,T
2021-09-23,T2112.CFX,26,0.2615266573621041,26,0.7142857142857143,0.0024861598599556665,T
2021-09-24,T2112.CFX,26,0.23654424751108727,24,0.5,0.01460404645015011,T
2021-09-27,T2112.CFX,26,0.1862798524463633,26,0.08695652173913043,-0.0035862927851928903,T
2021-09-28,T2112.CFX,26,0.21155229886164045,21,0.2916666666666667,-0.012299319164991596,T
2021-09-29,T2112.CFX,26,0.19634963948464246,24,0.2,-0.015534598440437008,T
2021-09-30,T2112.CFX,26,0.28033743969499314,23,0.8846153846153846,0.009765617140609084,T
2021-10-08,T2112.CFX,26,0.20372327778395719,24,0.2222222222222222,0.01036719915085405,T
2021-10-11,T2112.CFX,26,0.2402114466388708,29,0.5714285714285714,0.006469193385377542,T
2021-10-12,T2112.CFX,26,0.25403785121404815,27,0.6551724137931034,0.007525043040268908,T
2021-10-13,T2112.CFX,26,0.23110304465541254,27,0.43333333333333335,-0.004815421664907027,T
2021-10-14,T2112.CFX,26,0.18799658552427875,21,0.12903225806451613,-0.0040561786502815115,T
2021-10-15,T2112.CFX,26,0.27318013993794504,37,0.84375,-1.0387909162090648e-05,T
2021-10-18,T2112.CFX,26,0.13850320817205236,27,0.0,-0.018899219080145906,T
2021-10-19,T2112.CFX,26,0.2511829008071655,29,0.6470588235294118,-0.0009333665048720463,T
2021-10-20,T2112.CFX,26,0.24863621278930542,26,0.6285714285714286,0.009928201539927378,T
2021-10-21,T2112.CFX,26,0.17231150295923464,23,0.05555555555555555,-0.00916042693401678,T
2021-10-22,T2112.CFX,26,0.24370835476843236,22,0.6216216216216216,0.013153889534482922,T
2021-10-25,T2112.CFX,26,0.18112803252825352,21,0.10526315789473684,-0.014503759457869709,T
2021-10-26,T2112.CFX,26,0.23385256781680575,22,0.48717948717948717,-0.002075076037598056,T
2021-10-27,T2112.CFX,26,0.23368558595700298,21,0.475,0.011289237904391009,T
2021-10-28,T2112.CFX,26,0.25160556287810537,30,0.7073170731707317,0.006835196964809542,T
2021-10-29,T2112.CFX,26,0.16598342888185075,24,0.047619047619047616,-0.001253621223150586,T
2021-11-01,T2112.CFX,26,0.14119339901646621,26,0.023255813953488372,-0.02530204946758312,T
2021-11-02,T2112.CFX,26,0.22145444287768834,33,0.4090909090909091,-0.013487445002026843,T
2021-11-03,T2112.CFX,26,0.16879872584625624,24,0.08888888888888889,-0.011014266006786072,T
2021-11-04,T2112.CFX,26,0.1326206163643706,18,0.0,-0.003912029820517027,T
2021-11-05,T2112.CFX,26,0.18440432155498068,28,0.19148936170212766,-0.00024119814362887903,T
2021-11-08,T2112.CFX,26,0.16420041861065912,22,0.08333333333333333,-0.0098902452825334,T
2021-11-09,T2112.CFX,26,0.2199658379133702,25,0.40816326530612246,0.013391402638051641,T
2021-11-10,T2112.CFX,26,0.19828201753887004,25,0.32,0.01668843187073884,T
2021-11-11,T2112.CFX,26,0.21607853155981677,28,0.4117647058823529,0.009743001893788312,T
2021-11-12,T2112.CFX,26,0.26758708279871934,22,0.8461538461538461,0.020288602202256693,T
2021-11-15,T2112.CFX,26,0.17895859987559012,25,0.16981132075471697,-0.0012709410815710809,T
2021-11-16,T2112.CFX,26,0.22427711145442664,26,0.5185185185185185,0.001487025614688664,T
2021-11-17,T2112.CFX,26,0.12424155677874878,18,0.0,-0.02269839209064287,T
2021-11-18,T2112.CFX,26,0.16636679260228535,23,0.125,-0.02571576234897093,T
2021-11-19,T2112.CFX,26,0.3567718790919375,27,0.9824561403508771,0.029771623958055347,T
2021-11-22,T2112.CFX,26,0.269734940444013,10,0.8620689655172413,0.03234459802923615,T
2021-11-23,T2203.CFX,27,,19,,,T
2021-11-24,T2203.CFX,27,0.3199771242858956,31,,,T
2021-11-25,T2203.CFX,27,0.23964934713090238,22,,,T
2021-11-26,T2203.CFX,27,0.19933227993022504,25,,,T
2021-11-29,T2203.CFX,27,0.17896394847263944,25,,,T
2021-11-30,T2203.CFX,27,0.17451300670806008,30,,-0.0351613633813934,T
2021-12-01,T2203.CFX,27,0.2063908387381236,22,,-0.009133629000772253,T
2021-12-02,T2203.CFX,27,0.23143314258838887,29,,0.00916286155818118,T
2021-12-03,T2203.CFX,27,0.21807549194490922,30,,0.013514322282486835,T
2021-12-06,T2203.CFX,27,0.23204210718680923,29,,0.012674285416428394,T
2021-12-07,T2203.CFX,27,0.23750369542630057,40,,0.006283467797477432,T
2021-12-08,T2203.CFX,27,0.2068027262723411,24,,-0.0029832629150704283,T
2021-12-09,T2203.CFX,27,0.26406755482925487,30,,0.006674474485422322,T
2021-12-10,T2203.CFX,27,0.19740349650791256,24,,-0.004271336195483905,T
2021-12-13,T2203.CFX,27,0.2620899034770868,32,,0.003977318633714399,T
2021-12-14,T2203.CFX,27,0.14594187720531537,28,,-0.01236993494862194,T
2021-12-15,T2203.CFX,27,0.23459187080816898,22,,-0.011041298734476896,T
2021-12-16,T2203.CFX,27,0.23652076611705447,27,,0.005073650654936601,T
2021-12-17,T2203.CFX,27,0.28137439652816665,34,,0.012914787501389875,T
2021-12-20,T2203.CFX,27,0.20487683398854908,27,,0.016465243928646504,T
2021-12-21,T2203.CFX,27,0.20903909206696764,25,,-0.008274948961090812,T
2021-12-22,T2203.CFX,27,0.2534983416331827,30,0.8,-0.003838015342894263,T
2021-12-23,T2203.CFX,27,0.18289965078937215,27,0.14285714285714285,-0.014832798383295532,T
2021-12-24,T2203.CFX,27,0.2033588182614569,22,0.2727272727272727,-0.002917547273177984,T
2021-12-27,T2203.CFX,27,0.23000727688890846,29,0.5217391304347826,-0.0008203153727844193,T
2021-12-28,T2203.CFX,27,0.23918507092155838,20,0.75,0.0018481084676287619,T
2021-12-29,T2203.CFX,27,0.23987675605363562,22,0.8,0.014978046318862848,T
2021-12-30,T2203.CFX,27,0.27094940786222826,28,0.9230769230769231,0.014505065836626991,T
2021-12-31,T2203.CFX,27,0.21108261171171677,22,0.4074074074074074,-0.0006084993413713435,T
2022-01-04,T2203.CFX,27,0.22776809544720508,27,0.4642857142857143,-0.0051628095290625455,T
2022-01-05,T2203.CFX,27,0.3499016003906198,25,1.0,0.017686837625894524,T
2022-01-06,T2203.CFX,27,0.22812896020305615,31,0.4666666666666667,0.005317809336055884,T
2022-01-07,T2203.CFX,27,0.201376020389857,22,0.1935483870967742,-0.0019052317887868486,T
2022-01-10,T2203.CFX,27,0.2088405598322452,23,0.34375,-0.01863806512306825,T
2022-01-11,T2203.CFX,27,0.21076806712852508,25,0.3939393939393939,-0.029755546689500034,T
2022-01-12,T2203.CFX,27,0.17630593092803484,28,0.058823529411764705,-0.009425401181137449,T
2022-01-13,T2203.CFX,27,0.1964707698385602,23,0.14285714285714285,-0.0042345130006803955,T
2022-01-14,T2203.CFX,27,0.24903727196470687,28,0.8055555555555556,0.006609612697495842,T
2022-01-17,T2203.CFX,27,0.23724272113540207,34,0.6756756756756757,0.012568064905042604,T
2022-01-18,T2203.CFX,27,0.15582112868915254,32,0.02631578947368421,-1.976531809227411e-05,T
2022-01-19,T2203.CFX,27,0.20629614722153716,29,0.3076923076923077,-0.007356538850960037,T
2022-01-20,T2203.CFX,27,0.22510118138965626,21,0.5,-0.007881875506396612,T
2022-01-21,T2203.CFX,27,0.20702494051463222,22,0.36585365853658536,0.0008844491458964044,T
2022-01-24,T2203.CFX,27,0.19881027913353752,24,0.19047619047619047,0.008670709418186495,T
2022-01-25,T2203.CFX,27,0.2192228741793439,23,0.5116279069767442,-4.374483405052421e-05,T
2022-01-26,T2203.CFX,27,0.23492579732757307,30,0.6818181818181818,0.0031847165540545342,T
2022-01-27,T2203.CFX,27,0.2558929140017191,23,0.8666666666666667,0.013385146516820929,T
2022-01-28,T2203.CFX,27,0.2822118106895511,25,0.9565217391304348,0.020347310293440234,T
2022-02-07,T2203.CFX,27,0.14042120312457487,28,0.0,-0.011031732874756006,T
2022-02-08,T2203.CFX,27,0.21127953960608994,24,0.4583333333333333,-0.01627642263201105,T
2022-02-09,T2203.CFX,27,0.1807633841887487,25,0.12244897959183673,-0.02211913307094019,T
2022-02-10,T2203.CFX,27,0.17344140375355468,21,0.06,-0.017719863280781893,T
2022-02-11,T2203.CFX,27,0.35773239548761243,41,1.0,0.03967842488735398,T
2022-02-14,T2203.CFX,27,0.16140750020069689,25,0.057692307692307696,0.007722493248807754,T
2022-02-15,T2203.CFX,27,0.21109545275723574,27,0.4716981132075472,0.004863023358411628,T
2022-02-16,T2203.CFX,27,0.2515803349612512,23,0.8148148148148148,0.0009640919685016347,T
2022-02-17,T2203.CFX,27,0.2257578772194481,11,0.5454545454545454,-0.01737762017757743,T
2022-02-18,T2206.CFX,28,0.16262438569704926,21,,,T
2022-02-21,T2206.CFX,28,0.4150520795596022,41,,,T
2022-02-22,T2206.CFX,28,0.2539889545397668,36,,,T
2022-02-23,T2206.CFX,28,0.1633927348639967,32,,,T
2022-02-24,T2206.CFX,28,0.3329614323002575,40,,0.008901474851081092,T
2022-02-25,T2206.CFX,28,0.22108654491191637,27,,-0.030895859153488116,T
2022-02-28,T2206.CFX,28,0.1657395667930158,23,,-0.011880496544558233,T
2022-03-01,T2206.CFX,28,0.17813028058854605,32,,-0.013774677405814301,T
2022-03-02,T2206.CFX,28,0.17267432582625916,30,,-0.0363530477271367,T
2022-03-03,T2206.CFX,28,0.29337685517126866,40,,0.015151537955194794,T
2022-03-04,T2206.CFX,28,0.21873492832834512,37,,0.022123729765338128,T
2022-03-07,T2206.CFX,28,0.2665710302364955,43,,0.022294210179798483,T
2022-03-08,T2206.CFX,28,0.18290439302907488,30,,-0.000634569052914169,T
2022-03-09,T2206.CFX,28,0.3707096880749466,45,,0.01188351305080857,T
2022-03-10,T2206.CFX,28,0.18860715791693194,28,,0.004388311701562469,T
2022-03-11,T2206.CFX,28,0.5211589530402077,63,,0.05148786104952814,T
2022-03-14,T2206.CFX,28,0.19274040511853208,50,,0.017012128914417547,T
2022-03-15,T2206.CFX,28,0.30692935873075256,63,,-0.012342741148678792,T
2022-03-16,T2206.CFX,28,0.2470556476060266,52,,-0.009733261493126578,T
2022-03-17,T2206.CFX,28,0.12944073884982993,28,,-0.0729121185893261,T
2022-03-18,T2206.CFX,28,0.2395637902418602,25,0.55,-0.008384184963426643,T
2022-03-21,T2206.CFX,28,0.15820282750576622,22,0.047619047619047616,-0.030494491981413914,T
2022-03-22,T2206.CFX,28,0.2793978077930701,32,0.7272727272727273,0.009344640903002322,T
2022-03-23,T2206.CFX,28,0.2894551467716412,29,0.7391304347826086,0.03598628333948324,T
2022-03-24,T2206.CFX,28,0.18875085722819435,27,0.375,0.0029626453238543295,T
2022-03-25,T2206.CFX,28,0.16359890725553713,22,0.16,-0.007985479106533388,T
2022-03-28,T2206.CFX,28,0.19774983425402318,23,0.46153846153846156,-0.02891521865941979,T
2022-03-29,T2206.CFX,28,0.20355613420094362,19,0.48148148148148145,-0.01627990481155664,T
2022-03-30,T2206.CFX,28,0.26269249378683457,26,0.6785714285714286,0.018784050006268694,T
2022-03-31,T2206.CFX,28,0.2392433011199886,24,0.5517241379310345,0.02162314472617143,T
2022-04-01,T2206.CFX,28,0.1853547503781836,23,0.3,0.0010896999167365861,T
2022-04-06,T2206.CFX,28,0.19420235247985468,19,0.41935483870967744,-0.00960453068508288,T
2022-04-07,T2206.CFX,28,0.2588316124053114,23,0.6875,-0.005276271140318034,T
2022-04-08,T2206.CFX,28,0.16118066359274022,21,0.06060606060606061,-0.008264841302736897,T
2022-04-11,T2206.CFX,28,0.24602706557087822,26,0.6176470588235294,0.00883229414982748,T
2022-04-12,T2206.CFX,28,0.36188184937935647,48,0.9142857142857143,0.03225544469645704,T
2022-04-13,T2206.CFX,28,0.14600553585211348,20,0.027777777777777776,-0.0024950967319779527,T
2022-04-14,T2206.CFX,28,0.20651827405737086,23,0.4864864864864865,-0.0009346308789503433,T
2022-04-15,T2206.CFX,28,0.22990141504291586,30,0.5526315789473685,-0.018761487637791025,T
2022-04-18,T2206.CFX,28,0.20764482959346103,35,0.48717948717948717,-0.022457816038098856,T
2022-04-19,T2206.CFX,28,0.14018623254938523,25,0.025,-0.0010512051069366314,T
2022-04-20,T2206.CFX,28,0.1940830052288574,29,0.3902439024390244,-0.011458572015055757,T
2022-04-21,T2206.CFX,28,0.14472954182569148,21,0.047619047619047616,-0.01839055707990524,T
2022-04-22,T2206.CFX,28,0.22949782036554467,27,0.5813953488372093,0.004824929082047352,T
2022-04-25,T2206.CFX,28,0.17676267776806995,28,0.25,0.01085677055740567,T
2022-04-26,T2206.CFX,28,0.18883606839112102,21,0.37777777777777777,0.002153926226690578,T
2022-04-27,T2206.CFX,28,0.14290235837756554,26,0.043478260869565216,-0.004431611887067555,T
2022-04-28,T2206.CFX,28,0.15114736565155545,27,0.10638297872340426,-0.019056122881848287,T
2022-04-29,T2206.CFX,28,0.24787490459019823,30,0.7291666666666666,0.010453575090469097,T
2022-05-05,T2206.CFX,28,0.15061092376949406,21,0.10204081632653061,0.0028522256969378767,T
2022-05-06,T2206.CFX,28,0.22092820682206993,26,0.58,0.015551525500694741,T
2022-05-09,T2206.CFX,28,0.1637252664908352,17,0.23529411764705882,-0.00017908960895688387,T
2022-05-10,T2206.CFX,28,0.18531456818988815,22,0.34615384615384615,-0.011200633007927901,T
2022-05-11,T2206.CFX,28,0.2631875781844882,22,0.8113207547169812,0.018953967019780648,T
2022-05-12,T2206.CFX,28,0.15753404566945725,19,0.12962962962962962,-0.002732601061157236,T
2022-05-13,T2206.CFX,28,0.23341773558074125,22,0.6545454545454545,0.011160441565938128,T
2022-05-16,T2206.CFX,28,0.19539337841840204,20,0.48214285714285715,-0.000961222214671914,T
2022-05-17,T2206.CFX,28,0.17875740259689513,14,0.3157894736842105,-0.013100101842624135,T
2022-05-18,T2206.CFX,28,0.23230620456626916,18,0.6551724137931034,0.009488398480977767,T
2022-05-19,T2206.CFX,28,0.16730898897729257,13,0.2542372881355932,-0.009530466705903018,T
2022-05-20,T2209.CFX,29,,19,,,T
2022-05-23,T2209.CFX,29,0.20228993602654421,25,,,T
2022-05-24,T2209.CFX,29,0.16494501371365622,21,,,T
2022-05-25,T2209.CFX,29,0.18631830669267344,28,,,T
2022-05-26,T2209.CFX,29,0.23696562535344529,33,,,T
2022-05-27,T2209.CFX,29,0.20403497323592817,25,,0.007551068605855698,T
2022-05-30,T2209.CFX,29,0.21108177061365482,25,,0.010999018034325191,T
2022-05-31,T2209.CFX,29,0.20249331552356437,30,,0.0006466162921991425,T
2022-06-01,T2209.CFX,29,0.18509986520453975,19,,-0.010527317801017493,T
2022-06-02,T2209.CFX,29,0.2564916947324336,27,,0.007893153758389577,T
2022-06-06,T2209.CFX,29,0.2166962850776942,25,,0.0065227408136948,T
2022-06-07,T2209.CFX,29,0.22450726231536383,25,,0.007562431345675335,T
2022-06-08,T2209.CFX,29,0.2373146295308946,22,,0.0072445096235639935,T
2022-06-09,T2209.CFX,29,0.32435285186670676,30,,0.01563406587217467,T
2022-06-10,T2209.CFX,29,0.18650357797982556,25,,0.003946017535560564,T
2022-06-13,T2209.CFX,29,0.21910852216245744,18,,-0.006160853185688192,T
2022-06-14,T2209.CFX,29,0.21608038713279987,24,,-0.014771281450043883,T
2022-06-15,T2209.CFX,29,0.24465236333480989,35,,-0.012982416791081941,T
2022-06-16,T2209.CFX,29,0.1939700276456742,22,,0.004047674050404976,T
2022-06-17,T2209.CFX,29,0.2358985499948009,32,,0.001146969617756116,T
2022-06-20,T2209.CFX,29,0.17908289313365994,33,,-0.008274880133828887,T
2022-06-21,T2209.CFX,29,0.17500157680294232,25,0.05,-0.015418870757574943,T
2022-06-22,T2209.CFX,29,0.23801930939264454,28,0.8571428571428571,0.002720159030208208,T
2022-06-23,T2209.CFX,29,0.22381792627556552,28,0.6363636363636364,0.0034775168820513846,T
2022-06-24,T2209.CFX,29,0.18935168357855559,34,0.2608695652173913,0.006935393036241444,T
2022-06-27,T2209.CFX,29,0.23036035698820018,42,0.7083333333333334,0.006204993455642682,T
2022-06-28,T2209.CFX,29,0.3228077465829413,40,0.96,0.01761193050932282,T
2022-06-29,T2209.CFX,29,0.32323487557781,36,0.9615384615384616,0.03322899616088747,T
2022-06-30,T2209.CFX,29,0.13705651576205274,34,0.0,-0.0011715817043395915,T
2022-07-01,T2209.CFX,29,0.20360616522666816,28,0.39285714285714285,-0.023925961434395255,T
2022-07-04,T2209.CFX,29,0.16898839307166644,32,0.06896551724137931,-0.042726741737369164,T
2022-07-05,T2209.CFX,29,0.22695217273687457,36,0.6666666666666666,-0.01606335283722572,T
2022-07-06,T2209.CFX,29,0.22824604348284377,33,0.6774193548387096,0.020572506295178844,T
2022-07-07,T2209.CFX,29,0.20664438836987253,27,0.4375,0.006533409669758611,T
2022-07-08,T2209.CFX,29,0.18802533085891227,26,0.24242424242424243,0.001776609120748962,T
2022-07-11,T2209.CFX,29,0.17082111303872463,33,0.08823529411764706,-0.015248283202023144,T
2022-07-12,T2209.CFX,29,0.17553801273709793,30,0.14285714285714285,-0.014123933682263962,T
2022-07-13,T2209.CFX,29,0.17224758523508465,28,0.1111111111111111,-0.008128092439139012,T
2022-07-14,T2209.CFX,29,0.19373892146636415,30,0.35135135135135137,0.001285365341126382,T
2022-07-15,T2209.CFX,29,0.20448237768337646,35,0.5,0.008552343801856988,T
2022-07-18,T2209.CFX,29,0.17126190352421575,26,0.10256410256410256,0.0023682574022527493,T
2022-07-19,T2209.CFX,29,0.212950113495005,25,0.575,0.00589280385776923,T
2022-07-20,T2209.CFX,29,0.2785653356572879,31,0.926829268292683,0.017812056419347612,T
2022-07-21,T2209.CFX,29,0.20396348694169247,30,0.4523809523809524,0.010626565064970417,T
2022-07-22,T2209.CFX,29,0.22128004355722503,28,0.6511627906976745,0.009104965351270606,T
2022-07-25,T2209.CFX,29,0.30650733917296,27,0.9318181818181818,0.012982915925584709,T
2022-07-26,T2209.CFX,29,0.2460271682466193,27,0.8666666666666667,0.0037467517409930373,T
2022-07-27,T2209.CFX,29,0.2161854299360122,26,0.5652173913043478,0.004919101067803378,T
2022-07-28,T2209.CFX,29,0.2399768206801479,36,0.8297872340425532,-0.00529283549911021,T
2022-07-29,T2209.CFX,29,0.20588817315405109,38,0.4583333333333333,-0.020728867960428925,T
2022-08-01,T2209.CFX,29,0.16036080344552683,30,0.02040816326530612,-0.018162998638414606,T
2022-08-02,T2209.CFX,29,0.2041529794140431,33,0.44,-0.010368091827855929,T
2022-08-03,T2209.CFX,29,0.17205168012449637,31,0.11764705882352941,-0.013758547485131107,T
2022-08-04,T2209.CFX,29,0.2462199420812828,36,0.8846153846153846,0.009235441453343301,T
2022-08-05,T2209.CFX,29,0.19182963631973488,26,0.3018867924528302,0.010500462841565583,T
2022-08-08,T2209.CFX,29,0.20337401371743452,24,0.3888888888888889,0.0018220024802021394,T
2022-08-09,T2209.CFX,29,0.19473054695570752,30,0.34545454545454546,0.0002511805298574032,T
2022-08-10,T2209.CFX,29,0.15227635022823752,28,0.017857142857142856,-0.018498627307011795,T
2022-08-11,T2209.CFX,29,0.27643661805555225,30,0.9122807017543859,0.011811629998243766,T
2022-08-12,T2209.CFX,29,0.23255473026182183,29,0.7413793103448276,0.01400675041886193,T
2022-08-15,T2209.CFX,29,0.14552138493962613,47,0.01694915254237288,-0.0018139943998578434,T
2022-08-16,T2209.CFX,29,0.25586710536099894,34,0.8833333333333333,0.007626627714959672,T
2022-08-17,T2209.CFX,29,0.16444460717409426,25,0.06666666666666667,-0.02006716466637388,T
2022-08-18,T2209.CFX,29,0.1850058777059899,18,0.21666666666666667,-0.0076174482877195806,T
2022-08-19,T2209.CFX,29,0.20507133585080073,15,0.48333333333333334,0.004823867416734007,T
2022-08-22,T2212.CFX,30,,18,,,T
2022-08-23,T2212.CFX,30,0.22173123373097509,28,,,T
2022-08-24,T2212.CFX,30,0.21514878424711026,24,,,T
2022-08-25,T2212.CFX,30,0.17571525898328416,28,,,T
2022-08-26,T2212.CFX,30,0.20606214142524676,28,,,T
2022-08-29,T2212.CFX,30,0.20001621631911606,24,,-0.005251667764558154,T
2022-08-30,T2212.CFX,30,0.292278226298623,29,,0.017855984143885728,T
2022-08-31,T2212.CFX,30,0.15499380937577914,26,,0.004477318565836624,T
2022-09-01,T2212.CFX,30,0.28690087907410283,32,,0.011665506835437522,T
2022-09-02,T2212.CFX,30,0.16654318048112096,28,,-0.007232341890051031,T
2022-09-05,T2212.CFX,30,0.2068782274638863,24,,-0.015925062656413157,T
2022-09-06,T2212.CFX,30,0.20575516866410504,24,,0.002150006696643525,T
2022-09-07,T2212.CFX,30,0.25396964766346564,31,,-0.002665047463829029,T
2022-09-08,T2212.CFX,30,0.17193980103635553,23,,0.0057884661310048545,T
2022-09-09,T2212.CFX,30,0.3045125445459191,35,,0.01614532665363161,T
2022-09-13,T2212.CFX,30,0.1963913080699937,21,,0.0031815175694230756,T
2022-09-14,T2212.CFX,30,0.1620265616898699,25,,-0.015943466491355328,T
2022-09-15,T2212.CFX,30,0.25600918023402974,28,,0.002565277553929918,T
2022-09-16,T2212.CFX,30,0.20903221565852684,34,,-0.013134278561074847,T
2022-09-19,T2212.CFX,30,0.23128348866668547,23,,0.011679001516204046,T
2022-09-20,T2212.CFX,30,0.18481021807316045,26,,0.0020841621199236826,T
2022-09-21,T2212.CFX,30,0.2056930270515382,25,0.4,-0.012485430395034946,T
2022-09-22,T2212.CFX,30,0.16696839359671656,24,0.14285714285714285,-0.010971810573876778,T
2022-09-23,T2212.CFX,30,0.2308575207268857,31,0.7272727272727273,-0.001869376035604342,T
2022-09-26,T2212.CFX,30,0.2790652147372044,37,0.8695652173913043,0.021367448700343537,T
2022-09-27,T2212.CFX,30,0.1936506175174666,32,0.2916666666666667,0.008801200207234466,T
2022-09-28,T2212.CFX,30,0.2375449371163679,31,0.76,0.010394618382988358,T
2022-09-29,T2212.CFX,30,0.21342198870118959,43,0.5769230769230769,-0.007639134167222866,T
2022-09-30,T2212.CFX,30,0.17853404327722275,36,0.2222222222222222,-0.018129097173624036,T
2022-10-10,T2212.CFX,30,0.12158202285723378,26,0.0,-0.020314808315961077,T
2022-10-11,T2212.CFX,30,0.1975240614877391,24,0.3793103448275862,-0.017188171710121346,T
2022-10-12,T2212.CFX,30,0.45569282011070833,38,1.0,0.050353168102955384,T
2022-10-13,T2212.CFX,30,0.10302941152002883,23,0.0,0.01831015337390867,T
2022-10-14,T2212.CFX,30,0.26190260442358826,32,0.84375,0.01861465131649987,T
2022-10-17,T2212.CFX,30,0.22053753102265689,21,0.6363636363636364,-0.01477632766172845,T
2022-10-18,T2212.CFX,30,0.1715378700380165,21,0.17647058823529413,-0.04508017806427555,T
2022-10-19,T2212.CFX,30,0.20040675849870726,21,0.42857142857142855,0.01043899595717851,T
2022-10-20,T2212.CFX,30,0.2132682338904312,30,0.5833333333333334,-0.01173995135902638,T
2022-10-21,T2212.CFX,30,0.17557989050556005,24,0.21621621621621623,-0.0048184917181778916,T
2022-10-24,T2212.CFX,30,0.17009199733196895,27,0.15789473684210525,-0.002771861340524223,T
2022-10-25,T2212.CFX,30,0.3604289822527802,33,0.9743589743589743,0.027686821094968356,T
2022-10-26,T2212.CFX,30,0.14482089058316938,23,0.05,0.004795440513269656,T
2022-10-27,T2212.CFX,30,0.21014817496486987,26,0.5853658536585366,0.004386546216982012,T
2022-10-28,T2212.CFX,30,0.1926490190474054,24,0.3333333333333333,-0.010516676385703744,T
2022-10-31,T2212.CFX,30,0.20020413473411383,26,0.4418604651162791,-0.02726215665730967,T
2022-11-01,T2212.CFX,30,0.2056913637517618,29,0.4772727272727273,0.011179690610642884,T
2022-11-02,T2212.CFX,30,0.2834457220829791,29,0.8888888888888888,0.01596374389405748,T
2022-11-03,T2212.CFX,30,0.19902368374180163,19,0.391304347826087,0.009599091673765775,T
2022-11-04,T2212.CFX,30,0.22015206792922215,38,0.6808510638297872,0.003322818638025643,T
2022-11-07,T2212.CFX,30,0.17705466883924775,26,0.25,-0.012056704397878504,T
2022-11-08,T2212.CFX,30,0.25500585014592425,28,0.8163265306122449,-0.007884875877666352,T
2022-11-09,T2212.CFX,30,0.18935143789741146,24,0.3,0.001550929052792177,T
2022-11-10,T2212.CFX,30,0.1898177457501863,21,0.3137254901960784,-0.004837187529990799,T
2022-11-11,T2212.CFX,30,0.24019363399773383,64,0.7884615384615384,0.006108982592123419,T
2022-11-14,T2212.CFX,30,0.2136193837662891,50,0.6415094339622641,-0.003193073665894791,T
2022-11-15,T2212.CFX,30,0.1970922749666477,44,0.37037037037037035,0.00392833121545752,T
2022-11-16,T2212.CFX,30,0.3061587259398599,47,0.9636363636363636,0.018958060134826104,T
2022-11-17,T2212.CFX,30,0.16531963516393441,31,0.08928571428571429,-0.005720865549402809,T
2022-11-18,T2303.CFX,31,0.20947436451951446,32,,,T
2022-11-21,T2303.CFX,31,0.227028716009038,33,,,T
2022-11-22,T2303.CFX,31,0.22035569656286924,28,,,T
2022-11-23,T2303.CFX,31,0.2100282295815822,35,,,T
2022-11-24,T2303.CFX,31,0.20396959116012042,29,,-0.002801003314624384,T
2022-11-25,T2303.CFX,31,0.33879315569845686,39,,0.020714277397608886,T
2022-11-28,T2303.CFX,31,0.20565143128848504,27,,0.009935639556810627,T
2022-11-29,T2303.CFX,31,0.2828474267647426,49,,0.014732023449468546,T
2022-11-30,T2303.CFX,31,0.3168160802901973,39,,0.01697472493264396,T
2022-12-01,T2303.CFX,31,0.19426013016491095,38,,-0.017790140206537953,T
2022-12-02,T2303.CFX,31,0.2293829429934624,26,,-0.004112427318987688,T
2022-12-05,T2303.CFX,31,0.24264050168347723,27,,-0.016784698745926575,T
2022-12-06,T2303.CFX,31,0.19630435276303954,30,,-0.01926430835357492,T
2022-12-07,T2303.CFX,31,0.32386114798118976,56,,0.022612344540213474,T
2022-12-08,T2303.CFX,31,0.20182975104693973,31,,0.0026114262404667242,T
2022-12-09,T2303.CFX,31,0.2115163398123839,28,,-0.00567229254582865,T
2022-12-12,T2303.CFX,31,0.1735755484100117,25,,-0.01578024168748616,T
2022-12-13,T2303.CFX,31,0.27097353736898155,30,,-0.013402942386134441,T
2022-12-14,T2303.CFX,31,0.28415569296629273,32,,0.02241090813953036,T
2022-12-15,T2303.CFX,31,0.23998279243377274,28,,0.016751304979905866,T
2022-12-16,T2303.CFX,31,0.2633553265721317,21,0.7,0.01485688113890311,T
2022-12-19,T2303.CFX,31,0.19809054023032718,19,0.14285714285714285,-0.016656636067146978,T
2022-12-20,T2303.CFX,31,0.14687192254330367,16,0.0,-0.03164597930494236,T
2022-12-21,T2303.CFX,31,0.1850798787859074,18,0.08695652173913043,-0.022628923132455875,T
2022-12-22,T2303.CFX,31,0.189214716270306,15,0.125,-0.016129188204807122,T
2022-12-23,T2303.CFX,31,0.18298448215071714,18,0.08,0.0012130677567782299,T
2022-12-26,T2303.CFX,31,0.21479418605145914,18,0.5384615384615384,0.013374913038112075,T
2022-12-27,T2303.CFX,31,0.17795872424970946,18,0.07407407407407407,0.0011337160708757288,T
2022-12-28,T2303.CFX,31,0.13080994488694375,13,0.0,-0.012183530066773219,T
2022-12-29,T2303.CFX,31,0.13083613504673602,11,0.034482758620689655,-0.018828093537247757,T
2022-12-30,T2303.CFX,31,0.1946373289390421,13,0.3,-0.00874363034278075,T
2023-01-03,T2303.CFX,31,0.25968339718969713,17,0.7741935483870968,0.02272767299320737,T
2023-01-04,T2303.CFX,31,0.260490937954196,18,0.78125,0.03882092482774656,T
2023-01-05,T2303.CFX,31,0.1548553442582562,15,0.09090909090909091,0.011389202743819427,T
2023-01-06,T2303.CFX,31,0.1532814705013358,17,0.08823529411764706,-0.018753976980685354,T
2023-01-09,T2303.CFX,31,0.1871043245414375,16,0.2571428571428571,-0.025236761274937947,T
2023-01-10,T2303.CFX,31,0.1909674241636588,20,0.3055555555555556,-0.010679804729789305,T
2023-01-11,T2303.CFX,31,0.21838362656178734,20,0.6216216216216216,0.01647425182693853,T
2023-01-12,T2303.CFX,31,0.17658035572866326,17,0.15789473684210525,0.007787707247500475,T
2023-01-13,T2303.CFX,31,0.21729943317523093,18,0.6153846153846154,0.004600314883259127,T
2023-01-16,T2303.CFX,31,0.1621132235569721,25,0.125,-0.005879259459992981,T
2023-01-17,T2303.CFX,31,0.14232122569219835,16,0.04878048780487805,-0.016659193391086912,T
2023-01-18,T2303.CFX,31,0.15262841863741528,19,0.09523809523809523,-0.012288208166552855,T
2023-01-19,T2303.CFX,31,0.22214772173088976,17,0.6976744186046512,2.117721917608284e-05,T
2023-01-20,T2303.CFX,31,0.21974461023538008,15,0.6590909090909091,0.019508926939550735,T
2023-01-30,T2303.CFX,31,0.17238887789486254,23,0.17777777777777778,0.012725149600329319,T
2023-01-31,T2303.CFX,31,0.2586147154873913,25,0.8043478260869565,0.01622137498639248,T
2023-02-01,T2303.CFX,31,0.174531440914014,20,0.2127659574468085,-0.005636245638174026,T
2023-02-02,T2303.CFX,31,0.14511509551779966,21,0.0625,-0.014711646641600934,T
2023-02-03,T2303.CFX,31,0.11030538261520517,20,0.0,-0.023766661052890638,T
2023-02-06,T2303.CFX,31,0.12822190495152408,17,0.02,-0.032501167937054334,T
2023-02-07,T2303.CFX,31,0.17140972101382393,19,0.21568627450980393,-0.002313663036665575,T
2023-02-08,T2303.CFX,31,0.1264619261509738,16,0.019230769230769232,0.0023797999664967014,T
2023-02-09,T2303.CFX,31,0.18967297528048394,21,0.41509433962264153,0.015697520653000722,T
2023-02-10,T2303.CFX,31,0.15528084701246078,15,0.2037037037037037,0.007238113838853344,T
2023-02-13,T2303.CFX,31,0.1594461512529503,15,0.21818181818181817,0.0004891781339739776,T
2023-02-14,T2303.CFX,31,0.1593988106312791,18,0.21428571428571427,0.003564694493307696,T
2023-02-15,T2303.CFX,31,0.13236802702913797,18,0.08771929824561403,-0.011049193288387365,T
2023-02-16,T2303.CFX,31,0.26178298849060433,21,0.8793103448275862,0.018592615873247474,T
2023-02-17,T2303.CFX,31,0.1438574062095879,17,0.11864406779661017,0.007120668777260042,T
2023-02-20,T2303.CFX,31,0.1744392189192716,20,0.3333333333333333,0.004157019575643494,T
2023-02-21,T2303.CFX,31,0.11162257261657402,12,0.016666666666666666,-0.012883467839646062,T
2023-02-22,T2306.CFX,32,,15,,,T
2023-02-23,T2306.CFX,32,0.17069218924133217,26,,,T
2023-02-24,T2306.CFX,32,0.22455962752882722,25,,,T
2023-02-27,T2306.CFX,32,0.15937246513698816,21,,,T
2023-02-28,T2306.CFX,32,0.23153679643112884,32,,,T
2023-03-01,T2306.CFX,32,0.18564989221061906,28,,0.0036892574840875435,T
2023-03-02,T2306.CFX,32,0.24616990890378587,29,,0.006949798982354821,T
2023-03-03,T2306.CFX,32,0.25100290610427767,30,,0.0197893994407236,T
2023-03-06,T2306.CFX,32,0.1839350130138951,25,,-0.002985055294080885,T
2023-03-07,T2306.CFX,32,0.22121203550289031,25,,0.0008889390694651722,T
2023-03-08,T2306.CFX,32,0.2288974166796129,22,,-0.006433585504973338,T
2023-03-09,T2306.CFX,32,0.1971967075297263,23,,-0.00626499934833849,T
2023-03-10,T2306.CFX,32,0.16412907938927715,22,,-0.006362719522239985,T
2023-03-13,T2306.CFX,32,0.17861953263613695,26,,-0.014995334302384245,T
2023-03-14,T2306.CFX,32,0.2054196093535098,28,,-0.00655327895457955,T
2023-03-15,T2306.CFX,32,0.17210686086655738,25,,-0.0008889163362105157,T
2023-03-16,T2306.CFX,32,0.2178530649695225,29,,0.010093529939091106,T
2023-03-17,T2306.CFX,32,0.1784035020641263,25,,0.0012001394471991445,T
2023-03-20,T2306.CFX,32,0.17652624588888793,26,,-0.005149008573167485,T
2023-03-21,T2306.CFX,32,0.21805753771195033,28,,0.0050574534610151375,T
2023-03-22,T2306.CFX,32,0.15355872754274985,23,,-0.008893463920572131,T
2023-03-23,T2306.CFX,32,0.22169262258658753,22,0.75,0.006361072269878432,T
2023-03-24,T2306.CFX,32,0.26131913554423186,33,1.0,0.0173220864185325,T
2023-03-27,T2306.CFX,32,0.12648606197951534,23,0.0,-0.0075382543463387965,T
2023-03-28,T2306.CFX,32,0.1700100425066085,20,0.17391304347826086,-0.006230393067935486,T
2023-03-29,T2306.CFX,32,0.19235103298777148,23,0.5,-0.014999227223525553,T
2023-03-30,T2306.CFX,32,0.25942582302038153,33,0.96,0.00620783459605555,T
2023-03-31,T2306.CFX,32,0.1774114265663096,28,0.3076923076923077,0.019126650968736152,T
2023-04-03,T2306.CFX,32,0.21556582185643464,34,0.5925925925925926,0.00761719522781904,T
2023-04-04,T2306.CFX,32,0.2445450333438676,21,0.8571428571428571,0.006052799954824528,T
2023-04-06,T2306.CFX,32,0.2234686799254189,26,0.7241379310344828,-0.00047806794123672613,T
2023-04-07,T2306.CFX,32,0.24535084311688088,38,0.8666666666666667,0.014378169117012679,T
2023-04-10,T2306.CFX,32,0.17750103541754014,17,0.2903225806451613,-0.007532376310477568,T
2023-04-11,T2306.CFX,32,0.215633963347763,24,0.5625,-0.010378978450008796,T
2023-04-12,T2306.CFX,32,0.12105686085484539,20,0.0,-0.02345405179102649,T
2023-04-13,T2306.CFX,32,0.21895459708984194,24,0.6470588235294118,-0.010923666661677267,T
2023-04-14,T2306.CFX,32,0.27184562602931417,31,1.0,0.019200981496562703,T
2023-04-17,T2306.CFX,32,0.1854706090769,32,0.3888888888888889,0.009046205663274276,T
2023-04-18,T2306.CFX,32,0.15992426670766674,31,0.10810810810810811,0.004425082369270078,T
2023-04-19,T2306.CFX,32,0.18588177415453208,22,0.4473684210526316,-0.01780670051922671,T
2023-04-20,T2306.CFX,32,0.23119029458867546,23,0.7948717948717948,-0.008089949780364536,T
2023-04-21,T2306.CFX,32,0.2076014493033828,33,0.525,0.011552770833397442,T
2023-04-24,T2306.CFX,32,0.19462066014416735,28,0.4634146341463415,0.009111246202185192,T
2023-04-25,T2306.CFX,32,0.17959608940124097,27,0.3333333333333333,-0.004914100395109039,T
2023-04-26,T2306.CFX,32,0.21801424175638556,27,0.627906976744186,-0.005435746556672172,T
2023-04-27,T2306.CFX,32,0.20558656161635022,34,0.5227272727272727,0.0019363806238153036,T
2023-04-28,T2306.CFX,32,0.1372304788198621,22,0.044444444444444446,-0.008878989043350115,T
2023-05-04,T2306.CFX,32,0.16872467737563823,18,0.15217391304347827,-0.010252658698772893,T
2023-05-05,T2306.CFX,32,0.14939873804421272,28,0.06382978723404255,-0.01740928916650577,T
2023-05-08,T2306.CFX,32,0.199262883939209,27,0.5208333333333334,-4.790961299318553e-05,T
2023-05-09,T2306.CFX,32,0.18764150391121046,22,0.4489795918367347,0.013136025674626744,T
2023-05-10,T2306.CFX,32,0.19355174900138833,32,0.48,0.00878969091184979,T
2023-05-11,T2306.CFX,32,0.1401369134192496,27,0.058823529411764705,-0.0024234784187746883,T
2023-05-12,T2306.CFX,32,0.18529541784106418,26,0.38461538461538464,-0.0075439522688250495,T
2023-05-15,T2306.CFX,32,0.20552151394215068,26,0.5849056603773585,0.00275036889015563,T
2023-05-16,T2306.CFX,32,0.19626827923674603,26,0.5185185185185185,0.007081766099361647,T
2023-05-17,T2306.CFX,32,0.16163012514231415,21,0.14545454545454545,0.005395928484181095,T
2023-05-18,T2306.CFX,32,0.1263310782670573,20,0.017857142857142856,-0.01618200679478503,T
2023-05-19,T2306.CFX,32,0.14409930990082076,17,0.08771929824561403,-0.01927816090523486,T
2023-05-22,T2309.CFX,33,0.2323878703311993,21,,,T
2023-05-23,T2309.CFX,33,0.21215760721794705,29,,,T
2023-05-24,T2309.CFX,33,0.1669762870504418,27,,,T
2023-05-25,T2309.CFX,33,0.21087927783052032,28,,,T
2023-05-26,T2309.CFX,33,0.22414969936019385,31,,-0.0017754671329437643,T
2023-05-29,T2309.CFX,33,0.17216590385813263,27,,-0.00228099944098768,T
2023-05-30,T2309.CFX,33,0.20964866162364917,29,,0.004663137517402704,T
2023-05-31,T2309.CFX,33,0.2549228270562372,30,,0.007358606071488904,T
2023-06-01,T2309.CFX,33,0.1606624382300578,27,,-0.004421759906216749,T
2023-06-02,T2309.CFX,33,0.38533630230608085,38,,0.037735457350230504,T
2023-06-05,T2309.CFX,33,0.1290172874037264,26,,-0.003084927319000191,T
2023-06-06,T2309.CFX,33,0.2008008468165105,26,,-0.013988911130578475,T
2023-06-07,T2309.CFX,33,0.26113845512263223,29,,0.001641657829557852,T
2023-06-08,T2309.CFX,33,0.19914783051015375,25,,-0.024025577587294837,T
2023-06-09,T2309.CFX,33,0.20254116850130424,33,,0.014539474588879891,T
2023-06-12,T2309.CFX,33,0.18700095280333007,26,,-0.008619707464768889,T
2023-06-13,T2309.CFX,33,0.14236427247658207,33,,-0.0249695242998924,T
2023-06-14,T2309.CFX,33,0.1750160823888282,25,,-0.010844039226737328,T
2023-06-15,T2309.CFX,33,0.20925686808255825,35,,0.0001446528748006215,T
2023-06-16,T2309.CFX,33,0.2427762895109727,48,,0.01784432690212614,T
2023-06-19,T2309.CFX,33,0.17149437523943759,40,0.2,0.012602041264785552,T
2023-06-20,T2309.CFX,33,0.140067597696713,24,0.047619047619047616,-0.010765946222735112,T
2023-06-21,T2309.CFX,33,0.17908914205393717,26,0.36363636363636365,-0.01630441438715019,T
2023-06-26,T2309.CFX,33,0.18276416227947742,22,0.391304347826087,-0.011242948764849093,T
2023-06-27,T2309.CFX,33,0.16896609285244613,25,0.20833333333333334,0.003763999980878152,T
2023-06-28,T2309.CFX,33,0.14879881995481253,22,0.12,0.0007339395314708008,T
2023-06-29,T2309.CFX,33,0.16096178912136855,25,0.19230769230769232,-0.007022004818980215,T
2023-06-30,T2309.CFX,33,0.21209953575832588,26,0.7407407407407407,0.005066644322661929,T
2023-07-03,T2309.CFX,33,0.2299905161337314,20,0.8214285714285714,0.01853495623660839,T
2023-07-04,T2309.CFX,33,0.5679103510982207,36,1.0,0.09072517892991792,T
2023-07-05,T2309.CFX,33,0.14413184285706623,20,0.1,0.032215092281129024,T
2023-07-06,T2309.CFX,33,0.18137260572816977,23,0.41935483870967744,-0.014731253333697736,T
2023-07-07,T2309.CFX,33,0.20844845206093404,21,0.59375,-0.042962187351564575,T
2023-07-10,T2309.CFX,33,0.2331864306821445,23,0.8484848484848485,-0.06051312316282846,T
2023-07-11,T2309.CFX,33,0.18156400632251235,22,0.4117647058823529,0.012667815188486697,T
2023-07-12,T2309.CFX,33,0.13612899907543635,23,0.02857142857142857,-0.011737165904388858,T
2023-07-13,T2309.CFX,33,0.20691058480574265,20,0.5833333333333334,-0.0100133166117091,T
2023-07-14,T2309.CFX,33,0.2958511853492613,40,0.9459459459459459,0.01506760878174639,T
2023-07-17,T2309.CFX,33,0.1172712675176208,24,0.0,0.003113670866404186,T
2023-07-18,T2309.CFX,33,0.17951423285352566,25,0.38461538461538464,-0.00028688497319432347,T
2023-07-19,T2309.CFX,33,0.19214867172077646,18,0.5,-0.01458607786656681,T
2023-07-20,T2309.CFX,33,0.1508180556472573,23,0.17073170731707318,-0.02151888552008524,T
2023-07-21,T2309.CFX,33,0.2343370776352244,26,0.8571428571428571,0.020543544302893884,T
2023-07-24,T2309.CFX,33,0.16055577146616035,21,0.18604651162790697,0.0004271483139717258,T
2023-07-25,T2309.CFX,33,0.2419207156649196,49,0.8636363636363636,0.010928180370718932,T
2023-07-26,T2309.CFX,33,0.20511842168024433,32,0.5777777777777777,0.011618437009566922,T
2023-07-27,T2309.CFX,33,0.19748068281064723,28,0.5,-0.0029150139435070387,T
2023-07-28,T2309.CFX,33,0.26187550740741283,37,0.9361702127659575,0.015819943902823264,T
2023-07-31,T2309.CFX,33,0.18489060138008317,34,0.4375,-0.005730314284250438,T
2023-08-01,T2309.CFX,33,0.22836480675611365,31,0.7551020408163265,0.0033902688721174634,T
2023-08-02,T2309.CFX,33,0.15642112374069647,26,0.16,-0.011562981879120072,T
2023-08-03,T2309.CFX,33,0.14971554879762722,28,0.13725490196078433,-0.02527893948589579,T
2023-08-04,T2309.CFX,33,0.2076477181259496,39,0.6153846153846154,-0.003313502446675365,T
2023-08-07,T2309.CFX,33,0.17121631181899774,21,0.2830188679245283,-0.006307039548897869,T
2023-08-08,T2309.CFX,33,0.1528258663861889,26,0.16666666666666666,0.0014310248312355389,T
2023-08-09,T2309.CFX,33,0.14250198090940533,21,0.09090909090909091,-0.00692489875162045,T
2023-08-10,T2309.CFX,33,0.18826934944303253,20,0.5,-0.006747106827542648,T
2023-08-11,T2309.CFX,33,0.19599177749622157,24,0.5263157894736842,0.00849944144112913,T
2023-08-14,T2309.CFX,33,0.14873925160401996,29,0.1206896551724138,0.004531656702247833,T
2023-08-15,T2309.CFX,33,0.17813465025035452,40,0.3728813559322034,0.0031735240842885814,T
2023-08-16,T2309.CFX,33,0.1219157445830664,25,0.016666666666666666,-0.01505643369657993,T
2023-08-17,T2309.CFX,33,0.14204992583068426,21,0.08333333333333333,-0.013470721035202814,T
2023-08-18,T2309.CFX,33,0.11278696075076242,19,0.0,-0.010798930612618534,T
2023-08-21,T2309.CFX,33,0.17931546978140453,20,0.43333333333333335,-0.0006767144770203959,T
2023-08-22,T2309.CFX,33,0.16633576814461065,20,0.31666666666666665,0.012610559107380879,T
2023-08-23,T2312.CFX,34,,18,,,T
2023-08-24,T2312.CFX,34,0.16554920123766093,21,,,T
2023-08-25,T2312.CFX,34,0.1826385274722544,26,,,T
2023-08-28,T2312.CFX,34,0.13129195062061527,31,,,T
2023-08-29,T2312.CFX,34,0.19733192172054714,33,,,T
2023-08-30,T2312.CFX,34,0.20698263124991892,27,,0.009756025427280874,T
2023-08-31,T2312.CFX,34,0.17205013279583053,23,,0.0054513891276455895,T
2023-09-01,T2312.CFX,34,0.2656133615008435,31,,0.02433610328357399,T
2023-09-04,T2312.CFX,34,0.14676349061890626,36,,-0.004250613195235714,T
2023-09-05,T2312.CFX,34,0.17178120199559907,26,,-0.009568950068556398,T
2023-09-06,T2312.CFX,34,0.18514391004160952,36,,-0.006764460501368641,T
2023-09-07,T2312.CFX,34,0.22075495673435355,34,,-0.005133639011027669,T
2023-09-08,T2312.CFX,34,0.2567624940485044,31,,0.026897176159795068,T
2023-09-11,T2312.CFX,34,0.2226435910623658,32,,0.017334336214042834,T
2023-09-12,T2312.CFX,34,0.16791733193358177,26,,-0.0032564521888043207,T
2023-09-13,T2312.CFX,34,0.15091184400210694,27,,-0.022853138757941583,T
2023-09-14,T2312.CFX,34,0.2069624044445527,27,,-0.017133192626816236,T
2023-09-15,T2312.CFX,34,0.13397560502435032,37,,-0.013829089956505997,T
2023-09-18,T2312.CFX,34,0.24613070418908825,36,,0.013949050553325631,T
2023-09-19,T2312.CFX,34,0.1591350085363606,27,,0.00556146288130428,T
2023-09-20,T2312.CFX,34,0.20673899739186224,27,,0.0024712589406629404,T
2023-09-21,T2312.CFX,34,0.2625159182245769,28,0.95,0.021768891960322716,T
2023-09-22,T2312.CFX,34,0.176255976275329,31,0.42857142857142855,-0.0036368546139302184,T
2023-09-25,T2312.CFX,34,0.2814164960709507,37,1.0,0.021407995395264702,T
2023-09-26,T2312.CFX,34,0.17351997169557676,26,0.391304347826087,-0.004753747354619725,T
2023-09-27,T2312.CFX,34,0.1879184901864624,24,0.5416666666666666,-0.015193086065598127,T
2023-09-28,T2312.CFX,34,0.20058666751057438,26,0.6,-0.0044836623413997525,T
2023-10-09,T2312.CFX,34,0.16516806595218156,25,0.19230769230769232,-0.020543016442254064,T
2023-10-10,T2312.CFX,34,0.2009274460395621,24,0.6296296296296297,0.003206452445368996,T
2023-10-11,T2312.CFX,34,0.1913266652444071,36,0.5357142857142857,0.0007157128644877164,T
2023-10-12,T2312.CFX,34,0.21873617087817038,31,0.7586206896551724,0.006245760602741757,T
2023-10-13,T2312.CFX,34,0.16280636931821443,29,0.16666666666666666,0.0013085331570674042,T
2023-10-16,T2312.CFX,34,0.2246189288620927,25,0.8387096774193549,0.0018862669718868574,T
2023-10-17,T2312.CFX,34,0.18171396530284642,28,0.40625,-0.0013342641899199037,T
2023-10-18,T2312.CFX,34,0.21247046180195123,28,0.7272727272727273,0.0006376177832193685,T
2023-10-19,T2312.CFX,34,0.20185445067558808,37,0.6176470588235294,0.006594769565460579,T
2023-10-20,T2312.CFX,34,0.4223835401538426,41,1.0,0.041566970795624145,T
2023-10-23,T2312.CFX,34,0.1643674426973321,27,0.16666666666666666,0.017522003314086276,T
2023-10-24,T2312.CFX,34,0.26516442058842843,34,0.918918918918919,0.006790090959469847,T
2023-10-25,T2312.CFX,34,0.2290843613440258,49,0.8157894736842105,-0.010275929822853875,T
2023-10-26,T2312.CFX,34,0.19599354119887943,28,0.48717948717948717,-0.038806307926323266,T
2023-10-27,T2312.CFX,34,0.1696557358119186,27,0.25,-0.005859429316037596,T
2023-10-30,T2312.CFX,34,0.16315059649999275,23,0.14634146341463414,-0.02634562737089785,T
2023-10-31,T2312.CFX,34,0.12153476124824718,31,0.0,-0.02479421448904439,T
2023-11-01,T2312.CFX,34,0.22231535599528768,29,0.7674418604651163,0.0004522655029145117,T
2023-11-02,T2312.CFX,34,0.1953054973402577,26,0.5,0.011046428255197322,T
2023-11-03,T2312.CFX,34,0.15126058615389174,20,0.1111111111111111,0.004999071539980848,T
2023-11-06,T2312.CFX,34,0.227970179605472,22,0.8260869565217391,0.01418160668730537,T
2023-11-07,T2312.CFX,34,0.18414294493510613,24,0.425531914893617,-0.004368013985514879,T
2023-11-08,T2312.CFX,34,0.22793191393230128,31,0.8125,0.009813519196530156,T
2023-11-09,T2312.CFX,34,0.16314440975993932,22,0.16326530612244897,0.0023729381538924454,T
2023-11-10,T2312.CFX,34,0.17781300942195316,21,0.38,-0.012131287554220443,T
2023-11-13,T2312.CFX,34,0.177031026044856,25,0.37254901960784315,-0.006434274229084841,T
2023-11-14,T2312.CFX,34,0.2142325683557919,30,0.7115384615384616,-0.001351207486810202,T
2023-11-15,T2312.CFX,34,0.1635227688481393,27,0.18867924528301888,0.003717627711023874,T
2023-11-16,T2312.CFX,34,0.1836775802771312,27,0.4444444444444444,-0.00017791154863605607,T
2023-11-17,T2312.CFX,34,0.1706810722472979,26,0.2909090909090909,-0.0043254895673776935,T
2023-11-20,T2312.CFX,34,0.18850997085980264,25,0.5178571428571429,-0.004428689159281995,T
2023-11-21,T2312.CFX,34,0.15964694043836766,23,0.12280701754385964,-0.0002919266236871776,T
2023-11-22,T2312.CFX,34,0.21913591563033682,17,0.7586206896551724,0.005988253889748102,T
2023-11-23,T2403.CFX,35,0.1853931551474143,21,,,T
2023-11-24,T2403.CFX,35,0.21869146049433902,33,,,T
2023-11-27,T2403.CFX,35,0.16386115623633296,30,,,T
2023-11-28,T2403.CFX,35,0.19840793656757177,24,,,T
2023-11-29,T2403.CFX,35,0.2519305058239584,28,,0.01127911774263209,T
2023-11-30,T2403.CFX,35,0.13476657476690532,23,,-0.007978042186724193,T
2023-12-01,T2403.CFX,35,0.1770239535881444,21,,-0.0037315767097043594,T
2023-12-04,T2403.CFX,35,0.2112092622019092,18,,-0.004930390096713916,T
2023-12-05,T2403.CFX,35,0.1720681548947342,23,,-0.008328201442344451,T
2023-12-06,T2403.CFX,35,0.1588151115466554,20,,0.004314127486608993,T
2023-12-07,T2403.CFX,35,0.23665416585335378,31,,0.006686627387516492,T
2023-12-08,T2403.CFX,35,0.1307730385565537,21,,-0.009628643633209144,T
2023-12-11,T2403.CFX,35,0.1796969410561481,25,,-0.001278450066727388,T
2023-12-12,T2403.CFX,35,0.1748645908351307,18,,-0.0024858266220255053,T
2023-12-13,T2403.CFX,35,0.24941184628035268,23,,0.006960691313257483,T
2023-12-14,T2403.CFX,35,0.24710244002559473,28,,0.030237370816228664,T
2023-12-15,T2403.CFX,35,0.18775957551629627,24,,0.008836311811076036,T
2023-12-18,T2403.CFX,35,0.17653092084375502,20,,-0.005831961074680775,T
2023-12-19,T2403.CFX,35,0.15604735852596935,18,,-0.025730049469060635,T
2023-12-20,T2403.CFX,35,0.2058555485868565,18,,-0.011420599986780333,T
2023-12-21,T2403.CFX,35,0.22217306537295398,30,0.8,0.009815160745641687,T
2023-12-22,T2403.CFX,35,0.21967675763563835,29,0.7619047619047619,0.015241738043075131,T
2023-12-25,T2403.CFX,35,0.2098985644033379,24,0.6363636363636364,0.012152362080351892,T
2023-12-26,T2403.CFX,35,0.25164739312032036,25,0.9565217391304348,0.007930918809731157,T
2023-12-27,T2403.CFX,35,0.172459859225836,24,0.25,-0.0067455776809553945,T
2023-12-28,T2403.CFX,35,0.2443827787466954,29,0.84,0.0011973337044612175,T
2023-12-29,T2403.CFX,35,0.20871176683105364,20,0.5769230769230769,-0.0009638209518193552,T
2024-01-02,T2403.CFX,35,0.17610436710183855,21,0.2962962962962963,-0.011483414443174595,T
2024-01-03,T2403.CFX,35,0.1868158258104981,24,0.4642857142857143,-0.003956647847553263,T
2024-01-04,T2403.CFX,35,0.18610028147885763,18,0.4482758620689655,-0.013846093555623112,T
2024-01-05,T2403.CFX,35,0.18478410080454066,26,0.4,-0.0037859417676006867,T
2024-01-08,T2403.CFX,35,0.20481162056755037,20,0.5806451612903226,0.00553827819254662,T
2024-01-09,T2403.CFX,35,0.20701368386981236,27,0.625,0.005910705520732129,T
2024-01-10,T2403.CFX,35,0.16235286985193373,22,0.12121212121212122,-0.0025265240188576178,T
2024-01-11,T2403.CFX,35,0.2140776539374561,28,0.7352941176470589,0.0016128355550214303,T
2024-01-12,T2403.CFX,35,0.22243507408548413,32,0.8285714285714286,0.004231087710351128,T
2024-01-15,T2403.CFX,35,0.20167913498720563,28,0.5277777777777778,0.004941310646833697,T
2024-01-16,T2403.CFX,35,0.22861796666209594,20,0.8378378378378378,0.012013167467007396,T
2024-01-17,T2403.CFX,35,0.17694241585735287,23,0.2894736842105263,-0.006808758358359463,T
2024-01-18,T2403.CFX,35,0.2051537712147463,27,0.5641025641025641,-0.005929932487132838,T
2024-01-19,T2403.CFX,35,0.14899491186249672,19,0.05,-0.01288326416967674,T
2024-01-22,T2403.CFX,35,0.23752752498479185,29,0.8780487804878049,-0.0010128387349464308,T
2024-01-23,T2403.CFX,35,0.17247049088469613,28,0.21428571428571427,0.0023429903824732034,T
2024-01-24,T2403.CFX,35,0.1523627964461694,21,0.06976744186046512,-0.00821063705149544,T
2024-01-25,T2403.CFX,35,0.22189520859322517,31,0.7727272727272727,0.006063586492283446,T
2024-01-26,T2403.CFX,35,0.1469885295846225,24,0.044444444444444446,-0.013165327309180963,T
2024-01-29,T2403.CFX,35,0.17583817153693995,20,0.2826086956521739,0.00013610944429407468,T
2024-01-30,T2403.CFX,35,0.1728748308666101,22,0.2553191489361702,-0.0005032968215403888,T
2024-01-31,T2403.CFX,35,0.20165563017966356,30,0.5416666666666666,-0.0014592855545135675,T
2024-02-01,T2403.CFX,35,0.2349376694391018,23,0.8571428571428571,0.020171573835168228,T
2024-02-02,T2403.CFX,35,0.16686684544573777,19,0.18,0.00441201863900873,T
2024-02-05,T2403.CFX,35,0.11144414313204906,24,0.0,-0.01576501602030479,T
2024-02-06,T2403.CFX,35,0.21903443030312858,30,0.75,-0.008873592606012271,T
2024-02-07,T2403.CFX,35,0.18040611218418193,21,0.41509433962264153,-0.005689552965244893,T
2024-02-08,T2403.CFX,35,0.18112328056497223,17,0.42592592592592593,0.009747483929060174,T
2024-02-19,T2403.CFX,35,0.19316128598831037,16,0.5272727272727272,0.012552313597436627,T
2024-02-20,T2403.CFX,35,0.20169944224526165,17,0.5892857142857143,-0.0021914802311605364,T
2024-02-21,T2403.CFX,35,0.16794611991285074,17,0.19298245614035087,-0.0004343822862372948,T
2024-02-22,T2406.CFX,36,,18,,,T
2024-02-23,T2406.CFX,36,0.21010869716489916,29,,,T
2024-02-26,T2406.CFX,36,0.2251866746341206,20,,,T
2024-02-27,T2406.CFX,36,0.16745074464141796,26,,,T
2024-02-28,T2406.CFX,36,0.14224744371595277,23,,,T
2024-02-29,T2406.CFX,36,0.20933498828569133,26,,-0.008448664867658346,T
2024-03-01,T2406.CFX,36,0.298909489349435,41,,0.018932987307490223,T
2024-03-04,T2406.CFX,36,0.16208956613500614,26,,0.014593968862065858,T
2024-03-05,T2406.CFX,36,0.22914381414954454,29,,0.012654731871649838,T
2024-03-06,T2406.CFX,36,0.23251703378264027,36,,-0.0023401584205992587,T
2024-03-07,T2406.CFX,36,0.2271809280497016,43,,-0.007302965495183273,T
2024-03-08,T2406.CFX,36,0.13739617311680646,32,,-0.005134967213624231,T
2024-03-11,T2406.CFX,36,0.3553382416197766,34,,0.015726799427463033,T
2024-03-12,T2406.CFX,36,0.22102263940393066,43,,0.010516852481265581,T
2024-03-13,T2406.CFX,36,0.26176058563707916,55,,0.015278578146187927,T
2024-03-14,T2406.CFX,36,0.22049060121457079,38,,0.007261120021283113,T
2024-03-15,T2406.CFX,36,0.15449970491604342,35,,-0.040220911159682626,T
2024-03-18,T2406.CFX,36,0.16430737032885892,30,,-0.02206914188711792,T
2024-03-19,T2406.CFX,36,0.2413411626284332,33,,-0.00970220769030038,T
2024-03-20,T2406.CFX,36,0.20619534902983455,25,,0.00582509533429173,T
2024-03-21,T2406.CFX,36,0.1721297126616664,32,,0.007714799419222163,T
2024-03-22,T2406.CFX,36,0.32983922056690673,36,0.95,0.026185225050932893,T
2024-03-25,T2406.CFX,36,0.16498660591616413,33,0.23809523809523808,-0.0029065241887465897,T
2024-03-26,T2406.CFX,36,0.1672699119455898,23,0.2727272727272727,-0.008499398091399185,T
2024-03-27,T2406.CFX,36,0.2772035756428239,30,0.8695652173913043,0.004757841734099799,T
2024-03-28,T2406.CFX,36,0.21523254887282275,30,0.5,-0.011699637366150822,T
2024-03-29,T2406.CFX,36,0.2502523147248788,29,0.8,0.02184940545446623,T
2024-04-01,T2406.CFX,36,0.15841809367348222,33,0.11538461538461539,-0.004465489746216023,T
2024-04-02,T2406.CFX,36,0.13987742110937068,21,0.037037037037037035,-0.03314667642662469,T
2024-04-03,T2406.CFX,36,0.2076658296429331,30,0.42857142857142855,-0.01255083320752875,T
2024-04-08,T2406.CFX,36,0.2707695913226463,25,0.8620689655172413,0.009028228916498581,T
2024-04-09,T2406.CFX,36,0.17647380763513537,20,0.36666666666666664,0.016700359813658187,T
2024-04-10,T2406.CFX,36,0.16654361863983078,25,0.25806451612903225,0.002214037305312244,T
2024-04-11,T2406.CFX,36,0.2385778965021152,27,0.75,-0.004240183896445126,T
2024-04-12,T2406.CFX,36,0.3031578805357714,38,0.9393939393939394,0.012688066729323006,T
2024-04-15,T2406.CFX,36,0.21677618807070403,36,0.5294117647058824,0.021721902276707793,T
2024-04-16,T2406.CFX,36,0.20691071621431106,24,0.4,0.005893248671754942,T
2024-04-17,T2406.CFX,36,0.194212924269629,20,0.3611111111111111,-0.01849771087864327,T
2024-04-18,T2406.CFX,36,0.26491486552911053,29,0.8378378378378378,-0.009904929381439675,T
2024-04-19,T2406.CFX,36,0.1592795686437831,22,0.13157894736842105,-0.005698908953904236,T
2024-04-22,T2406.CFX,36,0.2027200034976484,25,0.38461538461538464,-0.004331478105917119,T
2024-04-23,T2406.CFX,36,0.21360872251062588,29,0.525,-0.002340326554946831,T
2024-04-24,T2406.CFX,36,0.18495576500389105,36,0.34146341463414637,-0.01055890471835962,T
2024-04-25,T2406.CFX,36,0.18878422553838098,29,0.35714285714285715,0.004124507529543836,T
2024-04-26,T2406.CFX,36,0.22947466895804602,39,0.7209302325581395,0.0028684833948550313,T
2024-04-29,T2406.CFX,36,0.2772835662378024,49,0.9090909090909091,0.01718685914085081,T
2024-04-30,T2406.CFX,36,0.20148379089012974,24,0.37777777777777777,0.012155539247189878,T
2024-05-06,T2406.CFX,36,0.14553695975482883,26,0.06521739130434782,-0.011448540963502058,T
2024-05-07,T2406.CFX,36,0.18229448803737155,30,0.3191489361702128,-0.022610696832432248,T
2024-05-08,T2406.CFX,36,0.2030955456871474,23,0.4375,-0.016756534395406825,T
2024-05-09,T2406.CFX,36,0.17436164014802183,26,0.2857142857142857,0.0003314284448102722,T
2024-05-10,T2406.CFX,36,0.20774007597696903,23,0.52,0.011647338455493062,T
2024-05-13,T2406.CFX,36,0.159347899739613,28,0.13725490196078433,-0.004124864630569552,T
2024-05-14,T2406.CFX,36,0.16136532015862887,22,0.15384615384615385,-0.009847419146544596,T
2024-05-15,T2406.CFX,36,0.18348271882894876,21,0.3584905660377358,-0.0028132598456486304,T
2024-05-16,T2406.CFX,36,0.15172648056311316,21,0.07407407407407407,-0.008789237173837606,T
2024-05-17,T2406.CFX,36,0.24117155041217017,23,0.8,0.015400846174959865,T
2024-05-20,T2406.CFX,36,0.179921081636681,16,0.3392857142857143,0.009480035453932573,T
2024-05-21,T2409.CFX,37,,15,,,T
2024-05-22,T2409.CFX,37,0.12472276162728965,19,,,T
2024-05-23,T2409.CFX,37,0.168935061686893,18,,,T
2024-05-24,T2409.CFX,37,0.2042489950639265,24,,,T
2024-05-27,T2409.CFX,37,0.17385041907061588,23,,,T
2024-05-28,T2409.CFX,37,0.12025877781194479,24,,-0.0004012610246966891,T
2024-05-29,T2409.CFX,37,0.2143040778901894,20,,0.0006747815154611037,T
2024-05-30,T2409.CFX,37,0.22153561139287029,20,,0.007502689147746111,T
2024-05-31,T2409.CFX,37,0.1545209854470227,28,,0.006261796633373914,T
2024-06-03,T2409.CFX,37,0.2086801373352455,21,,0.011705962660343471,T
2024-06-04,T2409.CFX,37,0.16601808625291697,19,,-0.010942745733216963,T
2024-06-05,T2409.CFX,37,0.1670885895903218,22,,-0.00973969427992027,T
2024-06-06,T2409.CFX,37,0.17815026698146083,16,,0.0005667015323952585,T
2024-06-07,T2409.CFX,37,0.19703882435521783,14,,-0.0011150445231511486,T
2024-06-11,T2409.CFX,37,0.2046163839367801,15,,0.010714683013262227,T
2024-06-12,T2409.CFX,37,0.1631748548110144,19,,0.0018638647396704456,T
2024-06-13,T2409.CFX,37,0.19348713898397032,18,,-0.00031902255391844656,T
2024-06-14,T2409.CFX,37,0.1672209093297278,19,,-0.007076507500378987,T
2024-06-17,T2409.CFX,37,0.25317333335335185,21,,0.010115995335185679,T
2024-06-18,T2409.CFX,37,0.20324629888735052,20,,0.013982908252205379,T
2024-06-19,T2409.CFX,37,0.2122611728607932,21,,0.007357345731126846,T
2024-06-20,T2409.CFX,37,0.2106469667176106,16,0.8,0.004593995428320697,T
2024-06-21,T2409.CFX,37,0.2691955667332048,19,1.0,0.003944513458996601,T
2024-06-24,T2409.CFX,37,0.20103448506334196,17,0.5454545454545454,0.0052510766224394545,T
2024-06-25,T2409.CFX,37,0.23474493314382777,16,0.9130434782608695,0.0035355038911800475,T
2024-06-26,T2409.CFX,37,0.2086164127554635,14,0.6666666666666666,-0.003851174151367126,T
2024-06-27,T2409.CFX,37,0.1986712597511216,18,0.48,-0.013346668627204494,T
2024-06-28,T2409.CFX,37,0.21232211880148838,15,0.8076923076923077,-0.0013498405916413324,T
2024-07-01,T2409.CFX,37,0.2771729501902383,38,1.0,0.008856174013884593,T
2024-07-02,T2409.CFX,37,0.17510916741873478,25,0.32142857142857145,0.0011487199765659317,T
2024-07-03,T2409.CFX,37,0.2392203480248222,18,0.896551724137931,0.004388522516464754,T
2024-07-04,T2409.CFX,37,0.18271033138360881,17,0.36666666666666664,-0.009717617700117531,T
2024-07-05,T2409.CFX,37,0.1659181378632763,23,0.12903225806451613,-0.02149084606890499,T
2024-07-08,T2409.CFX,37,0.14088472220301307,28,0.0625,-0.014175110059298928,T
2024-07-09,T2409.CFX,37,0.1247381859556688,17,0.06060606060606061,-0.02707899333189026,T
2024-07-10,T2409.CFX,37,0.12714045533640236,12,0.08823529411764706,-0.01523197040020205,T
2024-07-11,T2409.CFX,37,0.1525157370319069,8,0.14285714285714285,-0.004054906852934947,T
2024-07-12,T2409.CFX,37,0.14350758965713706,11,0.1388888888888889,0.0033023285984486116,T
2024-07-15,T2409.CFX,37,0.15764730098371516,14,0.21621621621621623,0.008218536437682744,T
2024-07-16,T2409.CFX,37,0.22506094755589445,17,0.868421052631579,0.020097254839079242,T
2024-07-17,T2409.CFX,37,0.136048534781232,13,0.10256410256410256,0.004861895339740757,T
2024-07-18,T2409.CFX,37,0.1781134691695129,15,0.45,0.004761299282226855,T
2024-07-19,T2409.CFX,37,0.17989607204119568,11,0.4878048780487805,-0.0002449936271420539,T
2024-07-22,T2409.CFX,37,0.1987124031082419,18,0.5952380952380952,-0.0008849551635341457,T
2024-07-23,T2409.CFX,37,0.14206144117614108,14,0.13953488372093023,0.003262474672854715,T
2024-07-24,T2409.CFX,37,0.17361040076620415,14,0.38636363636363635,-0.004684076767167211,T
2024-07-25,T2409.CFX,37,0.22598920886200968,21,0.8888888888888888,0.006708427129959027,T
2024-07-26,T2409.CFX,37,0.23740094878399018,16,0.9130434782608695,0.01613048590373652,T
2024-07-29,T2409.CFX,37,0.19201169424138895,15,0.5106382978723404,0.016369105414828174,T
2024-07-30,T2409.CFX,37,0.19847611870396065,21,0.5625,0.0015753921254892278,T
2024-07-31,T2409.CFX,37,0.20890864896017494,23,0.7346938775510204,-0.007308594988369904,T
2024-08-01,T2409.CFX,37,0.20167769498643717,22,0.62,-0.005454955287632002,T
2024-08-02,T2409.CFX,37,0.23822191320930242,22,0.9215686274509803,0.009562201421830351,T
2024-08-05,T2409.CFX,37,0.16148959068867091,21,0.21153846153846154,-0.004465979178145197,T
2024-08-06,T2409.CFX,37,0.1820367327661202,26,0.4528301886792453,-0.009393193668587568,T
2024-08-07,T2409.CFX,37,0.19612229714473645,17,0.5185185185185185,-0.006729597612658367,T
2024-08-08,T2409.CFX,37,0.19114295188341757,30,0.4727272727272727,-0.005952521619570411,T
2024-08-09,T2409.CFX,37,0.20144577688249102,23,0.625,0.008901859150493758,T
2024-08-12,T2409.CFX,37,0.22057239836153336,31,0.8245614035087719,0.00823948109285808,T
2024-08-13,T2409.CFX,37,0.12535046427916707,31,0.05172413793103448,-0.011211421925302296,T
2024-08-14,T2409.CFX,37,0.20271283592594003,30,0.6440677966101694,-0.0052955544518279,T
2024-08-15,T2409.CFX,37,0.1984350748121606,27,0.5333333333333333,-0.002388096657625416,T
2024-08-16,T2409.CFX,37,0.12914054155481783,23,0.06666666666666667,-0.010977910308043754,T
2024-08-19,T2409.CFX,37,0.17850000272366418,19,0.38333333333333336,0.0032726782517871976,T
2024-08-20,T2409.CFX,37,0.11199387468483162,15,0.0,-0.020137299457071326,T
2024-08-21,T2412.CFX,38,0.20562677074708385,23,,,T
2024-08-22,T2412.CFX,38,0.19993776954062792,31,,,T
2024-08-23,T2412.CFX,38,0.19752473037324578,25,,,T
2024-08-26,T2412.CFX,38,0.14798187155307746,24,,,T
2024-08-27,T2412.CFX,38,0.20519106621775207,29,,-0.005282730704621402,T
2024-08-28,T2412.CFX,38,0.18512512545136578,24,,-0.002195895233401801,T
2024-08-29,T2412.CFX,38,0.18763785271347216,24,,0.0017369498578741094,T
2024-08-30,T2412.CFX,38,0.242504482216484,28,,0.017149200782253314,T
2024-09-02,T2412.CFX,38,0.1495338124879606,24,,-0.005393515069446464,T
2024-09-03,T2412.CFX,38,0.2157064767859699,24,,0.0023058662443696644,T
2024-09-04,T2412.CFX,38,0.25476811783433456,24,,0.010746252481121066,T
2024-09-05,T2412.CFX,38,0.2670015746395315,26,,0.015422849019246893,T
2024-09-06,T2412.CFX,38,0.20996354183868102,18,,0.017215455655500245,T
2024-09-09,T2412.CFX,38,0.1702098429306941,15,,-0.013579784370620513,T
2024-09-10,T2412.CFX,38,0.24737042578586813,26,,-0.011158711580577024,T
2024-09-11,T2412.CFX,38,0.16359429140952803,20,,-0.01694076825128199,T
2024-09-12,T2412.CFX,38,0.23534303932775957,24,,0.0044143443456991,T
2024-09-13,T2412.CFX,38,0.1717913207054912,24,,-0.000886443090851441,T
2024-09-18,T2412.CFX,38,0.20264857982649082,22,,-0.008124666262279145,T
2024-09-19,T2412.CFX,38,0.18441483737159092,32,,0.0008946632422857037,T
2024-09-20,T2412.CFX,38,0.15838454644229633,21,0.1,-0.014129346910482676,T
2024-09-23,T2412.CFX,38,0.1720517115657904,23,0.2857142857142857,-0.0043743251663596,T
2024-09-24,T2412.CFX,38,0.21986202183664286,51,0.7727272727272727,0.002206375821450357,T
2024-09-25,T2412.CFX,38,0.158587222555665,34,0.13043478260869565,0.0009822245762494575,T
2024-09-26,T2412.CFX,38,0.3038967564827156,43,1.0,0.02775599310707131,T
2024-09-27,T2412.CFX,38,0.22759559327002524,79,0.76,0.01951224980545424,T
2024-09-30,T2412.CFX,38,0.1832218629420785,60,0.3076923076923077,-0.00042719470747684674,T
2024-10-08,T2412.CFX,38,0.13055459582472134,49,0.0,-0.017674014700252438,T
2024-10-09,T2412.CFX,38,0.19711264306445403,47,0.4642857142857143,-0.031060922428182692,T
2024-10-10,T2412.CFX,38,0.16382265666682566,32,0.20689655172413793,-0.01136550930840236,T
2024-10-11,T2412.CFX,38,0.20938853056684076,33,0.6666666666666666,0.008560139609162881,T
2024-10-14,T2412.CFX,38,0.24574713324534944,34,0.8709677419354839,0.024266096234364293,T
2024-10-15,T2412.CFX,38,0.16336236823824732,34,0.15625,0.0014423926926110443,T
2024-10-16,T2412.CFX,38,0.18892631024556705,29,0.45454545454545453,0.00041811448288894273,T
2024-10-17,T2412.CFX,38,0.1908796017560553,22,0.47058823529411764,-0.009383868062135332,T
2024-10-18,T2412.CFX,38,0.19011891746043827,34,0.45714285714285713,-0.00837391980520143,T
2024-10-21,T2412.CFX,38,0.17121138775081254,24,0.25,0.001689064624000175,T
2024-10-22,T2412.CFX,38,0.1672931419000804,24,0.21621621621621623,-0.006293455069621606,T
2024-10-23,T2412.CFX,38,0.19443872489305294,33,0.5263157894736842,-0.0015707529286362598,T
2024-10-24,T2412.CFX,38,0.2935588519102148,27,0.9743589743589743,0.023010720604179347,T
2024-10-25,T2412.CFX,38,0.15913389269493766,25,0.125,0.01021107198983846,T
2024-10-28,T2412.CFX,38,0.1728196393139328,22,0.34146341463414637,-0.002425183737041053,T
2024-10-29,T2412.CFX,38,0.23534518465218907,26,0.8333333333333334,-0.0038926293078009764,T
2024-10-30,T2412.CFX,38,0.19370037040303156,21,0.5116279069767442,-0.01235056710571152,T
2024-10-31,T2412.CFX,38,0.2312678595216497,24,0.7954545454545454,0.016514866474252283,T
2024-11-01,T2412.CFX,38,0.18875137472693473,24,0.4222222222222222,0.0027786145695464447,T
2024-11-04,T2412.CFX,38,0.17656193520775443,20,0.32608695652173914,-0.012251549456496614,T
2024-11-05,T2412.CFX,38,0.2300788852648616,30,0.7872340425531915,0.0018051105409764734,T
2024-11-06,T2412.CFX,38,0.20852197915683068,25,0.6666666666666666,-0.0004164250191711127,T
2024-11-07,T2412.CFX,38,0.19336754716247284,22,0.4897959183673469,0.004119238882015241,T
2024-11-08,T2412.CFX,38,0.21578492751051007,28,0.74,0.004173464650312248,T
2024-11-11,T2412.CFX,38,0.19879469349354167,24,0.5686274509803921,-0.005530543518896047,T
2024-11-12,T2412.CFX,38,0.1762279918174805,30,0.28846153846153844,-0.005916082834763153,T
2024-11-13,T2412.CFX,38,0.1684544153938031,24,0.18867924528301888,-0.008938319923036902,T
2024-11-14,T2412.CFX,38,0.20541562924182277,17,0.6481481481481481,-0.0051078874637113135,T
2024-11-15,T2412.CFX,38,0.20410402487530782,20,0.6181818181818182,0.003980630018787457,T
2024-11-18,T2412.CFX,38,0.15139651202544965,24,0.05357142857142857,-0.0014013350102556998,T
2024-11-19,T2412.CFX,38,0.20373945036285868,21,0.6140350877192983,0.001655095272173801,T
2024-11-20,T2412.CFX,38,0.12119131276197774,21,0.0,-0.016881320747213928,T
2024-11-21,T2412.CFX,38,0.17280731828783805,25,0.288135593220339,-0.009279861243841147,T
2024-11-22,T2412.CFX,38,0.10862568617566544,25,0.0,-0.011647378377458915,T
2024-11-25,T2503.CFX,39,0.13428556624147975,28,,,T
2024-11-26,T2503.CFX,39,0.18180297346555566,27,,,T
2024-11-27,T2503.CFX,39,0.2796039925257613,29,,,T
2024-11-28,T2503.CFX,39,0.1656594448417756,20,,,T
2024-11-29,T2503.CFX,39,0.2489376436780682,33,,0.02131606262493969,T
2024-12-02,T2503.CFX,39,0.1666821995881337,29,,-0.006090789660253703,T
2024-12-03,T2503.CFX,39,0.17881888775751031,29,,-0.02005474547901439,T
2024-12-04,T2503.CFX,39,0.1602564705121271,22,,-0.00809247045798549,T
2024-12-05,T2503.CFX,39,0.18304072348748104,19,,-0.013821956945718089,T
2024-12-06,T2503.CFX,39,0.2631188951369355,23,,0.01970952268275743,T
2024-12-09,T2503.CFX,39,0.25980876170139994,24,,0.02648421725125876,T
2024-12-10,T2503.CFX,39,0.20291360113295723,42,,0.016208229945557918,T
2024-12-11,T2503.CFX,39,0.2417016144476595,30,,0.0057116487916378635,T
2024-12-12,T2503.CFX,39,0.27038440953948906,31,,-0.00035761184486332587,T
2024-12-13,T2503.CFX,39,0.26894371186463184,36,,0.008574070873299566,T
2024-12-16,T2503.CFX,39,0.2332726801308434,33,,0.008796025541274465,T
2024-12-17,T2503.CFX,39,0.20612442402798573,34,,-0.010826611024799333,T
2024-12-18,T2503.CFX,39,0.2170343926862183,56,,-0.016951932154318766,T
2024-12-19,T2503.CFX,39,0.16090656877854356,36,,-0.023231257361680163,T
2024-12-20,T2503.CFX,39,0.14880235272445136,30,,-0.02141585100622262,T
2024-12-23,T2503.CFX,39,0.1807294570243478,38,0.35,-0.01190219739690428,T
2024-12-24,T2503.CFX,39,0.28932522240994385,40,1.0,0.01644045476932554,T
2024-12-25,T2503.CFX,39,0.1648188668092247,30,0.18181818181818182,0.014834746574685476,T
2024-12-26,T2503.CFX,39,0.19077015280541754,35,0.4782608695652174,0.006802500994680921,T
2024-12-27,T2503.CFX,39,0.16189703662631613,33,0.16666666666666666,-0.013621991040058973,T
2024-12-30,T2503.CFX,39,0.16545131029838278,33,0.24,-0.02506696544060307,T
2024-12-31,T2503.CFX,39,0.1846323296134975,33,0.5,0.0014308083101510828,T
2025-01-02,T2503.CFX,39,0.1593576204077476,36,0.07407407407407407,-0.004008977180815854,T
2025-01-03,T2503.CFX,39,0.24086107693891345,62,0.7142857142857143,0.015183439073455946,T
2025-01-06,T2503.CFX,39,0.13489727595598272,38,0.034482758620689655,-0.00048793213593841813,T
2025-01-07,T2503.CFX,39,0.19372359367055453,30,0.5666666666666667,-0.0006277816337650844,T
2025-01-08,T2503.CFX,39,0.20258786577967108,32,0.5806451612903226,0.0039323007475488055,T
2025-01-09,T2503.CFX,39,0.21594973115358918,34,0.65625,0.001786789825303975,T
2025-01-10,T2503.CFX,39,0.16170115269202479,51,0.18181818181818182,0.007583389095511877,T
2025-01-13,T2503.CFX,39,0.16728702977228335,37,0.35294117647058826,-0.00937598408841886,T
2025-01-14,T2503.CFX,39,0.19050466218816411,39,0.5142857142857142,-0.007282910856431973,T
2025-01-15,T2503.CFX,39,0.1570975697911546,30,0.08333333333333333,-0.008890081322872983,T
2025-01-16,T2503.CFX,39,0.18982865031485752,35,0.5135135135135135,0.004606553526453672,T
2025-01-17,T2503.CFX,39,0.22046980682861023,34,0.7368421052631579,0.010568954223934713,T
2025-01-20,T2503.CFX,39,0.17807664351685176,29,0.358974358974359,0.003851619969483094,T
2025-01-21,T2503.CFX,39,0.2566051171776774,39,0.85,0.018726308797503994,T
2025-01-22,T2503.CFX,39,0.1636610142789939,26,0.21951219512195122,-0.0016199961722659973,T
2025-01-23,T2503.CFX,39,0.1726874948379124,27,0.35714285714285715,-0.010998025321925353,T
2025-01-24,T2503.CFX,39,0.19116312998947457,26,0.5813953488372093,-0.00577446493945194,T
2025-01-27,T2503.CFX,39,0.15599298852160953,22,0.06818181818181818,-0.01737221416016551,T
2025-02-05,T2503.CFX,39,0.18251407640047984,17,0.4666666666666667,0.0021011617926669003,T
2025-02-06,T2503.CFX,39,0.16556872140360626,22,0.2826086956521739,-0.0022886600457607043,T
2025-02-07,T2503.CFX,39,0.18848297273979114,21,0.5319148936170213,0.0004215418382629843,T
2025-02-10,T2503.CFX,39,0.21223319823908024,28,0.7083333333333334,0.011844931577425272,T
2025-02-11,T2503.CFX,39,0.21935549513048022,24,0.7551020408163265,0.012034731429547479,T
2025-02-12,T2503.CFX,39,0.12791337131623243,23,0.0,-0.004443817778405856,T
2025-02-13,T2503.CFX,39,0.1910780125614966,27,0.5882352941176471,-0.007912974727943695,T
2025-02-14,T2503.CFX,39,0.21535780780484104,31,0.7115384615384616,-0.0022028263437462005,T
2025-02-17,T2503.CFX,39,0.16632323942368843,31,0.3018867924528302,-0.0018620074924974972,T
2025-02-18,T2503.CFX,39,0.24060382501813787,36,0.8148148148148148,0.020062613426600272,T
2025-02-19,T2503.CFX,39,0.14007614483015612,25,0.05454545454545454,-0.00767577182493841,T
2025-02-20,T2503.CFX,39,0.178456597592033,22,0.39285714285714285,-0.010004951501914838,T
2025-02-21,T2506.CFX,40,0.2874082607760472,38,,,T
2025-02-24,T2506.CFX,40,0.2549310857889587,50,,,T
2025-02-25,T2506.CFX,40,0.3072978313251986,65,,,T
2025-02-26,T2506.CFX,40,0.15934318820015234,50,,,T
2025-02-27,T2506.CFX,40,0.20371230598280715,33,,-0.026297980717528636,T
2025-02-28,T2506.CFX,40,0.2799990908862768,35,,-0.005344951514775531,T
2025-03-03,T2506.CFX,40,0.15114953094912503,32,,-0.019164069806602273,T
2025-03-04,T2506.CFX,40,0.2196023571324608,34,,0.006795556283093479,T
2025-03-05,T2506.CFX,40,0.18287187728314255,24,,-0.010207759115314513,T
2025-03-06,T2506.CFX,40,0.19019336101051287,30,,-0.014788911341751022,T
2025-03-07,T2506.CFX,40,0.274181860435179,49,,0.021665566285016,T
2025-03-10,T2506.CFX,40,0.14815693248018316,31,,-0.005158086615251883,T
2025-03-11,T2506.CFX,40,0.18648596028154757,37,,-0.0034808262533519763,T
2025-03-12,T2506.CFX,40,0.32721367954964325,46,,0.018634473692462933,T
2025-03-13,T2506.CFX,40,0.18821970817465433,33,,0.0007132442548410777,T
2025-03-14,T2506.CFX,40,0.2331859779156235,36,,0.017179183876398746,T
2025-03-17,T2506.CFX,40,0.19502436969054726,40,,-0.007695088281602041,T
2025-03-18,T2506.CFX,40,0.14971076582705023,38,,-0.03482011659292931,T
2025-03-19,T2506.CFX,40,0.16119788471818308,31,,-0.013751885900151573,T
2025-03-20,T2506.CFX,40,0.17571265533995836,33,,-0.014877313012369447,T
2025-03-21,T2506.CFX,40,0.2774435855988664,37,0.8,0.01908403213295464,T
2025-03-24,T2506.CFX,40,0.20143104174515347,34,0.5238095238095238,0.02196862527168898,T
2025-03-25,T2506.CFX,40,0.15696126012969985,30,0.13636363636363635,0.0017245137228228623,T
2025-03-26,T2506.CFX,40,0.21432930466572317,29,0.6086956521739131,-0.004324902681763698,T
2025-03-27,T2506.CFX,40,0.241108993522184,27,0.7083333333333334,-0.005977092123279504,T
2025-03-28,T2506.CFX,40,0.2847406409672495,32,0.88,0.025076693183667613,T
2025-03-31,T2506.CFX,40,0.23092253453061362,31,0.6153846153846154,0.021833388510335384,T
2025-04-01,T2506.CFX,40,0.15204522919231378,24,0.1111111111111111,-0.013475460993838917,T
2025-04-02,T2506.CFX,40,0.1723023134684371,27,0.25,-0.02703087718824295,T
2025-04-03,T2506.CFX,40,0.17037585789514256,35,0.2413793103448276,-0.028734978720639032,T
2025-04-07,T2506.CFX,40,0.1969454640481501,39,0.5,-0.004962351226209827,T
2025-04-08,T2506.CFX,40,0.21470188789760486,32,0.6129032258064516,0.014995646799029516,T
2025-04-09,T2506.CFX,40,0.1936198616391192,40,0.4375,0.008696112634382653,T
2025-04-10,T2506.CFX,40,0.19068909642864146,36,0.42424242424242425,0.0037300874657966885,T
2025-04-11,T2506.CFX,40,0.2716016996800931,34,0.7941176470588235,0.012529967979492258,T
2025-04-14,T2506.CFX,40,0.17178757344033252,27,0.22857142857142856,-0.0007846790873570819,T
2025-04-15,T2506.CFX,40,0.1769168043401103,21,0.3055555555555556,-0.005230763758632679,T
2025-04-16,T2506.CFX,40,0.25531542418490394,26,0.7837837837837838,0.0034567760172542206,T
2025-04-17,T2506.CFX,40,0.14049237606824255,26,0.0,-0.017869079647912976,T
2025-04-18,T2506.CFX,40,0.19147461759650522,26,0.46153846153846156,0.00029496600404776974,T
2025-04-21,T2506.CFX,40,0.11798903547251001,26,0.0,-0.018169634432359937,T
2025-04-22,T2506.CFX,40,0.1982226757671866,17,0.5609756097560976,-0.013668883743116722,T
2025-04-23,T2506.CFX,40,0.2207386976562765,25,0.6904761904761905,0.016724070134674928,T
2025-04-24,T2506.CFX,40,0.16808399761560106,26,0.20930232558139536,0.005596842222195819,T
2025-04-25,T2506.CFX,40,0.3012050450229921,28,0.9545454545454546,0.03362933409493786,T
2025-04-28,T2506.CFX,40,0.18273572245692363,24,0.3333333333333333,0.004949244074618964,T
2025-04-29,T2506.CFX,40,0.15122173424820118,22,0.10869565217391304,-0.012438220197482808,T
2025-04-30,T2506.CFX,40,0.2331121104460036,23,0.723404255319149,-0.0019927085113985777,T
2025-05-06,T2506.CFX,40,0.20501879358786024,21,0.6041666666666666,-0.01419961148811837,T
2025-05-07,T2506.CFX,40,0.16208299774046736,36,0.20408163265306123,0.0012491609906746582,T
2025-05-08,T2506.CFX,40,0.11938173874751015,25,0.02,-0.013470910370691836,T
2025-05-09,T2506.CFX,40,0.17801991804055284,23,0.35294117647058826,-0.019582143965125164,T
2025-05-12,T2506.CFX,40,0.5302971896298068,47,1.0,0.06664937123839784,T
2025-05-13,T2506.CFX,40,0.12331514210640637,32,0.03773584905660377,0.033337973961417466,T
2025-05-14,T2506.CFX,40,0.12092625920889885,29,0.037037037037037035,-0.005161573501136907,T
2025-05-15,T2506.CFX,40,0.1007995795070497,24,0.0,-0.05638116074879142,T
2025-05-16,T2506.CFX,40,0.19500813099414374,26,0.5357142857142857,-0.06930936798706828,T
2025-05-19,T2506.CFX,40,0.11395642350478219,25,0.017543859649122806,0.0055364434581996495,T
2025-05-20,T2506.CFX,40,0.21974518516244404,19,0.7068965517241379,0.021079469590482285,T
2025-05-21,T2509.CFX,41,,15,,,T
2025-05-22,T2509.CFX,41,0.1954441573700616,27,,,T
2025-05-23,T2509.CFX,41,0.2158839421464079,25,,,T
2025-05-26,T2509.CFX,41,0.18686533008090425,21,,,T
2025-05-27,T2509.CFX,41,0.16401116443158065,24,,,T
2025-05-28,T2509.CFX,41,0.23928664498684435,20,,0.003581219751873821,T
2025-05-29,T2509.CFX,41,0.24202041421455728,29,,0.010469425904223884,T
2025-05-30,T2509.CFX,41,0.16765816698701216,26,,0.003959492359519245,T
2025-06-03,T2509.CFX,41,0.15572157506279224,17,,-0.0088207656737409,T
2025-06-04,T2509.CFX,41,0.26638540651372206,22,,-0.003210131609800959,T
2025-06-05,T2509.CFX,41,0.2220700696345209,27,,0.005882655036663709,T
2025-06-06,T2509.CFX,41,0.14929471760117796,21,,0.0029621595800060295,T
2025-06-09,T2509.CFX,41,0.1948136800569003,25,,-0.003890647892432797,T
2025-06-10,T2509.CFX,41,0.1408392360208453,19,,-0.027834873056337417,T
2025-06-11,T2509.CFX,41,0.18722079393654717,19,,-0.007815403297628004,T
2025-06-12,T2509.CFX,41,0.20433170126822361,20,,0.010248108121373816,T
2025-06-13,T2509.CFX,41,0.2621369065603726,25,,0.019813891825432285,T
2025-06-16,T2509.CFX,41,0.17509875032348637,20,,0.014343514122910756,T
2025-06-17,T2509.CFX,41,0.13542644759252445,28,,-0.013282164363278271,T
2025-06-18,T2509.CFX,41,0.1966833243528401,19,,-0.014200721279861512,T
2025-06-19,T2509.CFX,41,0.1786972030171343,19,,-0.014529483305712293,T
2025-06-20,T2509.CFX,41,0.20095917234326052,20,0.65,0.009499159946415819,T
2025-06-23,T2509.CFX,41,0.1889019172070901,20,0.47619047619047616,0.01112267872195517,T
2025-06-24,T2509.CFX,41,0.1884704875333296,21,0.45454545454545453,-0.00062209594490652,T
2025-06-25,T2509.CFX,41,0.25898083220469803,30,0.9130434782608695,0.01480785735651966,T
2025-06-26,T2509.CFX,41,0.16332027735092808,21,0.16666666666666666,-0.0005198874987056956,T
2025-06-27,T2509.CFX,41,0.19067600613542318,28,0.52,-0.0021602032325735375,T
2025-06-30,T2509.CFX,41,0.1557832792020158,31,0.15384615384615385,-0.013367924273190251,T
2025-07-01,T2509.CFX,41,0.18679415841736513,25,0.37037037037037035,-0.01519103457235782,T
2025-07-02,T2509.CFX,41,0.11923144160642037,24,0.0,-0.009205951920707353,T
2025-07-03,T2509.CFX,41,0.29110850029434326,26,1.0,0.016431315072224468,T
2025-07-04,T2509.CFX,41,0.20012764111049136,25,0.6666666666666666,0.01930030656939293,T
2025-07-07,T2509.CFX,41,0.18267138846040157,19,0.3548387096774194,0.007265065959014388,T
2025-07-08,T2509.CFX,41,0.20183717784687882,25,0.71875,0.0056774360646975166,T
2025-07-09,T2509.CFX,41,0.2753197708429932,24,0.9696969696969697,-0.002986792216631273,T
2025-07-10,T2509.CFX,41,0.26881126341388484,32,0.9411764705882353,0.023001562698937862,T
2025-07-11,T2509.CFX,41,0.16077970188220167,37,0.17142857142857143,0.0023190712410606274,T
2025-07-14,T2509.CFX,41,0.19355198337763033,28,0.5277777777777778,-0.01311104578992885,T
2025-07-15,T2509.CFX,41,0.232273317337976,27,0.7837837837837838,-0.01613521870462889,T
2025-07-16,T2509.CFX,41,0.17664043349235753,20,0.2894736842105263,-0.011284804438728036,T
2025-07-17,T2509.CFX,41,0.19829526011597204,19,0.6153846153846154,0.005811956658226797,T
2025-07-18,T2509.CFX,41,0.21942755136679648,21,0.75,0.001777307875632833,T
2025-07-21,T2509.CFX,41,0.18484000280730734,35,0.34146341463414637,-0.0052079511186898355,T
2025-07-22,T2509.CFX,41,0.19782322667409014,30,0.5952380952380952,0.0028910329054800455,T
2025-07-23,T2509.CFX,41,0.22739947905846164,46,0.7906976744186046,0.003660411319227286,T
2025-07-24,T2509.CFX,41,0.23509109257504884,37,0.8181818181818182,0.007388655866765898,T
2025-07-25,T2509.CFX,41,0.22321536745000586,39,0.7555555555555555,0.011401859518635576,T
2025-07-28,T2509.CFX,41,0.2005804362930581,32,0.6086956521739131,0.00013303076294801097,T
2025-07-29,T2509.CFX,41,0.18604437618449088,31,0.3191489361702128,-0.01172208620299322,T
2025-07-30,T2509.CFX,41,0.17511486549990107,35,0.22916666666666666,-0.015712344541581047,T
2025-07-31,T2509.CFX,41,0.12601407645241405,28,0.02040816326530612,-0.021986815278834067,T
2025-08-01,T2509.CFX,41,0.20707911293751585,26,0.7,-0.004703294644316136,T
2025-08-04,T2509.CFX,41,0.20046041756741192,31,0.6078431372549019,0.006079633020345687,T
2025-08-05,T2509.CFX,41,0.19211484438896803,29,0.46153846153846156,0.010844629889313184,T
2025-08-06,T2509.CFX,41,0.14989473943312923,26,0.09433962264150944,0.0032797057412882525,T
2025-08-07,T2509.CFX,41,0.18823437006929056,23,0.4074074074074074,-0.008825516387073329,T
2025-08-08,T2509.CFX,41,0.17316357263406817,24,0.21818181818181817,-0.005847416418636497,T
2025-08-11,T2509.CFX,41,0.19377245662905393,31,0.5178571428571429,0.0026584057681110717,T
2025-08-12,T2509.CFX,41,0.17747635730834374,31,0.2807017543859649,0.006070132231019237,T
2025-08-13,T2509.CFX,41,0.18614694742358262,31,0.3620689655172414,1.3793938285977524e-05,T
2025-08-14,T2509.CFX,41,0.2303087230453879,40,0.8305084745762712,0.010666479161716813,T
2025-08-15,T2509.CFX,41,0.14252173225834347,27,0.06666666666666667,-0.004966908300437672,T
2025-08-18,T2509.CFX,41,0.1885131192021611,37,0.4666666666666667,-0.0021551691377604486,T
2025-08-19,T2509.CFX,41,0.13003609473025407,38,0.03333333333333333,-0.0154017309229884,T
2025-08-20,T2509.CFX,41,0.1965554385160138,33,0.5833333333333334,-0.00799922065868377,T
2025-08-21,T2509.CFX,41,0.14502916617859912,25,0.1,0.0013057187154363991,T
2025-08-22,T2509.CFX,41,0.11684797957612503,15,0.0,-0.012833720780372709,T
2025-08-25,T2512.CFX,42,0.17781431486175472,26,,,T
2025-08-26,T2512.CFX,42,0.21451739898844696,33,,,T
2025-08-27,T2512.CFX,42,0.23586092754427135,33,,,T
2025-08-28,T2512.CFX,42,0.16672617629744418,28,,,T
2025-08-29,T2512.CFX,42,0.18773437478137317,25,,-0.0027951102851765885,T
2025-09-01,T2512.CFX,42,0.15667152238283338,29,,-0.016381830597412533,T
2025-09-02,T2512.CFX,42,0.1508245982381687,20,,-0.018012731252681602,T
2025-09-03,T2512.CFX,42,0.17503745989015543,30,,-0.0020287209357782,T
2025-09-04,T2512.CFX,42,0.19269910347767566,29,,0.002829539489992705,T
2025-09-05,T2512.CFX,42,0.16607530403531406,31,,0.006068206854446828,T
2025-09-08,T2512.CFX,42,0.22246612599204568,27,,0.013432089965291254,T
2025-09-09,T2512.CFX,42,0.1586061879514392,24,,-0.0003095521363062459,T
2025-09-10,T2512.CFX,42,0.2305565498666431,33,,0.006824577669405996,T
2025-09-11,T2512.CFX,42,0.21257304081328154,43,,0.010108589743053242,T
2025-09-12,T2512.CFX,42,0.16115858682681516,35,,-0.0068648225468618705,T
2025-09-15,T2512.CFX,42,0.1744533287197193,32,,-0.003770368150326775,T
2025-09-16,T2512.CFX,42,0.3107319955218116,47,,0.012223117921677473,T
2025-09-17,T2512.CFX,42,0.21841874919036997,35,,0.016126482544917324,T
2025-09-18,T2512.CFX,42,0.20139258729587944,32,,0.012443342140877922,T
2025-09-19,T2512.CFX,42,0.332132275191077,48,,0.020601848471678334,T
2025-09-22,T2512.CFX,42,0.1347395569372333,27,0.0,-0.02382713511684495,T
2025-09-23,T2512.CFX,42,0.22804502227927448,37,0.8095238095238095,-0.00474004841808372,T
2025-09-24,T2512.CFX,42,0.19227688276580418,31,0.5,-0.012231866197195306,T
2025-09-25,T2512.CFX,42,0.2867829357815306,45,0.9130434782608695,-0.003316135299052192,T
2025-09-26,T2512.CFX,42,0.14243847522084357,28,0.041666666666666664,0.007413575006947665,T
2025-09-29,T2512.CFX,42,0.18702893129399245,29,0.44,-0.013187058951552455,T
2025-09-30,T2512.CFX,42,0.2504261306886201,31,0.8846153846153846,0.001654449135809366,T
2025-10-09,T2512.CFX,42,0.18872795801536907,25,0.48148148148148145,-0.008812230006454657,T
2025-10-10,T2512.CFX,42,0.21227645553383998,23,0.6071428571428571,0.014137498734736942,T
2025-10-13,T2512.CFX,42,0.176379709414615,30,0.3448275862068966,-0.005944811891353497,T
2025-10-14,T2512.CFX,42,0.38713334005669586,42,1.0,0.026106617013539744,T
2025-10-15,T2512.CFX,42,0.18419176022498004,31,0.3870967741935484,0.01657844889420778,T
2025-10-16,T2512.CFX,42,0.12390497922007401,21,0.0,-0.01689309018171668,T
2025-10-17,T2512.CFX,42,0.17507028752689857,26,0.3333333333333333,-0.02658472046120547,T
2025-10-20,T2512.CFX,42,0.13399131081551613,26,0.029411764705882353,-0.0515405531180441,T
2025-10-21,T2512.CFX,42,0.20249152955202804,26,0.6285714285714286,0.004668587024953813,T
2025-10-22,T2512.CFX,42,0.1593914545224623,23,0.19444444444444445,0.009839419262990607,T
2025-10-23,T2512.CFX,42,0.1568391321339853,26,0.16216216216216217,-0.0011062167078880359,T
2025-10-24,T2512.CFX,42,0.1762637267288109,23,0.39473684210526316,0.003889243440854684,T
2025-10-27,T2512.CFX,42,0.1897562658886819,26,0.5641025641025641,-0.0008598255120343623,T
2025-10-28,T2512.CFX,42,0.16553324802881397,25,0.25,0.004520072076739989,T
2025-10-29,T2512.CFX,42,0.19063076583929028,31,0.5853658536585366,0.005685278871061306,T
2025-10-30,T2512.CFX,42,0.17559255655027312,24,0.38095238095238093,-4.678404064671904e-05,T
2025-10-31,T2512.CFX,42,0.17635527138353835,22,0.4186046511627907,-0.0016742680488828043,T
2025-11-03,T2512.CFX,42,0.21915189509615102,23,0.7954545454545454,0.009296179967892216,T
2025-11-04,T2512.CFX,42,0.15565706482386366,23,0.1111111111111111,-0.002638806348497541,T
2025-11-05,T2512.CFX,42,0.16291531958353192,19,0.2391304347826087,-0.004605268049315709,T
2025-11-06,T2512.CFX,42,0.20954299583626862,22,0.7021276595744681,0.0010138873392841364,T
2025-11-07,T2512.CFX,42,0.1931234368737221,19,0.6458333333333334,0.00018290145675471382,T
2025-11-10,T2512.CFX,42,0.2093625301043553,20,0.6938775510204082,0.013761904785117351,T
2025-11-11,T2512.CFX,42,0.190967349847197,18,0.58,0.0055923594795416805,T
2025-11-12,T2512.CFX,42,0.23905023250576735,19,0.9019607843137255,0.005685838631247231,T
2025-11-13,T2512.CFX,42,0.13652907928054508,24,0.057692307692307696,-0.008350101278494199,T
2025-11-14,T2512.CFX,42,0.1561956043968708,22,0.1320754716981132,-0.016077212198162088,T
2025-11-17,T2512.CFX,42,0.15912707296284664,21,0.2037037037037037,-0.014653518187759718,T
2025-11-18,T2512.CFX,42,0.15596982648804397,22,0.12727272727272726,-0.01435628183531451,T
2025-11-19,T2512.CFX,42,0.14635338906747639,22,0.08928571428571429,0.0019422841665035773,T
2025-11-20,T2512.CFX,42,0.16005215507274903,28,0.2631578947368421,-0.00050605825436138,T
2025-11-21,T2512.CFX,42,0.14009928570859803,35,0.06896551724137931,-0.003397324592379214,T
2025-11-24,T2512.CFX,42,0.14465244845285413,27,0.1016949152542373,-0.0028888859429258063,T
2025-11-25,T2512.CFX,42,0.21368680434835458,21,0.7833333333333333,0.011926712394186152,T
2025-11-26,T2603.CFX,43,0.2854275461684428,28,,,T
2025-11-27,T2603.CFX,43,0.14831424908021343,28,,,T
2025-11-28,T2603.CFX,43,0.1460360025063203,23,,,T
2025-12-01,T2603.CFX,43,0.19831337761304285,30,,,T
2025-12-02,T2603.CFX,43,0.16924363702751297,28,,-0.018236868974903026,T
2025-12-03,T2603.CFX,43,0.19456086056728938,29,,0.011570085749534465,T
2025-12-04,T2603.CFX,43,0.252375111517754,54,,0.020892570097711394,T
2025-12-05,T2603.CFX,43,0.2106253267609411,38,,0.010775537278603748,T
2025-12-08,T2603.CFX,43,0.2610340919306133,36,,0.01996453759998524,T
2025-12-09,T2603.CFX,43,0.12146668991186027,28,,-0.013752936089799888,T
2025-12-10,T2603.CFX,43,0.2684011759245374,26,,-0.005710650803551409,T
2025-12-11,T2603.CFX,43,0.17238834414541337,27,,-0.0069106881237131264,T
2025-12-12,T2603.CFX,43,0.17037587529818046,36,,-0.013039477903131253,T
2025-12-15,T2603.CFX,43,0.21224109908792524,38,,0.008352351772577298,T
2025-12-16,T2603.CFX,43,0.14481787741510516,28,,-0.02073138420763526,T
2025-12-17,T2603.CFX,43,0.21702878975768902,27,,0.006372289334147602,T
2025-12-18,T2603.CFX,43,0.1304191170021664,28,,-0.007512582592226436,T
2025-12-19,T2603.CFX,43,0.19592155434569286,20,,-0.00470378498974035,T
2025-12-22,T2603.CFX,43,0.1793370610838065,32,,0.004793113192540654,T
2025-12-23,T2603.CFX,43,0.20295240999624858,36,,0.0020765184558759198,T
2025-12-24,T2603.CFX,43,0.10823492697709906,26,0.0,-0.0037337524399578964,T
2025-12-25,T2603.CFX,43,0.18107726885723688,20,0.47619047619047616,-0.010079070508361942,T
2025-12-26,T2603.CFX,43,0.16602473588636202,25,0.2727272727272727,-0.004849979153390071,T
2025-12-29,T2603.CFX,43,0.13381536055372198,44,0.13043478260869565,-0.008048428997579021,T
2025-12-30,T2603.CFX,43,0.20207220806576517,27,0.6666666666666666,0.014041265387381735,T
2025-12-31,T2603.CFX,43,0.13322095515150906,34,0.12,-0.00596651552320524,T
2026-01-05,T2603.CFX,43,0.1177455005394941,30,0.038461538461538464,-0.009715287609594878,T
2026-01-06,T2603.CFX,43,0.2542810154339294,31,0.8888888888888888,0.01566046022341438,T
2026-01-07,T2603.CFX,43,0.20581112706305676,32,0.7142857142857143,0.012853789827700352,T
2026-01-08,T2603.CFX,43,0.18863570545194633,27,0.5172413793103449,0.01988951271244372,T
2026-01-09,T2603.CFX,43,0.14489907535901586,27,0.23333333333333334,-0.0011338160342939552,T
2026-01-12,T2603.CFX,43,0.20256610573940667,24,0.6774193548387096,-0.016434187109308645,T
2026-01-13,T2603.CFX,43,0.19817906419254555,20,0.59375,-0.00013337254535620291,T
2026-01-14,T2603.CFX,43,0.27565315525997264,28,0.9696969696969697,0.02273148884495823,T
2026-01-15,T2603.CFX,43,0.3416492843852214,31,1.0,0.046658746757297705,T
2026-01-16,T2603.CFX,43,0.12608062079656512,26,0.08571428571428572,-0.0009500749693007237,T
2026-01-19,T2603.CFX,43,0.2007441176669113,19,0.6111111111111112,-0.014444242751467606,T
2026-01-20,T2603.CFX,43,0.177520673174681,23,0.40540540540540543,-0.033717013088889324,T
2026-01-21,T2603.CFX,43,0.1825515760228103,27,0.47368421052631576,-0.026675536434670633,T
2026-01-22,T2603.CFX,43,0.14834623026568433,17,0.28205128205128205,0.0026338677294137415,T
2026-01-23,T2603.CFX,43,0.18928629429589952,24,0.525,-0.0052090089651020246,T
2026-01-26,T2603.CFX,43,0.1926836889950946,22,0.5365853658536586,0.0037060749913916447,T
2026-01-27,T2603.CFX,43,0.2334934524809195,21,0.8333333333333334,0.014622121164562869,T
2026-01-28,T2603.CFX,43,0.17781461840858834,20,0.3953488372093023,0.010314393447082798,T
2026-01-29,T2603.CFX,43,0.20930523624505487,31,0.75,0.0025168813311804428,T
2026-01-30,T2603.CFX,43,0.16659831729015978,25,0.28888888888888886,-0.00763589596457343,T
2026-02-02,T2603.CFX,43,0.14654814937718125,29,0.21739130434782608,-0.018510690732590502,T
2026-02-03,T2603.CFX,43,0.1507254115990054,27,0.2765957446808511,-0.01169355004870395,T
2026-02-04,T2603.CFX,43,0.1380569248174,25,0.14583333333333334,-0.015836952854646414,T
2026-02-05,T2603.CFX,43,0.25205727931801614,30,0.8571428571428571,0.01624266994959315,T
2026-02-06,T2603.CFX,43,0.1495807969348879,30,0.28,0.010739716283442401,T
2026-02-09,T2603.CFX,43,0.1276033630691387,30,0.0784313725490196,-0.0034720224942245527,T
2026-02-10,T2603.CFX,43,0.14868183827210996,24,0.28846153846153844,-0.010320408933945757,T
2026-02-11,T2603.CFX,43,0.11282467618744667,35,0.018867924528301886,-0.02793641649239168,T
2026-02-12,T2603.CFX,43,0.15262033660250052,27,0.35185185185185186,-0.0008699607546466759,T
2026-02-13,T2603.CFX,43,0.1874493061530261,42,0.5454545454545454,0.012363038449816538,T
2026-02-24,T2603.CFX,43,0.20643667015645945,42,0.7678571428571429,0.01901342937342784,T
2026-02-25,T2603.CFX,43,0.14929572532406002,29,0.2982456140350877,0.01267584318271856,T
2026-02-26,T2606.CFX,44,0.21414509906343165,21,,,T
2026-02-27,T2606.CFX,44,0.2117663375162417,24,,,T
2026-03-02,T2606.CFX,44,0.12089327448333007,26,,,T
2026-03-03,T2606.CFX,44,0.24560548344392047,20,,,T
2026-03-04,T2606.CFX,44,0.17637799258399228,22,,-0.004169506703119991,T
2026-03-05,T2606.CFX,44,0.24009258011558435,20,,0.011213720329934751,T
2026-03-06,T2606.CFX,44,0.17410117416976573,19,,0.01009028960445352,T
2026-03-09,T2606.CFX,44,0.16521615822228503,41,,-0.016305546885749738,T
2026-03-10,T2606.CFX,44,0.13131821609797875,31,,-0.016499597486532635,T
2026-03-11,T2606.CFX,44,0.15603875010687593,20,,-0.021089061808920378,T
2026-03-12,T2606.CFX,44,0.2177317349567151,25,,0.007808371345848974,T
2026-03-13,T2606.CFX,44,0.17784035826213657,23,,0.01116619189384394,T
2026-03-16,T2606.CFX,44,0.1327226797822597,32,,0.0024610535523822584,T
2026-03-17,T2606.CFX,44,0.15256014925034275,18,,-0.009196625688752175,T
2026-03-18,T2606.CFX,44,0.1894551663363175,23,,-0.008183334625258892,T
2026-03-19,T2606.CFX,44,0.17849098567509974,27,,0.005803374137998418,T
2026-03-20,T2606.CFX,44,0.22005539120781953,26,,0.02005962592758766,T
2026-03-23,T2606.CFX,44,0.19765817751492737,37,,0.012079628140067128,T
2026-03-24,T2606.CFX,44,0.17981491940324953,25,,-1.133020263083262e-05,T
2026-03-25,T2606.CFX,44,0.152203530920368,18,,-0.009281538131403338,T
2026-03-26,T2606.CFX,44,0.1859282478319969,21,0.6,-0.011370893334620468,T
2026-03-27,T2606.CFX,44,0.21468539454670443,20,0.8095238095238095,0.0040167762492301475,T
2026-03-30,T2606.CFX,44,0.1465675926259163,27,0.13636363636363635,-0.00040127899283300963,T
2026-03-31,T2606.CFX,44,0.17314199490032364,27,0.34782608695652173,0.0002516272753830651,T
2026-04-01,T2606.CFX,44,0.1930244847537661,33,0.6666666666666666,-0.0027350925802842375,T
2026-04-02,T2606.CFX,44,0.20315800015357102,30,0.72,0.002340210334158305,T
2026-04-03,T2606.CFX,44,0.2177609901615274,28,0.8846153846153846,0.01724028003244695,T
2026-04-07,T2606.CFX,44,0.22462715172950737,24,0.9259259259259259,0.012770681906612869,T
2026-04-08,T2606.CFX,44,0.1526725819543045,25,0.21428571428571427,-0.005923465402298683,T
2026-04-09,T2606.CFX,44,0.2358327764512472,34,0.9310344827586207,2.6114438812951946e-05,T
2026-04-10,T2606.CFX,44,0.16435565669569263,32,0.26666666666666666,-0.009560504220992961,T
2026-04-13,T2606.CFX,44,0.11289527268302883,30,0.0,-0.0211780683351569,T
2026-04-14,T2606.CFX,44,0.19177674162990135,47,0.59375,-0.004472918441702467,T
2026-04-15,T2606.CFX,44,0.17815578405268798,30,0.45454545454545453,-0.00879328998629097,T
2026-04-16,T2606.CFX,44,0.20715155888808295,29,0.7058823529411765,0.01508523157544398,T
2026-04-17,T2606.CFX,44,0.23923509624804037,29,0.9428571428571428,0.02680544643882047,T
2026-04-20,T2606.CFX,44,0.13259064042727986,25,0.08333333333333333,-0.005729289020989059,T
2026-04-21,T2606.CFX,44,0.17522590415111924,27,0.3783783783783784,-0.008042067826394056,T
2026-04-22,T2606.CFX,44,0.17661869916333076,28,0.42105263157894735,-0.012507491154642553,T
2026-04-23,T2606.CFX,44,0.16500599808801064,27,0.28205128205128205,-0.010443013758400866,T
2026-04-24,T2606.CFX,44,0.14317009733322875,28,0.125,0.0010939007748789142,T
2026-04-27,T2606.CFX,44,0.31425191385401224,36,1.0,0.024460341757568393,T
2026-04-28,T2606.CFX,44,0.12866511475897,29,0.047619047619047616,0.005333874695728003,T
2026-04-29,T2606.CFX,44,0.16949498933556942,23,0.3488372093023256,-0.0005527000079141142,T
2026-04-30,T2606.CFX,44,0.1260869129046987,25,0.045454545454545456,-0.017892329337550295,T
2026-05-06,T2606.CFX,44,0.15496806296427207,34,0.26666666666666666,-0.032114590363375176,T
2026-05-07,T2606.CFX,44,0.13769020564244935,27,0.15217391304347827,0.00035232553956613397,T
2026-05-08,T2606.CFX,44,0.14730538092904275,31,0.2127659574468085,-0.0032775924075302667,T
2026-05-11,T2606.CFX,44,0.14052290688772356,33,0.16666666666666666,0.0021209305930820375,T
2026-05-12,T2606.CFX,44,0.13643770643724892,31,0.14285714285714285,-0.003422801180877211,T
2026-05-13,T2606.CFX,44,0.11142290995206236,27,0.0,-0.006340226587256775,T
2026-05-14,T2606.CFX,44,0.16567863052991644,31,0.43137254901960786,0.0007646502266086208,T
2026-05-15,T2606.CFX,44,0.20603286177058844,35,0.75,0.016026083385839725,T
2026-05-18,T2606.CFX,44,0.18473126236738502,41,0.6226415094339622,0.01911970636787983,T
2026-05-19,T2606.CFX,44,0.2357761998634457,38,0.9074074074074074,0.026775921166023526,T
2026-05-20,T2606.CFX,44,0.18737176731197097,33,0.6363636363636364,0.00731296116569663,T
2026-05-21,T2606.CFX,44,0.15474424785249136,38,0.30357142857142855,-0.00999367228916082,T
2026-05-22,T2606.CFX,44,0.16528388104736258,45,0.40350877192982454,-0.011992671465099919,T
2026-05-25,T2606.CFX,44,0.21642129558798243,46,0.8275862068965517,-0.006079769481553493,T
2026-05-26,T2606.CFX,44,0.17700353949257577,28,0.5254237288135594,0.00409405920967007,T
2026-05-27,T2606.CFX,44,0.17762381002097355,18,0.5333333333333333,0.005747878278217755,T
2026-05-28,T2609.CFX,45,,18,,,T
2026-05-29,T2609.CFX,45,0.18647923828279875,27,,,T
2026-06-01,T2609.CFX,45,0.168487457346641,23,,,T
2026-06-02,T2609.CFX,45,0.17629906285459512,22,,,T
2026-06-03,T2609.CFX,45,0.24150678740459158,24,,,T
2026-06-04,T2609.CFX,45,0.18147239103663254,25,,0.006300563556561817,T
2026-06-05,T2609.CFX,45,0.22720288557372287,27,,0.01226041846362011,T
2026-06-08,T2609.CFX,45,0.2391109925471359,36,,0.011131995755421276,T
2026-06-09,T2609.CFX,45,0.12796376631760936,24,,-0.016944744066346117,T
2026-06-10,T2609.CFX,45,0.19712796219559925,29,,-0.006792797693818004,T
2026-06-11,T2609.CFX,45,0.214117678781342,28,,-0.006815344393629835,T
2026-06-12,T2609.CFX,45,0.2262793966195702,27,,0.006049072060860128,T
2026-06-15,T2609.CFX,45,0.15807440759117067,22,,0.008937271697109356,T
2026-06-16,T2609.CFX,45,0.1688322277576424,27,,-0.01126347400660851,T
2026-06-17,T2609.CFX,45,0.16796589522548558,21,,-0.01497507359736407,T
2026-06-18,T2609.CFX,45,0.11526909461037657,17,,-0.021212911638407234,T
2026-06-22,T2609.CFX,45,0.21256707892029839,23,,0.005542220951098959,T
2026-06-23,T2609.CFX,45,0.14847429116750294,21,,0.0003885310514533891,T
2026-06-24,T2609.CFX,45,0.20386569737714857,20,,0.010500480086045238,T
2026-06-25,T2609.CFX,45,0.20185567758706163,24,,0.016447178441022028,T
2026-06-26,T2609.CFX,45,0.1548310092236707,19,,-0.006209075297369665,T
2026-06-29,T2609.CFX,45,0.16815945174939775,22,0.3,-0.00096643669896882,T
2026-06-30,T2609.CFX,45,0.130965373169749,24,0.09523809523809523,-0.01794968742524631,T
2026-07-01,T2609.CFX,45,0.15579323340877643,34,0.22727272727272727,-0.011599052441049218,T
2026-07-02,T2609.CFX,45,0.18067385421833365,21,0.5217391304347826,0.003931947164870458,T
2026-07-03,T2609.CFX,45,0.19761245405997702,18,0.6666666666666666,0.01086144856697432,T
2026-07-06,T2609.CFX,45,0.17058267028178478,18,0.44,0.012105381487527217,T
2026-07-07,T2609.CFX,45,0.17642028081864994,16,0.5,0.003116291088319817,T
2026-07-08,T2609.CFX,45,0.2116670235054261,27,0.7777777777777778,0.004079416533285784,T
2026-07-09,T2609.CFX,45,0.22693698811710825,18,0.8928571428571429,0.009973342133790381,T
2026-07-10,T2609.CFX,45,0.19199052727760277,18,0.5862068965517241,0.009333242129009428,T
2026-07-13,T2609.CFX,45,0.14965601160441533,18,0.13333333333333333,-0.007320503465629247,T
2026-07-14,T2609.CFX,45,0.19477436900112777,24,0.6129032258064516,-0.011106628552128961,T
2026-07-15,T2609.CFX,45,0.16475305367162793,14,0.25,-0.01215840271674356,T
2026-07-16,T2609.CFX,45,0.24681950955926615,22,1.0,0.012475500663053946,T
2026-07-17,T2609.CFX,45,0.128443764808937,21,0.058823529411764705,0.0009620646967181707,T
2026-07-20,T2609.CFX,45,0.20831997701877417,19,0.7428571428571429,-0.0009218072827398172,T
2026-07-21,T2609.CFX,45,0.17153508435203715,16,0.4166666666666667,-0.0024935471179673594,T
2026-07-22,T2609.CFX,45,0.2363333239351928,27,0.918918918918919,0.002211894829495342,T
2026-07-23,T2609.CFX,45,0.12570701345418897,32,0.02631578947368421,0.002253984420692262,T
2026-07-24,T2609.CFX,45,0.28185225758965415,22,1.0,0.010123649024391179,T
2026-07-27,T2609.CFX,45,0.14976450602802674,20,0.175,0.00019777770064405842,T
2026-07-28,T2609.CFX,45,0.16378589122394163,19,0.2682926829268293,-0.012103737284866462,T
2026-07-29,T2609.CFX,45,0.1410850314629607,22,0.11904761904761904,-0.008731033034816904,T
2026-07-30,T2609.CFX,45,0.339077930014165,28,1.0,0.010577187028395562,T
2026-07-31,T2609.CFX,45,0.182881370299448,24,0.5454545454545454,0.024152576733306584,T
2026-08-03,T2609.CFX,45,0.20057309916461669,26,0.6666666666666666,0.011537075471783741,T
2026-08-04,T2609.CFX,45,0.14537707691752685,24,0.13043478260869565,-0.012992073994041597,T
2026-08-05,T2609.CFX,45,0.22972538519748203,21,0.8723404255319149,-0.025620938301528708,T
2026-08-06,T2609.CFX,45,0.13912793623402592,21,0.10416666666666667,-0.005835458209797889,T
2026-08-07,T2609.CFX,45,0.14010551327470394,19,0.12244897959183673,-0.012718431246332646,T
2026-08-10,T2609.CFX,45,0.13166559793170468,23,0.1,-0.011704282989442243,T
2026-08-11,T2609.CFX,45,0.1448766699531843,23,0.17647058823529413,-0.017715976879091676,T
2026-08-12,T2609.CFX,45,0.21338876093326492,20,0.7884615384615384,0.015329280607695839,T
2026-08-13,T2609.CFX,45,0.15899708849847932,21,0.32075471698113206,0.0119506313449111,T
2026-08-14,T2609.CFX,45,0.17128455190691794,24,0.46296296296296297,0.009335832649572157,T
2026-08-17,T2609.CFX,45,0.19493070879083538,25,0.6363636363636364,0.005800386864895518,T
2026-08-18,T2609.CFX,45,0.1280972513792102,28,0.05357142857142857,-0.013464939881575344,T
2026-08-19,T2609.CFX,45,0.16113506744247802,32,0.3333333333333333,-0.0038911342639710357,T
2026-08-20,T2609.CFX,45,0.19478616897658668,42,0.6379310344827587,0.0013207592790980105,T
2026-08-21,T2609.CFX,45,0.21213551574745143,51,0.7796610169491526,0.01010985315106086,T
2026-08-24,T2609.CFX,45,0.15920205271510246,38,0.31666666666666665,0.011321005097675797,T
2026-08-25,T2609.CFX,45,0.1467543992845189,22,0.2,-0.006434545257740254,T
2026-08-26,T2609.CFX,45,0.14463378894429416,15,0.16666666666666666,-0.016568587652751765,T
2026-08-27,T2612.CFX,46,0.1992804636046525,22,,,T
2026-08-28,T2612.CFX,46,0.2331559631968846,22,,,T
2026-08-31,T2612.CFX,46,0.165387937999559,20,,,T
2026-09-01,T2612.CFX,46,0.18058694335705525,19,,,T
2026-09-02,T2612.CFX,46,0.18324606843636987,20,,-0.00846378101763946,T
2026-09-03,T2612.CFX,46,0.18468662039807776,24,,-0.007908055516080287,T
2026-09-04,T2612.CFX,46,0.15405664047361908,21,,-0.0018562918010857298,T
2026-09-07,T2612.CFX,46,0.23255091879741147,19,,0.007473852291796168,T
2026-09-08,T2612.CFX,46,0.1795491320963484,16,,0.004047042571929072,T
2026-09-09,T2612.CFX,46,0.1944908889261342,17,,0.0045101028678842135,T
2026-09-10,T2612.CFX,46,0.21139559482335418,18,,0.007661787882819293,T
2026-09-11,T2612.CFX,46,0.25357140345005347,21,,0.007388743203228981,T
2026-09-14,T2612.CFX,46,0.16006952027923949,25,,0.002012129088970138,T
2026-09-15,T2612.CFX,46,0.1986902744200032,16,,-0.004292730355637664,T
2026-09-16,T2612.CFX,46,0.17557748412172253,16,,-0.012651735043331358,T
2026-09-17,T2612.CFX,46,0.18416276183772545,15,,-0.012330931938217299,T
2026-09-18,T2612.CFX,46,0.18752017528368986,18,,0.0040373797426623,T
2026-09-21,T2612.CFX,46,0.15968694090276853,20,,-0.006606397587250207,T
2026-09-22,T2612.CFX,46,0.18005842520579268,22,,-0.001551393876681656,T
2026-09-23,T2612.CFX,46,0.191655368957438,17,,0.0007523464161527993,T
2026-09-24,T2612.CFX,46,0.18923265152959032,17,0.6,0.0035393380546470455,T
2026-09-28,T2612.CFX,46,0.2016124754308511,19,0.8095238095238095,0.009302529537996273,T
2026-09-29,T2612.CFX,46,0.24037348372019712,20,0.9545454545454546,0.013058722350222202,T
2026-09-30,T2612.CFX,46,0.16193963183654142,43,0.13043478260869565,-0.0008290642051186403,T
2023-04-24,TL2306.CFX,1,,0,,,TL
2023-04-25,TL2306.CFX,1,,0,,,TL
2023-04-26,TL2306.CFX,1,,0,,,TL
2023-04-27,TL2306.CFX,1,,0,,,TL
2023-04-28,TL2306.CFX,1,,0,,,TL
2023-05-04,TL2306.CFX,1,,0,,,TL
2023-05-05,TL2306.CFX,1,,0,,,TL
2023-05-08,TL2306.CFX,1,,0,,,TL
2023-05-09,TL2306.CFX,1,,0,,,TL
2023-05-10,TL2306.CFX,1,,0,,,TL
2023-05-11,TL2306.CFX,1,,0,,,TL
2023-05-12,TL2306.CFX,1,,0,,,TL
2023-05-15,TL2306.CFX,1,,0,,,TL
2023-05-16,TL2306.CFX,1,,0,,,TL
2023-05-17,TL2306.CFX,1,,0,,,TL
2023-05-18,TL2306.CFX,1,,0,,,TL
2023-05-19,TL2306.CFX,1,,0,,,TL
2023-05-22,TL2309.CFX,2,,0,,,TL
2023-05-23,TL2309.CFX,2,,0,,,TL
2023-05-24,TL2309.CFX,2,,0,,,TL
2023-05-25,TL2309.CFX,2,0.21221684980288136,26,,,TL
2023-05-26,TL2309.CFX,2,0.37691515488675925,35,,,TL
2023-05-29,TL2309.CFX,2,0.20747134193191608,33,,,TL
2023-05-30,TL2309.CFX,2,0.23644144103012205,25,,,TL
2023-05-31,TL2309.CFX,2,0.24461442686960116,30,,-0.0075678559723197595,TL
2023-06-01,TL2309.CFX,2,0.30152639118413493,36,,-0.011363444246756348,TL
2023-06-02,TL2309.CFX,2,0.39066115005782465,42,,0.043146456640582996,TL
2023-06-05,TL2309.CFX,2,0.2949651331191167,37,,0.026309410736621276,TL
2023-06-06,TL2309.CFX,2,0.22588413857634007,31,,-0.004402183465154042,TL
2023-06-07,TL2309.CFX,2,0.2412515196199231,42,,-0.028532675460990826,TL
2023-06-08,TL2309.CFX,2,0.1821569736792364,39,,-0.04707219662563702,TL
2023-06-09,TL2309.CFX,2,0.4035424834179751,60,,0.01734275357006131,TL
2023-06-12,TL2309.CFX,2,0.2265137723133202,40,,0.016355023127201225,TL
2023-06-13,TL2309.CFX,2,0.24841450378591431,66,,0.005868276696606623,TL
2023-06-14,TL2309.CFX,2,0.30354902326796607,66,,0.008765611954539853,TL
2023-06-15,TL2309.CFX,2,0.35964038691714556,65,,-0.0010768942047013285,TL
2023-06-16,TL2309.CFX,2,0.38689053984901656,91,,0.04319794182026239,TL
2023-06-19,TL2309.CFX,2,0.40072783806474976,79,,0.038796818513872136,TL
2023-06-20,TL2309.CFX,2,0.1693599932017833,59,,-0.02272906089847614,TL
2023-06-21,TL2309.CFX,2,0.35511965119369526,63,,-0.022657201809413375,TL
2023-06-26,TL2309.CFX,2,0.23457397931922178,63,0.3,-0.03502413079306442,TL
2023-06-27,TL2309.CFX,2,0.33469801750845896,60,0.6666666666666666,-0.006684565499514317,TL
2023-06-28,TL2309.CFX,2,0.36519251959471305,55,0.7727272727272727,0.03712434191006232,TL
2023-06-29,TL2309.CFX,2,0.25898959936797966,55,0.4782608695652174,-0.0061641563375939845,TL
2023-06-30,TL2309.CFX,2,0.34126768511120165,55,0.6666666666666666,0.013767899344348033,TL
2023-07-03,TL2309.CFX,2,0.2216285145875724,49,0.16,-0.025006384032528445,TL
2023-07-04,TL2309.CFX,2,0.6556150739601818,65,1.0,0.05434840239505302,TL
2023-07-05,TL2309.CFX,2,0.36320490816226925,45,0.7407407407407407,0.05227780064375594,TL
2023-07-06,TL2309.CFX,2,0.45699603179294357,67,0.9642857142857143,0.03730330869381807,TL
2023-07-07,TL2309.CFX,2,0.4094529868038042,65,0.9310344827586207,0.017702990226522542,TL
2023-07-10,TL2309.CFX,2,0.3751844863095611,69,0.7333333333333333,-0.05146130966597066,TL
2023-07-11,TL2309.CFX,2,0.4817164812683008,71,0.967741935483871,0.015521160072868056,TL
2023-07-12,TL2309.CFX,2,0.4016596333330174,73,0.84375,-0.003840930245535568,TL
2023-07-13,TL2309.CFX,2,0.3807280395163353,64,0.7272727272727273,-0.003097474755148155,TL
2023-07-14,TL2309.CFX,2,0.33664241004267986,91,0.5,-0.017807259428572787,TL
2023-07-17,TL2309.CFX,2,0.25747268175704985,65,0.34285714285714286,-0.05135048223128393,TL
2023-07-18,TL2309.CFX,2,0.35230305987694704,69,0.5555555555555556,-0.022196850467142627,TL
2023-07-19,TL2309.CFX,2,0.32038229135261265,62,0.4594594594594595,-0.010503084649317818,TL
2023-07-20,TL2309.CFX,2,0.35156379510198493,64,0.5526315789473685,0.009275237971417294,TL
2023-07-21,TL2309.CFX,2,0.2513559363207844,72,0.3076923076923077,-0.0012972755647492895,TL
2023-07-24,TL2309.CFX,2,0.40704722994402864,58,0.9,0.004046198510233512,TL
2023-07-25,TL2309.CFX,2,0.3706595946613664,101,0.6829268292682927,0.015603804145955113,TL
2023-07-26,TL2309.CFX,2,0.38696594489142305,91,0.7857142857142857,0.019010795791945832,TL
2023-07-27,TL2309.CFX,2,0.36542322129935234,81,0.6511627906976745,0.020805328490453023,TL
2023-07-28,TL2309.CFX,2,0.3984862775400454,82,0.8181818181818182,-0.0022358278169980596,TL
2023-07-31,TL2309.CFX,2,0.32170828788558437,87,0.4222222222222222,-0.008638228090294164,TL
2023-08-01,TL2309.CFX,2,0.3345795098575223,74,0.43478260869565216,-0.014848780348156954,TL
2023-08-02,TL2309.CFX,2,0.3185476933657599,60,0.3829787234042553,-0.015765782354970816,TL
2023-08-03,TL2309.CFX,2,0.27345701419192725,66,0.3125,-0.02532191212160608,TL
2023-08-04,TL2309.CFX,2,0.205389583673244,85,0.04081632653061224,-0.029375990409027573,TL
2023-08-07,TL2309.CFX,2,0.25144098234978707,56,0.28,-0.027943516470798624,TL
2023-08-08,TL2309.CFX,2,0.22217419032557487,71,0.11764705882352941,-0.021476303792251024,TL
2023-08-09,TL2309.CFX,2,0.26327693384791123,64,0.34615384615384615,-0.00035755540357012005,TL
2023-08-10,TL2309.CFX,2,0.2862079198351762,78,0.37735849056603776,0.01734726238219885,TL
2023-08-11,TL2309.CFX,2,0.30566687378296725,68,0.4444444444444444,0.017248551237596173,TL
2023-08-14,TL2309.CFX,2,0.2621128096788027,55,0.32727272727272727,0.012226717864151165,TL
2023-08-15,TL2309.CFX,2,0.18216465088553188,69,0.03571428571428571,-0.018631967608113226,TL
2023-08-16,TL2309.CFX,2,0.2863374291680668,56,0.40350877192982454,-0.012324320423165402,TL
2023-08-17,TL2309.CFX,2,0.2692844502459767,73,0.3620689655172414,-0.004854022758471699,TL
2023-08-18,TL2309.CFX,2,0.21225816233440248,44,0.1016949152542373,-0.0012589495328355627,TL
2023-08-21,TL2309.CFX,2,0.39329526037738916,32,0.85,0.034818195215005024,TL
2023-08-22,TL2312.CFX,3,0.2729806064655449,30,,,TL
2023-08-23,TL2312.CFX,3,0.27404328441107817,30,,,TL
2023-08-24,TL2312.CFX,3,0.1916911602084057,30,,,TL
2023-08-25,TL2312.CFX,3,0.2845527400431572,37,,,TL
2023-08-28,TL2312.CFX,3,0.20714594949638365,36,,-0.012115985830624343,TL
2023-08-29,TL2312.CFX,3,0.3045953089870862,43,,0.0076558838439994,TL
2023-08-30,TL2312.CFX,3,0.24416119540118503,46,,0.01249826393294876,TL
2023-08-31,TL2312.CFX,3,0.27455753379168135,37,,0.0017024833401849682,TL
2023-09-01,TL2312.CFX,3,0.3436417972714079,40,,0.02429539203546437,TL
2023-09-04,TL2312.CFX,3,0.20924545908874798,56,,-0.009121909792645367,TL
2023-09-05,TL2312.CFX,3,0.2235289314908317,37,,-0.010657660252363999,TL
2023-09-06,TL2312.CFX,3,0.3315607253854384,43,,-0.0006106482593062013,TL
2023-09-07,TL2312.CFX,3,0.3366329302408517,50,,0.010829753223557814,TL
2023-09-08,TL2312.CFX,3,0.3363307734055066,41,,0.036727462738353735,TL
2023-09-11,TL2312.CFX,3,0.29355128105124156,50,,0.0144814747140888,TL
2023-09-12,TL2312.CFX,3,0.21795452585347483,45,,-0.027029404825353726,TL
2023-09-13,TL2312.CFX,3,0.22732069462925103,41,,-0.03370007187752331,TL
2023-09-14,TL2312.CFX,3,0.46024106717439234,48,,0.01815900011157808,TL
2023-09-15,TL2312.CFX,3,0.30561341559499905,62,,0.026641081040843246,TL
2023-09-18,TL2312.CFX,3,0.26900714489541266,56,,0.01803979590496237,TL
2023-09-19,TL2312.CFX,3,0.2886864589859082,48,0.6,-0.006850239356566523,TL
2023-09-20,TL2312.CFX,3,0.19010255113260782,37,0.0,-0.055720398869266,TL
2023-09-21,TL2312.CFX,3,0.3318979820625895,55,0.8181818181818182,-0.0026335460827623947,TL
2023-09-22,TL2312.CFX,3,0.307527120323713,51,0.7391304347826086,0.0120251473933282,TL
2023-09-25,TL2312.CFX,3,0.29518261978918664,47,0.625,0.013041689079766194,TL
2023-09-26,TL2312.CFX,3,0.260404558582094,36,0.32,0.01038886526255695,TL
2023-09-27,TL2312.CFX,3,0.24542058283823204,39,0.3076923076923077,-0.022007736019033396,TL
2023-09-28,TL2312.CFX,3,0.33355094628831033,45,0.8518518518518519,0.00022856149782400913,TL
2023-10-09,TL2312.CFX,3,0.2526217405695429,43,0.32142857142857145,-0.00119753707330712,TL
2023-10-10,TL2312.CFX,3,0.28440237359966414,31,0.5172413793103449,0.005519678776645109,TL
2023-10-11,TL2312.CFX,3,0.3232513893781165,38,0.7666666666666667,0.010651304039112275,TL
2023-10-12,TL2312.CFX,3,0.22873747791026117,36,0.22580645161290322,-0.013899728794752476,TL
2023-10-13,TL2312.CFX,3,0.22846429905722426,38,0.21875,-0.01039797787140403,TL
2023-10-16,TL2312.CFX,3,0.3019106698013569,34,0.6666666666666666,-0.005977049791750677,TL
2023-10-17,TL2312.CFX,3,0.3323442183739348,39,0.8529411764705882,0.009135884988273247,TL
2023-10-18,TL2312.CFX,3,0.22675400446061586,36,0.17142857142857143,0.009991297241741998,TL
2023-10-19,TL2312.CFX,3,0.27760783251667454,46,0.5,0.0023130401578159597,TL
2023-10-20,TL2312.CFX,3,0.5224358636369144,56,1.0,0.03863140018138548,TL
2023-10-23,TL2312.CFX,3,0.21842507881020853,40,0.13157894736842105,0.0067843580048845996,TL
2023-10-24,TL2312.CFX,3,0.41362337880251304,54,0.9487179487179487,0.03145559949773284,TL
2023-10-25,TL2312.CFX,3,0.35393557018213706,84,0.925,0.0043842990496523624,TL
2023-10-26,TL2312.CFX,3,0.21309882890247955,39,0.0975609756097561,-0.04831635780969411,TL
2023-10-27,TL2312.CFX,3,0.37427895231315067,51,0.9285714285714286,0.011118319710585078,TL
2023-10-30,TL2312.CFX,3,0.20262802626426724,38,0.046511627906976744,-0.0401647322945478,TL
2023-10-31,TL2312.CFX,3,0.17763703939865558,44,0.0,-0.03630678642051753,TL
2023-11-01,TL2312.CFX,3,0.21320960175014272,43,0.15555555555555556,-0.01964203672191687,TL
2023-11-02,TL2312.CFX,3,0.26444341621060335,40,0.41304347826086957,-0.020908949671921917,TL
2023-11-03,TL2312.CFX,3,0.16251404851054413,39,0.0,0.0006578421304501536,TL
2023-11-06,TL2312.CFX,3,0.303786587551388,47,0.6666666666666666,0.02016035430658662,TL
2023-11-07,TL2312.CFX,3,0.22530546763388357,35,0.24489795918367346,0.006353490310826632,TL
2023-11-08,TL2312.CFX,3,0.3605012312037102,52,0.92,0.025490704910955307,TL
2023-11-09,TL2312.CFX,3,0.33010085378674225,62,0.7450980392156863,0.03918882542047185,TL
2023-11-10,TL2312.CFX,3,0.2884488770345606,54,0.5576923076923077,0.007411996511920394,TL
2023-11-13,TL2312.CFX,3,0.2754052682076085,48,0.49056603773584906,0.002814724697830029,TL
2023-11-14,TL2312.CFX,3,0.3810078727449032,49,0.9444444444444444,-0.0013682302496747845,TL
2023-11-15,TL2312.CFX,3,0.27092324123016626,63,0.41818181818181815,-0.0025796229402809344,TL
2023-11-16,TL2312.CFX,3,0.21247568020110816,47,0.125,-0.01564284206443472,TL
2023-11-17,TL2312.CFX,3,0.3457915017447075,60,0.8771929824561403,-0.002775972546959704,TL
2023-11-20,TL2312.CFX,3,0.1919548297324471,42,0.06896551724137931,-0.030323782551037105,TL
2023-11-21,TL2312.CFX,3,0.2533066834621386,44,0.3728813559322034,-0.005575396600471638,TL
2023-11-22,TL2312.CFX,3,0.18892108212920392,35,0.03333333333333333,-0.013959401442637747,TL
2023-11-23,TL2312.CFX,3,0.2220788162431968,18,0.23333333333333334,-0.02504591186062647,TL
2023-11-24,TL2403.CFX,4,0.1943148441073596,21,,,TL
2023-11-27,TL2403.CFX,4,0.18252731219628188,27,,,TL
2023-11-28,TL2403.CFX,4,0.17889784942806064,22,,,TL
2023-11-29,TL2403.CFX,4,0.1948430341902189,25,,,TL
2023-11-30,TL2403.CFX,4,0.18118253460361416,24,,-0.001394889701355395,TL
2023-12-01,TL2403.CFX,4,0.17902231470314828,23,,-0.00047253098107136735,TL
2023-12-04,TL2403.CFX,4,0.15796517156625156,15,,-0.005768607521068875,TL
2023-12-05,TL2403.CFX,4,0.17388326714143001,26,,-0.006513689713494036,TL
2023-12-06,TL2403.CFX,4,0.22433406710551917,22,,0.008116401744209167,TL
2023-12-07,TL2403.CFX,4,0.24205590532339408,19,,0.01924360767797592,TL
2023-12-08,TL2403.CFX,4,0.2219062791675115,15,,0.019605485338448393,TL
2023-12-11,TL2403.CFX,4,0.1998783217334044,16,,0.0049562321245941125,TL
2023-12-12,TL2403.CFX,4,0.15953396205671058,12,,-0.017177779368760686,TL
2023-12-13,TL2403.CFX,4,0.18283309856187496,19,,-0.01808179306338391,TL
2023-12-14,TL2403.CFX,4,0.2041830338737407,19,,-0.005249171375907097,TL
2023-12-15,TL2403.CFX,4,0.2403222930853428,23,,0.012553701452090693,TL
2023-12-18,TL2403.CFX,4,0.18860079863844006,17,,0.01156228676869268,TL
2023-12-19,TL2403.CFX,4,0.1852146967729298,17,,-0.0010819038813191018,TL
2023-12-20,TL2403.CFX,4,0.2196060324461219,22,,-0.002426159916765064,TL
2023-12-21,TL2403.CFX,4,0.26651037823094453,25,,0.008338140409888528,TL
2023-12-22,TL2403.CFX,4,0.18359088604121063,24,0.4,0.007127585626355593,TL
2023-12-25,TL2403.CFX,4,0.3040932665545721,25,1.0,0.02017419931583734,TL
2023-12-26,TL2403.CFX,4,0.3487457392070012,29,1.0,0.029586230184538615,TL
2023-12-27,TL2403.CFX,4,0.24915026142970795,25,0.8695652173913043,0.013043461956331737,TL
2023-12-28,TL2403.CFX,4,0.15683403982188707,25,0.0,-0.010845669756351123,TL
2023-12-29,TL2403.CFX,4,0.2125051311385507,22,0.64,-0.03750879702171568,TL
2024-01-02,TL2403.CFX,4,0.14680310765193633,15,0.0,-0.0440530393401287,TL
2024-01-03,TL2403.CFX,4,0.23602326088390865,24,0.7777777777777778,-0.003628493326154941,TL
2024-01-04,TL2403.CFX,4,0.22700885438323218,19,0.75,0.016386775886804823,TL
2024-01-05,TL2403.CFX,4,0.22225049024545834,28,0.6896551724137931,0.009969646494511108,TL
2024-01-08,TL2403.CFX,4,0.1944242600541021,17,0.4666666666666667,0.00814695341658812,TL
2024-01-09,TL2403.CFX,4,0.23026805366911107,29,0.7741935483870968,-0.004409500875872529,TL
2024-01-10,TL2403.CFX,4,0.24613228701488077,23,0.875,0.004626442868694991,TL
2024-01-11,TL2403.CFX,4,0.17507910674741273,27,0.15151515151515152,-0.004263474003531253,TL
2024-01-12,TL2403.CFX,4,0.31292262674952626,38,0.9705882352941176,0.018180778646915002,TL
2024-01-15,TL2403.CFX,4,0.21701486807345546,27,0.5714285714285714,0.004028396854333427,TL
2024-01-16,TL2403.CFX,4,0.23596732218192754,23,0.75,0.0021605831660136353,TL
2024-01-17,TL2403.CFX,4,0.1602527429186524,21,0.10810810810810811,-0.010660803222511945,TL
2024-01-18,TL2403.CFX,4,0.15829877968230946,26,0.07894736842105263,-0.036600981928923665,TL
2024-01-19,TL2403.CFX,4,0.1355837827261993,22,0.0,-0.024053071319413043,TL
2024-01-22,TL2403.CFX,4,0.24522185876857408,29,0.85,-0.0006159887019159982,TL
2024-01-23,TL2403.CFX,4,0.11174335506814963,31,0.0,-0.0010095696614740967,TL
2024-01-24,TL2403.CFX,4,0.2827540564841681,31,0.9285714285714286,0.022507012594566767,TL
2024-01-25,TL2403.CFX,4,0.20393237391743332,35,0.5116279069767442,0.01742293800980621,TL
2024-01-26,TL2403.CFX,4,0.12562942378339323,23,0.022727272727272728,-0.0146995851121078,TL
2024-01-29,TL2403.CFX,4,0.22809632837197377,25,0.7111111111111111,0.0075581313906873445,TL
2024-01-30,TL2403.CFX,4,0.2357370783168403,27,0.7391304347826086,-0.0069870001880115214,TL
2024-01-31,TL2403.CFX,4,0.26521329964908863,36,0.8936170212765957,0.023266950599675772,TL
2024-02-01,TL2403.CFX,4,0.28250795060890643,33,0.9166666666666666,0.035087402492814126,TL
2024-02-02,TL2403.CFX,4,0.14209082792442335,23,0.061224489795918366,-0.012524012860303468,TL
2024-02-05,TL2403.CFX,4,0.1725677326207431,27,0.2,-0.024946116311685973,TL
2024-02-06,TL2403.CFX,4,0.2554312410217271,33,0.8627450980392157,-0.012950433524288641,TL
2024-02-07,TL2403.CFX,4,0.16979309961286837,25,0.19230769230769232,-0.011208928889477231,TL
2024-02-08,TL2403.CFX,4,0.2615551989577011,19,0.8679245283018868,0.02361541090586807,TL
2024-02-19,TL2403.CFX,4,0.23772538263594525,10,0.7407407407407407,0.01364392579663783,TL
2024-02-20,TL2403.CFX,4,0.1364364334145432,9,0.05454545454545454,-0.017005733219129092,TL
2024-02-21,TL2406.CFX,5,0.2701208977647462,26,,,TL
2024-02-22,TL2406.CFX,5,0.17738196682863866,24,,,TL
2024-02-23,TL2406.CFX,5,0.27582597165907663,31,,,TL
2024-02-26,TL2406.CFX,5,0.23374413091915475,28,,,TL
2024-02-27,TL2406.CFX,5,0.20394875011314872,36,,-0.007598213121267877,TL
2024-02-28,TL2406.CFX,5,0.20982718654559726,34,,-0.0006986782112010703,TL
2024-02-29,TL2406.CFX,5,0.23196843220644564,39,,-0.01116320232788195,TL
2024-03-01,TL2406.CFX,5,0.34973940681827664,52,,0.02600102338915407,TL
2024-03-04,TL2406.CFX,5,0.23446744911178433,39,,0.020094961826995057,TL
2024-03-05,TL2406.CFX,5,0.18668353250189812,46,,-0.004378829118205962,TL
2024-03-06,TL2406.CFX,5,0.17798858870921602,46,,-0.02710155613108377,TL
2024-03-07,TL2406.CFX,5,0.20732174723980995,61,,-0.03413141795595017,TL
2024-03-08,TL2406.CFX,5,0.18605422294495927,46,,-0.007618823759573829,TL
2024-03-11,TL2406.CFX,5,0.25646717306428607,47,,0.01476329153605192,TL
2024-03-12,TL2406.CFX,5,0.26518542163788295,62,,0.02235390916818099,TL
2024-03-13,TL2406.CFX,5,0.4359986396679072,81,,0.053648498354911825,TL
2024-03-14,TL2406.CFX,5,0.2885672213577953,56,,0.03845574634292931,TL
2024-03-15,TL2406.CFX,5,0.3163933126262831,51,,0.014323407884390644,TL
2024-03-18,TL2406.CFX,5,0.15892467637264346,37,,-0.0332126817572103,TL
2024-03-19,TL2406.CFX,5,0.33023957125045644,48,,-0.03411606818200532,TL
2024-03-20,TL2406.CFX,5,0.20955380766570592,37,0.35,-0.01441805687600054,TL
2024-03-21,TL2406.CFX,5,0.19950423203904086,51,0.23809523809523808,-0.018314902988142208,TL
2024-03-22,TL2406.CFX,5,0.33851727912551766,50,0.9090909090909091,0.022844986629433284,TL
2024-03-25,TL2406.CFX,5,0.24244053781443772,53,0.5652173913043478,-0.0046634595412225754,TL
2024-03-26,TL2406.CFX,5,0.18680107941781646,41,0.20833333333333334,-0.0002569150720382052,TL
2024-03-27,TL2406.CFX,5,0.29186314383503087,41,0.8,0.003300162388427885,TL
2024-03-28,TL2406.CFX,5,0.17877355188879498,50,0.11538461538461539,-0.02700648484528522,TL
2024-03-29,TL2406.CFX,5,0.26159885283588985,49,0.6296296296296297,0.0030289102513882727,TL
2024-04-01,TL2406.CFX,5,0.18060656550178145,45,0.14285714285714285,-0.00426533188312111,TL
2024-04-02,TL2406.CFX,5,0.18704976645013868,35,0.27586206896551724,-0.02077937411567979,TL
2024-04-03,TL2406.CFX,5,0.2539229001325871,35,0.6,0.007574961010183312,TL
2024-04-08,TL2406.CFX,5,0.34830662217203434,36,0.9354838709677419,0.024673187330309466,TL
2024-04-09,TL2406.CFX,5,0.19169134289353956,27,0.28125,0.018342641050541186,TL
2024-04-10,TL2406.CFX,5,0.1946552242682325,34,0.30303030303030304,-0.004702064160285996,TL
2024-04-11,TL2406.CFX,5,0.3589182328932762,47,0.9705882352941176,0.005633926761757624,TL
2024-04-12,TL2406.CFX,5,0.205730781256897,45,0.37142857142857144,-0.011792479183053812,TL
2024-04-15,TL2406.CFX,5,0.18449169759712178,39,0.1388888888888889,-0.00033237336041710974,TL
2024-04-16,TL2406.CFX,5,0.19369639806274142,36,0.2972972972972973,-0.017634418770713655,TL
2024-04-17,TL2406.CFX,5,0.33633472624715044,46,0.868421052631579,-0.00572013964864071,TL
2024-04-18,TL2406.CFX,5,0.2886798738434341,49,0.7692307692307693,0.03177412138231028,TL
2024-04-19,TL2406.CFX,5,0.22420415837654484,38,0.475,0.017440839733953883,TL
2024-04-22,TL2406.CFX,5,0.12533152304562248,30,0.0,-0.024886031790484348,TL
2024-04-23,TL2406.CFX,5,0.2624714487583013,44,0.6666666666666666,-0.031107490577550988,TL
2024-04-24,TL2406.CFX,5,0.229896946286277,56,0.4883720930232558,-0.00792985647325577,TL
2024-04-25,TL2406.CFX,5,0.33362728858868773,55,0.8636363636363636,0.03234116836649403,TL
2024-04-26,TL2406.CFX,5,0.21458402960213055,50,0.4444444444444444,0.024966085294340263,TL
2024-04-29,TL2406.CFX,5,0.2064653750632798,67,0.3695652173913043,-0.012732506407418947,TL
2024-04-30,TL2406.CFX,5,0.2870332785501845,40,0.7446808510638298,-0.0012889248997592917,TL
2024-05-06,TL2406.CFX,5,0.18210075094969339,39,0.125,-0.023060382632993474,TL
2024-05-07,TL2406.CFX,5,0.23778122987853947,39,0.5714285714285714,0.0022029776439231375,TL
2024-05-08,TL2406.CFX,5,0.23624444307439213,32,0.56,0.0010306087350579584,TL
2024-05-09,TL2406.CFX,5,0.2669038735304514,34,0.7058823529411765,0.0013884882085232642,TL
2024-05-10,TL2406.CFX,5,0.2320205311582943,40,0.5,0.012896220406911374,TL
2024-05-13,TL2406.CFX,5,0.15310982637122053,40,0.018867924528301886,-0.01735667189307357,TL
2024-05-14,TL2406.CFX,5,0.15880724501221036,26,0.037037037037037035,-0.026866844328359445,TL
2024-05-15,TL2406.CFX,5,0.13537449727206102,23,0.01818181818181818,-0.03362720386628648,TL
2024-05-16,TL2406.CFX,5,0.150341707957693,16,0.03571428571428571,-0.018109297550036207,TL
2024-05-17,TL2409.CFX,6,0.2771014384987732,26,,,TL
2024-05-20,TL2409.CFX,6,0.16959114746720622,20,,,TL
2024-05-21,TL2409.CFX,6,0.14714185737550528,21,,,TL
2024-05-22,TL2409.CFX,6,0.2046691260258661,21,,,TL
2024-05-23,TL2409.CFX,6,0.19051043159665187,26,,-0.01381040352455829,TL
2024-05-24,TL2409.CFX,6,0.2422446364319873,25,,0.018867555215070875,TL
2024-05-27,TL2409.CFX,6,0.1481864500811378,22,,0.0039664695817386245,TL
2024-05-28,TL2409.CFX,6,0.1581115153994576,25,,-0.01354392027683311,TL
2024-05-29,TL2409.CFX,6,0.22603491354831934,18,,-0.0013084157129194863,TL
2024-05-30,TL2409.CFX,6,0.31952446881413665,28,,0.023240812823148032,TL
2024-05-31,TL2409.CFX,6,0.1490269783635145,31,,0.01630940099794325,TL
2024-06-03,TL2409.CFX,6,0.247885477365643,21,,0.010253998874756604,TL
2024-06-04,TL2409.CFX,6,0.2254862005353914,19,,-0.00727364174743495,TL
2024-06-05,TL2409.CFX,6,0.1769348822372047,18,,-0.02087199509819871,TL
2024-06-06,TL2409.CFX,6,0.1765981548944702,17,,-0.0015808242066526923,TL
2024-06-07,TL2409.CFX,6,0.210468003009847,16,,-0.012372299435251328,TL
2024-06-11,TL2409.CFX,6,0.2553944972619932,21,,0.009334971422584593,TL
2024-06-12,TL2409.CFX,6,0.2152567931177861,19,,0.015544016412868577,TL
2024-06-13,TL2409.CFX,6,0.14450410936929092,19,,-0.005939930094241941,TL
2024-06-14,TL2409.CFX,6,0.22140068698114185,23,,-0.008902501995011258,TL
2024-06-17,TL2409.CFX,6,0.18837275385293217,19,0.4,-0.012789959295476638,TL
2024-06-18,TL2409.CFX,6,0.2864336387044057,25,0.9523809523809523,0.01862223356568804,TL
2024-06-19,TL2409.CFX,6,0.27892905189353695,28,0.9090909090909091,0.0333882836771756,TL
2024-06-20,TL2409.CFX,6,0.16785518428548715,21,0.21739130434782608,-0.0016534707350704613,TL
2024-06-21,TL2409.CFX,6,0.2556541354378298,23,0.8333333333333334,0.001598430875087664,TL
2024-06-24,TL2409.CFX,6,0.20192261036123454,19,0.44,-0.01922969731420494,TL
2024-06-25,TL2409.CFX,6,0.17264191872459245,22,0.2692307692307692,-0.01785068402621417,TL
2024-06-26,TL2409.CFX,6,0.21338513736906378,18,0.5555555555555556,0.0008047689453915985,TL
2024-06-27,TL2409.CFX,6,0.17772660263905599,23,0.35714285714285715,-0.01443925385897184,TL
2024-06-28,TL2409.CFX,6,0.29052295630150815,23,0.9655172413793104,0.018228537579501075,TL
2024-07-01,TL2409.CFX,6,0.24274181640271256,55,0.7333333333333333,0.021733761428868452,TL
2024-07-02,TL2409.CFX,6,0.16211631685255704,31,0.16129032258064516,-0.0037522427269356894,TL
2024-07-03,TL2409.CFX,6,0.23643628236626762,27,0.6875,-0.0010987279994527865,TL
2024-07-04,TL2409.CFX,6,0.19198308974194742,23,0.42424242424242425,-0.02033852671555663,TL
2024-07-05,TL2409.CFX,6,0.20044772999991256,34,0.4411764705882353,-0.0054721399916209616,TL
2024-07-08,TL2409.CFX,6,0.15218614002431413,30,0.11428571428571428,-0.0055848906022840875,TL
2024-07-09,TL2409.CFX,6,0.17385827537164947,22,0.2777777777777778,-0.016495296370686956,TL
2024-07-10,TL2409.CFX,6,0.17593429153032347,20,0.2972972972972973,-0.005868705105151107,TL
2024-07-11,TL2409.CFX,6,0.16274895432359743,16,0.18421052631578946,-0.005164939984662087,TL
2024-07-12,TL2409.CFX,6,0.15599301218888237,18,0.1282051282051282,-0.00034955767189155386,TL
2024-07-15,TL2409.CFX,6,0.1760645170790696,18,0.35,-0.001552879592660078,TL
2024-07-16,TL2409.CFX,6,0.3293554118754421,25,1.0,0.03201578034457094,TL
2024-07-17,TL2409.CFX,6,0.1898359226348954,18,0.4523809523809524,0.022753633630915565,TL
2024-07-18,TL2409.CFX,6,0.14747303247588422,17,0.046511627906976744,-0.00032685538701704984,TL
2024-07-19,TL2409.CFX,6,0.20112054266196067,17,0.5454545454545454,-0.013177032823377566,TL
2024-07-22,TL2409.CFX,6,0.22550133779297415,22,0.7111111111111111,-0.019642352813787067,TL
2024-07-23,TL2409.CFX,6,0.15161127310267847,17,0.10869565217391304,0.0001579006252656001,TL
2024-07-24,TL2409.CFX,6,0.1993561139611198,23,0.5106382978723404,0.0054256893411188944,TL
2024-07-25,TL2409.CFX,6,0.24000555039795674,27,0.7708333333333334,0.005162479164013772,TL
2024-07-26,TL2409.CFX,6,0.2559807887740374,24,0.8775510204081632,0.01493531792574047,TL
2024-07-29,TL2409.CFX,6,0.20800809566192208,20,0.58,0.016941831993140477,TL
2024-07-30,TL2409.CFX,6,0.30550184030215405,32,0.9607843137254902,0.01802939979460339,TL
2024-07-31,TL2409.CFX,6,0.21325047731116759,28,0.5961538461538461,-0.0003989094645461655,TL
2024-08-01,TL2409.CFX,6,0.16541579887951155,26,0.20754716981132076,-0.01758875981398062,TL
2024-08-02,TL2409.CFX,6,0.28578973342655334,31,0.9074074074074074,0.0015477234106620053,TL
2024-08-05,TL2409.CFX,6,0.29077623507814976,32,0.9454545454545454,0.004308804566737723,TL
2024-08-06,TL2409.CFX,6,0.16451645150582167,35,0.19642857142857142,0.0027892384587946406,TL
2024-08-07,TL2409.CFX,6,0.20111404713724212,25,0.49122807017543857,-0.0049876785405270465,TL
2024-08-08,TL2409.CFX,6,0.2733995465826776,41,0.8448275862068966,-0.011444256162865906,TL
2024-08-09,TL2409.CFX,6,0.23292034414432092,34,0.6949152542372882,-0.0006828686790801786,TL
2024-08-12,TL2409.CFX,6,0.19282731196895758,33,0.43333333333333335,0.008842801793335065,TL
2024-08-13,TL2409.CFX,6,0.16379750107296792,28,0.18333333333333332,-0.015520532674226845,TL
2024-08-14,TL2409.CFX,6,0.3421854958556624,33,1.0,0.006844905547461644,TL
2024-08-15,TL2409.CFX,6,0.18550375981745362,27,0.35,0.0054525015232970205,TL
2024-08-16,TL2409.CFX,6,0.16001644463991696,21,0.13333333333333333,-0.004391547591359552,TL
2024-08-19,TL2412.CFX,7,,17,,,TL
2024-08-20,TL2412.CFX,7,0.1853453251794922,23,,,TL
2024-08-21,TL2412.CFX,7,0.20799415138782984,30,,,TL
2024-08-22,TL2412.CFX,7,0.14711371040983184,28,,,TL
2024-08-23,TL2412.CFX,7,0.22722547602964815,29,,,TL
2024-08-26,TL2412.CFX,7,0.154058919376369,25,,-0.004334148696442807,TL
2024-08-27,TL2412.CFX,7,0.28614976037806994,32,,0.01632564269470173,TL
2024-08-28,TL2412.CFX,7,0.2652895083319793,32,,0.029527588019271668,TL
2024-08-29,TL2412.CFX,7,0.17371829985091333,25,,0.0004216236598140577,TL
2024-08-30,TL2412.CFX,7,0.28610413204637447,32,,0.015165896481285435,TL
2024-09-02,TL2412.CFX,7,0.20450472071583864,23,,-0.014247545561006747,TL
2024-09-03,TL2412.CFX,7,0.17787007284652478,19,,-0.014405245010598372,TL
2024-09-04,TL2412.CFX,7,0.1750239943023542,25,,-0.010562267029696792,TL
2024-09-05,TL2412.CFX,7,0.32381112242058124,32,,0.004593325433492901,TL
2024-09-06,TL2412.CFX,7,0.19330791111763382,21,,0.012354743037764682,TL
2024-09-09,TL2412.CFX,7,0.2097378599420702,20,,0.008201949100637046,TL
2024-09-10,TL2412.CFX,7,0.24271539513134818,28,,0.0021309539179476924,TL
2024-09-11,TL2412.CFX,7,0.23471838569510037,21,,-0.012877798943724733,TL
2024-09-12,TL2412.CFX,7,0.2424629824880799,25,,0.012329066849392233,TL
2024-09-13,TL2412.CFX,7,0.22598101871780957,31,,0.0032233904908210488,TL
2024-09-18,TL2412.CFX,7,0.17513726023645526,27,,-0.014389363676707661,TL
2024-09-19,TL2412.CFX,7,0.28168015210199976,52,0.85,0.002659781056217414,TL
2024-09-20,TL2412.CFX,7,0.17108128970627923,31,0.09523809523809523,-0.008706425217941122,TL
2024-09-23,TL2412.CFX,7,0.15716521408539325,34,0.09090909090909091,-0.014168757979500868,TL
2024-09-24,TL2412.CFX,7,0.20718360396973398,75,0.4782608695652174,-0.006042225055004913,TL
2024-09-25,TL2412.CFX,7,0.18441932415132273,52,0.3333333333333333,-0.015841934163789928,TL
2024-09-26,TL2412.CFX,7,0.3288011065619668,73,1.0,0.03426937437773046,TL
2024-09-27,TL2412.CFX,7,0.28964535365064453,114,0.9230769230769231,0.03865777817227354,TL
2024-09-30,TL2412.CFX,7,0.2653446811050294,92,0.7777777777777778,0.022154818376991264,TL
2024-10-08,TL2412.CFX,7,0.11660772749233153,77,0.0,-0.01990796187749198,TL
2024-10-09,TL2412.CFX,7,0.2373909292881371,63,0.6551724137931034,-0.03558579807059724,TL
2024-10-10,TL2412.CFX,7,0.22915438884645903,48,0.6,-0.01489356814252633,TL
2024-10-11,TL2412.CFX,7,0.22177373134944847,56,0.5161290322580645,0.002540476184296564,TL
2024-10-14,TL2412.CFX,7,0.2799681153406025,56,0.8125,0.031110357775785337,TL
2024-10-15,TL2412.CFX,7,0.19006525394411436,52,0.3333333333333333,-0.004383762419390197,TL
2024-10-16,TL2412.CFX,7,0.2622182877607757,52,0.7352941176470589,0.0034419320423299204,TL
2024-10-17,TL2412.CFX,7,0.2094945867187541,40,0.45714285714285713,-0.004230811684121561,TL
2024-10-18,TL2412.CFX,7,0.22915216955859724,62,0.5833333333333334,-0.008220255878937077,TL
2024-10-21,TL2412.CFX,7,0.1562333986463615,37,0.08108108108108109,-0.010072982879768416,TL
2024-10-22,TL2412.CFX,7,0.24060923137412987,37,0.6842105263157895,-0.009647930084568424,TL
2024-10-23,TL2412.CFX,7,0.29689475834059836,53,0.9487179487179487,0.018625740505922122,TL
2024-10-24,TL2412.CFX,7,0.2638609435693691,42,0.75,0.02100789077157807,TL
2024-10-25,TL2412.CFX,7,0.23853967795973424,41,0.6341463414634146,0.018786427082198482,TL
2024-10-28,TL2412.CFX,7,0.21199899399628058,38,0.4523809523809524,-0.011557555513656281,TL
2024-10-29,TL2412.CFX,7,0.2581042165030235,47,0.7209302325581395,-0.012944303324823835,TL
2024-10-30,TL2412.CFX,7,0.18573740980023087,31,0.2727272727272727,-0.013668252899498728,TL
2024-10-31,TL2412.CFX,7,0.25780182023689374,32,0.7111111111111111,0.0012262700358269263,TL
2024-11-01,TL2412.CFX,7,0.20597416015956824,31,0.34782608695652173,-0.001235206393955446,TL
2024-11-04,TL2412.CFX,7,0.17850551415475746,26,0.2127659574468085,-0.013896065433719473,TL
2024-11-05,TL2412.CFX,7,0.18915432612218794,40,0.2916666666666667,-0.007246247343822215,TL
2024-11-06,TL2412.CFX,7,0.27969115235105957,35,0.8367346938775511,0.0026958830190951357,TL
2024-11-07,TL2412.CFX,7,0.18325071489790712,29,0.22,0.005573874767297993,TL
2024-11-08,TL2412.CFX,7,0.2500581632949479,34,0.7058823529411765,0.013720168705610002,TL
2024-11-11,TL2412.CFX,7,0.14512851973270594,30,0.019230769230769232,-0.011768460183507561,TL
2024-11-12,TL2412.CFX,7,0.17898810842940185,33,0.22641509433962265,-0.023952828300851665,TL
2024-11-13,TL2412.CFX,7,0.25700716538245644,34,0.7222222222222222,0.007644284610355256,TL
2024-11-14,TL2412.CFX,7,0.15907170044625843,28,0.10909090909090909,-0.007009428004762841,TL
2024-11-15,TL2412.CFX,7,0.26310389531021017,29,0.7857142857142857,0.021603434317186497,TL
2024-11-18,TL2412.CFX,7,0.23379138652422107,37,0.5789473684210527,0.011570328611739216,TL
2024-11-19,TL2412.CFX,7,0.17610894670202573,30,0.1896551724137931,-0.008707675128289877,TL
2024-11-20,TL2412.CFX,7,0.1771725456436287,20,0.2033898305084746,-0.0050793258213444,TL
2024-11-21,TL2412.CFX,7,0.20283150745095924,18,0.38333333333333336,-0.01771636165990942,TL
2024-11-22,TL2412.CFX,7,0.17038487421563614,14,0.11666666666666667,-0.01000904638682364,TL
2024-11-25,TL2503.CFX,8,0.17094923325464936,21,,,TL
2024-11-26,TL2503.CFX,8,0.19549257974536566,24,,,TL
2024-11-27,TL2503.CFX,8,0.2628335217441598,29,,,TL
2024-11-28,TL2503.CFX,8,0.14251348129946095,22,,,TL
2024-11-29,TL2503.CFX,8,0.21946101681854363,35,,0.004404446868188383,TL
2024-12-02,TL2503.CFX,8,0.16428268012354424,28,,-0.010579230416925905,TL
2024-12-03,TL2503.CFX,8,0.19101216858210637,29,,-0.012187350750002362,TL
2024-12-04,TL2503.CFX,8,0.16035867070955429,25,,0.0007241530583749434,TL
2024-12-05,TL2503.CFX,8,0.1356466445556229,24,,-0.01715527539398315,TL
2024-12-06,TL2503.CFX,8,0.3169390454615875,34,,0.024994720664960314,TL
2024-12-09,TL2503.CFX,8,0.19653846259672442,28,,0.01676329627812693,TL
2024-12-10,TL2503.CFX,8,0.286786579282988,46,,0.031374763518796894,TL
2024-12-11,TL2503.CFX,8,0.19744552755798242,31,,0.009344529982611954,TL
2024-12-12,TL2503.CFX,8,0.21847862375644306,33,,-0.019601377844903102,TL
2024-12-13,TL2503.CFX,8,0.19892005114100003,34,,-0.006354477843799372,TL
2024-12-16,TL2503.CFX,8,0.2392741702988229,35,,-0.009355029438531264,TL
2024-12-17,TL2503.CFX,8,0.18297791753572062,33,,-0.000813967350214373,TL
2024-12-18,TL2503.CFX,8,0.16287049797516578,62,,-0.01271583851678339,TL
2024-12-19,TL2503.CFX,8,0.23952590190599315,41,,0.00048080292063291117,TL
2024-12-20,TL2503.CFX,8,0.16337606176147418,32,,-0.00952482327044249,TL
2024-12-23,TL2503.CFX,8,0.21840486177419072,43,0.65,0.007135945226324864,TL
2024-12-24,TL2503.CFX,8,0.2887469135516066,49,0.9523809523809523,0.023063179102107922,TL
2024-12-25,TL2503.CFX,8,0.21118814007368497,42,0.5909090909090909,0.006869532812551598,TL
2024-12-26,TL2503.CFX,8,0.19916137879586931,36,0.5652173913043478,0.006435391236828453,TL
2024-12-27,TL2503.CFX,8,0.21142657553852148,43,0.625,-0.010354210722707573,TL
2024-12-30,TL2503.CFX,8,0.1714536059493567,36,0.28,-0.023434817973966314,TL
2024-12-31,TL2503.CFX,8,0.23566853301900875,44,0.7692307692307693,0.0021253013044134905,TL
2025-01-02,TL2503.CFX,8,0.2202168315566134,46,0.7407407407407407,0.00663528630019754,TL
2025-01-03,TL2503.CFX,8,0.2760356559131797,84,0.8928571428571429,0.017798138635657313,TL
2025-01-06,TL2503.CFX,8,0.204259224572092,51,0.5172413793103449,0.010597836013964145,TL
2025-01-07,TL2503.CFX,8,0.2675240010512721,45,0.8666666666666667,0.004775332908000529,TL
2025-01-08,TL2503.CFX,8,0.21607813891905536,43,0.5806451612903226,-0.0016789040137023593,TL
2025-01-09,TL2503.CFX,8,0.19425859530772902,48,0.3125,-0.015173520686393799,TL
2025-01-10,TL2503.CFX,8,0.180223401427172,60,0.24242424242424243,-0.012133705203338303,TL
2025-01-13,TL2503.CFX,8,0.17227870309455223,42,0.23529411764705882,-0.022634533340532316,TL
2025-01-14,TL2503.CFX,8,0.2466606282647163,51,0.8285714285714286,0.003918508647814506,TL
2025-01-15,TL2503.CFX,8,0.17508323614248703,37,0.25,0.0028086508507060293,TL
2025-01-16,TL2503.CFX,8,0.1930662938926489,45,0.35135135135135137,0.0028490317978888567,TL
2025-01-17,TL2503.CFX,8,0.2516977526602113,44,0.8421052631578947,0.010524376475925084,TL
2025-01-20,TL2503.CFX,8,0.16061474034645593,35,0.07692307692307693,-0.009547725931879641,TL
2025-01-21,TL2503.CFX,8,0.29622978591287175,42,0.975,0.020984154599457648,TL
2025-01-22,TL2503.CFX,8,0.1925213180165664,33,0.34146341463414637,0.004344208150049544,TL
2025-01-23,TL2503.CFX,8,0.196433957506909,30,0.42857142857142855,-0.007862101263649418,TL
2025-01-24,TL2503.CFX,8,0.14529061935897006,33,0.046511627906976744,-0.013044407038093453,TL
2025-01-27,TL2503.CFX,8,0.1589072543437284,25,0.06818181818181818,-0.0321875761795883,TL
2025-02-05,TL2503.CFX,8,0.22325836406085214,20,0.7333333333333333,0.0023947388925390834,TL
2025-02-06,TL2503.CFX,8,0.19520988602460157,26,0.41304347826086957,0.007551960173726724,TL
2025-02-07,TL2503.CFX,8,0.21653307378551867,29,0.6382978723404256,0.01787875405339704,TL
2025-02-10,TL2503.CFX,8,0.21395938961199867,26,0.6041666666666666,0.010337898026120706,TL
2025-02-11,TL2503.CFX,8,0.18034483630305836,27,0.2857142857142857,-0.006707755192819043,TL
2025-02-12,TL2503.CFX,8,0.22999436577371174,27,0.76,0.003338072201576009,TL
2025-02-13,TL2503.CFX,8,0.23942899032112722,28,0.803921568627451,0.006182680923293016,TL
2025-02-14,TL2503.CFX,8,0.306941857927963,34,0.9807692307692307,0.024504909064999747,TL
2025-02-17,TL2503.CFX,8,0.15991157723634358,35,0.07547169811320754,0.0036080974020821777,TL
2025-02-18,TL2503.CFX,8,0.2524409407313392,42,0.8518518518518519,-0.0034624263169528713,TL
2025-02-19,TL2503.CFX,8,0.16778367723077015,16,0.18181818181818182,-0.019779154337733786,TL
2025-02-20,TL2506.CFX,9,0.17277573181815056,24,,,TL
2025-02-21,TL2506.CFX,9,0.23279961696843848,54,,,TL
2025-02-24,TL2506.CFX,9,0.351144889985825,57,,,TL
2025-02-25,TL2506.CFX,9,0.25194689356118194,84,,,TL
2025-02-26,TL2506.CFX,9,0.20629517658760993,55,,0.008618616613166218,TL
2025-02-27,TL2506.CFX,9,0.2689401937643732,40,,-0.0072568559806345575,TL
2025-02-28,TL2506.CFX,9,0.2472351027800681,45,,-0.019082627420832242,TL
2025-03-03,TL2506.CFX,9,0.21931551219744846,36,,-0.002432283653500883,TL
2025-03-04,TL2506.CFX,9,0.22209408910739076,38,,-0.0018026856527363134,TL
2025-03-05,TL2506.CFX,9,0.17561966913541588,33,,-0.02117820629305921,TL
2025-03-06,TL2506.CFX,9,0.22083659568224162,41,,-0.009649285725768564,TL
2025-03-07,TL2506.CFX,9,0.28703694799064156,63,,0.013418537816123705,TL
2025-03-10,TL2506.CFX,9,0.20991278277890726,41,,0.008705466619825875,TL
2025-03-11,TL2506.CFX,9,0.2566770379670449,52,,0.015119092475992357,TL
2025-03-12,TL2506.CFX,9,0.40180590288816387,63,,0.03315787043882479,TL
2025-03-13,TL2506.CFX,9,0.21828445590491752,41,,0.005438813593780856,TL
2025-03-14,TL2506.CFX,9,0.23236488801659885,55,,0.0006511628413255865,TL
2025-03-17,TL2506.CFX,9,0.28497368664180583,58,,-0.011284771752204315,TL
2025-03-18,TL2506.CFX,9,0.2656614740445279,58,,-0.020559962695038368,TL
2025-03-19,TL2506.CFX,9,0.22508367350844352,43,,0.0046895021234981075,TL
2025-03-20,TL2506.CFX,9,0.22162952338972772,45,0.35,-0.008136074238710461,TL
2025-03-21,TL2506.CFX,9,0.20311177660761234,46,0.09523809523809523,-0.020775577072318713,TL
2025-03-24,TL2506.CFX,9,0.20265909590158734,44,0.09090909090909091,-0.014797665318671221,TL
2025-03-25,TL2506.CFX,9,0.2374885780496759,42,0.6086956521739131,0.0005839381594324455,TL
2025-03-26,TL2506.CFX,9,0.2563254778455287,39,0.7083333333333334,0.010376871035366563,TL
2025-03-27,TL2506.CFX,9,0.2614285346860245,39,0.76,0.017029989810076574,TL
2025-03-28,TL2506.CFX,9,0.3687234160104924,50,0.9615384615384616,0.035606859685415874,TL
2025-03-31,TL2506.CFX,9,0.25037728656808206,45,0.5925925925925926,0.013817535520177605,TL
2025-04-01,TL2506.CFX,9,0.17910629862672367,38,0.07142857142857142,-0.016548960655555268,TL
2025-04-02,TL2506.CFX,9,0.2192541308337237,38,0.27586206896551724,-0.027396592508837036,TL
2025-04-03,TL2506.CFX,9,0.23555992073238685,53,0.5333333333333333,-0.029745014629056942,TL
2025-04-07,TL2506.CFX,9,0.23678431628903018,59,0.5483870967741935,0.002926768154755943,TL
2025-04-08,TL2506.CFX,9,0.20189072900814015,44,0.09375,0.006309904621813944,TL
2025-04-09,TL2506.CFX,9,0.25180599141797055,56,0.6666666666666666,0.0031434529444247018,TL
2025-04-10,TL2506.CFX,9,0.21485732950644384,50,0.23529411764705882,-0.002638350732294564,TL
2025-04-11,TL2506.CFX,9,0.22414325025180903,43,0.42857142857142855,-0.0012315531576138627,TL
2025-04-14,TL2506.CFX,9,0.19549088048398908,34,0.08333333333333333,-0.0040462438214463655,TL
2025-04-15,TL2506.CFX,9,0.17149583676884717,34,0.0,-0.017998675832070155,TL
2025-04-16,TL2506.CFX,9,0.28674243965009755,42,0.8947368421052632,0.009112280680434548,TL
2025-04-17,TL2506.CFX,9,0.23167356548757773,35,0.48717948717948717,0.010631218963764583,TL
2025-04-18,TL2506.CFX,9,0.24473308174559846,34,0.625,0.01586621312419494,TL
2025-04-21,TL2506.CFX,9,0.21994588715815472,29,0.34146341463414637,0.00548907428741161,TL
2025-04-22,TL2506.CFX,9,0.17703104335613945,30,0.07142857142857142,-0.02311504709173392,TL
2025-04-23,TL2506.CFX,9,0.24781704610088057,39,0.6744186046511628,-0.0035415077162853303,TL
2025-04-24,TL2506.CFX,9,0.17742466431054219,33,0.09090909090909091,-0.01067456759273867,TL
2025-04-25,TL2506.CFX,9,0.3390681982532734,45,0.9333333333333333,0.02386382431446401,TL
2025-04-28,TL2506.CFX,9,0.12969193606746682,25,0.0,-0.00034270624249523875,TL
2025-04-29,TL2506.CFX,9,0.19598358780573913,29,0.1702127659574468,-0.015139964483335827,TL
2025-04-30,TL2506.CFX,9,0.179884426435734,27,0.14583333333333334,-0.013816508619715073,TL
2025-05-06,TL2506.CFX,9,0.19570781257127629,23,0.1836734693877551,-0.02365282809957271,TL
2025-05-07,TL2506.CFX,9,0.21507848270901603,44,0.34,0.01704973180486356,TL
2025-05-08,TL2506.CFX,9,0.1881218781735891,26,0.1568627450980392,0.001947063700898205,TL
2025-05-09,TL2506.CFX,9,0.17055590625263545,25,0.019230769230769232,-0.002624297476388432,TL
2025-05-12,TL2506.CFX,9,0.4491062915500275,46,1.0,0.04622743815011218,TL
2025-05-13,TL2506.CFX,9,0.15456701096747621,35,0.018518518518518517,0.013996146989335883,TL
2025-05-14,TL2506.CFX,9,0.14506709452839,30,0.01818181818181818,-0.01020984625755575,TL
2025-05-15,TL2506.CFX,9,0.2287987308790155,25,0.5535714285714286,-0.01875535477688774,TL
2025-05-16,TL2506.CFX,9,0.2038238323001013,26,0.3157894736842105,-0.04163331985883133,TL
2025-05-19,TL2506.CFX,9,0.12257135624123619,16,0.0,-0.000523457168076874,TL
2025-05-20,TL2506.CFX,9,0.13771431394355885,14,0.03389830508474576,-0.012093293580744163,TL
2025-05-21,TL2506.CFX,9,0.1363137056604222,8,0.03333333333333333,-0.025107956879372912,TL
2025-05-22,TL2509.CFX,10,,15,,,TL
2025-05-23,TL2509.CFX,10,0.2615394455906936,29,,,TL
2025-05-26,TL2509.CFX,10,0.17124194300833445,19,,,TL
2025-05-27,TL2509.CFX,10,0.1305991797286259,20,,,TL
2025-05-28,TL2509.CFX,10,0.1574366289352967,20,,,TL
2025-05-29,TL2509.CFX,10,0.19622650950429904,31,,-0.014443118624582685,TL
2025-05-30,TL2509.CFX,10,0.15082008754260018,23,,0.00247836188442046,TL
2025-06-03,TL2509.CFX,10,0.16190407764260323,20,,0.0055993254435258155,TL
2025-06-04,TL2509.CFX,10,0.24534056962321,23,,0.014148544951413072,TL
2025-06-05,TL2509.CFX,10,0.19539557381202521,21,,0.009285861069606221,TL
2025-06-06,TL2509.CFX,10,0.17125112223102584,23,,0.007435356554627332,TL
2025-06-09,TL2509.CFX,10,0.18154017988732907,25,,-0.0034817242902732415,TL
2025-06-10,TL2509.CFX,10,0.18443310750575953,20,,-0.013567031815959706,TL
2025-06-11,TL2509.CFX,10,0.17019900597926574,18,,-0.003721115039078521,TL
2025-06-12,TL2509.CFX,10,0.1740705053028092,18,,-0.0005702407764496597,TL
2025-06-13,TL2509.CFX,10,0.1894858965725416,18,,0.0005528831167474823,TL
2025-06-16,TL2509.CFX,10,0.2099799008438759,17,,0.007038047726950864,TL
2025-06-17,TL2509.CFX,10,0.2045918278966153,24,,0.010469503937576586,TL
2025-06-18,TL2509.CFX,10,0.18255931125277503,17,,0.003208354322400531,TL
2025-06-19,TL2509.CFX,10,0.23740880288005375,21,,0.0068425223023923345,TL
2025-06-20,TL2509.CFX,10,0.1708640116269135,21,,-0.004541480345048643,TL
2025-06-23,TL2509.CFX,10,0.11710203321214334,20,0.0,-0.018667488899480552,TL
2025-06-24,TL2509.CFX,10,0.23676567602341742,25,0.8571428571428571,-0.0011894040126625594,TL
2025-06-25,TL2509.CFX,10,0.3038537123797441,32,1.0,0.019879148339588464,TL
2025-06-26,TL2509.CFX,10,0.172210794465466,23,0.391304347826087,0.018944524484470576,TL
2025-06-27,TL2509.CFX,10,0.13845346824618712,27,0.08333333333333333,-0.002185201148986382,TL
2025-06-30,TL2509.CFX,10,0.1347472828422894,29,0.08,-0.036943703049581306,TL
2025-07-01,TL2509.CFX,10,0.13533138387812088,25,0.11538461538461539,-0.03745081686264231,TL
2025-07-02,TL2509.CFX,10,0.13880419565588664,23,0.18518518518518517,-0.006993528198722493,TL
2025-07-03,TL2509.CFX,10,0.24784985718348693,23,0.9285714285714286,0.022284969068819688,TL
2025-07-04,TL2509.CFX,10,0.2233103010134237,24,0.7931034482758621,0.028964450964763466,TL
2025-07-07,TL2509.CFX,10,0.13268021930002166,18,0.06666666666666667,0.007920377620133862,TL
2025-07-08,TL2509.CFX,10,0.17877127953053548,27,0.5161290322580645,-0.0035235470134167613,TL
2025-07-09,TL2509.CFX,10,0.2528114432665175,24,0.9375,-0.0034615849316827043,TL
2025-07-10,TL2509.CFX,10,0.15240851866707944,35,0.24242424242424243,-0.002167234072619273,TL
2025-07-11,TL2509.CFX,10,0.26669403909103073,42,0.9705882352941176,0.024166487871856206,TL
2025-07-14,TL2509.CFX,10,0.18829414419264773,30,0.6,0.003292832514873778,TL
2025-07-15,TL2509.CFX,10,0.17526429960552234,30,0.4722222222222222,-0.011920866179642197,TL
2025-07-16,TL2509.CFX,10,0.1848996141544989,24,0.5945945945945946,-0.002644754851066944,TL
2025-07-17,TL2509.CFX,10,0.1879376390755352,23,0.6052631578947368,-0.016090733006913986,TL
2025-07-18,TL2509.CFX,10,0.15323590601731993,24,0.23076923076923078,-0.005744313688064278,TL
2025-07-21,TL2509.CFX,10,0.18387070412929224,38,0.55,-0.0014450899089639146,TL
2025-07-22,TL2509.CFX,10,0.27305296428605375,38,0.975609756097561,0.017223976531686676,TL
2025-07-23,TL2509.CFX,10,0.258299557975636,51,0.9047619047619048,0.026054089606893538,TL
2025-07-24,TL2509.CFX,10,0.29830278584557424,49,0.9767441860465116,0.036456261350285235,TL
2025-07-25,TL2509.CFX,10,0.19363079266620972,52,0.6363636363636364,0.004476999863335546,TL
2025-07-28,TL2509.CFX,10,0.16525366128577657,39,0.26666666666666666,-0.02802673713099806,TL
2025-07-29,TL2509.CFX,10,0.22269903466692856,46,0.7391304347826086,-0.02042501711772125,TL
2025-07-30,TL2509.CFX,10,0.24471816117463363,52,0.8085106382978723,-0.007810100734116243,TL
2025-07-31,TL2509.CFX,10,0.1961026043384248,42,0.6458333333333334,0.008440812323328727,TL
2025-08-01,TL2509.CFX,10,0.21117255949080044,39,0.7142857142857143,0.006524136608154402,TL
2025-08-04,TL2509.CFX,10,0.18728552944416993,40,0.52,-0.01043726121293504,TL
2025-08-05,TL2509.CFX,10,0.17749587771683661,33,0.39215686274509803,-0.014326164180984896,TL
2025-08-06,TL2509.CFX,10,0.13611683433420796,25,0.09615384615384616,-0.015364822178239746,TL
2025-08-07,TL2509.CFX,10,0.22849627212606607,33,0.7735849056603774,-0.001652126983943064,TL
2025-08-08,TL2509.CFX,10,0.17863465690926655,29,0.4074074074074074,0.0033698649339422683,TL
2025-08-11,TL2509.CFX,10,0.14632381734948305,36,0.14545454545454545,-0.0019826298159648535,TL
2025-08-12,TL2509.CFX,10,0.15243695744427616,40,0.19642857142857142,-0.004953220855644658,TL
2025-08-13,TL2509.CFX,10,0.18700676703284141,41,0.543859649122807,-0.010917670965143973,TL
2025-08-14,TL2509.CFX,10,0.19343819490684058,49,0.6206896551724138,0.007029002567850639,TL
2025-08-15,TL2509.CFX,10,0.19318899301256595,38,0.6101694915254238,0.01347315887887302,TL
2025-08-18,TL2509.CFX,10,0.27754510954389394,46,0.9666666666666667,0.025639853017896008,TL
2025-08-19,TL2509.CFX,10,0.12520830950777612,39,0.016666666666666666,-0.0039490000413077205,TL
2025-08-20,TL2509.CFX,10,0.1897462962404027,32,0.6,-0.007536448083766556,TL
2025-08-21,TL2509.CFX,10,0.1851291890052052,21,0.5,-0.010391842131821271,TL
2025-08-22,TL2512.CFX,11,0.21884556630581092,29,,,TL
2025-08-25,TL2512.CFX,11,0.17384760947254732,36,,,TL
2025-08-26,TL2512.CFX,11,0.18617053384986998,30,,,TL
2025-08-27,TL2512.CFX,11,0.22152620561118086,34,,,TL
2025-08-28,TL2512.CFX,11,0.23141578670355542,35,,0.007281903693412256,TL
2025-08-29,TL2512.CFX,11,0.1541955916818241,30,,0.0005941217272239008,TL
2025-09-01,TL2512.CFX,11,0.14050085278584018,25,,-0.015866997605741638,TL
2025-09-02,TL2512.CFX,11,0.1167834003505999,25,,-0.030040054443887722,TL
2025-09-03,TL2512.CFX,11,0.23357290212381834,33,,-0.003309796049069841,TL
2025-09-04,TL2512.CFX,11,0.13301619384061952,29,,0.005071325365556903,TL
2025-09-05,TL2512.CFX,11,0.2681376287219924,35,,0.02715063453623241,TL
2025-09-08,TL2512.CFX,11,0.17310336391731762,31,,0.014720465373160952,TL
2025-09-09,TL2512.CFX,11,0.16353634715648036,28,,-0.009998593985797787,TL
2025-09-10,TL2512.CFX,11,0.22906144864371228,36,,0.008748922804067343,TL
2025-09-11,TL2512.CFX,11,0.22708632587861333,43,,-0.002614452096036357,TL
2025-09-12,TL2512.CFX,11,0.1568206132603454,32,,0.003098447740818855,TL
2025-09-15,TL2512.CFX,11,0.1450524562205964,24,,-0.010920861725513476,TL
2025-09-16,TL2512.CFX,11,0.24808320870453432,37,,-0.004399034953637282,TL
2025-09-17,TL2512.CFX,11,0.1461082731471724,28,,-0.007069351001869289,TL
2025-09-18,TL2512.CFX,11,0.14819546750745516,27,,-0.0016194474579204476,TL
2025-09-19,TL2512.CFX,11,0.2664124033635999,38,0.95,0.014283215308892783,TL
2025-09-22,TL2512.CFX,11,0.17762833487561822,24,0.5238095238095238,-0.0020605617441404765,TL
2025-09-23,TL2512.CFX,11,0.20713117691867627,33,0.5909090909090909,0.015147867491117083,TL
2025-09-24,TL2512.CFX,11,0.1614350422721925,29,0.34782608695652173,-0.0032802076915449006,TL
2025-09-25,TL2512.CFX,11,0.22953710217159706,34,0.7916666666666666,-0.008994389498743139,TL
2025-09-26,TL2512.CFX,11,0.12108740164422933,24,0.04,-0.009067594120985697,TL
2025-09-29,TL2512.CFX,11,0.16637356172880563,26,0.4230769230769231,-0.012186287100770448,TL
2025-09-30,TL2512.CFX,11,0.2546182602619089,29,0.9259259259259259,0.012320289553664137,TL
2025-10-09,TL2512.CFX,11,0.17371893793841564,21,0.4642857142857143,0.0021894530151316703,TL
2025-10-10,TL2512.CFX,11,0.1811606010097912,23,0.5517241379310345,0.012749177494073371,TL
2025-10-13,TL2512.CFX,11,0.19246268872382197,26,0.6,-0.0021279405262085048,TL
2025-10-14,TL2512.CFX,11,0.22388644109827044,33,0.7096774193548387,-0.004271988754187062,TL
2025-10-15,TL2512.CFX,11,0.130829774842111,26,0.0625,-0.0043052486104130094,TL
2025-10-16,TL2512.CFX,11,0.15079689639554797,23,0.24242424242424243,-0.012236032311019746,TL
2025-10-17,TL2512.CFX,11,0.16958556046053702,27,0.4117647058823529,-0.01188438012292924,TL
2025-10-20,TL2512.CFX,11,0.1660869978636989,24,0.37142857142857144,-0.007684310085071705,TL
2025-10-21,TL2512.CFX,11,0.2076659017189507,26,0.6666666666666666,0.016896235522183035,TL
2025-10-22,TL2512.CFX,11,0.16764091672156173,24,0.40540540540540543,0.007176838191044121,TL
2025-10-23,TL2512.CFX,11,0.22861754771500756,29,0.7894736842105263,0.011961789336680396,TL
2025-10-24,TL2512.CFX,11,0.2172356702661152,27,0.6666666666666666,0.012324899080088941,TL
2025-10-27,TL2512.CFX,11,0.13585873834736245,24,0.1,-0.009401957319862297,TL
2025-10-28,TL2512.CFX,11,0.1585219390338708,26,0.2926829268292683,-0.011099676474302694,TL
2025-10-29,TL2512.CFX,11,0.16272973277982047,26,0.3333333333333333,-0.019048936110261854,TL
2025-10-30,TL2512.CFX,11,0.20260784176285157,28,0.627906976744186,-0.00023846625740692184,TL
2025-10-31,TL2512.CFX,11,0.15119324839548037,22,0.22727272727272727,0.007475492282521662,TL
2025-11-03,TL2512.CFX,11,0.1580776654340772,20,0.28888888888888886,-0.0012425031583927326,TL
2025-11-04,TL2512.CFX,11,0.14047240263054642,19,0.10869565217391304,-0.008904483662732249,TL
2025-11-05,TL2512.CFX,11,0.16780851670832084,19,0.46808510638297873,-0.008031949587399551,TL
2025-11-06,TL2512.CFX,11,0.20880913893623188,22,0.7083333333333334,0.012496263235574668,TL
2025-11-07,TL2512.CFX,11,0.19694893007678188,21,0.6326530612244898,0.014607926559109485,TL
2025-11-10,TL2512.CFX,11,0.17780898121658978,20,0.56,0.010381357054054779,TL
2025-11-11,TL2512.CFX,11,0.14066218694576654,16,0.13725490196078433,-0.008529281724475073,TL
2025-11-12,TL2512.CFX,11,0.21327941037435644,18,0.7307692307692307,-0.004734620025476627,TL
2025-11-13,TL2512.CFX,11,0.13171331303557107,17,0.05660377358490566,-0.009500080492465502,TL
2025-11-14,TL2512.CFX,11,0.1580309719702241,17,0.2962962962962963,-0.004850489240292688,TL
2025-11-17,TL2512.CFX,11,0.16139278044082453,19,0.34545454545454546,-0.0013787251414016377,TL
2025-11-18,TL2512.CFX,11,0.19731253925952943,19,0.6607142857142857,-0.0002254274824400604,TL
2025-11-19,TL2512.CFX,11,0.1931664749010115,21,0.631578947368421,0.01621878910201862,TL
2025-11-20,TL2512.CFX,11,0.20701926695411435,20,0.6896551724137931,0.012975028442796748,TL
2025-11-21,TL2512.CFX,11,0.1519190717668856,21,0.23728813559322035,-0.0009240689653292999,TL
2025-11-24,TL2512.CFX,11,0.10545785705494057,14,0.0,-0.022495676754330368,TL
2025-11-25,TL2512.CFX,11,0.15716528073873065,9,0.3,-0.017356379822373546,TL
2025-11-26,TL2603.CFX,12,0.20315250449936678,26,,,TL
2025-11-27,TL2603.CFX,12,0.18462243073125262,27,,,TL
2025-11-28,TL2603.CFX,12,0.18341724280769817,25,,,TL
2025-12-01,TL2603.CFX,12,0.20606177979037416,23,,,TL
2025-12-02,TL2603.CFX,12,0.24819100061662414,33,,0.011151634129363625,TL
2025-12-03,TL2603.CFX,12,0.1750678658963077,31,,0.004566462813903621,TL
2025-12-04,TL2603.CFX,12,0.21414169179219308,61,,0.0030454984074923365,TL
2025-12-05,TL2603.CFX,12,0.2440555059540776,44,,0.004193814350297587,TL
2025-12-08,TL2603.CFX,12,0.3138524575935556,48,,0.020031055401163282,TL
2025-12-09,TL2603.CFX,12,0.11648359272417015,30,,-0.0017457780542912554,TL
2025-12-10,TL2603.CFX,12,0.18067157113219384,33,,-0.019451215454990588,TL
2025-12-11,TL2603.CFX,12,0.15037987858900567,30,,-0.03205321411915057,TL
2025-12-12,TL2603.CFX,12,0.22510200956909104,46,,-0.014360461018409366,TL
2025-12-15,TL2603.CFX,12,0.223680557289126,43,,0.025882436756680886,TL
2025-12-16,TL2603.CFX,12,0.21202780783878658,41,,0.013601315211330577,TL
2025-12-17,TL2603.CFX,12,0.274127759482497,34,,0.023442156005667826,TL
2025-12-18,TL2603.CFX,12,0.2193854300772519,32,,0.003901404320969276,TL
2025-12-19,TL2603.CFX,12,0.20876923456735472,29,,-0.0022465023205077315,TL
2025-12-22,TL2603.CFX,12,0.18462077581372835,30,,-0.012017258896525867,TL
2025-12-23,TL2603.CFX,12,0.2124405816606319,39,,-0.015813900990725372,TL
2025-12-24,TL2603.CFX,12,0.23886873293668714,30,0.8,0.004263795281214772,TL
2025-12-25,TL2603.CFX,12,0.20547802386379527,26,0.38095238095238093,0.004766553571583993,TL
2025-12-26,TL2603.CFX,12,0.20155576376950962,27,0.3181818181818182,0.0026907418114725913,TL
2025-12-29,TL2603.CFX,12,0.18831038707141207,39,0.30434782608695654,-0.008557335834561714,TL
2025-12-30,TL2603.CFX,12,0.15984271341908377,23,0.08333333333333333,-0.017521967582759,TL
2025-12-31,TL2603.CFX,12,0.18509569456705582,32,0.32,-0.008247770894390483,TL
2026-01-05,TL2603.CFX,12,0.1673108971161173,25,0.11538461538461539,-0.007170442581114095,TL
2026-01-06,TL2603.CFX,12,0.1912947385513591,29,0.4074074074074074,0.0013436886656927605,TL
2026-01-07,TL2603.CFX,12,0.23469264283317903,34,0.8214285714285714,0.01558989028124938,TL
2026-01-08,TL2603.CFX,12,0.1840228431876662,33,0.2413793103448276,0.006523604295828244,TL
2026-01-09,TL2603.CFX,12,0.24008974865024468,31,0.8666666666666667,0.013828580770456183,TL
2026-01-12,TL2603.CFX,12,0.15153110062863442,27,0.06451612903225806,-0.007413017002838368,TL
2026-01-13,TL2603.CFX,12,0.20513083307237684,25,0.5,-0.009161536208063625,TL
2026-01-14,TL2603.CFX,12,0.2612191077497559,42,0.9393939393939394,0.011943361354631149,TL
2026-01-15,TL2603.CFX,12,0.2027738301235517,28,0.4411764705882353,0.003505617006773554,TL
2026-01-16,TL2603.CFX,12,0.09614840399396386,26,0.0,-0.011312239621816624,TL
2026-01-19,TL2603.CFX,12,0.18390116095539763,21,0.25,-0.020753004798975044,TL
2026-01-20,TL2603.CFX,12,0.1909210015869605,30,0.40540540540540543,-0.015946888149374488,TL
2026-01-21,TL2603.CFX,12,0.2279329681508367,30,0.7894736842105263,0.014509087364756656,TL
2026-01-22,TL2603.CFX,12,0.16684389688079182,19,0.1282051282051282,0.0185422792969095,TL
2026-01-23,TL2603.CFX,12,0.2045824763836553,26,0.525,0.001728552615034662,TL
2026-01-26,TL2603.CFX,12,0.1628671449380505,20,0.12195121951219512,-0.00794582050650014,TL
2026-01-27,TL2603.CFX,12,0.246047794595429,26,0.9047619047619048,0.0032252900946443284,TL
2026-01-28,TL2603.CFX,12,0.24717963898146697,20,0.9069767441860465,0.02021368024131241,TL
2026-01-29,TL2603.CFX,12,0.14130726826571974,23,0.045454545454545456,-0.004223792219245454,TL
2026-01-30,TL2603.CFX,12,0.23728320904996547,27,0.8,0.004409160189412065,TL
2026-02-02,TL2603.CFX,12,0.2225652563827875,32,0.6956521739130435,-0.005686150635678444,TL
2026-02-03,TL2603.CFX,12,0.16772406841843468,26,0.19148936170212766,-0.007765315300899684,TL
2026-02-04,TL2603.CFX,12,0.20228741929025426,20,0.4583333333333333,0.005240116141753831,TL
2026-02-05,TL2603.CFX,12,0.2574348587558654,32,0.9387755102040817,0.0020025462319266606,TL
2026-02-06,TL2603.CFX,12,0.18500441559347539,27,0.34,0.0014589108758806479,TL
2026-02-09,TL2603.CFX,12,0.18080295618142345,21,0.23529411764705882,0.0008874771829198603,TL
2026-02-10,TL2603.CFX,12,0.14282120134519216,17,0.057692307692307696,-0.019556433846456618,TL
2026-02-11,TL2603.CFX,12,0.13689352222056855,21,0.03773584905660377,-0.028326588731887693,TL
2026-02-12,TL2603.CFX,12,0.11292739309156681,15,0.018518518518518517,-0.018806347896467204,TL
2026-02-13,TL2603.CFX,12,0.2280379755067483,24,0.7818181818181819,0.006457623039702437,TL
2026-02-24,TL2603.CFX,12,0.22752110623691757,17,0.75,0.026054426306963058,TL
2026-02-25,TL2603.CFX,12,0.1219344052960319,12,0.05263157894736842,0.008467547929627747,TL
2026-02-26,TL2606.CFX,13,,17,,,TL
2026-02-27,TL2606.CFX,13,0.17939237752059448,21,,,TL
2026-03-02,TL2606.CFX,13,0.16965741438967438,26,,,TL
2026-03-03,TL2606.CFX,13,0.25093732813035863,22,,,TL
2026-03-04,TL2606.CFX,13,0.17966287695088684,19,,,TL
2026-03-05,TL2606.CFX,13,0.17750168234218672,19,,0.0006224072204396968,TL
2026-03-06,TL2606.CFX,13,0.27376024836170376,21,,0.013477002215588679,TL
2026-03-09,TL2606.CFX,13,0.19662314612085158,44,,-0.0014530992608197124,TL
2026-03-10,TL2606.CFX,13,0.17524051906193885,30,,0.0010276748000768831,TL
2026-03-11,TL2606.CFX,13,0.17315086583516756,21,,-0.010722136231380325,TL
2026-03-12,TL2606.CFX,13,0.1742495714846903,26,,-0.022249363403971094,TL
2026-03-13,TL2606.CFX,13,0.1619857272333019,20,,-0.007026578535234784,TL
2026-03-16,TL2606.CFX,13,0.1761873696225052,26,,-0.0009271437480732947,TL
2026-03-17,TL2606.CFX,13,0.20448326678096018,18,,0.006460260002940016,TL
2026-03-18,TL2606.CFX,13,0.17248668856984944,21,,0.0038971773717976555,TL
2026-03-19,TL2606.CFX,13,0.15904904647119605,25,,-0.0009574042576867503,TL
2026-03-20,TL2606.CFX,13,0.22235854615251963,25,,0.004690813275026473,TL
2026-03-23,TL2606.CFX,13,0.28861885209733434,28,,0.021814302821541842,TL
2026-03-24,TL2606.CFX,13,0.14808120117746096,25,,0.008075883084136126,TL
2026-03-25,TL2606.CFX,13,0.17528575854599487,21,,-0.0041803920825461026,TL
2026-03-26,TL2606.CFX,13,0.19582339974466198,23,,-0.01664033863670547,TL
2026-03-27,TL2606.CFX,13,0.20953759038945355,22,0.8,-0.011042032484856051,TL
2026-03-30,TL2606.CFX,13,0.15565967500502215,24,0.047619047619047616,0.0049408779498581025,TL
2026-03-31,TL2606.CFX,13,0.20293548575772863,23,0.7272727272727273,0.0015135729683827647,TL
2026-04-01,TL2606.CFX,13,0.17220043479410016,24,0.21739130434782608,-0.005384803453284859,TL
2026-04-02,TL2606.CFX,13,0.18079980716147342,25,0.625,-0.00409348066668822,TL
2026-04-03,TL2606.CFX,13,0.36490724880859904,31,1.0,0.039635946901089854,TL
2026-04-07,TL2606.CFX,13,0.18632424191409885,19,0.6153846153846154,0.01594843263272393,TL
2026-04-08,TL2606.CFX,13,0.1531064797025566,28,0.037037037037037035,-0.0032663475430461664,TL
2026-04-09,TL2606.CFX,13,0.17713720179911288,24,0.4642857142857143,-0.02191259798307635,TL
2026-04-10,TL2606.CFX,13,0.18294190147224504,26,0.6206896551724138,-0.037311773478769406,TL
2026-04-13,TL2606.CFX,13,0.11869785933500529,28,0.0,-0.010541734338849872,TL
2026-04-14,TL2606.CFX,13,0.21654249745952564,31,0.8387096774193549,0.0068432693049830465,TL
2026-04-15,TL2606.CFX,13,0.15152788361738304,27,0.0625,-0.0017618040376179088,TL
2026-04-16,TL2606.CFX,13,0.17390419740107296,29,0.3333333333333333,0.0014754616140033538,TL
2026-04-17,TL2606.CFX,13,0.25091684110547574,33,0.8823529411764706,0.022179966348248824,TL
2026-04-20,TL2606.CFX,13,0.11300532520620613,24,0.0,-0.01076853870185463,TL
2026-04-21,TL2606.CFX,13,0.19856695658380538,37,0.7222222222222222,0.0033179273737977853,TL
2026-04-22,TL2606.CFX,13,0.30272743160473425,32,0.972972972972973,0.02052965838856523,TL
2026-04-23,TL2606.CFX,13,0.15291469047776055,30,0.10526315789473684,-0.0006282194856902235,TL
2026-04-24,TL2606.CFX,13,0.24984397394375363,38,0.8461538461538461,0.022802503136905017,TL
2026-04-27,TL2606.CFX,13,0.2355029577883636,35,0.825,0.0020988544748135884,TL
2026-04-28,TL2606.CFX,13,0.2160590998253742,29,0.7560975609756098,-0.009074839624811704,TL
2026-04-29,TL2606.CFX,13,0.1710190501251084,25,0.23809523809523808,0.0002423845176316275,TL
2026-04-30,TL2606.CFX,13,0.14863331757755277,26,0.06976744186046512,-0.02669052203956569,TL
2026-05-06,TL2606.CFX,13,0.15744825318224556,34,0.18181818181818182,-0.02235351914600576,TL
2026-05-07,TL2606.CFX,13,0.17622363193024557,24,0.4666666666666667,-0.009324173273312013,TL
2026-05-08,TL2606.CFX,13,0.1593885584077253,22,0.21739130434782608,0.0004329330917926644,TL
2026-05-11,TL2606.CFX,13,0.19049272040094853,32,0.6382978723404256,0.008565911087227129,TL
2026-05-12,TL2606.CFX,13,0.16063255961809664,23,0.22916666666666666,0.0020637701342405166,TL
2026-05-13,TL2606.CFX,13,0.22332494915430773,24,0.8367346938775511,0.009544663565849565,TL
2026-05-14,TL2606.CFX,13,0.19118519529395295,26,0.64,0.009642550252581445,TL
2026-05-15,TL2606.CFX,13,0.22879914373486732,23,0.8431372549019608,0.010716548234369383,TL
2026-05-18,TL2606.CFX,13,0.15652338067962687,29,0.15384615384615385,-0.00027441632963798865,TL
2026-05-19,TL2606.CFX,13,0.2533043470742852,25,0.9245283018867925,0.0025296981225628847,TL
2026-05-20,TL2606.CFX,13,0.1953478554052459,26,0.6296296296296297,0.0032830523562003776,TL
2026-05-21,TL2606.CFX,13,0.14680245221071628,23,0.03636363636363636,-0.012516890832268307,TL
2026-05-22,TL2606.CFX,13,0.19657925136718685,18,0.6607142857142857,-0.0026390153488448863,TL
2026-05-25,TL2606.CFX,13,0.14384583294140907,12,0.03508771929824561,-0.02176856323038112,TL
2026-05-26,TL2609.CFX,14,0.20347382214376739,20,,,TL
2026-05-27,TL2609.CFX,14,0.17564588175832227,24,,,TL
2026-05-28,TL2609.CFX,14,0.22860044721368697,28,,,TL
2026-05-29,TL2609.CFX,14,0.17979599696159346,29,,,TL
2026-06-01,TL2609.CFX,14,0.18066861411282137,28,,-0.004146030085862085,TL
2026-06-02,TL2609.CFX,14,0.1478064143200461,24,,-0.010361076797741791,TL
2026-06-03,TL2609.CFX,14,0.18574180721491404,30,,-0.011770686263909324,TL
2026-06-04,TL2609.CFX,14,0.22461272370516272,26,,0.009470664658923123,TL
2026-06-05,TL2609.CFX,14,0.2801551386947049,30,,0.02757793585488837,TL
2026-06-08,TL2609.CFX,14,0.24220153448571025,39,,0.02832035718111191,TL
2026-06-09,TL2609.CFX,14,0.10584596372425872,25,,-0.014220287620076317,TL
2026-06-10,TL2609.CFX,14,0.1756233517580323,33,,-0.027228791886470705,TL
2026-06-11,TL2609.CFX,14,0.17039866089113986,28,,-0.028609113833480793,TL
2026-06-12,TL2609.CFX,14,0.2871961960193955,33,,0.015454202023425168,TL
2026-06-15,TL2609.CFX,14,0.1419946343668825,27,,0.01838701855466108,TL
2026-06-16,TL2609.CFX,14,0.2247372553398411,29,,0.006982378063936029,TL
2026-06-17,TL2609.CFX,14,0.1981487494825077,26,,-0.0006958763496818677,TL
2026-06-18,TL2609.CFX,14,0.1526311602577864,20,,-0.021297595640759302,TL
2026-06-22,TL2609.CFX,14,0.20535947753391565,31,,0.00546235912520116,TL
2026-06-23,TL2609.CFX,14,0.22514664487885788,31,,0.0008029507129441559,TL
2026-06-24,TL2609.CFX,14,0.2008911259082847,26,0.55,0.007800023747262552,TL
2026-06-25,TL2609.CFX,14,0.36923295937034883,46,1.0,0.04287352465994939,TL
2026-06-26,TL2609.CFX,14,0.1951626731660924,29,0.45454545454545453,0.012369270575584452,TL
2026-06-29,TL2609.CFX,14,0.17095461782670202,27,0.21739130434782608,-0.011411250684650409,TL
2026-06-30,TL2609.CFX,14,0.17889550544095528,34,0.3333333333333333,-0.024226958247830555,TL
2026-07-01,TL2609.CFX,14,0.13187562050705867,27,0.04,-0.049098184545171744,TL
2026-07-02,TL2609.CFX,14,0.1624446939794288,21,0.19230769230769232,-0.010451495569297054,TL
2026-07-03,TL2609.CFX,14,0.1964105988514354,22,0.5555555555555556,0.0034461150587940304,TL
2026-07-06,TL2609.CFX,14,0.22375528511962123,22,0.7142857142857143,0.01542545377017086,TL
2026-07-07,TL2609.CFX,14,0.20211938470858257,20,0.6206896551724138,0.02017981195432402,TL
2026-07-08,TL2609.CFX,14,0.24937449388645755,26,0.9,0.01795683856712047,TL
2026-07-09,TL2609.CFX,14,0.17891724546240206,17,0.3548387096774194,-0.0009367498011230325,TL
2026-07-10,TL2609.CFX,14,0.17610723508407553,21,0.3125,-0.011849823931727194,TL
2026-07-13,TL2609.CFX,14,0.2331083755065529,24,0.8484848484848485,-0.0011289277206441351,TL
2026-07-14,TL2609.CFX,14,0.2479134894945994,26,0.8823529411764706,0.005126912126043453,TL
2026-07-15,TL2609.CFX,14,0.17407257132863307,19,0.22857142857142856,0.0062116906142985874,TL
2026-07-16,TL2609.CFX,14,0.19647389389843903,22,0.5277777777777778,-0.001830248654919281,TL
2026-07-17,TL2609.CFX,14,0.21155668643061798,28,0.6756756756756757,-0.009454297374803022,TL
2026-07-20,TL2609.CFX,14,0.19275290980832838,20,0.4473684210526316,-0.007283704427055715,TL
2026-07-21,TL2609.CFX,14,0.2192963354347278,20,0.6923076923076923,0.008672654412207876,TL
2026-07-22,TL2609.CFX,14,0.23826491702690586,38,0.85,0.009132169526104345,TL
2026-07-23,TL2609.CFX,14,0.17445439449560732,27,0.21951219512195122,-0.0028692576651443815,TL
2026-07-24,TL2609.CFX,14,0.2723535033746657,23,0.9285714285714286,0.011435924619355409,TL
2026-07-27,TL2609.CFX,14,0.2578609207303087,32,0.9069767441860465,0.011121775693892166,TL
2026-07-28,TL2609.CFX,14,0.1830431549694787,23,0.38636363636363635,-0.0027036997880152958,TL
2026-07-29,TL2609.CFX,14,0.26721284114190214,33,0.9111111111111111,0.00962065448874026,TL
2026-07-30,TL2609.CFX,14,0.5278967097424038,36,1.0,0.052043833314706966,TL
2026-07-31,TL2609.CFX,14,0.17100037739464555,27,0.1702127659574468,0.017113246810159872,TL
2026-08-03,TL2609.CFX,14,0.20020888847602175,20,0.5208333333333334,-0.006188099673417047,TL
2026-08-04,TL2609.CFX,14,0.27201710979172167,29,0.8979591836734694,-0.031807928396674276,TL
2026-08-05,TL2609.CFX,14,0.24540641769686006,30,0.8,-0.04639638516940113,TL
2026-08-06,TL2609.CFX,14,0.2256032783902382,27,0.7058823529411765,0.01544033312120236,TL
2026-08-07,TL2609.CFX,14,0.29684586556873926,32,0.9615384615384616,0.014686012278395156,TL
2026-08-10,TL2609.CFX,14,0.15083519634479126,28,0.07547169811320754,-0.019092437902198157,TL
2026-08-11,TL2609.CFX,14,0.15733435454072026,30,0.1111111111111111,-0.025091220835772653,TL
2026-08-12,TL2609.CFX,14,0.25007758965173,30,0.8363636363636363,-0.009056288850503535,TL
2026-08-13,TL2609.CFX,14,0.17762994921705993,24,0.2857142857142857,-0.013918943939641992,TL
2026-08-14,TL2609.CFX,14,0.17080525547110045,24,0.15789473684210525,0.006023571292895808,TL
2026-08-17,TL2609.CFX,14,0.23174153951223878,27,0.7241379310344828,0.006954203576240753,TL
2026-08-18,TL2609.CFX,14,0.16906356685606394,27,0.13559322033898305,-0.010791645529615323,TL
2026-08-19,TL2609.CFX,14,0.2579703885010516,32,0.8666666666666667,0.015893918995294676,TL
2026-08-20,TL2609.CFX,14,0.13330832509801954,32,0.03333333333333333,-0.004876501175734904,TL
2026-08-21,TL2609.CFX,14,0.18179289534882503,34,0.38333333333333336,-0.013565253008487193,TL
2026-08-24,TL2609.CFX,14,0.14917309972886678,29,0.08333333333333333,-0.011595842740662088,TL
2026-08-25,TL2609.CFX,14,0.1855334269578729,15,0.4166666666666667,-0.012900914845551026,TL
2026-08-26,TL2612.CFX,15,,16,,,TL
2026-08-27,TL2612.CFX,15,0.30263851434539724,39,,,TL
2026-08-28,TL2612.CFX,15,0.2128829752409251,27,,,TL
2026-08-31,TL2612.CFX,15,0.24126673477696087,20,,,TL
2026-09-01,TL2612.CFX,15,0.2070421880013363,24,,,TL
2026-09-02,TL2612.CFX,15,0.25220505987972347,28,,-0.010670769617093633,TL
2026-09-03,TL2612.CFX,15,0.2080497668742544,30,,0.00012719083694211485,TL
2026-09-04,TL2612.CFX,15,0.17127379735254925,19,,-0.013897829597590523,TL
2026-09-07,TL2612.CFX,15,0.24461428976111113,20,,-0.0005787059007624606,TL
2026-09-08,TL2612.CFX,15,0.14520268690086793,20,,-0.01774402230708543,TL
2026-09-09,TL2612.CFX,15,0.2668432014942436,22,,0.009151575878829709,TL
2026-09-10,TL2612.CFX,15,0.22161334862856572,25,,0.01229080142851654,TL
2026-09-11,TL2612.CFX,15,0.15878579388335629,24,,-0.009524633002781191,TL
2026-09-14,TL2612.CFX,15,0.20161435733764405,28,,0.00047659332626648896,TL
2026-09-15,TL2612.CFX,15,0.20912421940354214,22,,-0.013543695547232459,TL
2026-09-16,TL2612.CFX,15,0.3061614718246444,26,,0.021943467191234328,TL
2026-09-17,TL2612.CFX,15,0.2175814558869836,23,,0.022213843849425506,TL
2026-09-18,TL2612.CFX,15,0.20912660466185123,28,,0.002348173113185581,TL
2026-09-21,TL2612.CFX,15,0.1701638592038902,23,,-0.017495558756209718,TL
2026-09-22,TL2612.CFX,15,0.1943660239727461,25,,-0.027100849238689006,TL
2026-09-23,TL2612.CFX,15,0.1840685374858077,20,,-0.008178641749145694,TL
2026-09-24,TL2612.CFX,15,0.19516699795757791,23,0.3,-0.0014014535126629147,TL
2026-09-28,TL2612.CFX,15,0.10781147289189685,25,0.0,-0.012390379863915484,TL
2026-09-29,TL2612.CFX,15,0.21380636505354858,27,0.6363636363636364,-0.0037376382432305843,TL
2026-09-30,TL2612.CFX,15,0.23838373660397671,37,0.7391304347826086,0.01272697653323086,TL
