contract,date,roll_flag,daily_close,daily_return,daily_mean_vpin,daily_max_vpin,daily_vpin_slope,daily_vpin_zscore,daily_vpin_percentile,future_return,signal_raw,position,vpin_high_flag,slope_positive_flag
T,2015-03-20,False,97.09,,0.3245542167844171,0.4015290358468573,,,,-0.0007209805335256503,1.0,1.0,False,False
T,2015-03-23,False,97.02,-0.0007209805335256503,0.24209865127725277,0.30292854798609464,,,,-0.001030715316429509,1.0,1.0,False,False
T,2015-03-24,False,96.92,-0.001030715316429509,0.5137368547799022,0.6036181439925529,,,,-0.0007222451506397887,1.0,1.0,False,False
T,2015-03-25,False,96.85,-0.0007222451506397887,0.49509737156884326,0.5391593519126531,,,,-0.004956117707795471,1.0,1.0,False,False
T,2015-03-26,False,96.37,-0.004956117707795471,0.5050089436199511,0.5972173603402889,0.06139081739626584,,,0.001245200788626999,1.0,1.0,False,True
T,2015-03-27,False,96.49,0.001245200788626999,0.6107255055632104,0.6789390706643736,0.07285257974119641,,,-0.003420043527826655,1.0,1.0,False,True
T,2015-03-30,False,96.16,-0.003420043527826655,0.4762811917533442,0.5229451233155007,0.004071680794125121,,,-0.0053036605657237335,1.0,1.0,False,True
T,2015-03-31,False,95.65,-0.0053036605657237335,0.3062857099827532,0.39646357407490546,-0.040635107503878706,,,0.004652378463146922,1.0,1.0,False,False
T,2015-04-01,False,96.095,0.004652378463146922,0.43040307126311156,0.5773228003617862,-0.04536515402941362,,,0.002341432956969536,1.0,1.0,False,False
T,2015-04-02,False,96.32,0.002341432956969536,0.6167738105438076,0.6885697607726968,-0.0033781510529038105,,,-0.0032184385382058034,1.0,1.0,False,False
T,2015-04-03,False,96.01,-0.0032184385382058034,0.48885780479759566,0.5243155854041932,0.03356413266495574,,,-0.0008332465368190434,1.0,1.0,False,True
T,2015-04-07,False,95.93,-0.0008332465368190434,0.6025895892370122,0.6685189578461385,0.06510624920430022,,,-0.008026686125299776,1.0,1.0,False,True
T,2015-04-08,False,95.16,-0.008026686125299776,0.5460983298824587,0.6191070516308204,0.021720629593189877,,,0.0011034047919293855,1.0,1.0,False,True
T,2015-04-09,False,95.265,0.0011034047919293855,0.507008033160429,0.5733327593860298,-0.016229102968189434,,,-0.000787277594079705,1.0,1.0,False,False
T,2015-04-10,False,95.19,-0.000787277594079705,0.4302437261764313,0.4718748611634554,-0.021280971331891198,,,0.004622334278810758,1.0,1.0,False,False
T,2015-04-13,False,95.63,0.004622334278810758,0.5221493333020049,0.608843807951159,-0.027673511557604207,,,-0.0006274181742131901,1.0,1.0,False,False
T,2015-04-14,False,95.57,-0.0006274181742131901,0.5093261102046237,0.5550056915290769,-0.005840313921409402,,,0.006068850057549646,1.0,1.0,False,False
T,2015-04-15,False,96.15,0.006068850057549646,0.5555050108871178,0.6216384975151106,0.017607633948157002,,,0.00031201248049916863,1.0,1.0,False,True
T,2015-04-16,False,96.18,0.00031201248049916863,0.44264953241524896,0.5351053269994129,0.005816729006274823,,,0.0012476606363067688,1.0,1.0,False,True
T,2015-04-17,False,96.3,0.0012476606363067688,0.5208562532691843,0.6691255640090227,-0.006926273785501591,,,0.00986500519210809,1.0,1.0,False,False
T,2015-04-20,False,97.25,0.00986500519210809,0.4705146698922355,0.6466865040831172,-0.011227163824270992,,,0.001439588688946003,1.0,1.0,False,False
T,2015-04-21,False,97.39,0.001439588688946003,0.4884955755368186,0.5983570696322233,-0.010615373322361182,,,0.00030803983981919636,1.0,1.0,False,False
T,2015-04-22,False,97.42,0.00030803983981919636,0.4659104768589267,0.5633529039921685,0.001416121115498986,,,-0.0008211866146581315,1.0,1.0,False,True
T,2015-04-23,False,97.34,-0.0008211866146581315,0.5645029673498945,0.661525601577131,0.00826892351281116,,,-0.0031847133757961776,1.0,1.0,False,True
T,2015-04-24,False,97.03,-0.0031847133757961776,0.539020791608084,0.5879788702869327,0.02130196352447729,,,0.0075234463567968035,1.0,1.0,False,True
T,2015-04-27,False,97.76,0.0075234463567968035,0.5877289451933495,0.670643867429391,0.02715770540622191,,,-0.00020458265139122744,1.0,1.0,False,True
T,2015-04-28,False,97.74,-0.00020458265139122744,0.44887739596389853,0.5294656901708846,-0.0010840183946601357,,,-0.0005115612850419282,1.0,1.0,False,False
T,2015-04-29,False,97.69,-0.0005115612850419282,0.41534388475417566,0.47289797095591696,-0.03884615608356231,,,0.0027126625038387253,1.0,1.0,False,False
T,2015-04-30,False,97.955,0.0027126625038387253,0.5215036820382917,0.6150399881560699,-0.020741927957875855,,,-0.004593946199785592,1.0,1.0,False,False
T,2015-05-05,False,97.505,-0.004593946199785592,0.45265210652563914,0.613469022185687,-0.01975273912610276,-0.39613928154194183,0.3,-0.0035895595097686916,1.0,1.0,False,False
T,2015-05-06,False,97.155,-0.0035895595097686916,0.5062782165692753,0.59572142866322,0.015210986298221702,0.22413482542565868,0.5483870967741935,0.0004631773969430153,1.0,1.0,False,True
T,2015-05-07,False,97.2,0.0004631773969430153,0.5180772739522395,0.5999186307329307,0.019024131292711122,0.357364141805135,0.65625,0.002572016460905324,1.0,1.0,False,True
T,2015-05-08,False,97.45,0.002572016460905324,0.518978731243788,0.5593416909109997,0.006037526583759301,0.3619668915569955,0.6666666666666666,-0.001334017444843627,1.0,1.0,False,True
T,2015-05-11,False,97.32,-0.001334017444843627,0.6170845104356468,0.6669110445922424,0.03415653224945281,1.4794751402571775,1.0,-0.00339087546239214,0.0,1.0,True,True
T,2015-05-12,False,96.99,-0.00339087546239214,0.48217936235653,0.5660095620157675,0.005080952805791672,-0.12688964847450443,0.37142857142857144,0.002422930198989537,1.0,0.0,False,True
T,2015-05-13,False,97.225,0.002422930198989537,0.532881051129085,0.6050886778737309,-0.0007191814533566932,0.47823735312358695,0.75,-0.001285677552069986,1.0,1.0,False,False
T,2015-05-14,False,97.1,-0.001285677552069986,0.42473088932961056,0.5017438590514334,-0.027269914313491673,-0.8253953822691651,0.13513513513513514,0.0008753861997941037,1.0,1.0,False,False
T,2015-05-15,False,97.185,0.0008753861997941037,0.46255906083485276,0.511682501611199,-0.03664993722285075,-0.3554113294387392,0.2894736842105263,-0.004939033801512616,1.0,1.0,False,False
T,2015-05-18,False,96.705,-0.004939033801512616,0.6646217196308161,0.7328083649299453,0.029456272425433992,2.0100704118628014,1.0,-0.0014994054082001496,0.0,1.0,True,True
T,2015-05-19,False,96.56,-0.0014994054082001496,0.570865966469561,0.7224888968931104,0.03158606609821575,0.8752069995234691,0.85,0.003314001657000798,0.0,0.0,True,True
T,2015-05-20,False,96.88,0.003314001657000798,0.46883514879236354,0.5349620879621001,0.01965154245602142,-0.33698427919723795,0.3170731707317073,-0.0021160198183319823,1.0,0.0,False,True
T,2015-05-21,False,96.675,-0.0021160198183319823,0.44228337546709934,0.5307319218861073,-0.023633794157395936,-0.6461203570684872,0.19047619047619047,0.0006723558313939115,1.0,1.0,False,False
T,2015-05-22,False,96.74,0.0006723558313939115,0.47493836559544006,0.5539094728518965,-0.05079492990732137,-0.2464680895685629,0.37209302325581395,-0.0022741368616910895,1.0,1.0,False,False
T,2015-05-25,False,96.52,-0.0022741368616910895,0.5247350684526345,0.5721978609244965,-0.008615857923077647,0.3605954876636233,0.7272727272727273,-0.008910070451719876,1.0,1.0,False,False
T,2015-05-26,False,95.66,-0.008910070451719876,0.5113694317431599,0.6446018656580338,0.01675202588871278,0.19251805854512646,0.5777777777777777,0.0014635166213674555,1.0,1.0,False,True
T,2015-05-27,False,95.8,0.0014635166213674555,0.6258210864174338,0.682997043748662,0.04035064880483888,1.5657607219790304,0.9782608695652174,-0.008350730688935215,0.0,1.0,True,True
T,2015-05-28,False,95.0,-0.008350730688935215,0.47099961422247644,0.6505101293714055,0.009320851521887209,-0.3393929561985214,0.3404255319148936,-0.0008421052631578663,1.0,0.0,False,True
T,2015-05-29,False,94.92,-0.0008421052631578663,0.5470897501358846,0.6457453744895961,0.0004339545845816695,0.5994811258042465,0.7916666666666666,-0.007427307206068212,1.0,1.0,False,True
T,2015-06-01,False,94.215,-0.007427307206068212,0.5654655002462391,0.6869560791465475,0.0029460800724609216,0.8156947948355587,0.8367346938775511,0.008225866369474089,0.0,1.0,True,True
T,2015-06-02,False,94.99,0.008225866369474089,0.5117544758909857,0.6375727996567044,-0.01336673350291337,0.13860960136759817,0.56,0.0007369196757553986,1.0,0.0,False,False
T,2015-06-03,False,95.06,0.0007369196757553986,0.5295040821030985,0.5959283570554968,0.008167366151634525,0.36017327030610996,0.7058823529411765,-0.0015779507679360982,1.0,1.0,False,True
T,2015-06-04,False,94.91,-0.0015779507679360982,0.5659718736235152,0.6701395395041303,0.00018028288321206843,0.8143878248540027,0.8461538461538461,0.004109156042566564,0.0,1.0,True,True
T,2015-06-05,False,95.3,0.004109156042566564,0.556706394394066,0.6843806684372677,0.0036699186028183338,0.6855802906123073,0.7924528301886793,0.0027282266526758026,1.0,0.0,False,True
T,2015-06-08,False,95.56,0.0027282266526758026,0.46853195816242516,0.5300168051700266,-0.005924272316615353,-0.44920464021708995,0.25925925925925924,-0.0008894935119297953,1.0,1.0,False,False
T,2015-06-09,False,95.475,-0.0008894935119297953,0.6108500700698942,0.6735082679275953,0.006525206047250137,1.3671540799097972,0.9272727272727272,-0.005184603299292934,0.0,1.0,True,True
T,2015-06-10,False,94.98,-0.005184603299292934,0.6484848230951527,0.7176112651979341,0.021916957461910313,1.7820250743876098,0.9821428571428571,-0.0015792798483892367,0.0,0.0,True,True
T,2015-06-11,False,94.83,-0.0015792798483892367,0.5453241799811475,0.6133834823525751,0.015718843610689044,0.47259982181691573,0.7017543859649122,-0.0022144890857322963,1.0,0.0,False,True
T,2015-06-12,False,94.62,-0.0022144890857322963,0.5951099525687564,0.6588015686305412,0.01876300987239158,1.0854708400314186,0.8620689655172413,-0.004385964912280715,0.0,1.0,True,True
T,2015-06-15,False,94.205,-0.004385964912280715,0.5040523132086046,0.5652548112249043,-0.026697038424897557,-0.07122633519044287,0.4067796610169492,0.009819011729738314,1.0,0.0,False,False
T,2015-06-16,False,95.13,0.009819011729738314,0.5801580252939941,0.6228389228340918,-0.017792546237486006,0.890850964399312,0.8333333333333334,-0.0017870282770945378,1.0,1.0,True,False
T,2015-06-17,False,94.96,-0.0017870282770945378,0.5667678673828639,0.6223372393240785,0.0027935447528670498,0.6996220956065898,0.8,0.003053917438921694,0.0,1.0,True,True
T,2015-06-18,False,95.25,0.003053917438921694,0.5959961080192607,0.6350556418224262,0.006448786507526794,1.1441454558814603,0.8666666666666667,-0.002414698162729656,0.0,0.0,True,True
T,2015-06-19,False,95.02,-0.002414698162729656,0.5575760478565829,0.6242672637925908,0.01228855520212233,0.5477192381979524,0.7166666666666667,-0.0011576510208377577,1.0,0.0,False,True
T,2015-06-23,False,94.91,-0.0011576510208377577,0.5027930692605748,0.5517509734636858,-0.016392173159311962,-0.28499854672403385,0.35,-0.00027394373617106726,1.0,1.0,False,False
T,2015-06-24,False,94.884,-0.00027394373617106726,0.5385711378724986,0.5631325891246884,-0.014959649777941664,0.24932601636757976,0.6,-0.0008852915138485296,1.0,1.0,False,False
T,2015-06-25,False,94.8,-0.0008852915138485296,0.5224654787203687,0.5558835506819766,-0.01660661685818683,0.027728458664636073,0.55,-0.0008966244725737704,1.0,1.0,False,False
T,2015-06-26,False,94.715,-0.0008966244725737704,0.44241055226672044,0.5349663140189681,-0.02106585817199309,-1.187646362520128,0.11666666666666667,-0.001900438156575035,1.0,1.0,False,False
T,2015-06-29,False,94.535,-0.001900438156575035,0.5359355737610264,0.5692903250273067,-0.0029875576604874833,0.20312068286504478,0.6,0.002327180409372076,1.0,1.0,False,False
T,2015-06-30,False,94.755,0.002327180409372076,0.5591299338967318,0.6035351462653741,0.00545876870891242,0.5700972038363761,0.7333333333333333,-0.00116088860746133,1.0,1.0,False,True
T,2015-07-01,False,94.645,-0.00116088860746133,0.4993300829074729,0.5473297676327856,0.007044859000421966,-0.43610198029867314,0.31666666666666665,-0.0003698029478577114,1.0,1.0,False,True
T,2015-07-02,False,94.61,-0.0003698029478577114,0.5969440565301916,0.6445451746435843,0.027246151767338873,1.2371087967028398,0.9,0.006447521403657008,0.0,1.0,True,True
T,2015-07-03,False,95.22,0.006447521403657008,0.5919289851439781,0.6612847266623023,0.014980094539936307,1.157392253527743,0.8666666666666667,0.007351396765385543,0.0,0.0,True,True
T,2015-07-06,False,95.92,0.007351396765385543,0.5068382777035083,0.5926817942299871,-0.0011984410149941838,-0.31917450692346594,0.36666666666666664,0.003753127606338502,1.0,0.0,False,False
T,2015-07-07,False,96.28,0.003753127606338502,0.5299650297876565,0.6039207410202005,-0.0028835885066316068,0.07869023877288028,0.5666666666666667,-0.004985459077690102,1.0,1.0,False,False
T,2015-07-08,False,95.8,-0.004985459077690102,0.5347439334571953,0.6653080504318225,-0.018636420150231415,0.13510947722312106,0.5833333333333334,0.0036534446764093786,1.0,1.0,False,False
T,2015-07-09,False,96.15,0.0036534446764093786,0.5598326022574193,0.6549187047636456,-0.0036287110019430635,0.5722645719248162,0.7333333333333333,-0.002080083203328198,1.0,1.0,False,False
T,2015-07-10,False,95.95,-0.002080083203328198,0.40721682629804873,0.4675034871537848,-0.01693753303411564,-2.050543301098207,0.016666666666666666,-0.002397081813444557,1.0,1.0,False,False
T,2015-07-13,False,95.72,-0.002397081813444557,0.5570174484970386,0.5850234448260765,-0.00734222697403823,0.5319050378603235,0.6833333333333333,-0.001514834935227749,1.0,1.0,False,False
T,2015-07-14,False,95.575,-0.001514834935227749,0.5616909810333012,0.6291715534844744,0.005107894139183111,0.5871321647201546,0.7333333333333333,-0.0013601883337693854,1.0,1.0,False,True
T,2015-07-15,False,95.445,-0.0013601883337693854,0.5643243934587192,0.6531419332596272,0.016345773713785233,0.6185818508053749,0.7333333333333333,0.0031955576510032113,1.0,1.0,False,True
T,2015-07-16,False,95.75,0.0031955576510032113,0.5130848885812278,0.6114754014056233,0.021904306952803876,-0.2902117271388928,0.38333333333333336,0.0005221932114882755,1.0,1.0,False,True
T,2015-07-17,False,95.8,0.0005221932114882755,0.46150722951738965,0.5093992551280694,-0.02396265304113713,-1.1806563094719567,0.13333333333333333,-0.0005219206680584509,1.0,1.0,False,False
T,2015-07-20,False,95.75,-0.0005219206680584509,0.4887340259180072,0.5914346306939813,-0.024873107417191752,-0.7163449124144253,0.25,-0.0021932114882505793,1.0,1.0,False,False
T,2015-07-21,False,95.54,-0.0021932114882505793,0.5291322184279587,0.5738632636977768,-0.009473521272474172,0.00370921203097548,0.48333333333333334,0.0009420138162026248,1.0,1.0,False,False
T,2015-07-22,False,95.63,0.0009420138162026248,0.5381178863787,0.6285709139027658,0.01176909845055133,0.1623520933871399,0.5833333333333334,0.002927951479661184,1.0,1.0,False,True
T,2015-07-23,False,95.91,0.002927951479661184,0.44902235812690633,0.4993101782710154,0.0024414117679726123,-1.357993776556407,0.11666666666666667,-0.0005213220727765533,1.0,1.0,False,True
T,2015-07-24,False,95.86,-0.0005213220727765533,0.5506192890173418,0.5855133874691343,0.004366066589761691,0.3967374717200563,0.65,0.0018777383684540627,1.0,1.0,False,True
T,2015-07-27,False,96.04,0.0018777383684540627,0.5443014251752699,0.666086389024067,0.0042839816133264375,0.2551701100624584,0.6,-0.00010412328196585108,1.0,1.0,False,True
T,2015-07-28,False,96.03,-0.00010412328196585108,0.5723352887408047,0.6873037194554023,0.016371387177257318,0.752119960697939,0.8333333333333334,0.000833072998021489,0.0,1.0,True,True
T,2015-07-29,False,96.11,0.000833072998021489,0.47406644513264945,0.522984047783823,0.007180417373494919,-1.063852100671217,0.18333333333333332,-0.0013526167932577104,1.0,0.0,False,True
T,2015-07-30,False,95.98,-0.0013526167932577104,0.5729557850009782,0.6361827094237698,-0.002556198807534765,0.7406611890261773,0.8333333333333334,-0.004532194207126472,1.0,1.0,True,False
T,2015-07-31,False,95.545,-0.004532194207126472,0.5840353910930988,0.665222964205074,0.008008842809583116,0.9183744627274868,0.85,0.0001046627243708187,0.0,1.0,True,True
T,2015-08-03,False,95.555,0.0001046627243708187,0.49878208140843233,0.5756287486819496,-0.0037137468704295518,-0.6339131432436704,0.25,0.0016221024540838958,1.0,0.0,False,False
T,2015-08-04,False,95.71,0.0016221024540838958,0.4824655970618542,0.5577376169508192,-0.005737539973413636,-0.902736744984662,0.23333333333333334,-0.0010970640476438698,1.0,1.0,False,False
T,2015-08-05,False,95.605,-0.0010970640476438698,0.5057211399891977,0.5612175314223191,-0.023603908405480566,-0.48235013471169874,0.31666666666666665,0.002824120077401737,1.0,1.0,False,False
T,2015-08-06,False,95.875,0.002824120077401737,0.460162800845981,0.5896222452738648,-0.024080612191347023,-1.2879737972805732,0.1,0.0004172099087353942,1.0,1.0,False,False
T,2015-08-07,False,95.915,0.0004172099087353942,0.5753216846447704,0.639541303050328,0.013077641025680292,0.7980885154153706,0.8333333333333334,-0.002502215503310312,0.0,1.0,True,True
T,2015-08-10,False,95.675,-0.002502215503310312,0.49886297168611154,0.5419733672478567,0.01023952939040874,-0.6615802238696638,0.25,-0.005069244839299714,1.0,0.0,False,True
T,2015-08-11,False,95.19,-0.005069244839299714,0.5904585970304852,0.6272770619954828,0.020817508492270563,1.1591920663687272,0.8833333333333333,0.0014707427250761906,0.0,1.0,True,True
T,2015-08-12,False,95.33,0.0014707427250761906,0.5853188726664817,0.6525796113899185,0.026544905602671632,1.0472398770084734,0.8666666666666667,,0.0,0.0,True,True
T,2015-08-13,True,95.52,,0.47417691668461087,0.4913002859044518,-0.011583363493994886,-1.1637932950760892,0.16666666666666666,0.0012562814070351536,1.0,0.0,False,False
T,2015-08-14,False,95.64,0.0012562814070351536,0.3720286598363488,0.45915512335256664,-0.03699503040453998,-3.001239207103181,0.016666666666666666,-0.003345880384776345,1.0,1.0,False,False
T,2015-08-17,False,95.32,-0.003345880384776345,0.4173525292123971,0.5482106347544897,-0.055950234846630906,-2.0702657383203498,0.05,0.0017310113302559937,1.0,1.0,False,False
T,2015-08-18,False,95.485,0.0017310113302559937,0.38394288865601084,0.5017778394040768,-0.045957635549315555,-2.4933398072921618,0.03333333333333333,-0.0012043776509398363,1.0,1.0,False,False
T,2015-08-19,False,95.37,-0.0012043776509398363,0.5430429985252124,0.5829880990563736,0.014964639250086514,0.24773174890195132,0.5333333333333333,0.0008388382090804836,1.0,1.0,False,True
T,2015-08-20,False,95.45,0.0008388382090804836,0.4859556715240501,0.5309106480501505,0.035354449268821794,-0.713427297507388,0.23333333333333334,0.0007333682556311949,1.0,1.0,False,True
T,2015-08-21,False,95.52,0.0007333682556311949,0.6079285567780496,0.638288705029241,0.04831648379993442,1.386850679876322,0.9666666666666667,0.0027742881072025938,0.0,1.0,True,True
T,2015-08-24,False,95.785,0.0027742881072025938,0.5945680209455131,0.6302456708062375,0.048613582283184166,1.1276948266271787,0.9,0.00015660072036327577,0.0,0.0,True,True
T,2015-08-25,False,95.8,0.00015660072036327577,0.4424102510549154,0.6231827454329619,-0.009265314551913113,-1.4500220132868054,0.08333333333333333,0.002139874739039538,1.0,0.0,False,False
T,2015-08-26,False,96.005,0.002139874739039538,0.4550792532391384,0.5193276131097753,-0.022727114229295763,-1.2032234735346572,0.13333333333333333,0.004114369043278998,1.0,1.0,False,False
T,2015-08-27,False,96.4,0.004114369043278998,0.47970193583473014,0.6073201931305898,-0.03959420095930136,-0.7702372412782073,0.23333333333333334,-0.0015041493775934667,1.0,1.0,False,False
T,2015-08-28,False,96.255,-0.0015041493775934667,0.529232650850594,0.6156811184442723,-0.009337905541002339,0.07094575240349768,0.4666666666666667,0.0052464807023013815,1.0,1.0,False,False
T,2015-08-31,False,96.76,0.0052464807023013815,0.5484274062440602,0.6024035001797431,0.02861877079897452,0.39686696013714623,0.6166666666666667,0.0016019016122363894,1.0,1.0,False,True
T,2015-09-01,False,96.915,0.0016019016122363894,0.5255835767454529,0.5681566590288208,0.020973411742195896,-0.0042129094555584745,0.43333333333333335,-0.0030439044523551395,1.0,1.0,False,True
T,2015-09-02,False,96.62,-0.0030439044523551395,0.5865606558844119,0.6429950975653254,0.021006836599422228,1.0476181290356192,0.8666666666666667,-0.0020699648105982904,0.0,1.0,True,True
T,2015-09-07,False,96.42,-0.0020699648105982904,0.4937024207829351,0.5326196007208069,-0.003292721049496616,-0.5185462234993017,0.2833333333333333,-0.00046670815183569303,1.0,0.0,False,False
T,2015-09-08,False,96.375,-0.00046670815183569303,0.6588856734792297,0.695632807556832,0.01890353785078212,2.2804141779892215,1.0,-0.001867704280155702,0.0,1.0,True,True
T,2015-09-09,False,96.195,-0.001867704280155702,0.5303270501591825,0.6017892531618455,0.0081811964422277,0.11474717455835795,0.5166666666666667,0.002079110140859708,1.0,0.0,False,True
T,2015-09-10,False,96.395,0.002079110140859708,0.5771207136550411,0.6170931870361758,0.0017744744917505939,0.8938260025297556,0.8166666666666667,-0.0014523574874215628,0.0,1.0,True,True
T,2015-09-11,False,96.255,-0.0014523574874215628,0.4642326300857674,0.5463183662892588,-0.014070454121852394,-1.0035354485258798,0.18333333333333332,0.0016103059581320522,1.0,0.0,False,False
T,2015-09-14,False,96.41,0.0016103059581320522,0.4644535918798678,0.5008645507712284,-0.04549585832721388,-0.9674405246773179,0.2,0.002541230162846242,1.0,1.0,False,False
T,2015-09-15,False,96.655,0.002541230162846242,0.5665953784015202,0.6199818265632377,-0.004013046529049791,0.7879303592179955,0.7833333333333333,-0.00124152915006992,1.0,1.0,False,False
T,2015-09-16,False,96.535,-0.00124152915006992,0.5439676779453033,0.6389444962621835,0.0036056676896277172,0.40375875512953463,0.6333333333333333,-0.0017610193194178558,1.0,1.0,False,True
T,2015-09-17,False,96.365,-0.0017610193194178558,0.5394790332696769,0.6208873933008663,0.02300068924332547,0.31590596263311727,0.6,0.00031131634929693064,1.0,1.0,False,True
T,2015-09-18,False,96.395,0.00031131634929693064,0.6011792895651042,0.657958698156345,0.024633505023862967,1.340307769527583,0.9666666666666667,0.00020747964106027084,0.0,1.0,True,True
T,2015-09-21,False,96.415,0.00020747964106027084,0.5525045368723831,0.6203830372192141,0.0029029928561526753,0.5048963072893028,0.6666666666666666,-0.001607633666960595,1.0,0.0,False,True
T,2015-09-22,False,96.26,-0.001607633666960595,0.6228329119920495,0.6910219730400007,0.01707559716961985,1.6325140962467861,0.9833333333333333,0.0004570953667151212,0.0,1.0,True,True
T,2015-09-23,False,96.304,0.0004570953667151212,0.5785145497525407,0.6834617293405756,0.009972465539267273,0.8703209375610548,0.8166666666666667,0.002190978567868429,0.0,0.0,True,True
T,2015-09-24,False,96.515,0.002190978567868429,0.5613138738179039,0.6323278278394509,-0.005372081861424316,0.5822784617345608,0.6833333333333333,0.0015541625654043045,1.0,0.0,False,False
T,2015-09-25,False,96.665,0.0015541625654043045,0.6447340511013856,0.6918700204874807,0.012293999028385938,1.8779604051798167,0.9833333333333333,0.002793151606062194,0.0,1.0,True,True
T,2015-09-28,False,96.935,0.002793151606062194,0.5940327977456719,0.6546235046235344,0.0008619272856089655,1.0579806755354395,0.9,0.0030432764223449205,0.0,0.0,True,True
T,2015-09-29,False,97.23,0.0030432764223449205,0.5946812643571846,0.6875563741097726,0.006505235313705582,1.0669110387714693,0.9166666666666666,0.0008742157770234016,0.0,0.0,True,True
T,2015-09-30,False,97.315,0.0008742157770234016,0.5219982386158047,0.557047725864805,-0.012868405714839926,-0.11530841517033838,0.38333333333333336,-0.0004624158660021527,1.0,0.0,False,False
T,2015-10-08,False,97.27,-0.0004624158660021527,0.45243226468436765,0.538743192703025,-0.045663813196390304,-1.2074826860531667,0.11666666666666667,0.008841369384188447,1.0,1.0,False,False
T,2015-10-09,False,98.13,0.008841369384188447,0.6736476656300892,0.7303060017661512,0.0016980736096017634,2.2010899036057254,1.0,0.0005604809945991551,0.0,1.0,True,True
T,2015-10-12,False,98.185,0.0005604809945991551,0.5524578110611325,0.6367318395293089,0.0067202520422180115,0.3446028803412546,0.6,0.005448897489433113,1.0,0.0,False,True
T,2015-10-13,False,98.72,0.005448897489433113,0.5199407981127204,0.6687113682925895,0.009591066537059618,-0.18913909294456097,0.38333333333333336,-5.064829821710415e-05,1.0,1.0,False,True
T,2015-10-14,False,98.715,-5.064829821710415e-05,0.6111784523232382,0.7134668472414493,0.016378550776037237,1.226871558905229,0.9333333333333333,-0.0018740819530973507,0.0,1.0,True,True
T,2015-10-15,False,98.53,-0.0018740819530973507,0.4800575912023105,0.529655151929458,-0.032845950759345155,-0.8009117348885927,0.25,-0.004668628844006983,1.0,0.0,False,False
T,2015-10-16,False,98.07,-0.004668628844006983,0.5342342238737303,0.5989636603913189,-0.007633038128521419,0.05171085224585283,0.5,0.0015295197308045072,1.0,1.0,False,False
T,2015-10-19,False,98.22,0.0015295197308045072,0.5170407811343727,0.5726896843281372,-0.008274426240620336,-0.21804899446629467,0.38333333333333336,0.009621258399511445,1.0,1.0,False,False
T,2015-10-20,False,99.165,0.009621258399511445,0.5650867185696502,0.6242554385430444,-0.005520027757511381,0.5100272852441022,0.6666666666666666,-0.0028235768668380956,1.0,1.0,False,False
T,2015-10-21,False,98.885,-0.0028235768668380956,0.6357256451652857,0.6658984035767797,0.03421886026218703,1.5574297138682567,0.95,0.004095666683521237,0.0,1.0,True,True
T,2015-10-22,False,99.29,0.004095666683521237,0.5446350467311306,0.6135690855508773,0.013948650974571365,0.142620761597858,0.55,-0.0033739550810757413,1.0,0.0,False,True
T,2015-10-23,False,98.955,-0.0033739550810757413,0.5640209708365541,0.5966631340546321,0.007350870756584327,0.43544356626726,0.6333333333333333,0.0029306250315801474,1.0,1.0,False,True
T,2015-10-26,False,99.245,0.0029306250315801474,0.581470547429818,0.6317831648167073,-0.0038937016608396103,0.6790637538998294,0.75,0.005239558667943012,1.0,1.0,False,False
T,2015-10-27,False,99.765,0.005239558667943012,0.4689427583440997,0.5223029299302204,-0.02967302729436847,-1.0503068072722668,0.16666666666666666,-0.003758833258156624,1.0,1.0,False,False
T,2015-10-28,False,99.39,-0.003758833258156624,0.4541828871614915,0.5270966956093212,-0.02759825316317326,-1.2392236790470097,0.1,-0.007093268940537301,1.0,1.0,False,False
T,2015-10-29,False,98.685,-0.007093268940537301,0.5048146368209518,0.5893606763645599,-0.024570032829953098,-0.44804300268419345,0.35,0.001469321578760674,1.0,1.0,False,False
T,2015-10-30,False,98.83,0.001469321578760674,0.540632547408406,0.5905111247730709,-0.004580412156597169,0.08401096594893244,0.5,-0.00025295962764337876,1.0,1.0,False,False
T,2015-11-02,False,98.805,-0.00025295962764337876,0.5531186081439229,0.6044009292091856,0.025480135984656087,0.28232105831684084,0.6166666666666667,-0.0020747937857397147,1.0,1.0,False,True
T,2015-11-03,False,98.6,-0.0020747937857397147,0.41632147699497707,0.4784109631947754,-0.0027418849010057865,-1.7499702045021985,0.05,-0.0024847870182554965,1.0,1.0,False,False
T,2015-11-04,False,98.355,-0.0024847870182554965,0.6004290424204666,0.6424336715596904,0.0066917740785600475,1.0015679594590554,0.8666666666666667,0.0031518478979208897,0.0,1.0,True,True
T,2015-11-05,False,98.665,0.0031518478979208897,0.5612369674170853,0.6143785726823184,0.008851927429390217,0.39461522884964273,0.6166666666666667,-0.0041554755992501136,1.0,0.0,False,True
T,2015-11-06,False,98.255,-0.0041554755992501136,0.5332192001770858,0.5721683964022031,0.010511667448843404,-0.03482684778799606,0.43333333333333335,-0.00982138313571812,1.0,1.0,False,True
T,2015-11-09,False,97.29,-0.00982138313571812,0.5204883482557564,0.60206181855356,0.014112390027817789,-0.24492612276794465,0.35,0.0038030630075032157,1.0,1.0,False,True
T,2015-11-10,False,97.66,0.0038030630075032157,0.4893387324415423,0.5457413474377621,-0.026292923911917742,-0.6978057037120297,0.26666666666666666,0.005273397501535992,1.0,1.0,False,False
T,2015-11-11,False,98.175,0.005273397501535992,0.5268362917857887,0.5887366147660958,-0.011268181899813661,-0.13341979282938982,0.4,-0.0009167303284950412,1.0,1.0,False,False
T,2015-11-12,False,98.085,-0.0009167303284950412,0.55139753338576,0.5993174690745648,0.004270460994738079,0.2534196864123449,0.5833333333333334,,1.0,1.0,False,True
T,2015-11-13,True,97.885,,0.37416861680628694,0.3934503569571088,-0.02305806619547212,-2.3146849950069175,0.03333333333333333,0.0017878122286356657,1.0,1.0,False,False
T,2015-11-16,False,98.06,0.0017878122286356657,0.5256388721805657,0.564121301333236,-0.008006739550145497,-0.0979387760575671,0.4,0.0007138486640831943,1.0,1.0,False,False
T,2015-11-17,False,98.13,0.0007138486640831943,0.5615389195904644,0.5991095496213975,0.004364659440415708,0.40671424915521787,0.6833333333333333,-0.005146234586772658,1.0,1.0,False,True
T,2015-11-18,False,97.625,-0.005146234586772658,0.477862750191376,0.5644302803369362,0.004030073639540938,-0.9321224011872158,0.18333333333333332,0.0008194622279129593,1.0,1.0,False,True
T,2015-11-19,False,97.705,0.0008194622279129593,0.5266008629511618,0.5647255518426029,0.025708837030056005,-0.20472861715231788,0.38333333333333336,0.005424492093546895,1.0,1.0,False,True
T,2015-11-20,False,98.235,0.005424492093546895,0.5002189014290457,0.5843581569453152,-0.008577799814234266,-0.6334746657281394,0.26666666666666666,-0.0019341375273578265,1.0,1.0,False,False
T,2015-11-23,False,98.045,-0.0019341375273578265,0.5658981400742614,0.6115880344176283,0.0031074592205263705,0.4452613314692945,0.7166666666666667,0.004742720179509385,1.0,1.0,False,True
T,2015-11-24,False,98.51,0.004742720179509385,0.5680409682812629,0.6326159030343752,0.021965371330287354,0.4971325198870406,0.75,0.0008121002943863864,1.0,1.0,False,True
T,2015-11-25,False,98.59,0.0008121002943863864,0.5181509255091805,0.6229335334439173,0.005092219196825465,-0.33023981736121366,0.3,0.0035500557865908444,1.0,1.0,False,True
T,2015-11-26,False,98.94,0.0035500557865908444,0.5672027900385795,0.6048432574477274,0.008622056265398682,0.482605703283548,0.75,-0.0024762482312512546,1.0,1.0,False,True
T,2015-11-27,False,98.695,-0.0024762482312512546,0.5816154835573809,0.6147991351012914,0.0030596508723555573,0.7077535115935387,0.8166666666666667,0.0032423121738691663,0.0,1.0,True,True
T,2015-11-30,False,99.015,0.0032423121738691663,0.5598085296223703,0.5929947088253819,0.004699968073041505,0.300683132214719,0.6,-0.002676362167348345,1.0,0.0,False,True
T,2015-12-01,False,98.75,-0.002676362167348345,0.5196957080436388,0.6069261928627636,-0.00043046953472926087,-0.41364116638746096,0.26666666666666666,0.0008101265822784143,1.0,1.0,False,False
T,2015-12-02,False,98.83,0.0008101265822784143,0.5451070420837764,0.5934958409449977,-0.010611127142334842,0.04149072636644819,0.5166666666666667,0.0013659819892746228,1.0,1.0,False,False
T,2015-12-03,False,98.965,0.0013659819892746228,0.5953136217408346,0.6332770505560685,0.001269478882831343,0.9121888865346137,0.8666666666666667,-0.00015156873642196977,0.0,1.0,True,True
T,2015-12-07,False,98.95,-0.00015156873642196977,0.47680476824397616,0.5408863234804617,-0.009038960905959247,-1.152237209396085,0.13333333333333333,0.002475997978776956,1.0,0.0,False,False
T,2015-12-08,False,99.195,0.002475997978776956,0.5506955716862524,0.5849389810695543,-0.000630254655457313,0.13538821656068972,0.5166666666666667,-0.0002520288320982944,1.0,1.0,False,False
T,2015-12-09,False,99.17,-0.0002520288320982944,0.5807545716797057,0.6295134203686159,0.002667700913727644,0.7155692162981704,0.8,-0.0006554401532721243,0.0,1.0,True,True
T,2015-12-10,False,99.105,-0.0006554401532721243,0.5321762319904008,0.6095004358442888,-0.0022324976065138114,-0.17659387572427093,0.38333333333333336,0.0026739316886130737,1.0,0.0,False,False
T,2015-12-11,False,99.37,0.0026739316886130737,0.5552272065010816,0.6083751583994157,0.013832553681835924,0.25399582151524963,0.6,-0.005031699708161419,1.0,1.0,False,True
T,2015-12-14,False,98.87,-0.005031699708161419,0.5457531544030074,0.6158700537695873,-0.0035412199745114004,0.055516723575773246,0.5,0.0021745726711843716,1.0,1.0,False,False
T,2015-12-15,False,99.085,0.0021745726711843716,0.4575484071661583,0.536552924581336,-0.02328354066144881,-1.5900195813337754,0.08333333333333333,0.0007569258717263772,1.0,1.0,False,False
T,2015-12-16,False,99.16,0.0007569258717263772,0.5624608060055764,0.6052795748843861,-0.003710965130457211,0.3710342343888811,0.6833333333333333,-0.00010084711577240668,1.0,1.0,False,False
T,2015-12-17,False,99.15,-0.00010084711577240668,0.5466850830693903,0.6058543712938028,-3.7659526081357256e-05,0.07536567111066589,0.5,0.004135148764498275,1.0,1.0,False,False
T,2015-12-18,False,99.56,0.004135148764498275,0.5287285823643063,0.5775087796240123,0.005508753182582982,-0.2567069385534165,0.36666666666666664,0.0024608276416231423,1.0,1.0,False,True
T,2015-12-21,False,99.805,0.0024608276416231423,0.6062890528182836,0.6409555004415879,0.026374906766298056,1.1881255207351624,0.9166666666666666,0.0010019538099292902,0.0,1.0,True,True
T,2015-12-22,False,99.905,0.0010019538099292902,0.579522734827306,0.62986458232895,0.009372782739235253,0.678227686045719,0.7833333333333333,0.0007507131775186249,1.0,0.0,False,True
T,2015-12-23,False,99.98,0.0007507131775186249,0.4688711902134482,0.5142814533016268,-0.010483363324888462,-1.334349789796079,0.1,0.0030006001200240107,1.0,1.0,False,False
T,2015-12-24,False,100.28,0.0030006001200240107,0.6063355734534969,0.6432852166755162,0.001779611957354571,1.2096298919276747,0.9333333333333333,-0.0001994415636218383,0.0,1.0,True,True
T,2015-12-25,False,100.26,-0.0001994415636218383,0.5392318048564284,0.5974939797140228,-0.01073016572975195,-0.024178108568605288,0.45,0.0021942948334330303,1.0,0.0,False,False
T,2015-12-28,False,100.48,0.0021942948334330303,0.5372766323728517,0.5950768594466591,-0.0014131590265928306,-0.028134458211935092,0.45,-0.002488057324840809,1.0,1.0,False,False
T,2015-12-29,False,100.23,-0.002488057324840809,0.5269554179741059,0.5751855852984614,0.004710951444067035,-0.20614855316462935,0.38333333333333336,-0.0007981642222887331,1.0,1.0,False,True
T,2015-12-30,False,100.15,-0.0007981642222887331,0.5380820602214709,0.5807496463193321,-0.014878341334637446,0.02725390019219442,0.48333333333333334,-0.0011482775836246795,1.0,1.0,False,False
T,2015-12-31,False,100.035,-0.0011482775836246795,0.5667065731174675,0.5960686078456927,0.005575496437069738,0.5702297986110606,0.7833333333333333,-0.0016994052081771294,1.0,1.0,False,True
T,2016-01-04,False,99.865,-0.0016994052081771294,0.5906518497000534,0.6204932815037281,0.014650158979776484,1.0071353119241877,0.8833333333333333,-0.0027036499274019077,0.0,1.0,True,True
T,2016-01-05,False,99.595,-0.0027036499274019077,0.5075175948152396,0.5565583253506968,0.0013694143160849826,-0.6191979295022257,0.21666666666666667,0.004267282494101021,1.0,0.0,False,True
T,2016-01-06,False,100.02,0.004267282494101021,0.5241581243030976,0.5976793934922515,-0.008703685013897445,-0.2594715585433731,0.31666666666666665,-0.0015496900619875742,1.0,1.0,False,False
T,2016-01-07,False,99.865,-0.0015496900619875742,0.5151134089677635,0.559113220070073,-0.016968005369636385,-0.4477169769920631,0.23333333333333334,0.003755069343613915,1.0,1.0,False,False
T,2016-01-08,False,100.24,0.003755069343613915,0.5042236887883286,0.5451235899947932,-0.01652605076709257,-0.6508083245592821,0.2,-9.976057462079968e-05,1.0,1.0,False,False
T,2016-01-11,False,100.23,-9.976057462079968e-05,0.4958556307667729,0.5362512243777946,-0.0043258363611702435,-0.8403839343791465,0.16666666666666666,0.0038910505836575737,1.0,1.0,False,False
T,2016-01-12,False,100.62,0.0038910505836575737,0.5425726663789014,0.5747805096658698,0.0017571305950617121,0.16226245463142652,0.5333333333333333,0.001987676406280947,1.0,1.0,False,True
T,2016-01-13,False,100.82,0.001987676406280947,0.4809816621390822,0.5473650607411111,-0.002991451606678963,-1.1389104041019102,0.15,-0.0037195000991866456,1.0,1.0,False,False
T,2016-01-14,False,100.445,-0.0037195000991866456,0.6143938771793561,0.6530662567424002,0.02054664081543644,1.6522215277537824,0.9833333333333333,0.0019911394295386575,0.0,1.0,True,True
T,2016-01-15,False,100.645,0.0019911394295386575,0.4991382006582065,0.6025180115655998,0.007838635058332188,-0.7314938781417833,0.2,-0.0035769288091808127,1.0,0.0,False,True
T,2016-01-18,False,100.285,-0.0035769288091808127,0.570244728991513,0.6268093240244434,0.007350066374434744,0.7924722699735774,0.8333333333333334,-0.0015455950540957941,0.0,1.0,True,True
T,2016-01-19,False,100.13,-0.0015455950540957941,0.5708796365928325,0.6064372841454311,0.01356468007196574,0.802205523227165,0.8333333333333334,0.001398182362928102,0.0,0.0,True,True
T,2016-01-20,False,100.27,0.001398182362928102,0.6444157115272651,0.6823877500112165,0.013178510463044385,2.2721051093979616,1.0,0.0009474419068515871,0.0,0.0,True,True
T,2016-01-21,False,100.365,0.0009474419068515871,0.5091463927230574,0.5904849154834322,0.00941873666654538,-0.5470438965413336,0.26666666666666666,0.0005479998007273945,1.0,0.0,False,True
T,2016-01-22,False,100.42,0.0005479998007273945,0.4787001807789312,0.5710074546158015,-0.024482234029493878,-1.2092957677419192,0.11666666666666667,-0.005825532762398056,1.0,1.0,False,False
T,2016-01-25,False,99.835,-0.005825532762398056,0.5212559563909717,0.6417483218739398,-0.026496289115205553,-0.31230772315575833,0.3333333333333333,0.0007512395452495824,1.0,1.0,False,False
T,2016-01-26,False,99.91,0.0007512395452495824,0.5385044582079894,0.6121164017121884,-0.0199712942970637,0.05578637301407525,0.5166666666666667,-0.001401261135021481,1.0,1.0,False,False
T,2016-01-27,False,99.77,-0.001401261135021481,0.4839083783778879,0.5616036111790876,0.0009328248738719291,-1.0728845756320755,0.15,0.001954495339280493,1.0,1.0,False,True
T,2016-01-28,False,99.965,0.001954495339280493,0.47159199928254997,0.5342704013024367,-0.005156394100584616,-1.406981154656509,0.06666666666666667,0.004001400490171392,1.0,1.0,False,False
T,2016-01-29,False,100.365,0.004001400490171392,0.4150008819020742,0.44560191892557827,-0.027942260790323442,-2.48452789115979,0.03333333333333333,-0.00024909081851232084,1.0,1.0,False,False
T,2016-02-01,False,100.34,-0.00024909081851232084,0.46157379161306666,0.5050446823241141,-0.022276882966565926,-1.443192654391783,0.06666666666666667,-0.004185768387482525,1.0,1.0,False,False
T,2016-02-02,False,99.92,-0.004185768387482525,0.5611831099356178,0.6554813295070445,0.01445312554459765,0.6186377859145664,0.7166666666666667,0.0015012009607684451,1.0,1.0,False,True
T,2016-02-03,False,100.07,0.0015012009607684451,0.5462694948896027,0.6895668188308546,0.02955372192476492,0.30018314693610876,0.6166666666666667,,1.0,1.0,False,True
T,2016-02-04,True,99.535,,0.3783921650529632,0.40673802727899916,0.0011478269578314103,-2.9225191708125107,0.03333333333333333,0.0012558396543929096,1.0,1.0,False,True
T,2016-02-05,False,99.66,0.0012558396543929096,0.42637211917197,0.46095233412410486,-0.025319428976484797,-1.902769509182675,0.06666666666666667,0.005267910897049921,1.0,1.0,False,False
T,2016-02-15,False,100.185,0.005267910897049921,0.4299148226916011,0.503860180764384,-0.038243395020566624,-1.7533248567325674,0.08333333333333333,-0.004142336677147362,1.0,1.0,False,False
T,2016-02-16,False,99.77,-0.004142336677147362,0.5083407654665116,0.5597541676811523,-0.0024334801207544334,-0.39301489527077105,0.31666666666666665,0.0001002305302195694,1.0,1.0,False,False
T,2016-02-17,False,99.78,0.0001002305302195694,0.548023710224789,0.5722430531056066,0.04212317366381933,0.373482265907442,0.65,0.001102425335738566,1.0,1.0,False,True
T,2016-02-18,False,99.89,0.001102425335738566,0.5959708509133843,0.6383181346448819,0.045730635101601656,1.2826245229903546,0.9333333333333333,-0.0012513765141656252,0.0,1.0,True,True
T,2016-02-19,False,99.765,-0.0012513765141656252,0.5463890500884486,0.5854167859005673,0.032057854024056774,0.30723436326420844,0.6166666666666667,-0.0007016488748560201,1.0,0.0,False,True
T,2016-02-22,False,99.695,-0.0007016488748560201,0.48971534778145065,0.5385157349304237,-0.0038885495506462363,-0.7777636179766495,0.21666666666666667,-0.0009027533978633873,1.0,1.0,False,False
T,2016-02-23,False,99.605,-0.0009027533978633873,0.5269160376304834,0.5516961651130715,-0.01484708483205448,-0.06760404994445987,0.4166666666666667,-0.0009537673811556013,1.0,1.0,False,False
T,2016-02-24,False,99.51,-0.0009537673811556013,0.5953654655369057,0.6207710735169162,-0.0020683783210922345,1.2379234635829248,0.9166666666666666,-0.0016581248115767888,1.0,1.0,True,False
T,2016-02-25,False,99.345,-0.0016581248115767888,0.6040791740424273,0.6523497882378586,0.022103036566341237,1.376799024411318,0.9333333333333333,0.000754944889023168,0.0,1.0,True,True
T,2016-02-26,False,99.42,0.000754944889023168,0.5615377097285869,0.6108109286068405,0.022080786030621625,0.5549602522454307,0.7166666666666667,0.0004023335345000323,1.0,0.0,False,True
T,2016-02-29,False,99.46,0.0004023335345000323,0.5247872682540664,0.5558039711503302,-0.003808529456115295,-0.12775936845004734,0.4,-0.0007540719887391134,1.0,1.0,False,False
T,2016-03-01,False,99.385,-0.0007540719887391134,0.49159797728190463,0.549012155370048,-0.028682688229836308,-0.7321433917885424,0.23333333333333334,-0.002515470141369436,1.0,1.0,False,False
T,2016-03-02,False,99.135,-0.002515470141369436,0.4811949066635425,0.5829798599293751,-0.031570826720445186,-0.9015908475080338,0.2,-0.0017652695818833886,1.0,1.0,False,False
T,2016-03-03,False,98.96,-0.0017652695818833886,0.5926293233408324,0.636202303216671,0.001859086563396717,1.176180636036154,0.8666666666666667,0.001263136620856864,0.0,1.0,True,True
T,2016-03-04,False,99.085,0.001263136620856864,0.5327758652524753,0.5946425254011393,0.011700854005574562,0.05750745342417058,0.5,-0.0039360145329767615,1.0,0.0,False,True
T,2016-03-07,False,98.695,-0.0039360145329767615,0.4960984215636651,0.5372934694228795,0.006058184715245385,-0.6058818726839962,0.2833333333333333,0.0012665281929176153,1.0,1.0,False,True
T,2016-03-08,False,98.82,0.0012665281929176153,0.5071310062932246,0.5893843264193522,-0.004465870251780302,-0.40906720624578224,0.31666666666666665,0.0031876138433517553,1.0,1.0,False,False
T,2016-03-09,False,99.135,0.0031876138433517553,0.43112900509231256,0.46148377404821944,-0.034864549545629044,-1.7742468442472572,0.08333333333333333,0.002874867604781395,1.0,1.0,False,False
T,2016-03-10,False,99.42,0.002874867604781395,0.5256999044872612,0.5524302285542347,-0.007912133800178078,0.0008756610561470874,0.4666666666666667,0.0037215851941259093,1.0,1.0,False,False
T,2016-03-11,False,99.79,0.0037215851941259093,0.5084164756553716,0.625601970297609,0.0043205006377449616,-0.3156099062990239,0.38333333333333336,-0.0014029461869926596,1.0,1.0,False,True
T,2016-03-14,False,99.65,-0.0014029461869926596,0.6010871779683795,0.6622541760315068,0.026519981391336888,1.3870480583793028,0.9166666666666666,0.0006021073758153417,0.0,1.0,True,True
T,2016-03-15,False,99.71,0.0006021073758153417,0.583879178769697,0.6341251073004207,0.03808876208358871,1.048477231975006,0.8333333333333334,0.0027579981947649657,0.0,0.0,True,True
T,2016-03-16,False,99.985,0.0027579981947649657,0.5487787422469136,0.610587604201247,0.012162037863363007,0.3823193317187617,0.7,-0.002900435065259832,1.0,0.0,False,True
T,2016-03-17,False,99.695,-0.002900435065259832,0.6038847551159111,0.6247378032740352,0.013862812319961304,1.3741275173116674,0.9166666666666666,-0.00015045889964382386,0.0,1.0,True,True
T,2016-03-18,False,99.68,-0.00015045889964382386,0.5997832617477052,0.642215185124431,0.0017397743904865592,1.2661043026394552,0.8833333333333333,-0.0017054574638843967,0.0,0.0,True,True
T,2016-03-21,False,99.51,-0.0017054574638843967,0.5411182591408498,0.5743594218375674,-0.0034517319756902755,0.20167564815319577,0.6,0.0011556627474624825,1.0,0.0,False,False
T,2016-03-22,False,99.625,0.0011556627474624825,0.48755448427206516,0.5601617141268429,-0.01852150119247582,-0.739398409182954,0.21666666666666667,0.0002007528230865141,1.0,1.0,False,False
T,2016-03-23,False,99.645,0.0002007528230865141,0.6006001217660132,0.6378011593504973,-0.011879804417543594,1.3121305811689723,0.9,0.0021074815595363283,1.0,1.0,True,False
T,2016-03-24,False,99.855,0.0021074815595363283,0.5201165110562997,0.5739532912682414,-0.009985163875764758,-0.16630533832020833,0.4166666666666667,-0.00040058084222127643,1.0,1.0,False,False
T,2016-03-25,False,99.815,-0.00040058084222127643,0.5273857602621596,0.5637468644445158,0.0005097029026854161,-0.009036666411850152,0.5333333333333333,-0.0020037068576868045,1.0,1.0,False,True
T,2016-03-28,False,99.615,-0.0020037068576868045,0.41261091967091224,0.4445373059912913,-0.02231014907061595,-2.035554201151581,0.03333333333333333,0.0019073432715956962,1.0,1.0,False,False
T,2016-03-29,False,99.805,0.0019073432715956962,0.5419864441439795,0.6558467593167382,-0.0224732946629455,0.2904054414252377,0.6333333333333333,-5.009769049657553e-05,1.0,1.0,False,False
T,2016-03-30,False,99.8,-5.009769049657553e-05,0.6041519471454336,0.6383701479655423,0.018267155606008768,1.3628800365758853,0.9666666666666667,0.0,0.0,1.0,True,True
T,2016-03-31,False,99.8,0.0,0.5596374960818526,0.6274461916173862,0.02560444991139076,0.5675100526498154,0.7,0.000701402805611373,1.0,0.0,False,True
T,2016-04-01,False,99.87,0.000701402805611373,0.46390349843365414,0.49844628800180907,0.0120236209463357,-1.0853068994619088,0.13333333333333333,-0.0024031240612797378,1.0,1.0,False,True
T,2016-04-05,False,99.63,-0.0024031240612797378,0.5342602810776235,0.5737440927170345,-0.015570077484449146,0.1672557461887265,0.5833333333333334,-0.0005520425574625509,1.0,1.0,False,False
T,2016-04-06,False,99.575,-0.0005520425574625509,0.5609575951449572,0.6420458742910783,-0.011176591900518196,0.6234102488145653,0.7333333333333333,-0.0010042681395933117,1.0,1.0,False,False
T,2016-04-07,False,99.475,-0.0010042681395933117,0.5408698887180656,0.6170258043589736,0.0059518881983729064,0.2629288059785267,0.5833333333333334,0.002060819301332062,1.0,1.0,False,True
T,2016-04-08,False,99.68,0.002060819301332062,0.5152842702444236,0.5696440203085449,0.010937115126198105,-0.1895260899492359,0.4166666666666667,0.0006520866773676026,1.0,1.0,False,True
T,2016-04-11,False,99.745,0.0006520866773676026,0.6124374582444788,0.6414222127827777,0.011068102943317703,1.4701939168809988,0.9666666666666667,5.012782595614773e-05,0.0,1.0,True,True
T,2016-04-12,False,99.75,5.012782595614773e-05,0.47818048598068713,0.5164149117342937,-0.009398664880212704,-0.8538417345691506,0.16666666666666666,-0.002005012531328343,1.0,0.0,False,False
T,2016-04-13,False,99.55,-0.002005012531328343,0.6042402652884975,0.6366638412308008,0.00896369688771273,1.2920208074137145,0.95,-0.002862882973380221,0.0,1.0,True,True
T,2016-04-14,False,99.265,-0.002862882973380221,0.5601088682700367,0.6372559288917449,0.008145200309524491,0.518054599870946,0.6833333333333333,0.0022162897295119333,1.0,0.0,False,True
T,2016-04-15,False,99.485,0.0022162897295119333,0.5762392661878774,0.6760527133584391,0.0009531998176146639,0.815422643147506,0.7833333333333333,0.00020103533195947598,1.0,1.0,False,True
T,2016-04-18,False,99.505,0.00020103533195947598,0.5234016537334053,0.5873994894263703,0.00624413364048162,-0.10820809549398126,0.4166666666666667,0.0007537309682930093,1.0,1.0,False,True
T,2016-04-19,False,99.58,0.0007537309682930093,0.5297889629085897,0.5863520635224259,-0.018560981929644706,0.014601053758477669,0.5,-0.002862020486041339,1.0,1.0,False,False
T,2016-04-20,False,99.295,-0.002862020486041339,0.5600892833960972,0.6204703850985424,-0.0046489473027166665,0.54782537702878,0.7,0.00010071000553901754,1.0,1.0,False,False
T,2016-04-21,False,99.305,0.00010071000553901754,0.5500121608618099,0.6117886769359049,-0.0015766580989442947,0.41332431388967644,0.6833333333333333,0.0008055989124413632,1.0,1.0,False,False
T,2016-04-22,False,99.385,0.0008055989124413632,0.5276804515550512,0.574248130951038,0.0028780793596511977,0.0031228197478344066,0.48333333333333334,-0.003370729989435106,1.0,1.0,False,True
T,2016-04-25,False,99.05,-0.003370729989435106,0.5229218853981541,0.5591506382202511,-0.00461429868619172,-0.09718930673061554,0.38333333333333336,0.0029782937910145524,1.0,1.0,False,False
T,2016-04-26,False,99.345,0.0029782937910145524,0.4514729217850308,0.5019393649109741,-0.024432299868578866,-1.3584596399866586,0.11666666666666667,0.0,1.0,1.0,False,False
T,2016-04-27,False,99.345,0.0,0.4698445847840375,0.5158177304300399,-0.023654268192556522,-0.9994678758107721,0.16666666666666666,0.0026674719412149717,1.0,1.0,False,False
T,2016-04-28,False,99.61,0.0026674719412149717,0.5266188902825136,0.5657902848431585,-0.005520042315919166,-0.0005523493900612852,0.45,-0.0009537195060737025,1.0,1.0,False,False
T,2016-04-29,False,99.515,-0.0009537195060737025,0.5261242106362397,0.5587122608930551,0.008155061897365406,-0.025900169757944198,0.43333333333333335,0.002361453047279305,1.0,1.0,False,True
T,2016-05-03,False,99.75,0.002361453047279305,0.538205372383151,0.5759239015793638,0.022974452704844266,0.1609668802088835,0.55,0.0009523809523810378,1.0,1.0,False,True
T,2016-05-04,False,99.845,0.0009523809523810378,0.549658041766232,0.6293821549664449,0.01712133960650264,0.35259154625654493,0.6666666666666666,,1.0,1.0,False,True
T,2016-05-05,True,98.405,,0.4454741201727173,0.47016386835345847,-0.013875570908960033,-1.5588925570518228,0.1,0.0006097251155936512,1.0,1.0,False,False
T,2016-05-06,False,98.465,0.0006097251155936512,0.5379283559509347,0.6108938053192597,-0.006912296158104375,0.16620494418676948,0.55,0.007159904534606243,1.0,1.0,False,False
T,2016-05-09,False,99.17,0.007159904534606243,0.5661071820837356,0.6689997771236322,0.004407393358587175,0.678446051415527,0.7833333333333333,0.0007058586266006639,1.0,1.0,False,True
T,2016-05-10,False,99.24,0.0007058586266006639,0.5374232389871282,0.6156819884824029,0.009616345635281059,0.07133176414494177,0.5166666666666667,-0.00045344619105203154,1.0,1.0,False,True
T,2016-05-11,False,99.195,-0.00045344619105203154,0.5312627637712621,0.6113676292658646,0.017107217023328312,-0.09579304836192563,0.4666666666666667,0.002973940218760962,1.0,1.0,False,True
T,2016-05-12,False,99.49,0.002973940218760962,0.4651428638075087,0.49599285039769136,-0.018041540259932543,-1.4890085927303562,0.1,-0.0012061513719970884,1.0,1.0,False,False
T,2016-05-13,False,99.37,-0.0012061513719970884,0.5347450581159411,0.5863842192982832,-0.013500462311520845,0.00011053237461455744,0.5166666666666667,-0.003824091778202754,1.0,1.0,False,False
T,2016-05-16,False,98.99,-0.003824091778202754,0.5655367630995365,0.6259504237897033,0.005970934256949556,0.6754492050740734,0.7833333333333333,0.0002020406101628236,1.0,1.0,False,True
T,2016-05-17,False,99.01,0.0002020406101628236,0.6221173020339175,0.6572256777035452,0.028210297581733844,1.816220002263464,1.0,-0.0021714978285022335,0.0,1.0,True,True
T,2016-05-18,False,98.795,-0.0021714978285022335,0.5416648424681231,0.5978190558744466,0.024041620123920516,0.11209584523609441,0.6,0.0005060984867655272,1.0,0.0,False,True
T,2016-05-19,False,98.845,0.0005060984867655272,0.48761295443619235,0.5347467096310735,-0.01181361279909109,-1.0077649286944224,0.18333333333333332,0.0025292124032576524,1.0,1.0,False,False
T,2016-05-20,False,99.095,0.0025292124032576524,0.5424400731888905,0.6164053269655799,-0.0180697727419017,0.16176124849934082,0.6333333333333333,-0.00020182653009737095,1.0,1.0,False,False
T,2016-05-23,False,99.075,-0.00020182653009737095,0.5571725052336586,0.5993311135551297,-0.012911436287975031,0.49959692463837635,0.7,0.0021700731768863335,1.0,1.0,False,False
T,2016-05-24,False,99.29,0.0021700731768863335,0.5395727680557806,0.6042143135586846,0.006537540197278124,0.12774235594192818,0.5666666666666667,-0.0002014301540941288,1.0,1.0,False,True
T,2016-05-25,False,99.27,-0.0002014301540941288,0.5495260270113622,0.6046360766609756,0.012095884001722979,0.3341998517095217,0.6666666666666666,-0.0013095597864409836,1.0,1.0,False,True
T,2016-05-26,False,99.14,-0.0013095597864409836,0.5392790077871138,0.6281207284461574,-0.0013968609025849844,0.09586619939017181,0.5333333333333333,-0.000706072221101528,1.0,1.0,False,False
T,2016-05-27,False,99.07,-0.000706072221101528,0.6117990260270207,0.6882172070236333,0.010895928131805755,1.6119810468597326,0.9666666666666667,-0.001413142222670749,0.0,1.0,True,True
T,2016-05-30,False,98.93,-0.001413142222670749,0.5177450280392649,0.5530647691713828,0.00186175189826272,-0.39403845940872306,0.25,0.0021732538158292236,1.0,0.0,False,True
T,2016-05-31,False,99.145,0.0021732538158292236,0.5926681267515936,0.6253012048514993,0.006475021973261397,1.2030723715109133,0.85,-0.0007060366130414719,0.0,1.0,True,True
T,2016-06-01,False,99.075,-0.0007060366130414719,0.5325846993739469,0.5635360207885844,-0.003251951610176085,-0.10477617616697722,0.4166666666666667,-0.0013121372697452172,1.0,0.0,False,False
T,2016-06-02,False,98.945,-0.0013121372697452172,0.5286406657629089,0.562943296318742,-0.015147704919354165,-0.198726841747291,0.36666666666666664,0.0004042649957047839,1.0,1.0,False,False
T,2016-06-03,False,98.985,0.0004042649957047839,0.519021603270004,0.5690294643287572,-0.0061474310527206534,-0.46093557249468897,0.21666666666666667,0.000555639743395453,1.0,1.0,False,False
T,2016-06-06,False,99.04,0.000555639743395453,0.5042575751715901,0.5384700750234531,-0.019038419926395,-0.7857944697571395,0.16666666666666666,-0.0008582390953151275,1.0,1.0,False,False
T,2016-06-07,False,98.955,-0.0008582390953151275,0.49894764921514634,0.5319541599976667,-0.009165719090892,-0.9001061151337002,0.16666666666666666,-0.00015158405335757852,1.0,1.0,False,False
T,2016-06-08,False,98.94,-0.00015158405335757852,0.5623479031695462,0.6169939804582668,0.004734052075841688,0.5573118070217374,0.7833333333333333,0.0025267839094400557,1.0,1.0,False,True
T,2016-06-13,False,99.19,0.0025267839094400557,0.5289713429424426,0.6220515994658222,0.007798980734283334,-0.18992829978307846,0.38333333333333336,0.002217965520717735,1.0,1.0,False,True
T,2016-06-14,False,99.41,0.002217965520717735,0.6110103108444538,0.6758364931755388,0.02435291650730237,1.6487113168455203,0.95,0.0007544512624484412,0.0,1.0,True,True
T,2016-06-15,False,99.485,0.0007544512624484412,0.5234894381645305,0.5743924522596995,0.009774598557367597,-0.3085124583644717,0.3,0.003116047645373765,1.0,0.0,False,True
T,2016-06-16,False,99.795,0.003116047645373765,0.46543075022815233,0.5635752756557676,-0.019931621066069983,-1.590243400908804,0.1,-0.0006513352372362613,1.0,1.0,False,False
T,2016-06-17,False,99.73,-0.0006513352372362613,0.6203004773283711,0.6547350232441028,0.003707870815555553,1.879218066967934,0.9833333333333333,-0.00015040609646044256,0.0,1.0,True,True
T,2016-06-20,False,99.715,-0.00015040609646044256,0.6185423179833867,0.6598966213476907,0.011187505344170633,1.7606244965625444,0.9666666666666667,0.0012034297748582112,0.0,0.0,True,True
T,2016-06-21,False,99.835,0.0012034297748582112,0.5756161254008584,0.6181864457999426,0.025736494222789,0.8385084829200664,0.8333333333333334,0.000450743727149705,0.0,0.0,True,True
T,2016-06-22,False,99.88,0.000450743727149705,0.4599758369929288,0.5054163253126516,-0.005559417839795977,-1.658752513384566,0.06666666666666667,-0.00015018021625956557,1.0,0.0,False,False
T,2016-06-23,False,99.865,-0.00015018021625956557,0.5763863031070574,0.6273643069152924,-0.024639482943308526,0.8353419742299625,0.85,0.003004055474891132,1.0,1.0,True,False
T,2016-06-24,False,100.165,0.003004055474891132,0.5835120681335587,0.6414320563102964,-0.006929032199345686,0.9826092598114599,0.85,0.0028453052463435213,1.0,1.0,True,False
T,2016-06-27,False,100.45,0.0028453052463435213,0.44444262998686007,0.5290215085849859,-0.013881075968736672,-2.0673732606810145,0.016666666666666666,-0.0030861124937779927,1.0,1.0,False,False
T,2016-06-28,False,100.14,-0.0030861124937779927,0.5389476717855411,0.6147421135329909,0.002599999646502732,0.028749634594004647,0.5333333333333333,-0.0003495106850408547,1.0,1.0,False,True
T,2016-06-29,False,100.105,-0.0003495106850408547,0.5799390513643095,0.6124409147924126,-0.003745889983351347,0.9310939444603984,0.85,0.002847010638829195,1.0,1.0,True,False
T,2016-06-30,False,100.39,0.002847010638829195,0.5728699883638828,0.6031884039350561,0.011421226183809757,0.7479449199116114,0.7833333333333333,0.0023906763621874827,1.0,1.0,False,True
T,2016-07-01,False,100.63,0.0023906763621874827,0.5507604394489306,0.5876224267297473,0.024655793550248273,0.24136766436009793,0.65,-0.0026830964920997458,1.0,1.0,False,True
T,2016-07-04,False,100.36,-0.0026830964920997458,0.5675472394368029,0.6028971288230093,0.002802052338714456,0.6177242371720384,0.7666666666666667,-0.0009465922678357774,1.0,1.0,False,True
T,2016-07-05,False,100.265,-0.0009465922678357774,0.5133412134303587,0.5393811537294885,-0.013851842479498156,-0.5944645308947263,0.2,0.001645639056500281,1.0,1.0,False,False
T,2016-07-06,False,100.43,0.001645639056500281,0.5416371384793855,0.5799710330345087,-0.009988492578756647,0.032912187252247684,0.55,0.0025888678681667,1.0,1.0,False,False
T,2016-07-07,False,100.69,0.0025888678681667,0.5132124493459402,0.581118551281022,-0.010100608116339805,-0.5833640680532375,0.2,4.9657364187050135e-05,1.0,1.0,False,False
T,2016-07-08,False,100.695,4.9657364187050135e-05,0.5281450282724168,0.5726166939682171,-0.007893318641319046,-0.2626830988928249,0.35,-0.0019861959382292405,1.0,1.0,False,False
T,2016-07-11,False,100.495,-0.0019861959382292405,0.456348367505359,0.4823063349364891,-0.012747780205696802,-1.8668401011718183,0.06666666666666667,-0.0017911338872581561,1.0,1.0,False,False
T,2016-07-12,False,100.315,-0.0017911338872581561,0.5290919165066843,0.5539981852081298,-0.008195452578598373,-0.1692214814364165,0.4166666666666667,-0.0006479589293724164,1.0,1.0,False,False
T,2016-07-13,False,100.25,-0.0006479589293724164,0.4876244114875917,0.5538109254861778,-0.005022918748242955,-1.0949138759885968,0.16666666666666666,0.0006982543640896566,1.0,1.0,False,False
T,2016-07-14,False,100.32,0.0006982543640896566,0.5549763995041928,0.6195095919028986,0.008493878644578456,0.4522752119657267,0.7166666666666667,0.0022926634768740684,1.0,1.0,False,True
T,2016-07-15,False,100.55,0.0022926634768740684,0.600562433847041,0.6845345305508349,0.031431261568087246,1.452618184141571,0.9166666666666666,-4.972650422674363e-05,0.0,1.0,True,True
T,2016-07-18,False,100.545,-4.972650422674363e-05,0.4986804178960022,0.6058594902016171,0.005211502513808508,-0.8351210677158816,0.18333333333333332,0.0005470187478242572,1.0,0.0,False,True
T,2016-07-19,False,100.6,0.0005470187478242572,0.5412162469312196,0.59941618806137,0.005088768927906523,0.1309282948066248,0.6,0.00293240556660046,1.0,1.0,False,True
T,2016-07-20,False,100.895,0.00293240556660046,0.5505082874411465,0.5908760125248222,-0.006828241104191379,0.33253360598319176,0.6833333333333333,0.0005946776351652971,1.0,1.0,False,False
T,2016-07-21,False,100.955,0.0005946776351652971,0.5478492419881943,0.5894992797966035,-0.005359851417254907,0.26298485471373256,0.6333333333333333,4.9527016987793715e-05,1.0,1.0,False,False
T,2016-07-22,False,100.96,4.9527016987793715e-05,0.5640869719014849,0.6250846737302562,0.013744610306794015,0.6057261932224702,0.75,-0.0016343106180665146,1.0,1.0,False,True
T,2016-07-25,False,100.795,-0.0016343106180665146,0.4902457934622803,0.5112107306523223,-0.008836222247754022,-1.1364059105926978,0.15,0.0019346197728060677,1.0,1.0,False,False
T,2016-07-26,False,100.99,0.0019346197728060677,0.5914703832939868,0.622236899676437,0.002432074317976657,1.2098186595012694,0.8833333333333333,-0.0008911773442914495,0.0,1.0,True,True
T,2016-07-27,False,100.9,-0.0008911773442914495,0.5353875732768286,0.6504142298592048,0.00024600739697705487,-0.10013552035437903,0.4166666666666667,0.0026263627353815266,1.0,0.0,False,True
T,2016-07-28,False,101.165,0.0026263627353815266,0.4697995232977504,0.5168681846479936,-0.01434331173929208,-1.5680840119127515,0.11666666666666667,-0.0009884841595414473,1.0,1.0,False,False
T,2016-07-29,False,101.065,-0.0009884841595414473,0.558850869683648,0.612841894024208,0.0015539292446499042,0.4591485933964268,0.7,-0.0012863008954632216,1.0,1.0,False,True
T,2016-08-01,False,100.935,-0.0012863008954632216,0.5676378154347475,0.6245536170127869,-0.002420183931165931,0.636027829233882,0.7833333333333333,0.001387031257740201,1.0,1.0,False,False
T,2016-08-02,False,101.075,0.001387031257740201,0.47693701085155543,0.6032372640293768,-0.0019062832713549304,-1.456734478928975,0.11666666666666667,0.0010883007667572553,1.0,1.0,False,False
T,2016-08-03,False,101.185,0.0010883007667572553,0.5410140844759153,0.5916018045262627,0.006051526352423714,0.03995134073953566,0.5166666666666667,0.00024707219449515705,1.0,1.0,False,True
T,2016-08-04,False,101.21,0.00024707219449515705,0.4908690491094761,0.5238213296761253,-0.016258737210717612,-1.0977576097433273,0.18333333333333332,0.0025195138820275353,1.0,1.0,False,False
T,2016-08-05,False,101.465,0.0025195138820275353,0.5253643353580105,0.5703170418890997,-0.007061492189555318,-0.30067993164703427,0.3333333333333333,9.855615236764592e-05,1.0,1.0,False,False
T,2016-08-08,False,101.475,9.855615236764592e-05,0.5356900558593004,0.5740313496193206,0.010185634089758522,-0.09229716934799648,0.45,,1.0,1.0,False,True
T,2016-08-09,True,101.2,,0.5115347376519641,0.5244763535782707,-0.0014137686898077983,-0.6511268790352635,0.23333333333333334,-0.00029644268774708937,1.0,1.0,False,False
T,2016-08-10,False,101.17,-0.00029644268774708937,0.5162341266711065,0.5971272562201168,0.003690055741721432,-0.5217451688859986,0.2833333333333333,0.0014332311950182586,1.0,1.0,False,True
T,2016-08-11,False,101.315,0.0014332311950182586,0.5819497870185506,0.6528250935617703,0.009371497413288622,1.0675854965891098,0.8666666666666667,0.0023194985934955614,0.0,1.0,True,True
T,2016-08-12,False,101.55,0.0023194985934955614,0.5221987748441466,0.5801893001514804,0.00434324873362788,-0.36646017181845275,0.3333333333333333,0.0015755785327424832,1.0,0.0,False,True
T,2016-08-15,False,101.71,0.0015755785327424832,0.5510326822797041,0.6049991309791084,0.008496053742852016,0.3068849586449489,0.6666666666666666,-0.0022613312358665816,1.0,1.0,False,True
T,2016-08-16,False,101.48,-0.0022613312358665816,0.525865920890542,0.5626673705666604,-0.0011653516299975463,-0.30016738754351974,0.36666666666666664,-0.0006897910918408634,1.0,1.0,False,False
T,2016-08-17,False,101.41,-0.0006897910918408634,0.5470660581516352,0.5969394460220047,-0.006610031168743535,0.2211213647822076,0.6,0.0002465240114388756,1.0,1.0,False,False
T,2016-08-18,False,101.435,0.0002465240114388756,0.5094073857239222,0.5398287284083656,-0.002954940236851766,-0.6832906862868852,0.21666666666666667,-0.002464632523290766,1.0,1.0,False,False
T,2016-08-19,False,101.185,-0.002464632523290766,0.5632714774744532,0.6245108354059293,0.0008019055222878268,0.6193556751636207,0.7333333333333333,0.0018777486781638153,1.0,1.0,False,True
T,2016-08-22,False,101.375,0.0018777486781638153,0.5577594250561432,0.6108481076780147,0.007999242765402037,0.47725966626095917,0.6833333333333333,-0.0038471023427867346,1.0,1.0,False,True
T,2016-08-23,False,100.985,-0.0038471023427867346,0.5755606360527641,0.6795633368018634,0.01053411951344787,0.9419540772017416,0.8166666666666667,-0.00014853691142246994,0.0,1.0,True,True
T,2016-08-24,False,100.97,-0.00014853691142246994,0.5868241430176416,0.6974581937584368,0.01671226731657498,1.1798481706760064,0.9,-0.0005447162523520843,0.0,0.0,True,True
T,2016-08-25,False,100.915,-0.0005447162523520843,0.4524863503764791,0.5155628929671686,-0.019250553623444966,-2.0071639560108023,0.03333333333333333,0.002378239112124092,1.0,0.0,False,False
T,2016-08-26,False,101.155,0.002378239112124092,0.48468367790044903,0.524198513610015,-0.02692257799876733,-1.2014095333966353,0.13333333333333333,-0.001977163758588363,1.0,1.0,False,False
T,2016-08-29,False,100.955,-0.001977163758588363,0.49320192466861107,0.5211144261226069,-0.026685788788549863,-0.9779299824838573,0.2,-0.003417364172155879,1.0,1.0,False,False
T,2016-08-30,False,100.61,-0.003417364172155879,0.5592020175132802,0.6121307732172476,-0.0014528676716590804,0.5546895336771984,0.7,0.000894543285955729,1.0,1.0,False,False
T,2016-08-31,False,100.7,0.000894543285955729,0.5730934591582623,0.6090825848248523,0.031573255717639755,0.8519820591264924,0.8,0.0006951340615688473,0.0,1.0,True,True
T,2016-09-01,False,100.77,0.0006951340615688473,0.5587243637437506,0.6050801956806601,0.022797290617625428,0.49474115473392666,0.65,-0.00029770765108660946,1.0,0.0,False,True
T,2016-09-02,False,100.74,-0.00029770765108660946,0.5170088523758333,0.5571656397657732,0.0047136201644914725,-0.46862504831502455,0.31666666666666665,-0.0003474290252133416,1.0,1.0,False,True
T,2016-09-05,False,100.705,-0.0003474290252133416,0.4525135856040928,0.5421101641165783,-0.026946147060080382,-1.8953744766343392,0.05,-0.0008440494513678454,1.0,1.0,False,False
T,2016-09-06,False,100.62,-0.0008440494513678454,0.4698472798286322,0.5508247493669423,-0.03127031367989178,-1.4573862852339345,0.13333333333333333,-0.0005466110117273715,1.0,1.0,False,False
T,2016-09-07,False,100.565,-0.0005466110117273715,0.557334595530097,0.5854104723245857,-0.0049941108974508154,0.538078994793678,0.65,0.0018893253119871556,1.0,1.0,False,False
T,2016-09-08,False,100.755,0.0018893253119871556,0.5273796145617657,0.566036607409575,0.012556253429786913,-0.17594288931847663,0.4,0.0009428812465881453,1.0,1.0,False,True
T,2016-09-09,False,100.85,0.0009428812465881453,0.5939164083563736,0.6503779671061255,0.034033798023769504,1.4179208604231388,0.9666666666666667,-0.0020327218641547073,0.0,1.0,True,True
T,2016-09-12,False,100.645,-0.0020327218641547073,0.5088996979438424,0.548459687971787,0.01146866490566969,-0.5847076815936704,0.25,0.002732376173679718,1.0,0.0,False,True
T,2016-09-13,False,100.92,0.002732376173679718,0.5473774745879869,0.5722513460289014,-0.003839415850214356,0.37835921274195305,0.5833333333333334,0.0005449861276258794,1.0,1.0,False,False
T,2016-09-14,False,100.975,0.0005449861276258794,0.5416419751530519,0.6038150135393557,-0.0018014212585814372,0.20773997530064828,0.55,0.00034662045060662727,1.0,1.0,False,False
T,2016-09-19,False,101.01,0.00034662045060662727,0.5416000840555091,0.5923542474631605,-0.0071890371392519525,0.22372364901575345,0.5333333333333333,0.00029700029700041597,1.0,1.0,False,False
T,2016-09-20,False,101.04,0.00029700029700041597,0.48914803151774644,0.5318820263807671,-0.004528072338466971,-1.0950300589528124,0.16666666666666666,-4.948535233584295e-05,1.0,1.0,False,False
T,2016-09-21,False,101.035,-4.948535233584295e-05,0.6050501528207347,0.6552878826769031,0.006285141283019014,1.869360122799644,1.0,-0.0001484634037709487,0.0,1.0,True,True
T,2016-09-22,False,101.02,-0.0001484634037709487,0.6093118233545574,0.6334078759227015,0.019878976516823653,1.8899471223260558,1.0,0.0012868738863591744,0.0,0.0,True,True
T,2016-09-23,False,101.15,0.0012868738863591744,0.5149677657680222,0.5948427265560252,0.00668991552618371,-0.4932944087164182,0.31666666666666665,0.000988630746416197,1.0,0.0,False,True
T,2016-09-26,False,101.25,0.000988630746416197,0.5869025874520549,0.6340255591725088,0.010542672481590442,1.3428513051894357,0.9166666666666666,-0.00024691358024697685,0.0,1.0,True,True
T,2016-09-27,False,101.225,-0.00024691358024697685,0.5588735717353756,0.6144715697055253,-0.011476239807322075,0.6218518413290918,0.75,-0.00024697456162003917,1.0,0.0,False,False
T,2016-09-28,False,101.2,-0.00024697456162003917,0.483822484750353,0.5079675461642231,-0.020707287124105533,-1.2479852636380677,0.11666666666666667,-0.00019762845849802257,1.0,1.0,False,False
T,2016-09-29,False,101.18,-0.00019762845849802257,0.46316508734000505,0.5133753152883566,-0.020668545955773616,-1.7090040381157214,0.06666666666666667,9.883376161279323e-05,1.0,1.0,False,False
T,2016-09-30,False,101.19,9.883376161279323e-05,0.5454623345376529,0.5697893723818817,-0.01785889902241745,0.3245993417002538,0.5833333333333334,0.003409427809071941,1.0,1.0,False,False
T,2016-10-10,False,101.535,0.003409427809071941,0.42267201066998666,0.5785003467132609,-0.021076327234347787,-2.526970085777911,0.016666666666666666,-0.0009848820603731712,1.0,1.0,False,False
T,2016-10-11,False,101.435,-0.0009848820603731712,0.5122243112753361,0.6023753320301888,0.0016310576379947761,-0.4276907976338816,0.3333333333333333,-0.001281608912111154,1.0,1.0,False,True
T,2016-10-12,False,101.305,-0.001281608912111154,0.47740038952079694,0.534113860907588,-0.0004767418900733067,-1.2640661852490958,0.13333333333333333,0.0010364740141157736,1.0,1.0,False,False
T,2016-10-13,False,101.41,0.0010364740141157736,0.49291595093177987,0.541503228890892,-0.005036438836093582,-0.877416083537494,0.25,0.0005916576274529461,1.0,1.0,False,False
T,2016-10-14,False,101.47,0.0005916576274529461,0.5566783924001368,0.6054541075888332,0.024870440311674413,0.59525717827813,0.6833333333333333,0.0005913077756973806,1.0,1.0,False,True
T,2016-10-17,False,101.53,0.0005913077756973806,0.5552565903206226,0.618209010007411,0.01653425609699129,0.5615568546208338,0.6666666666666666,-0.00044321875307795633,1.0,1.0,False,True
T,2016-10-18,False,101.485,-0.00044321875307795633,0.5323107957715806,0.569825372775347,0.017216145189041,0.04801961820923545,0.4666666666666667,0.0017243927674039927,1.0,1.0,False,True
T,2016-10-19,False,101.66,0.0017243927674039927,0.6393804860408168,0.6714742590646092,0.026856147358951754,2.453045626307596,1.0,0.002262443438914019,0.0,1.0,True,True
T,2016-10-20,False,101.89,0.002262443438914019,0.5403531269038443,0.629315055078369,0.005147336472760911,0.17700078238814218,0.5,0.0005888703503778014,1.0,0.0,False,True
T,2016-10-21,False,101.95,0.0005888703503778014,0.4879435641645461,0.5466910910393022,-0.012658372117988925,-0.9966824745700991,0.18333333333333332,-0.003384011770475759,1.0,1.0,False,False
T,2016-10-24,False,101.605,-0.003384011770475759,0.5509723898448551,0.5925838080368728,-0.011411373372972166,0.44050866334354877,0.6333333333333333,-0.0010334137099552443,1.0,1.0,False,False
T,2016-10-25,False,101.5,-0.0010334137099552443,0.5522834944981977,0.6007097823778617,-0.016357472014422735,0.47622890906939314,0.6666666666666666,-0.0021182266009852624,1.0,1.0,False,False
T,2016-10-26,False,101.285,-0.0021182266009852624,0.5532948447192368,0.6280014397545054,0.00902233659644367,0.4780667127303208,0.6666666666666666,0.002320185614849146,1.0,1.0,False,True
T,2016-10-27,False,101.52,0.002320185614849146,0.46278015210604934,0.5761300703868566,-0.004800436924261175,-1.5475024348323232,0.06666666666666667,0.00039401103230907175,1.0,1.0,False,False
T,2016-10-28,False,101.56,0.00039401103230907175,0.5536224209083574,0.5810831874588305,-0.008420328026514361,0.5241612716706507,0.6833333333333333,-0.003101614808979858,1.0,1.0,False,False
T,2016-10-31,False,101.245,-0.003101614808979858,0.540377852977184,0.6194276519531102,-0.0023483706852906795,0.19800688469058936,0.5,0.0008395476319817963,1.0,1.0,False,False
T,2016-11-01,False,101.33,0.0008395476319817963,0.5409485059022192,0.6010882478252426,0.005290502323709939,0.21884335759457216,0.5166666666666667,0.0003454060988847818,1.0,1.0,False,True
T,2016-11-02,False,101.365,0.0003454060988847818,0.5129707331553658,0.5434498424904718,0.008770724709249467,-0.41359740340797685,0.3333333333333333,0.0016277807921867282,1.0,1.0,False,True
T,2016-11-03,False,101.53,0.0016277807921867282,0.5347120447425834,0.5539465946851613,-0.006522787215336634,0.07370163982785845,0.4666666666666667,4.92465281196619e-05,1.0,1.0,False,False
T,2016-11-04,False,101.535,4.92465281196619e-05,0.4848111964785141,0.5487220854560103,-0.011736977415697559,-1.0776339178818402,0.16666666666666666,-0.0023637169448957884,1.0,1.0,False,False
T,2016-11-07,False,101.295,-0.0023637169448957884,0.5216123102074025,0.55607549876412,-0.006683192806648508,-0.2264867362284504,0.38333333333333336,-0.0005429685571844978,1.0,1.0,False,False
T,2016-11-08,False,101.24,-0.0005429685571844978,0.5620786410314454,0.641166795856017,0.008511608121697845,0.7137531876596298,0.8333333333333334,,0.0,1.0,True,True
T,2016-11-09,True,100.415,,0.5425616168457416,0.5476248153519309,0.009296658875924768,0.2509631213380694,0.5666666666666667,-0.003286361599362797,1.0,0.0,False,True
T,2016-11-10,False,100.085,-0.003286361599362797,0.45072672478585624,0.5506472111997076,-0.004721963674697671,-1.8364282621132677,0.03333333333333333,-0.0021481740520556958,1.0,1.0,False,False
T,2016-11-11,False,99.87,-0.0021481740520556958,0.5117143973106996,0.6124937682733892,-0.01311477420389951,-0.43734352776884905,0.3,-0.002002603384399726,1.0,1.0,False,False
T,2016-11-14,False,99.67,-0.002002603384399726,0.5506761652696543,0.6040131256248448,-0.005365217105862419,0.4711949315350558,0.6333333333333333,0.001705628574295126,1.0,1.0,False,False
T,2016-11-15,False,99.84,0.001705628574295126,0.5183804004440794,0.5832275752044028,0.0051587007680473805,-0.27399958297153965,0.38333333333333336,-0.002303685897435903,1.0,1.0,False,True
T,2016-11-16,False,99.61,-0.002303685897435903,0.5526487943478604,0.5809980142125641,0.021051014225738816,0.517313796953449,0.6833333333333333,-0.0011545025599838388,1.0,1.0,False,True
T,2016-11-17,False,99.495,-0.0011545025599838388,0.5401058097082477,0.5806505904580458,0.0058755453873302384,0.22192099277553176,0.4666666666666667,-0.0005527915975678255,1.0,1.0,False,True
T,2016-11-18,False,99.44,-0.0005527915975678255,0.5363351740149336,0.5882414346022454,-0.0006956573245273212,0.1391049399056222,0.4666666666666667,0.0009553499597747539,1.0,1.0,False,False
T,2016-11-21,False,99.535,0.0009553499597747539,0.5364384028295951,0.5894180877305383,0.001980238443810456,0.13131940608048465,0.4666666666666667,0.0001507007585270781,1.0,1.0,False,True
T,2016-11-22,False,99.55,0.0001507007585270781,0.49927843448971143,0.5808636535156696,-0.011040812659495058,-0.7053257275185035,0.26666666666666666,0.002963335007533985,1.0,1.0,False,False
T,2016-11-23,False,99.845,0.002963335007533985,0.443921356032015,0.5679191528434295,-0.022942564687768764,-1.8906841040318014,0.03333333333333333,-0.0015023286093445165,1.0,1.0,False,False
T,2016-11-24,False,99.695,-0.0015023286093445165,0.5399638979027316,0.576720510753689,-0.00852595990219841,0.2900905160199964,0.5166666666666667,-0.0011535182306032787,1.0,1.0,False,False
T,2016-11-25,False,99.58,-0.0011535182306032787,0.5084804080998984,0.538897250856926,-0.0015230526046373315,-0.40235684570571967,0.3,0.000150632657160088,1.0,1.0,False,False
T,2016-11-28,False,99.595,0.000150632657160088,0.5514305911235832,0.5857745263380715,0.016886336533562685,0.5638346147928047,0.7166666666666667,-0.0066770420201817116,1.0,1.0,False,True
T,2016-11-29,False,98.93,-0.0066770420201817116,0.6497585691339184,0.6966555320491089,0.042314111942465836,2.6662535886200454,1.0,-0.0007581117962195405,0.0,1.0,True,True
T,2016-11-30,False,98.855,-0.0007581117962195405,0.6621110616653632,0.7300393382608775,0.03855724885592832,2.707198299335477,1.0,-0.00677760356077084,0.0,0.0,True,True
T,2016-12-01,False,98.185,-0.00677760356077084,0.5188393217928684,0.5600838892892782,0.013139829792772006,-0.28620297899137687,0.38333333333333336,0.0007129398584304614,1.0,0.0,False,True
T,2016-12-02,False,98.255,0.0007129398584304614,0.514426184889153,0.5513655582032215,-0.020492805980991024,-0.36031374044041287,0.3333333333333333,-0.002798839753701987,1.0,1.0,False,False
T,2016-12-05,False,97.98,-0.002798839753701987,0.5491161404408509,0.6657668442803929,-0.03489697341623451,0.37694625000165005,0.6833333333333333,-0.004082465809348901,1.0,1.0,False,False
T,2016-12-06,False,97.58,-0.004082465809348901,0.6433672120910701,0.6895237042760434,-0.0007210880500603701,2.2278221335770443,0.9666666666666667,0.0017934002869439691,1.0,1.0,True,False
T,2016-12-07,False,97.755,0.0017934002869439691,0.509271143290242,0.5614750969211801,0.010980467019666429,-0.5194333381164002,0.26666666666666666,0.000511482788604356,1.0,1.0,False,True
T,2016-12-08,False,97.805,0.000511482788604356,0.5340367573351418,0.5820742758217539,-6.238522586313744e-05,-0.02937905637325838,0.43333333333333335,-0.0010224426154082922,1.0,1.0,False,False
T,2016-12-09,False,97.705,-0.0010224426154082922,0.4475877940802341,0.4746072827513916,-0.03123871474771619,-1.7627095816697478,0.05,-0.010439588557392132,1.0,1.0,False,False
T,2016-12-12,False,96.685,-0.010439588557392132,0.4073235908127554,0.44887448673755787,-0.05337705917666373,-2.4156821814438083,0.016666666666666666,-0.0016031442312665067,1.0,1.0,False,False
T,2016-12-13,False,96.53,-0.0016031442312665067,0.5006244796852142,0.5500666667780588,-0.014400649373244211,-0.5776399653213798,0.25,-0.0026934631720708646,1.0,1.0,False,False
T,2016-12-14,False,96.27,-0.0026934631720708646,0.46605777222687156,0.5365076207889106,-0.008292128461156035,-1.2277880771444796,0.13333333333333333,-0.01781448010802944,1.0,1.0,False,False
T,2016-12-15,False,94.555,-0.01781448010802944,0.48210026602856937,0.5836965087114833,0.012775912531078676,-0.8902055513454507,0.16666666666666666,0.013801491195600368,1.0,1.0,False,True
T,2016-12-16,False,95.86,0.013801491195600368,0.5053486443054632,0.5847067682965078,0.01775258933287709,-0.42962197624617343,0.3,-0.012413936991445884,1.0,1.0,False,True
T,2016-12-19,False,94.67,-0.012413936991445884,0.4467687047450329,0.5438535385779033,-0.006842067780177092,-1.4991096910806707,0.06666666666666667,0.0008450406675821753,1.0,1.0,False,False
T,2016-12-20,False,94.75,0.0008450406675821753,0.49408403979102594,0.5219792850658959,0.0020720973844772284,-0.6067498905944457,0.26666666666666666,0.015778364116095123,1.0,1.0,False,True
T,2016-12-21,False,96.245,0.015778364116095123,0.45209846418083893,0.494663967511652,-0.007126820820989815,-1.3577810642393453,0.11666666666666667,0.0076367603511871,1.0,1.0,False,False
T,2016-12-22,False,96.98,0.0076367603511871,0.4866955599384041,0.5138328589267372,-0.003197640929831225,-0.6749304189364085,0.25,-0.004227675809445386,1.0,1.0,False,False
T,2016-12-23,False,96.57,-0.004227675809445386,0.48614231967294297,0.5514827803038769,0.00713587500031983,-0.6737833739230094,0.25,0.0008284146215182808,1.0,1.0,False,True
T,2016-12-26,False,96.65,0.0008284146215182808,0.5086118459881999,0.5452326633285371,0.006309946788645188,-0.21813139662815098,0.4,-0.0047077082255562175,1.0,1.0,False,True
T,2016-12-27,False,96.195,-0.0047077082255562175,0.4915042565290727,0.5467209855148557,0.010072787074626333,-0.5321250519242539,0.3,0.004574042309891446,1.0,1.0,False,True
T,2016-12-28,False,96.635,0.004574042309891446,0.5748897773741676,0.6142731089048773,0.018175037172765675,1.0668136079644481,0.9333333333333333,0.010762146220313573,0.0,1.0,True,True
T,2016-12-29,False,97.675,0.010762146220313573,0.49238019563078894,0.5751742872559346,0.007875368330165966,-0.555485760266079,0.2833333333333333,-0.003634502175582366,1.0,0.0,False,True
T,2016-12-30,False,97.32,-0.003634502175582366,0.522922166231316,0.5739820093807755,0.00294965795879486,0.052181293186363116,0.55,0.0007192766132346762,1.0,1.0,False,True
T,2017-01-03,False,97.39,0.0007192766132346762,0.5170157742457705,0.5498625723698183,-9.445757094559415e-05,-0.09825371378177843,0.48333333333333334,-0.0016428791457028247,1.0,1.0,False,False
T,2017-01-04,False,97.23,-0.0016428791457028247,0.5393843424559435,0.5978119507929026,-0.0046375291221466665,0.3474347608251054,0.6333333333333333,0.0022626761287667385,1.0,1.0,False,False
T,2017-01-05,False,97.45,0.0022626761287667385,0.5517912293665382,0.582288926645423,0.013528424369612602,0.5770038810819614,0.8,-0.0021549512570550045,0.0,1.0,True,True
T,2017-01-06,False,97.24,-0.0021549512570550045,0.5449893155234553,0.5993629942222662,0.007890975370504627,0.42115061629496414,0.7166666666666667,0.004062114356232049,1.0,0.0,False,True
T,2017-01-09,False,97.635,0.004062114356232049,0.49401373860557934,0.5483578108370077,-0.0040399098212870466,-0.6008184173698479,0.26666666666666666,-0.0004609002919034877,1.0,1.0,False,False
T,2017-01-10,False,97.59,-0.0004609002919034877,0.4578518773795785,0.49062762634747537,-0.02208424209136888,-1.2936857990422541,0.11666666666666667,-0.003279024490214222,1.0,1.0,False,False
T,2017-01-11,False,97.27,-0.003279024490214222,0.44571819911577326,0.5470697988775726,-0.029928349864540675,-1.4818981808157217,0.05,0.000873856276344176,1.0,1.0,False,False
T,2017-01-12,False,97.355,0.000873856276344176,0.5028817974910047,0.5917960748245372,-0.01325105755547073,-0.31617735613222436,0.36666666666666664,0.0014380360536181414,1.0,1.0,False,False
T,2017-01-13,False,97.495,0.0014380360536181414,0.5282939426830605,0.5635106441096461,0.011359032826638854,0.21913847950003298,0.5833333333333334,-0.006513154520744746,1.0,1.0,False,True
T,2017-01-16,False,96.86,-0.006513154520744746,0.5313055074292732,0.6320945557664293,0.022948300366667663,0.2677549661536262,0.5833333333333334,-0.0026842865992153797,1.0,1.0,False,True
T,2017-01-17,False,96.6,-0.0026842865992153797,0.537734746327691,0.6517919599396833,0.0212456804362104,0.40828835982167966,0.6666666666666666,,1.0,1.0,False,True
T,2017-01-18,True,95.24,,0.4347862635738981,0.4717544432151539,-0.012675026418958268,-1.6806420208930442,0.03333333333333333,0.0026774464510710416,1.0,1.0,False,False
T,2017-01-19,False,95.495,0.0026774464510710416,0.5187546597948379,0.5671802367576128,-0.011559780963182026,0.061465418949857326,0.5333333333333333,0.0028797319231372853,1.0,1.0,False,False
T,2017-01-20,False,95.77,0.0028797319231372853,0.5472581101601187,0.6313342010953823,0.0012925118928837965,0.6269127128848395,0.8166666666666667,-0.000678709407956557,0.0,1.0,True,True
T,2017-01-23,False,95.705,-0.000678709407956557,0.5365486820691334,0.6048657600148188,0.01100997180691054,0.4109800348389591,0.6833333333333333,-0.008463507653727609,1.0,0.0,False,True
T,2017-01-24,False,94.895,-0.008463507653727609,0.5262768376151985,0.7740115807797615,0.020077517035689628,0.20129304953916108,0.5833333333333334,-0.003108699088466227,1.0,1.0,False,True
T,2017-01-25,False,94.6,-0.003108699088466227,0.6540379692999889,0.7862194361365998,0.024958534646538178,2.6662855471848053,0.9833333333333333,-0.0034883720930232176,0.0,1.0,True,True
T,2017-01-26,False,94.27,-0.0034883720930232176,0.4065411467766221,0.4932306564877355,-0.01639446395361377,-2.0868578268790317,0.016666666666666666,-0.008221067147554773,1.0,0.0,False,False
T,2017-02-03,False,93.495,-0.008221067147554773,0.6216346821830506,0.7141791951736396,0.005043630938925803,1.8974863288855914,0.9333333333333333,-0.0013904486870957022,0.0,1.0,True,True
T,2017-02-06,False,93.365,-0.0013904486870957022,0.4560230289976875,0.5131802681978179,-0.017291090435196034,-1.1240681619013062,0.16666666666666666,0.0033738552990951742,1.0,0.0,False,False
T,2017-02-07,False,93.68,0.0033738552990951742,0.4730005305472728,0.5033030394315338,-0.03125929952843669,-0.7958255933763515,0.21666666666666667,0.005337318531170032,1.0,1.0,False,False
T,2017-02-08,False,94.18,0.005337318531170032,0.4889662137350822,0.540628124029638,0.0016215982281142349,-0.4864365513758367,0.2833333333333333,0.0011148863877679105,1.0,1.0,False,True
T,2017-02-09,False,94.285,0.0011148863877679105,0.5577682433477967,0.6303154282371071,-0.009478969293311306,0.7574398920831404,0.9,0.0007424298668929907,1.0,1.0,True,False
T,2017-02-10,False,94.355,0.0007424298668929907,0.5166594694260044,0.6761156628013164,0.02060405936571577,-0.007678012860631353,0.5,0.004186317630226144,1.0,1.0,False,True
T,2017-02-13,False,94.75,0.004186317630226144,0.5307929035633859,0.5616049358516587,0.014327800172314841,0.2456977307548971,0.6166666666666667,-0.0026912928759893484,1.0,1.0,False,True
T,2017-02-14,False,94.495,-0.0026912928759893484,0.5676589155482019,0.5991855896444197,0.013041006384182863,0.9129488501582887,0.9,-0.0020106883962114352,0.0,1.0,True,True
T,2017-02-15,False,94.305,-0.0020106883962114352,0.4750003890219427,0.5471411091565477,-0.011453626252951054,-0.7625241810006401,0.21666666666666667,0.00890726896771099,1.0,0.0,False,False
T,2017-02-16,False,95.145,0.00890726896771099,0.5477731801917073,0.6048980922122743,0.0006434906989962574,0.5620774382229871,0.8166666666666667,-0.0002627568448156925,0.0,1.0,True,True
T,2017-02-17,False,95.12,-0.0002627568448156925,0.5297571037698422,0.5820576039774772,-0.00219573349435821,0.23773318498182272,0.6166666666666667,0.005309083263246306,1.0,0.0,False,False
T,2017-02-20,False,95.625,0.005309083263246306,0.4836232594245556,0.516227229965905,-0.011331459749939316,-0.585290578260324,0.25,-0.005908496732026092,1.0,1.0,False,False
T,2017-02-21,False,95.06,-0.005908496732026092,0.5261538331504942,0.5518554445201002,0.0038156967489951397,0.1910525467998703,0.6,0.00589101620029453,1.0,1.0,False,True
T,2017-02-22,False,95.62,0.00589101620029453,0.5036424857804986,0.5396165948864344,-0.009186465944176525,-0.21989153582599058,0.4166666666666667,-0.00010458063166707277,1.0,1.0,False,False
T,2017-02-23,False,95.61,-0.00010458063166707277,0.498004741057967,0.5583265739347687,-0.004348549906780736,-0.34364816395009845,0.36666666666666664,0.00047066206463752813,1.0,1.0,False,False
T,2017-02-24,False,95.655,0.00047066206463752813,0.5634034351468684,0.5875412763962525,0.01314112593520984,0.8520147415105549,0.8833333333333333,-0.0009408812921436471,0.0,1.0,True,True
T,2017-02-27,False,95.565,-0.0009408812921436471,0.498669144258241,0.5884490400866793,0.00047915715818632745,-0.3337569792602005,0.38333333333333336,0.0027729817401769274,1.0,0.0,False,True
T,2017-02-28,False,95.83,0.0027729817401769274,0.4813751370030392,0.576481105135753,-0.00438702943546449,-0.6297752301495175,0.21666666666666667,-0.006835020348533893,1.0,1.0,False,False
T,2017-03-01,False,95.175,-0.006835020348533893,0.5730980106106439,0.6088971987311829,0.006815824096152462,1.1257957332486879,0.9166666666666666,-0.0006304176516942483,0.0,1.0,True,True
T,2017-03-02,False,95.115,-0.0006304176516942483,0.5211904232127961,0.5729659336688371,-0.0009997157515741761,0.18863055155929312,0.6,-0.001471902433895833,1.0,0.0,False,False
T,2017-03-03,False,94.975,-0.001471902433895833,0.5565748297946855,0.5947965505515732,0.015562665728264596,0.9004269964826679,0.8666666666666667,-0.0004211634640693962,0.0,1.0,True,True
T,2017-03-06,False,94.935,-0.0004211634640693962,0.5564156428442848,0.5817836268426292,0.013355783086653283,0.8769416299831981,0.85,0.0023173750460840914,0.0,0.0,True,True
T,2017-03-07,False,95.155,0.0023173750460840914,0.5826700318437097,0.610924602514747,0.005436926209762027,1.3836691726533827,0.95,-0.005044401240081986,0.0,0.0,True,True
T,2017-03-08,False,94.675,-0.005044401240081986,0.5577590636024671,0.6194500876958579,0.009923248282836616,0.9615666911521693,0.8666666666666667,-0.0013203063110641677,0.0,0.0,True,True
T,2017-03-09,False,94.55,-0.0013203063110641677,0.5705029322596897,0.6095272126988319,0.0029199625688190677,1.1957888671636854,0.9166666666666666,0.0014278159703859927,0.0,0.0,True,True
T,2017-03-10,False,94.685,0.0014278159703859927,0.4807884349144915,0.5294536177366608,-0.01634215154436065,-0.6674392122294156,0.21666666666666667,0.008396261287426654,1.0,0.0,False,False
T,2017-03-13,False,95.48,0.008396261287426654,0.5289779454270205,0.670534429398062,-0.0184354801521354,0.3183688182269533,0.6333333333333333,0.0007331378299120228,1.0,1.0,False,False
T,2017-03-14,False,95.55,0.0007331378299120228,0.5344883026348118,0.649791857126564,-0.008806650876797972,0.40848405686958145,0.6833333333333333,0.0012558869701726483,1.0,1.0,False,False
T,2017-03-15,False,95.67,0.0012558869701726483,0.4995150440838871,0.5821582979591905,-0.008827590863128499,-0.36921624680902504,0.4,0.007160029267272883,1.0,1.0,False,False
T,2017-03-16,False,96.355,0.007160029267272883,0.5767842807172584,0.6716650045613,0.016252879026240036,1.3034375385723687,0.95,-0.0007783716465155077,0.0,1.0,True,True
T,2017-03-17,False,96.28,-0.0007783716465155077,0.3588262403885281,0.46609506097674974,-0.029800743199453816,-3.179865272099582,0.016666666666666666,0.0008828417116741871,1.0,0.0,False,False
T,2017-03-20,False,96.365,0.0008828417116741871,0.5284778460791564,0.5628960729734632,-0.01527097168066699,0.2467481203660592,0.5833333333333334,0.0022311005032948916,1.0,1.0,False,False
T,2017-03-21,False,96.58,0.0022311005032948916,0.5130646581003354,0.5381337592454517,-0.0021207206605205363,-0.08913118611135512,0.43333333333333335,0.0,1.0,1.0,False,False
T,2017-03-22,False,96.58,0.0,0.5014925081431632,0.5457330540137972,0.00036548725636167956,-0.3303438841015953,0.36666666666666664,0.00124249326982806,1.0,1.0,False,True
T,2017-03-23,False,96.7,0.00124249326982806,0.5508631705003213,0.6298781623577473,0.035708852228759316,0.6615380608401822,0.7666666666666667,0.006359875904860424,1.0,1.0,False,True
T,2017-03-24,False,97.315,0.006359875904860424,0.5419974737100854,0.5922905250542297,0.006483776766184402,0.4582827040770525,0.7,-5.1379540666807166e-05,1.0,1.0,False,True
T,2017-03-27,False,97.31,-5.1379540666807166e-05,0.5778048489741225,0.6381867969962794,0.016998534731449653,1.166392039084543,0.95,-0.004110574452779847,0.0,1.0,True,True
T,2017-03-28,False,96.91,-0.004110574452779847,0.5305413212242456,0.5910767236814961,0.008503930463596609,0.17783070994395925,0.5666666666666667,-5.159426271794665e-05,1.0,0.0,False,True
T,2017-03-29,False,96.905,-5.159426271794665e-05,0.5448294344167193,0.6420242586162267,-0.0023523624653043916,0.45681493207503515,0.6833333333333333,-0.0005675661730561998,1.0,1.0,False,False
T,2017-03-30,False,96.85,-0.0005675661730561998,0.6250445723174186,0.6817772654911819,0.013311878265726306,2.0507598914630654,0.9833333333333333,-0.00010325245224562796,0.0,1.0,True,True
T,2017-03-31,False,96.84,-0.00010325245224562796,0.5122893255698109,0.5800159858044541,-0.0036527795715450284,-0.23836342819183415,0.3333333333333333,-0.0030978934324659146,1.0,0.0,False,False
T,2017-04-05,False,96.54,-0.0030978934324659146,0.4797025494790029,0.5356565267831919,-0.013421765233739369,-0.8792225924123326,0.15,0.002796768178993103,1.0,1.0,False,False
T,2017-04-06,False,96.81,0.002796768178993103,0.46606749798953717,0.5118876362637679,-0.03028658956927799,-1.1246892683521634,0.11666666666666667,0.003615328994938549,1.0,1.0,False,False
T,2017-04-07,False,97.16,0.003615328994938549,0.522331188839961,0.5958852132061245,-0.025164859453518894,0.0030219439616532523,0.45,-0.0033449979415397513,1.0,1.0,False,False
T,2017-04-10,False,96.835,-0.0033449979415397513,0.4930118508996866,0.5731245764963974,0.0004073690020709453,-0.5628573165355522,0.25,0.0010326844632624343,1.0,1.0,False,True
T,2017-04-11,False,96.935,0.0010326844632624343,0.47116918371886823,0.5632138866671195,0.000987762138988002,-0.9684166332232156,0.13333333333333333,-0.001702171558260801,1.0,1.0,False,True
T,2017-04-12,False,96.77,-0.001702171558260801,0.5098129027286714,0.5632187120838027,0.0036328804357175725,-0.20718040767154153,0.38333333333333336,0.001395060452619612,1.0,1.0,False,True
T,2017-04-13,False,96.905,0.001395060452619612,0.40699159290645,0.5048908830082961,-0.02138781400380372,-2.1709578097402975,0.05,-0.004282544760332296,1.0,1.0,False,False
T,2017-04-14,False,96.49,-0.004282544760332296,0.5151273173602061,0.5735090895257267,-0.001994665789137917,-0.10645729308935675,0.4166666666666667,-0.0044046015131101734,1.0,1.0,False,False
T,2017-04-17,False,96.065,-0.0044046015131101734,0.5683668618178843,0.6352228211810447,0.019970977082956688,0.9130901494233363,0.8666666666666667,0.0008848175714359918,0.0,1.0,True,True
T,2017-04-18,False,96.15,0.0008848175714359918,0.5205327471274995,0.6241463942072286,0.018281495770909057,-0.018986141727832678,0.45,0.0013000520020800543,1.0,0.0,False,True
T,2017-04-19,False,96.275,0.0013000520020800543,0.5079822204843512,0.5365270402309628,0.020738668492309577,-0.25657749351399756,0.35,-0.0005193456245132788,1.0,1.0,False,True
T,2017-04-20,False,96.225,-0.0005193456245132788,0.5042260853351614,0.5362308570121362,-0.008218710538362251,-0.31905770597252725,0.35,-0.004053000779423277,1.0,1.0,False,False
T,2017-04-21,False,95.835,-0.004053000779423277,0.46726994839613706,0.5773476835002406,-0.02185004886358326,-1.0674155215198333,0.1,-0.004643397506130298,1.0,1.0,False,False
T,2017-04-24,False,95.39,-0.004643397506130298,0.5368498182616468,0.5909608793466077,-0.0008078129819919566,0.30612400736054807,0.6666666666666666,0.00513680679316475,1.0,1.0,False,False
T,2017-04-25,False,95.88,0.00513680679316475,0.4624180599874937,0.58708586624267,-0.005850458806722958,-1.130592763145966,0.08333333333333333,0.0005214851898207584,1.0,1.0,False,False
T,2017-04-26,False,95.93,0.0005214851898207584,0.6021039429276673,0.6610517578413385,0.019090382677636842,1.5590073924098002,0.95,0.001720004169706968,0.0,1.0,True,True
T,2017-04-27,False,96.095,0.001720004169706968,0.5140346511001671,0.5807061642469824,0.015878353007408065,-0.13160070336898286,0.45,-0.0019251782090640157,1.0,0.0,False,True
T,2017-04-28,False,95.91,-0.0019251782090640157,0.5633556266862177,0.6075230644844184,0.010462820796181532,0.8925804307887237,0.8166666666666667,-0.0014075695964965718,0.0,1.0,True,True
T,2017-05-02,False,95.775,-0.0014075695964965718,0.5348290929851228,0.6314600384521976,0.010607374975380867,0.28332111770697144,0.65,-0.001148525189245575,1.0,0.0,False,True
T,2017-05-03,False,95.665,-0.001148525189245575,0.5807633174052977,0.6263190296034169,-0.002188680915978347,1.3074587828690474,0.95,-0.005069774734751453,1.0,1.0,True,False
T,2017-05-04,False,95.18,-0.005069774734751453,0.5449590069275263,0.6139981309632244,0.00792564023737984,0.501816899290644,0.7,0.0005778524900188486,1.0,1.0,False,True
T,2017-05-05,False,95.235,0.0005778524900188486,0.587215536411162,0.6502898588023335,0.005784973339229194,1.3865951924896533,0.9666666666666667,-0.00414763479813085,0.0,1.0,True,True
T,2017-05-08,False,94.84,-0.00414763479813085,0.5038349616783313,0.5900521105504853,-0.0055536043607718796,-0.4552982220264439,0.3,,1.0,0.0,False,False
T,2017-05-09,True,94.015,,0.5322900360401476,0.5565991243129861,-0.013807060797949532,0.18321412561793746,0.6,-0.0038823591980002847,1.0,1.0,False,False
T,2017-05-10,False,93.65,-0.0038823591980002847,0.5538966992600152,0.5953328848023921,-0.003705011570603667,0.6464684707426778,0.7333333333333333,0.007100907634810305,1.0,1.0,False,False
T,2017-05-11,False,94.315,0.007100907634810305,0.5156472882796337,0.5837910724317296,-0.009307475868137271,-0.19338143050778733,0.43333333333333335,-0.003392885543126667,1.0,1.0,False,False
T,2017-05-12,False,93.995,-0.003392885543126667,0.5240340251836614,0.5673918116011419,0.0023755379250146257,0.008100632296236782,0.5,0.005532209160061585,1.0,1.0,False,True
T,2017-05-15,False,94.515,0.005532209160061585,0.49756110596188635,0.5802852208356486,-0.009932053423287623,-0.594251178880552,0.2,-0.002010262921229411,1.0,1.0,False,False
T,2017-05-16,False,94.325,-0.002010262921229411,0.4199526242383407,0.5012145171796579,-0.02859743323610963,-2.1959847717379666,0.05,0.0012721971905644835,1.0,1.0,False,False
T,2017-05-17,False,94.445,0.0012721971905644835,0.5755237640143075,0.6330277189713324,0.001567155052402691,1.125894838994071,0.8833333333333333,0.002752924982794225,0.0,1.0,True,True
T,2017-05-18,False,94.705,0.002752924982794225,0.5189004604097603,0.6271347703131686,0.006769552850461907,-0.09358038097570273,0.45,-0.00047515970645695127,1.0,0.0,False,True
T,2017-05-19,False,94.66,-0.00047515970645695127,0.49053921453041954,0.5260767156606119,0.008490405330848605,-0.6859297862289933,0.18333333333333332,-0.006074371434608095,1.0,1.0,False,True
T,2017-05-22,False,94.085,-0.006074371434608095,0.5237207231417457,0.5547326474730564,0.012255164832292203,0.015238699674489565,0.5166666666666667,-0.0002125737365148428,1.0,1.0,False,True
T,2017-05-23,False,94.065,-0.0002125737365148428,0.49653497604906366,0.5358650565560019,-0.015315731319850234,-0.5652029804026188,0.21666666666666667,0.00255142720459256,1.0,1.0,False,False
T,2017-05-24,False,94.305,0.00255142720459256,0.5054377499976567,0.5361715589327493,-0.002092965930556323,-0.3562150608060252,0.3333333333333333,0.0009543502465403364,1.0,1.0,False,False
T,2017-05-25,False,94.395,0.0009543502465403364,0.4922971339788065,0.5260430806131092,-0.0014767134247315127,-0.6354246187619624,0.2,-0.0010064092377773948,1.0,1.0,False,False
T,2017-05-26,False,94.3,-0.0010064092377773948,0.5236890474712715,0.5640981651597673,-0.00043011934112054394,0.023169650611530937,0.5166666666666667,0.004347826086956497,1.0,1.0,False,False
T,2017-05-31,False,94.71,0.004347826086956497,0.5158863266499242,0.5557714738358417,0.00569539986753359,-0.12604105193762366,0.45,0.001055854714391291,1.0,1.0,False,True
T,2017-06-01,False,94.81,0.001055854714391291,0.515113914676533,0.5588217631575976,0.004294152202887036,-0.14066131666886494,0.4166666666666667,-0.00031642231832085255,1.0,1.0,False,True
T,2017-06-02,False,94.78,-0.00031642231832085255,0.47169007718939193,0.5463331576981678,-0.004978924637356763,-1.0523069626614479,0.13333333333333333,0.0024266722937329455,1.0,1.0,False,False
T,2017-06-05,False,95.01,0.0024266722937329455,0.5146748530328764,0.5597461514580234,-0.00622246383373225,-0.1042714859720565,0.43333333333333335,-0.0018419113777498053,1.0,1.0,False,False
T,2017-06-06,False,94.835,-0.0018419113777498053,0.5702203339409775,0.613233341350714,0.010822895293845003,1.1193434198498906,0.8666666666666667,0.0011071861654452508,0.0,1.0,True,True
T,2017-06-07,False,94.94,0.0011071861654452508,0.5446652218184181,0.5914449549877667,0.015763287103535584,0.5649408866580398,0.75,-0.0008426374552348292,1.0,0.0,False,True
T,2017-06-08,False,94.86,-0.0008426374552348292,0.47701589146919204,0.5342479443793086,0.004064199734514195,-0.8950953060032641,0.15,0.001001475859160772,1.0,1.0,False,True
T,2017-06-09,False,94.955,0.001001475859160772,0.5609402446254379,0.5990370195347001,-6.736592866624647e-05,0.9307111279976391,0.8333333333333334,0.0040545521562846965,1.0,1.0,True,False
T,2017-06-12,False,95.34,0.0040545521562846965,0.5133395776767753,0.581016621305354,-0.009748648972138462,-0.11495593355685028,0.4166666666666667,0.0009964338158170438,1.0,1.0,False,False
T,2017-06-13,False,95.435,0.0009964338158170438,0.3485643374705792,0.38717265736432094,-0.035587808248809465,-3.321640761825162,0.016666666666666666,0.0009430502436214017,1.0,1.0,False,False
T,2017-06-14,False,95.525,0.0009430502436214017,0.5098612084555135,0.56432494252016,-0.014668527318221575,-0.11463510835622365,0.38333333333333336,-0.000994504056529677,1.0,1.0,False,False
T,2017-06-15,False,95.43,-0.000994504056529677,0.5440848085482584,0.5795646686982623,-0.003718924137562085,0.5837536104075443,0.75,-0.0008907052289637285,1.0,1.0,False,False
T,2017-06-16,False,95.345,-0.0008907052289637285,0.5358476673358963,0.5791612651220696,0.024053665039592116,0.39323748016717397,0.7,0.00613561277466057,1.0,1.0,False,True
T,2017-06-19,False,95.93,0.00613561277466057,0.4722313117158842,0.5203842084151756,0.027332040737099283,-0.9816316335436466,0.15,-0.0009903054310436143,1.0,1.0,False,True
T,2017-06-20,False,95.835,-0.0009903054310436143,0.5286708834460223,0.5659537612227123,-0.003423414685135656,0.2477778366732014,0.6333333333333333,-0.0036521103980799996,1.0,1.0,False,False
T,2017-06-21,False,95.485,-0.0036521103980799996,0.5206624992401011,0.6276337581701759,-0.0054021402506188474,0.06566664420766666,0.55,-0.002722940776038185,1.0,1.0,False,False
T,2017-06-22,False,95.225,-0.002722940776038185,0.6089225931720323,0.637581267698616,0.0194581039196489,1.9219429756802262,0.9833333333333333,0.0020477815699659896,0.0,1.0,True,True
T,2017-06-23,False,95.42,0.0020477815699659896,0.5699000698826908,0.6384016731637076,0.02755892260596232,1.0729169027522998,0.8666666666666667,0.003458394466568926,0.0,0.0,True,True
T,2017-06-26,False,95.75,0.003458394466568926,0.4753453392607965,0.5078547207369256,-0.005741351772786197,-0.8936951311302778,0.16666666666666666,-0.0004699738903394257,1.0,0.0,False,False
T,2017-06-27,False,95.705,-0.0004699738903394257,0.5084706416595907,0.5448533827875793,-0.015796096907225676,-0.18181861436314922,0.36666666666666664,-0.0012538529857374359,1.0,1.0,False,False
T,2017-06-28,False,95.585,-0.0012538529857374359,0.5299053039663659,0.5673853474219358,-0.021946400663443298,0.2799302478854579,0.6833333333333333,-0.0017785217345817061,1.0,1.0,False,False
T,2017-06-29,False,95.415,-0.0017785217345817061,0.5520567661995518,0.6007809855295815,0.0018873357339291407,0.8117364349302846,0.8166666666666667,-0.0014672745375464702,0.0,1.0,True,True
T,2017-06-30,False,95.275,-0.0014672745375464702,0.4976064087434574,0.555167818758013,0.0088108263505283,-0.39321861112299866,0.3,-0.003935974809761267,1.0,0.0,False,True
T,2017-07-03,False,94.9,-0.003935974809761267,0.5376819818395654,0.572107974224399,0.0026123785137040943,0.4770445274822257,0.75,0.0010010537407798559,1.0,1.0,False,True
T,2017-07-04,False,94.995,0.0010010537407798559,0.5743730406556187,0.6234764344435338,0.007456068901851909,1.2510809923378696,0.9166666666666666,0.002526448760461042,0.0,1.0,True,True
T,2017-07-05,False,95.235,0.002526448760461042,0.5040302902117658,0.5898108755912477,-0.001928632006341069,-0.30531145829049205,0.3,0.0012075392450254796,1.0,0.0,False,False
T,2017-07-06,False,95.35,0.0012075392450254796,0.5429846757061225,0.5720834953641036,0.005710484229753066,0.5413814433748344,0.7333333333333333,-0.0024646040901940003,1.0,1.0,False,True
T,2017-07-07,False,95.115,-0.0024646040901940003,0.477854687319977,0.5296532320061896,-0.015104295398867295,-0.9099462219343007,0.16666666666666666,-0.000210271776270754,1.0,1.0,False,False
T,2017-07-10,False,95.095,-0.000210271776270754,0.5313396929276485,0.5732319053441913,-0.01122422983477292,0.2728825618593767,0.6333333333333333,0.0009990009990010762,1.0,1.0,False,False
T,2017-07-11,False,95.19,0.0009990009990010762,0.5245330919685941,0.5708011378623123,0.002936062073518253,0.0823019457683762,0.5833333333333334,0.0008404244143291884,1.0,1.0,False,True
T,2017-07-12,False,95.27,0.0008404244143291884,0.5673796007106943,0.5868824564386302,0.00954682546577606,1.0608890861386746,0.85,0.0014170252965257646,0.0,1.0,True,True
T,2017-07-13,False,95.405,0.0014170252965257646,0.5427069224499387,0.6049381030890948,0.016574437804296915,0.49922028878418234,0.7166666666666667,-0.00010481630941783227,1.0,0.0,False,True
T,2017-07-14,False,95.395,-0.00010481630941783227,0.4360835859913897,0.4799826849976336,-0.0172338383391173,-1.9123161796237116,0.05,0.00015724094554214751,1.0,1.0,False,False
T,2017-07-17,False,95.41,0.00015724094554214751,0.60829710524146,0.6498727814268086,0.0036232011826427156,1.9089249177169791,0.9833333333333333,-0.0028822974530970935,0.0,1.0,True,True
T,2017-07-18,False,95.135,-0.0028822974530970935,0.5112446018780902,0.5883191646734829,-0.004667981487368689,-0.23441128364757546,0.35,-0.0003678982498556138,1.0,0.0,False,False
T,2017-07-19,False,95.1,-0.0003678982498556138,0.550733892747993,0.5898611496093158,0.009121495648280914,0.6123075319143116,0.7666666666666667,0.002523659305993853,1.0,1.0,False,True
T,2017-07-20,False,95.34,0.002523659305993853,0.557389968918024,0.6053302796004495,0.018504955335980157,0.7499310278474177,0.8,-0.0012586532410321372,0.0,1.0,True,True
T,2017-07-21,False,95.22,-0.0012586532410321372,0.5475729084819431,0.5816015061206812,-0.007530302647910003,0.507588422772148,0.7333333333333333,0.0012077294685990392,1.0,0.0,False,False
T,2017-07-24,False,95.335,0.0012077294685990392,0.45954102751011755,0.4995774663017506,-0.010656813300199519,-1.432259469442263,0.06666666666666667,-0.002255205328578036,1.0,1.0,False,False
T,2017-07-25,False,95.12,-0.002255205328578036,0.5829770315627936,0.6256464030829008,-0.003336266377830527,1.3234562627232678,0.95,-0.0028385197645081073,1.0,1.0,True,False
T,2017-07-26,False,94.85,-0.0028385197645081073,0.4913459082234553,0.5714651665318278,-0.009668399830828678,-0.7004033298107285,0.18333333333333332,0.0021085925144965767,1.0,1.0,False,False
T,2017-07-27,False,95.05,0.0021085925144965767,0.5794832463960095,0.6194902359177379,0.009562555654147053,1.2426704086766587,0.9166666666666666,-0.0009468700683851194,0.0,1.0,True,True
T,2017-07-28,False,94.96,-0.0009468700683851194,0.4852008811356087,0.5405703089131032,0.004782592208419823,-0.815473853092546,0.16666666666666666,-0.0028959561920808286,1.0,0.0,False,True
T,2017-07-31,False,94.685,-0.0028959561920808286,0.5985635570034218,0.6511672468329103,0.002502802379340985,1.6577426940289586,0.9666666666666667,-0.001425780218619721,0.0,1.0,True,True
T,2017-08-01,False,94.55,-0.001425780218619721,0.5558005197682271,0.6094201588378539,0.014798953369695588,0.7448860121184706,0.8,0.0017979904812268632,0.0,0.0,True,True
T,2017-08-03,False,94.72,0.0017979904812268632,0.5004379802173599,0.5414318120615332,-0.008749089372468082,-0.4776740216338036,0.2833333333333333,0.00021114864864868466,1.0,0.0,False,False
T,2017-08-04,False,94.74,0.00021114864864868466,0.5069591788439486,0.5361809886059103,-0.005460898136938219,-0.32408952735507907,0.3333333333333333,-0.0037470973189781542,1.0,1.0,False,False
T,2017-08-07,False,94.385,-0.0037470973189781542,0.5041523661930937,0.5484377346106882,-0.023766372254493472,-0.368959751188868,0.31666666666666665,,1.0,1.0,False,False
T,2017-08-08,True,94.355,,0.5302840775726212,0.5364078551267455,-0.004731849841547797,0.2046325880268525,0.6166666666666667,-0.00010598272481587845,1.0,1.0,False,False
T,2017-08-09,False,94.345,-0.00010598272481587845,0.5102435195617169,0.5843958538045088,0.004293597741738664,-0.2341392386227624,0.4,0.0015369123959934061,1.0,1.0,False,True
T,2017-08-10,False,94.49,0.0015369123959934061,0.5090828734768144,0.5493505708566381,0.0010338542634354742,-0.2645384819235042,0.36666666666666664,0.001693300878399917,1.0,1.0,False,True
T,2017-08-11,False,94.65,0.001693300878399917,0.5176441135563793,0.5401333277524313,0.0005782290630764409,-0.1158742095829148,0.48333333333333334,0.0031695721077653616,1.0,1.0,False,True
T,2017-08-14,False,94.95,0.0031695721077653616,0.5563019140323596,0.6171984837928262,0.005943626691413928,0.7947398823945822,0.8166666666666667,0.0002632964718272124,0.0,1.0,True,True
T,2017-08-15,False,94.975,0.0002632964718272124,0.49358876611819985,0.5514493164654745,0.001390953366851122,-0.6594970064310689,0.21666666666666667,-0.0005790997630954475,1.0,0.0,False,True
T,2017-08-16,False,94.92,-0.0005790997630954475,0.46620883092699317,0.4959286126434431,-0.010980343253782183,-1.2756514670498567,0.06666666666666667,0.0003687315634217647,1.0,1.0,False,False
T,2017-08-17,False,94.955,0.0003687315634217647,0.5343218593277809,0.5795552576824466,-0.00567375915625633,0.2918297035647943,0.6333333333333333,-0.0003685956505712351,1.0,1.0,False,False
T,2017-08-18,False,94.92,-0.0003685956505712351,0.5438782996745889,0.5720678240643103,0.0015885864494039558,0.4943919401485733,0.7,-0.0010008428150021231,1.0,1.0,False,True
T,2017-08-21,False,94.825,-0.0010008428150021231,0.5245187746249054,0.5739389810407687,0.013952948576100677,0.04033260869937374,0.5166666666666667,-0.00010545742156609084,1.0,1.0,False,True
T,2017-08-22,False,94.815,-0.00010545742156609084,0.5765818383225282,0.6271523443743452,0.021094293008819452,1.2009483715427967,0.9166666666666666,-0.0007910140800506671,0.0,1.0,True,True
T,2017-08-23,False,94.74,-0.0007910140800506671,0.5493994560602563,0.5789481742746965,0.006285873211289017,0.5666093253161413,0.7333333333333333,-0.0004749841671944921,1.0,0.0,False,True
T,2017-08-24,False,94.695,-0.0004749841671944921,0.5568428162434532,0.6101731599199549,0.005080971457307959,0.7181514947042502,0.8,-0.0008976186704682254,0.0,1.0,True,True
T,2017-08-25,False,94.61,-0.0008976186704682254,0.5164937351252267,0.5446209379043315,-0.0035789101078432363,-0.20073020230474986,0.4166666666666667,-0.0011098192580065724,1.0,0.0,False,False
T,2017-08-28,False,94.505,-0.0011098192580065724,0.6108397326481815,0.6427722060093536,0.003561006771627695,1.860682333206174,1.0,0.0018517538754565521,0.0,1.0,True,True
T,2017-08-29,False,94.68,0.0018517538754565521,0.5495839092876411,0.6028806925826368,0.005436582285949787,0.47729183541747094,0.7,0.000950570342205248,1.0,0.0,False,True
T,2017-08-30,False,94.77,0.000950570342205248,0.5521567288865704,0.5741106816738692,0.002371799944864883,0.5442371238538926,0.75,0.0008441489922972334,1.0,1.0,False,True
T,2017-08-31,False,94.85,0.0008441489922972334,0.589268494715676,0.6295394590423902,0.008686651541928759,1.3410093810239228,0.9333333333333333,-0.0013178703215603882,0.0,1.0,True,True
T,2017-09-01,False,94.725,-0.0013178703215603882,0.47284311393018175,0.5447314874114358,-0.023630865200796457,-1.2309777228130911,0.1,-0.0003167062549485067,1.0,0.0,False,False
T,2017-09-04,False,94.695,-0.0003167062549485067,0.528642601421923,0.5539928031913188,-0.012119623068782493,0.013195221704706042,0.4666666666666667,-0.002112043930513674,1.0,1.0,False,False
T,2017-09-05,False,94.495,-0.002112043930513674,0.5551169484370881,0.5877682272842982,-0.005470545419271755,0.5837907783811892,0.75,0.002275252658870741,1.0,1.0,False,False
T,2017-09-06,False,94.71,0.002275252658870741,0.5318009650570233,0.5796801628220464,-0.0032661224810398904,7.850689359734268e-05,0.5166666666666667,0.0030091859360152906,1.0,1.0,False,False
T,2017-09-07,False,94.995,0.0030091859360152906,0.5453505874365911,0.6269816485983399,0.014817331064791916,0.3373839897082058,0.6333333333333333,0.0016842991736407686,1.0,1.0,False,True
T,2017-09-08,False,95.155,0.0016842991736407686,0.5802565689926169,0.6355695930479511,0.009346157414089085,1.2155123373995387,0.9,-0.0011560086175187445,0.0,1.0,True,True
T,2017-09-11,False,95.045,-0.0011560086175187445,0.5071428318900623,0.5333745913374934,-0.00474926291584582,-0.6501255914997368,0.26666666666666666,0.0008943132200536219,1.0,0.0,False,False
T,2017-09-12,False,95.13,0.0008943132200536219,0.5148232476551703,0.5638558087327473,-0.007216319035023499,-0.48055410000063115,0.3333333333333333,-0.001419110690633829,1.0,1.0,False,False
T,2017-09-13,False,94.995,-0.001419110690633829,0.5500251207334211,0.5807425626730406,-0.005608425474378664,0.4288667283709097,0.6666666666666666,0.004158113584925571,1.0,1.0,False,False
T,2017-09-14,False,95.39,0.004158113584925571,0.6337785210494854,0.7318496836739339,0.014992619295709586,2.432011239893847,1.0,-0.00036691477094030756,0.0,1.0,True,True
T,2017-09-15,False,95.355,-0.00036691477094030756,0.4680365518284596,0.5365239957567279,0.004074271327110979,-1.6198539829836376,0.06666666666666667,-0.002883959939174674,1.0,0.0,False,True
T,2017-09-18,False,95.08,-0.002883959939174674,0.562881642266092,0.6622140345692007,0.001412822031688199,0.7455945617506082,0.8166666666666667,0.0011043331931006595,0.0,1.0,True,True
T,2017-09-19,False,95.185,0.0011043331931006595,0.5276235119218663,0.6124736102457883,-0.011570009640650303,-0.15871010018086054,0.4166666666666667,-0.0006828807059935382,1.0,0.0,False,False
T,2017-09-20,False,95.12,-0.0006828807059935382,0.4842465286587753,0.5261557834379089,-0.023947702468801346,-1.2381888973467075,0.11666666666666667,-0.0015769554247266893,1.0,1.0,False,False
T,2017-09-21,False,94.97,-0.0015769554247266893,0.5606748495755216,0.6403894451753691,0.010664148188680727,0.6689746431811815,0.8,0.0015267979361903716,0.0,1.0,True,True
T,2017-09-22,False,95.115,0.0015267979361903716,0.4854909378260836,0.5695322002453181,-0.01217300712263616,-1.1752153515907882,0.15,0.0012090627135574739,1.0,0.0,False,False
T,2017-09-25,False,95.23,0.0012090627135574739,0.49730244424989245,0.5335999651214819,-0.005939772617663941,-0.8820168194516073,0.2,-5.250446287941024e-05,1.0,1.0,False,False
T,2017-09-26,False,95.225,-5.250446287941024e-05,0.47411450659517873,0.5193953556385681,-0.008363644945282234,-1.4064030635456626,0.1,-0.0006825938566552558,1.0,1.0,False,False
T,2017-09-27,False,95.16,-0.0006825938566552558,0.5524918036448755,0.5966635260818072,-0.0027742523092197102,0.5167952205767645,0.7166666666666667,0.0010508617065994041,1.0,1.0,False,False
T,2017-09-28,False,95.26,0.0010508617065994041,0.5228720751792297,0.5586527742511094,0.01299516341012753,-0.2188623296202674,0.4,-0.0007348309888726146,1.0,1.0,False,True
T,2017-09-29,False,95.19,-0.0007348309888726146,0.4825759911858528,0.5416942456354558,0.0019304662455971733,-1.1734305284226598,0.13333333333333333,-0.0034142241832125775,1.0,1.0,False,True
T,2017-10-09,False,94.865,-0.0034142241832125775,0.6129482843078873,0.6766044034168434,0.020775174296639443,1.9126004182122613,0.9833333333333333,0.0007378906867654411,0.0,1.0,True,True
T,2017-10-10,False,94.935,0.0007378906867654411,0.5734656472473834,0.5987291781914872,0.01320238963336733,0.9439375579410403,0.8333333333333334,-0.0005266761468373238,0.0,0.0,True,True
T,2017-10-11,False,94.885,-0.0005266761468373238,0.5842214060708671,0.6300193188040584,0.021358831784480538,1.1623576939799547,0.9,-0.0028455498761660314,0.0,0.0,True,True
T,2017-10-12,False,94.615,-0.0028455498761660314,0.5726563346421667,0.6239502062737777,0.015143380867560763,0.8873143628226349,0.8,0.0,0.0,0.0,True,True
T,2017-10-13,False,94.615,0.0,0.5186539807943936,0.6010921490055998,-0.018939791963220397,-0.3682383461658066,0.4,-0.0031707445965226677,1.0,0.0,False,False
T,2017-10-16,False,94.315,-0.0031707445965226677,0.5375810886790671,0.5572666075365394,-0.013733654241310612,0.03696069581906278,0.5166666666666667,-0.003392885543126667,1.0,1.0,False,False
T,2017-10-17,False,93.995,-0.003392885543126667,0.5154926576468031,0.5532088190753668,-0.017253274281122777,-0.47973082077283746,0.35,0.0004787488696207376,1.0,1.0,False,False
T,2017-10-18,False,94.04,0.0004787488696207376,0.5236237268945118,0.5610858713684652,-0.010122653864290043,-0.2806671534308252,0.4166666666666667,0.0014355593364525632,1.0,1.0,False,False
T,2017-10-19,False,94.175,0.0014355593364525632,0.5487587646805393,0.5890959770804128,0.004625220598773605,0.355150102524907,0.6,-0.001008760286700272,1.0,1.0,False,True
T,2017-10-20,False,94.08,-0.001008760286700272,0.526842759830121,0.5787212340977753,0.0011789449335844026,-0.18620051823042513,0.45,0.0008503401360544505,1.0,1.0,False,True
T,2017-10-23,False,94.16,0.0008503401360544505,0.5269059411246698,0.5912616021041422,0.0026045599891342695,-0.17600224335600637,0.4666666666666667,-0.00015930331350888505,1.0,1.0,False,True
T,2017-10-24,False,94.145,-0.00015930331350888505,0.5561440755443509,0.5954670141187184,0.004318787374380873,0.5397950328577362,0.7333333333333333,-0.006054490413723412,1.0,1.0,False,True
T,2017-10-25,False,93.575,-0.006054490413723412,0.5855753849614944,0.6436799341619491,0.010293455627614013,1.304796419950257,0.9166666666666666,0.0020838899278652345,0.0,1.0,True,True
T,2017-10-26,False,93.77,0.0020838899278652345,0.6364598093462337,0.6655425752511785,0.027790354286905006,2.4584973618638677,1.0,-0.005278873840247278,0.0,0.0,True,True
T,2017-10-27,False,93.275,-0.005278873840247278,0.5028058372893662,0.5840298179603456,0.0032115526131275664,-0.8468721772825097,0.2,-0.0076655052264809065,1.0,0.0,False,True
T,2017-10-30,False,92.56,-0.0076655052264809065,0.597378103686092,0.6333701508102395,-3.0149138864588033e-05,1.4668066240196096,0.9166666666666666,0.0012964563526360884,1.0,1.0,True,False
T,2017-10-31,False,92.68,0.0012964563526360884,0.5064178171781428,0.6062016528922621,-0.019739684122684488,-0.7725970377571276,0.21666666666666667,0.0027514026758739263,1.0,1.0,False,False
T,2017-11-01,False,92.935,0.0027514026758739263,0.42368081612132796,0.4542830482479569,-0.04219460065610349,-2.6397770519603956,0.016666666666666666,-0.0011298219185452707,1.0,1.0,False,False
T,2017-11-02,False,92.83,-0.0011298219185452707,0.4754614585860858,0.5456974599156106,-0.022838604497132493,-1.3841549974366,0.1,0.0008079284713993218,1.0,1.0,False,False
T,2017-11-03,False,92.905,0.0008079284713993218,0.5694047856907576,0.5949386175221133,-0.008690299458272589,0.7976302604260156,0.8,0.0017221893331897942,1.0,1.0,True,False
T,2017-11-06,False,93.065,0.0017221893331897942,0.5164128256281194,0.5479824129844434,0.01657139864693828,-0.451444461750014,0.31666666666666665,-0.003921990006984344,1.0,1.0,False,True
T,2017-11-07,False,92.7,-0.003921990006984344,0.5340568774217167,0.5704139880147038,0.02617034896428111,-0.037871360849720634,0.5166666666666667,0.0016181229773462036,1.0,1.0,False,True
T,2017-11-08,False,92.85,0.0016181229773462036,0.535964776753604,0.5832715321752378,0.00856587280659955,-0.003079774048051299,0.5333333333333333,,1.0,1.0,False,True
T,2017-11-09,True,92.805,,0.41192564595765635,0.4418891513086343,-0.029540632834071788,-2.7121120027249597,0.016666666666666666,-0.0005926404827326648,1.0,1.0,False,False
T,2017-11-10,False,92.75,-0.0005926404827326648,0.5349708516156519,0.681802490582355,-0.008501517948899528,0.004566185090763956,0.5166666666666667,-0.006738544474393482,1.0,1.0,False,False
T,2017-11-13,False,92.125,-0.006738544474393482,0.5979375484965306,0.7151055730872574,0.01267674170116757,1.3646324430637005,0.9333333333333333,0.0034735413839890317,0.0,1.0,True,True
T,2017-11-14,False,92.445,0.0034735413839890317,0.574893857454309,0.6076841381437071,0.026387006394028422,0.8327643907198949,0.8166666666666667,-0.00016225864027241688,0.0,0.0,True,True
T,2017-11-15,False,92.43,-0.00016225864027241688,0.5400160758035062,0.6010005695625892,0.029610386553035672,0.04404269998852204,0.5333333333333333,0.0031916044574271663,1.0,0.0,False,True
T,2017-11-16,False,92.725,0.0031916044574271663,0.5333637500936118,0.563920564719873,-0.006113567573710466,-0.10415729554511707,0.45,-0.0003235373416015097,1.0,1.0,False,False
T,2017-11-17,False,92.695,-0.0003235373416015097,0.5150913493128981,0.5404063212280409,-0.020722250572796207,-0.5004795297952834,0.25,-0.0009709261556717363,1.0,1.0,False,False
T,2017-11-20,False,92.605,-0.0009709261556717363,0.5553264267643164,0.5968704224899821,-0.0064059587870593186,0.38455807551679916,0.6833333333333333,-0.0005399276496949046,1.0,1.0,False,False
T,2017-11-21,False,92.555,-0.0005399276496949046,0.5278765263142343,0.5868357959411242,-0.00023164223078391276,-0.21003987992377526,0.4166666666666667,-0.0054562152233808,1.0,1.0,False,False
T,2017-11-22,False,92.05,-0.0054562152233808,0.5208405873462016,0.5751773542186216,-0.0012261148493484142,-0.35687295561455856,0.3333333333333333,0.0005975013579577748,1.0,1.0,False,False
T,2017-11-23,False,92.105,0.0005975013579577748,0.4718517415465978,0.5031798054679391,-0.012096505495071542,-1.4005830015880187,0.06666666666666667,0.004071440204114873,1.0,1.0,False,False
T,2017-11-24,False,92.48,0.004071440204114873,0.4612266596581311,0.4994005859973225,-0.024422431898000717,-1.5817615285988855,0.05,-0.000648788927335664,1.0,1.0,False,False
T,2017-11-27,False,92.42,-0.000648788927335664,0.4785178222632288,0.5151173566087868,-0.015833133579008157,-1.1745558770729492,0.15,-0.001298420255355981,1.0,1.0,False,False
T,2017-11-28,False,92.3,-0.001298420255355981,0.526885767184776,0.6002133580298991,0.001875644039377966,-0.10873424127805234,0.43333333333333335,0.007313109425785447,1.0,1.0,False,True
T,2017-11-29,False,92.975,0.007313109425785447,0.5389648974196862,0.6773051146297393,0.019988541927282173,0.16075588560422535,0.6166666666666667,0.000699112664694912,1.0,1.0,False,True
T,2017-11-30,False,93.04,0.000699112664694912,0.6071516862721784,0.662919595934208,0.035229712838455204,1.6334607482932808,0.95,-0.0006448839208942347,0.0,1.0,True,True
T,2017-12-01,False,92.98,-0.0006448839208942347,0.5439596593003465,0.5751874563674946,0.021114959316163785,0.2387713540011655,0.6333333333333333,0.00010755001075479775,1.0,0.0,False,True
T,2017-12-04,False,92.99,0.00010755001075479775,0.5440730780601613,0.5803329596120186,0.003936938363143083,0.23551296226155533,0.6333333333333333,-0.00043015377997623894,1.0,1.0,False,True
T,2017-12-05,False,92.95,-0.00043015377997623894,0.5486616969330876,0.5913823692484419,-0.004368500918521434,0.339214442463602,0.6666666666666666,0.00037654653039265185,1.0,1.0,False,False
T,2017-12-06,False,92.985,0.00037654653039265185,0.527934783766226,0.6058358793352941,-0.01537317673791636,-0.11601979930784588,0.48333333333333334,-0.0010216701618540602,1.0,1.0,False,False
T,2017-12-07,False,92.89,-0.0010216701618540602,0.46492109984951485,0.533178214083176,-0.017421541319559853,-1.4486678714600176,0.06666666666666667,-0.002314565615243902,1.0,1.0,False,False
T,2017-12-08,False,92.675,-0.002314565615243902,0.5747148353060229,0.6258853336017535,-0.0022457082591849586,0.9312961986480739,0.85,-0.002104127326679195,1.0,1.0,True,False
T,2017-12-11,False,92.48,-0.002104127326679195,0.592210771939431,0.6775070495915639,0.013387820155248342,1.2652811754601445,0.9,-0.0009191176470588758,0.0,1.0,True,True
T,2017-12-12,False,92.395,-0.0009191176470588758,0.5236792064745086,0.6176888520090219,0.011877851750648122,-0.207159439166741,0.38333333333333336,0.0005411548243952069,1.0,0.0,False,True
T,2017-12-13,False,92.445,0.0005411548243952069,0.5584651443175407,0.602822865667087,0.013605246010453742,0.5354977255673514,0.7333333333333333,0.002001189896695399,1.0,1.0,False,True
T,2017-12-14,False,92.63,0.002001189896695399,0.5269032603864943,0.5561043888107094,-0.012936877746094744,-0.10697393215583169,0.43333333333333335,0.0029688006045558435,1.0,1.0,False,False
T,2017-12-15,False,92.905,0.0029688006045558435,0.41345137928506376,0.490701142038931,-0.03542947313967487,-2.517394819233886,0.03333333333333333,-0.00048436574995969206,1.0,1.0,False,False
T,2017-12-18,False,92.86,-0.00048436574995969206,0.5229796501588342,0.5686902275690897,-0.014641287766382577,-0.15376179512240187,0.36666666666666664,-0.0004307559767392499,1.0,1.0,False,False
T,2017-12-19,False,92.82,-0.0004307559767392499,0.5670915597069132,0.5967555199358301,0.0013329220551084875,0.7781301216682092,0.7833333333333333,0.0005925447101917669,1.0,1.0,False,True
T,2017-12-20,False,92.875,0.0005925447101917669,0.5698275257511574,0.6018537812496013,0.023948871115117558,0.8085923567887866,0.8,0.0002153432032301339,0.0,1.0,True,True
T,2017-12-21,False,92.895,0.0002153432032301339,0.49014517019795245,0.5754733713323266,0.020023545741810055,-0.8755898988799413,0.2,0.0034985736584316474,1.0,0.0,False,True
T,2017-12-22,False,93.22,0.0034985736584316474,0.5921702085915256,0.6289384952270821,0.006143472735642208,1.2642289241302944,0.9,-0.0015018236429951148,0.0,1.0,True,True
T,2017-12-25,False,93.08,-0.0015018236429951148,0.5034021509239944,0.5541591126787786,-0.010503613472546924,-0.6292816656967118,0.21666666666666667,-0.001504082509669158,1.0,0.0,False,False
T,2017-12-26,False,92.94,-0.001504082509669158,0.5442254875355597,0.5857004164229737,-0.0037947095705153423,0.2193925272316863,0.6333333333333333,0.0005379814934365346,1.0,1.0,False,False
T,2017-12-27,False,92.99,0.0005379814934365346,0.5045099910503535,0.5431853689227316,-0.0019215079351163733,-0.6205294510551702,0.21666666666666667,0.0010753844499409304,1.0,1.0,False,False
T,2017-12-28,False,93.09,0.0010753844499409304,0.582578268903502,0.635048424183946,-0.0018076039249688147,1.0329157049986635,0.85,0.0008056719303899396,1.0,1.0,True,False
T,2017-12-29,False,93.165,0.0008056719303899396,0.6062504425143909,0.6634565328489976,0.024404936454873516,1.4821144895274951,0.95,-0.005635163419739242,0.0,1.0,True,True
T,2018-01-02,False,92.64,-0.005635163419739242,0.468213956275986,0.6502080102089893,-0.005028261105511,-1.4012608845059635,0.1,-5.397236614845813e-05,1.0,0.0,False,False
T,2018-01-03,False,92.635,-5.397236614845813e-05,0.6541850375758297,0.7119757541443302,0.018498578042343634,2.4196420679349204,1.0,-0.0018351594969504559,0.0,1.0,True,True
T,2018-01-04,False,92.465,-0.0018351594969504559,0.5204460453988506,0.5545794813070062,-0.007632985194786379,-0.28212006961616415,0.31666666666666665,-0.00016222354404371586,1.0,0.0,False,False
T,2018-01-05,False,92.45,-0.00016222354404371586,0.5409651650820341,0.5894359675321754,-0.007833846574184894,0.15031700114855276,0.6166666666666667,0.002217414818820984,1.0,1.0,False,False
T,2018-01-08,False,92.655,0.002217414818820984,0.6138248900671304,0.6526838749360746,0.017800199508849313,1.5855080088133544,0.9666666666666667,-0.0001079272570287948,0.0,1.0,True,True
T,2018-01-09,False,92.645,-0.0001079272570287948,0.5203357587717736,0.5533475498724101,-0.017431971293983238,-0.29516715222454354,0.3,-0.0032921366506556415,1.0,0.0,False,False
T,2018-01-10,False,92.34,-0.0032921366506556415,0.39196371562380067,0.5799101183898752,-0.02775940658603604,-2.666142728073561,0.016666666666666666,-0.002274204028590132,1.0,1.0,False,False
T,2018-01-11,False,92.13,-0.002274204028590132,0.6385457172410944,0.6832489521312269,-0.0026700070125208974,1.9003207554204837,0.9833333333333333,0.0015738630196462378,1.0,1.0,True,False
T,2018-01-12,False,92.275,0.0015738630196462378,0.4885896489551387,0.5844603278916727,-0.013226052375466257,-0.8244304119750755,0.18333333333333332,-0.002546735302086156,1.0,1.0,False,False
T,2018-01-15,False,92.04,-0.002546735302086156,0.6588379258160283,0.7181443689825899,0.03736302674198473,2.1477050556674717,1.0,-0.0007605388961321458,0.0,1.0,True,True
T,2018-01-16,False,91.97,-0.0007605388961321458,0.5053524998307156,0.60019311431844,0.024706977698876375,-0.5289694245259239,0.26666666666666666,-0.002392084375339776,1.0,0.0,False,True
T,2018-01-17,False,91.75,-0.002392084375339776,0.5738529865769081,0.6422295622169545,-0.011262261045279576,0.6594157922473384,0.75,-0.0027792915531335005,1.0,1.0,False,False
T,2018-01-18,False,91.495,-0.0027792915531335005,0.5028159210007462,0.5505155049949966,-0.005653239514790509,-0.5549481545452302,0.23333333333333334,0.00010929558992289756,1.0,1.0,False,False
T,2018-01-19,False,91.505,0.00010929558992289756,0.5856349032247115,0.6202149951393057,-0.014894262401260305,0.9255480926550307,0.8333333333333334,0.0031145839025190636,1.0,1.0,True,False
T,2018-01-22,False,91.79,0.0031145839025190636,0.4843179475575481,0.5733476123177595,-0.0030287187898531687,-0.8723288640539185,0.18333333333333332,-0.00038130515306689095,1.0,1.0,False,False
T,2018-01-23,False,91.755,-0.00038130515306689095,0.5488071927995414,0.5747043140430222,-0.006858956099793157,0.2906056618721077,0.6833333333333333,0.0001634788294915257,1.0,1.0,False,False
T,2018-01-24,False,91.77,0.0001634788294915257,0.5193551925578529,0.5699852958603449,-0.0003749167310956758,-0.24228860729321988,0.3333333333333333,0.0012531328320803947,1.0,1.0,False,False
T,2018-01-25,False,91.885,0.0012531328320803947,0.4779226782124273,0.5363886496275463,-0.01803872050242635,-1.0288540505945551,0.15,0.00021766338357731563,1.0,1.0,False,False
T,2018-01-26,False,91.905,0.00021766338357731563,0.5450196071583582,0.5820722227944325,0.0050518804614506085,0.1884180669757194,0.65,-0.00043523203307771485,1.0,1.0,False,True
T,2018-01-29,False,91.865,-0.00043523203307771485,0.502911672923329,0.5686247433634117,-0.006612662515191959,-0.5751449722260217,0.23333333333333334,-0.0008708430849616589,1.0,1.0,False,False
T,2018-01-30,False,91.785,-0.0008708430849616589,0.5078324651232101,0.5479290433257508,0.00019435398416161042,-0.4802991514437265,0.3,0.001688729095168151,1.0,1.0,False,True
T,2018-01-31,False,91.94,0.001688729095168151,0.5601045301811328,0.6001668129915219,0.0127176561902263,0.4832540947928826,0.7333333333333333,0.0020665651511855287,1.0,1.0,False,True
T,2018-02-01,False,92.13,0.0020665651511855287,0.5877990685935897,0.6176601071762259,0.014275178012826684,0.9734379409536977,0.85,-0.0017366764354715958,0.0,1.0,True,True
T,2018-02-02,False,91.97,-0.0017366764354715958,0.4429552077164429,0.5284838073002852,-0.003994632694339251,-1.7374116372470296,0.05,-0.002337718821354806,1.0,0.0,False,False
T,2018-02-05,False,91.755,-0.002337718821354806,0.5994817959364789,0.6281117302960856,0.006614933916184762,1.1682352016337967,0.9,0.0037055201351425815,0.0,1.0,True,True
T,2018-02-06,False,92.095,0.0037055201351425815,0.49461359569785923,0.581923702604384,-0.011929914162365796,-0.7509165289308604,0.21666666666666667,,1.0,0.0,False,False
T,2018-02-07,True,92.145,,0.4861680711648791,0.49719637960491225,-0.015160360687600483,-0.8794168226266595,0.18333333333333332,-0.0034727874545552595,1.0,1.0,False,False
T,2018-02-08,False,91.825,-0.0034727874545552595,0.5412615777668252,0.6461955077552343,0.008329901532916467,0.14738641327459945,0.5833333333333334,0.002668118704056477,1.0,1.0,False,True
T,2018-02-09,False,92.07,0.002668118704056477,0.593943865466128,0.6477572473956249,0.0035572121128264133,1.0991264145233495,0.8833333333333333,0.0006516780710328351,0.0,1.0,True,True
T,2018-02-12,False,92.13,0.0006516780710328351,0.5227166174129467,0.5617550715176172,0.016398183773142387,-0.21740294325686718,0.4166666666666667,-0.001193965049386736,1.0,0.0,False,True
T,2018-02-13,False,92.02,-0.001193965049386736,0.48441213171202874,0.5115123252278665,-0.002205683925957913,-0.8975824442496889,0.18333333333333332,-0.0008693762225603363,1.0,1.0,False,False
T,2018-02-14,False,91.94,-0.0008693762225603363,0.4875715313243494,0.5175179691559565,-0.02169118266390508,-0.8224915849053747,0.21666666666666667,-0.0026103980857080655,1.0,1.0,False,False
T,2018-02-22,False,91.7,-0.0026103980857080655,0.44844935755473875,0.49480398120864516,-0.03261341019113758,-1.4859524515324354,0.06666666666666667,0.0010359869138494293,1.0,1.0,False,False
T,2018-02-23,False,91.795,0.0010359869138494293,0.48746661561714816,0.5518639602185287,-0.010646277774888713,-0.7954562996797693,0.21666666666666667,0.005555858162209271,1.0,1.0,False,False
T,2018-02-26,False,92.305,0.005555858162209271,0.6034424722502062,0.6875132041621531,0.02379557653691537,1.2483867475146542,0.9,0.0038459455067438864,0.0,1.0,True,True
T,2018-02-27,False,92.66,0.0038459455067438864,0.604568913198712,0.6456004448163327,0.03889878784441926,1.2254154389736016,0.9,-0.0001618821497949563,0.0,0.0,True,True
T,2018-02-28,False,92.645,-0.0001618821497949563,0.5727969252745043,0.6534769098573558,0.036579743302109495,0.6404166033744705,0.7166666666666667,0.00010793890657900818,1.0,0.0,False,True
T,2018-03-01,False,92.655,0.00010793890657900818,0.5645235382834266,0.6231549441449205,0.012346829835685502,0.48411434623856237,0.6666666666666666,-0.00021585451405747857,1.0,1.0,False,True
T,2018-03-02,False,92.635,-0.00021585451405747857,0.5384017437347319,0.5802057808627683,-0.01701268319462339,0.039596486895155714,0.5,-5.3975279322160397e-05,1.0,1.0,False,False
T,2018-03-05,False,92.63,-5.3975279322160397e-05,0.5374033829509093,0.5768698588020116,-0.01687262420353778,0.023542292212667695,0.5,0.003886429882327569,1.0,1.0,False,False
T,2018-03-06,False,92.99,0.003886429882327569,0.5827658573632268,0.6615355546741618,-0.0007182291155072296,0.82656835056986,0.7833333333333333,-0.0002688461124851216,1.0,1.0,False,False
T,2018-03-07,False,92.965,-0.0002688461124851216,0.5470500868286997,0.656638317086146,0.0009417210719041113,0.18558745475274538,0.6,-0.0002689184101544173,1.0,1.0,False,True
T,2018-03-08,False,92.94,-0.0002689184101544173,0.4821002567801341,0.5544075285533621,-0.010295627003140528,-0.9598463529096802,0.13333333333333333,-0.00010759629868717369,1.0,1.0,False,False
T,2018-03-09,False,92.93,-0.00010759629868717369,0.5408479109069616,0.591926764056405,-0.009377654467098812,0.0655761429100097,0.5166666666666667,0.0008608630151727414,1.0,1.0,False,False
T,2018-03-12,False,93.01,0.0008608630151727414,0.4793052867565997,0.5457123187579888,-0.021312331713499232,-1.0129722557535383,0.11666666666666667,-0.0033867326093969252,1.0,1.0,False,False
T,2018-03-13,False,92.695,-0.0033867326093969252,0.5451258395766078,0.6452045681051766,-0.0006643464527718246,0.1865179951075767,0.6166666666666667,-0.00026970170990869846,1.0,1.0,False,False
T,2018-03-14,False,92.67,-0.00026970170990869846,0.6272038185197725,0.6888051569918968,0.029448505214892295,1.6077865005697465,0.95,0.0015107370238480744,0.0,1.0,True,True
T,2018-03-15,False,92.81,0.0015107370238480744,0.4745655942160875,0.55952958884197,0.0015333898381424572,-1.0659260725761415,0.1,0.00021549402004095164,1.0,0.0,False,True
T,2018-03-16,False,92.83,0.00021549402004095164,0.5962360621108148,0.6381223732199666,0.016330130534790994,1.0439045570699623,0.85,0.0009695141656791417,0.0,1.0,True,True
T,2018-03-19,False,92.92,0.0009695141656791417,0.5844661496135717,0.6535721865739642,0.004771286366497018,0.8175554923145407,0.7666666666666667,0.003282393456736976,1.0,0.0,False,True
T,2018-03-20,False,93.225,0.003282393456736976,0.5590852719521839,0.6324967653903958,-0.00263365377376929,0.3484046254436585,0.6166666666666667,-0.000536336819522587,1.0,1.0,False,False
T,2018-03-21,False,93.175,-0.000536336819522587,0.5734202097807529,0.6205248446660169,0.016055844097069994,0.6045554558269682,0.7,0.0023611483767105312,1.0,1.0,False,True
T,2018-03-22,False,93.395,0.0023611483767105312,0.62369715735659,0.7228054868521315,0.004387625065873169,1.4703176498753643,0.9333333333333333,0.006156646501418672,0.0,1.0,True,True
T,2018-03-23,False,93.97,0.006156646501418672,0.5069708328309671,0.5949202514556411,-0.009037874816080305,-0.6068672898544929,0.35,-0.0018090880068106774,1.0,0.0,False,False
T,2018-03-26,False,93.8,-0.0018090880068106774,0.4317969151858681,0.504013653064781,-0.03210260904824175,-1.8536602900596588,0.03333333333333333,-0.0002132196162046851,1.0,1.0,False,False
T,2018-03-27,False,93.78,-0.0002132196162046851,0.4156040624774801,0.450623800326077,-0.05075325367772676,-2.039300750197909,0.03333333333333333,-0.0003198976327575265,1.0,1.0,False,False
T,2018-03-28,False,93.75,-0.0003198976327575265,0.44213963689904967,0.47653525696890503,-0.04544818112685677,-1.5328558106503192,0.06666666666666667,-0.0007466666666665622,1.0,1.0,False,False
T,2018-03-29,False,93.68,-0.0007466666666665622,0.573009656557852,0.6203433141343615,0.014242036916695127,0.6028335143390611,0.6833333333333333,-0.0004803586678052696,1.0,1.0,False,True
T,2018-03-30,False,93.635,-0.0004803586678052696,0.5486657706603953,0.6199558880592623,0.039114330502942635,0.21261141459929453,0.6,0.00016019650771603722,1.0,1.0,False,True
T,2018-04-02,False,93.65,0.00016019650771603722,0.5681197305367899,0.5966125036230536,0.041155746987996525,0.5496885355254494,0.6833333333333333,-0.0019220501868660866,1.0,1.0,False,True
T,2018-04-03,False,93.47,-0.0019220501868660866,0.5201168516385684,0.577117476102319,0.015106450345797528,-0.2682042361601,0.4,0.0008558895902428532,1.0,1.0,False,True
T,2018-04-04,False,93.55,0.0008558895902428532,0.5179621312818996,0.5559731701607169,-0.013864396957373171,-0.27566686257461415,0.38333333333333336,0.002779262426509943,1.0,1.0,False,False
T,2018-04-09,False,93.81,0.002779262426509943,0.5474213782234222,0.5755172921091247,-0.00526463841288366,0.23050613210517726,0.6,-0.0030913548662190315,1.0,1.0,False,False
T,2018-04-10,False,93.52,-0.0030913548662190315,0.5079589860395022,0.5661342654663417,-0.009301696240972157,-0.4477330745215955,0.38333333333333336,0.0023524379811805662,1.0,1.0,False,False
T,2018-04-11,False,93.74,0.0023524379811805662,0.49244902908555616,0.5537058382840863,-0.006533879034842182,-0.6915857877352674,0.2833333333333333,0.0017068487305313962,1.0,1.0,False,False
T,2018-04-12,False,93.9,0.0017068487305313962,0.5317427132233014,0.6346739871015352,-0.002741118525506253,-0.0015021551002785036,0.48333333333333334,-0.00021299254526097045,1.0,1.0,False,False
T,2018-04-13,False,93.88,-0.00021299254526097045,0.57004987897891,0.6322973198519514,0.006904072869477485,0.655446317007937,0.7166666666666667,0.0050596506178099965,1.0,1.0,False,True
T,2018-04-16,False,94.355,0.0050596506178099965,0.5812755952499429,0.637388177858667,0.022423406831423527,0.9051593063360448,0.8,-0.00015897408722376216,0.0,1.0,True,True
T,2018-04-17,False,94.34,-0.00015897408722376216,0.506987704787522,0.5585597999416755,0.007861023343057317,-0.5204289829390045,0.35,0.010652957388170403,1.0,0.0,False,True
T,2018-04-18,False,95.345,0.010652957388170403,0.39856073073836,0.48737955643538156,-0.03294261391612707,-2.5016621291381167,0.016666666666666666,-0.0023598510671770656,1.0,1.0,False,False
T,2018-04-19,False,95.12,-0.0023598510671770656,0.3784932119732893,0.4228702950560604,-0.05658281985228244,-2.668607281394056,0.016666666666666666,-0.00047308662741796237,1.0,1.0,False,False
T,2018-04-20,False,95.075,-0.00047308662741796237,0.4728334442510523,0.5262507655686655,-0.03453787948120139,-0.9493192513325595,0.13333333333333333,-0.0028398632658427347,1.0,1.0,False,False
T,2018-04-23,False,94.805,-0.0028398632658427347,0.5457577089730101,0.5915512258077177,0.015181272188366856,0.33987679564319756,0.6,0.0013184958599230523,1.0,1.0,False,True
T,2018-04-24,False,94.93,0.0013184958599230523,0.5400532741187659,0.5956596452264181,0.04502495837605326,0.25385658886498225,0.5333333333333333,-0.0025808490466660006,1.0,1.0,False,True
T,2018-04-26,False,94.685,-0.0025808490466660006,0.4049499390839412,0.5521287842215737,0.012013328408901753,-2.0850188711067252,0.05,-0.001953846966256556,1.0,1.0,False,True
T,2018-04-27,False,94.5,-0.001953846966256556,0.548163347894606,0.6444940491948306,0.0009852037398038471,0.40988892973392654,0.6666666666666666,-0.001164021164021145,1.0,1.0,False,True
T,2018-05-02,False,94.39,-0.001164021164021145,0.5129255581606044,0.6022855178615655,-0.005755422784897146,-0.20205670903696152,0.4166666666666667,0.002118868524208173,1.0,1.0,False,False
T,2018-05-03,False,94.59,0.002118868524208173,0.46786506883123513,0.4992420185013508,-0.003640079149839842,-0.9812939278304648,0.15,0.0019029495718363432,1.0,1.0,False,False
T,2018-05-04,False,94.77,0.0019029495718363432,0.47160896336702707,0.5035009107411874,0.0053019769502800854,-0.8898709466152677,0.16666666666666666,-0.0038514297773556416,1.0,1.0,False,True
T,2018-05-07,False,94.405,-0.0038514297773556416,0.5800949523026335,0.623005977911411,0.0022546614022477818,0.9548736114782668,0.8166666666666667,-0.0039192839362321985,0.0,1.0,True,True
T,2018-05-08,False,94.035,-0.0039192839362321985,0.593589819539695,0.6431220125871564,0.027355840622957973,1.1493185138516797,0.8833333333333333,-0.0015951507417449884,0.0,0.0,True,True
T,2018-05-09,False,93.885,-0.0015951507417449884,0.5056416930342231,0.6016024223119125,0.019753410457864395,-0.32816176861495217,0.35,0.0025563189007828946,1.0,0.0,False,True
T,2018-05-10,False,94.125,0.0025563189007828946,0.564227631560356,0.670752100222477,0.011078407711824756,0.6785630201666883,0.7,-0.00026560424966803886,1.0,1.0,False,True
T,2018-05-11,False,94.1,-0.00026560424966803886,0.546254271918297,0.5877042566449693,-0.009704354874801202,0.34725153740706377,0.6,5.3134962805678754e-05,1.0,1.0,False,False
T,2018-05-14,False,94.105,5.3134962805678754e-05,0.5047954381710313,0.5393618104008193,-0.01369761838532535,-0.3503874182920839,0.3333333333333333,-0.0006907178152063542,1.0,1.0,False,False
T,2018-05-15,False,94.04,-0.0006907178152063542,0.5111654501033314,0.5709388466882144,-0.004838467925110823,-0.24354780571634468,0.4,0.0008507018290089263,1.0,1.0,False,False
T,2018-05-16,False,94.12,0.0008507018290089263,0.3938184644672513,0.4554703151584078,-0.03759071560011752,-2.1981834006370287,0.03333333333333333,,1.0,1.0,False,False
T,2018-05-17,True,93.895,,0.6809652106685463,0.6994994741086493,0.015844490379671856,2.4896011644023344,1.0,0.0018637840140582895,0.0,1.0,True,True
T,2018-05-18,False,94.07,0.0018637840140582895,0.556652404436967,0.6685680545357845,0.027351369309708617,0.5096539638318727,0.6833333333333333,0.0024449877750611915,1.0,0.0,False,True
T,2018-05-21,False,94.3,0.0024449877750611915,0.5451914265757734,0.6164419538365719,0.023088589291459967,0.3179719101397778,0.5666666666666667,0.003817603393425184,1.0,1.0,False,True
T,2018-05-22,False,94.66,0.003817603393425184,0.5232899186393514,0.6226814066209275,0.012316912425142722,-0.046569521486067016,0.45,0.00010564124234102579,1.0,1.0,False,True
T,2018-05-23,False,94.67,0.00010564124234102579,0.5746437352123553,0.6164572556747537,-0.02460054367099975,0.7616007635419959,0.8166666666666667,-0.0010034857927537777,1.0,1.0,True,False
T,2018-05-24,False,94.575,-0.0010034857927537777,0.44204405159551496,0.5468571936006084,-0.0199764397046322,-1.3806817658797257,0.11666666666666667,0.005392545598731147,1.0,1.0,False,False
T,2018-05-25,False,95.085,0.005392545598731147,0.5638022093923478,0.6378139404743697,-0.0044024301410687475,0.5663211294976054,0.6833333333333333,-0.002050796655623799,1.0,1.0,False,False
T,2018-05-28,False,94.89,-0.002050796655623799,0.6479275412271425,0.6857710072545967,0.023843371935557467,1.879154936195146,0.9833333333333333,0.0017915481083359275,0.0,1.0,True,True
T,2018-05-29,False,95.06,0.0017915481083359275,0.5604766189136599,0.5939472628255532,0.01775492570342365,0.50809085196159,0.6833333333333333,0.0009467704607617478,1.0,0.0,False,True
T,2018-05-30,False,95.15,0.0009467704607617478,0.5238631662001221,0.6390585122631154,0.016031263873052627,-0.06610224892854419,0.43333333333333335,-0.0038885969521808006,1.0,1.0,False,True
T,2018-05-31,False,94.78,-0.0038885969521808006,0.47433271683017897,0.5727673023687728,-0.03030033601513581,-0.8367921341946443,0.2,0.0008968136737708132,1.0,1.0,False,False
T,2018-06-01,False,94.865,0.0008968136737708132,0.5723573902364503,0.631209796358874,-0.02372842040648653,0.7244638974245925,0.7833333333333333,-0.0023717914931744577,1.0,1.0,False,False
T,2018-06-04,False,94.64,-0.0023717914931744577,0.5545715264428199,0.5890503608135894,0.003668403909464835,0.43500323696527465,0.65,-0.0011622992392222864,1.0,1.0,False,True
T,2018-06-05,False,94.53,-0.0011622992392222864,0.566935962968626,0.6277622058652983,0.016638440314964885,0.6386488535806218,0.75,-0.0001057865227970245,1.0,1.0,False,True
T,2018-06-06,False,94.52,-0.0001057865227970245,0.5759715296980527,0.6338967688331041,0.019785619846792314,0.7723055488925499,0.85,-0.0006347862886162403,0.0,1.0,True,True
T,2018-06-07,False,94.46,-0.0006347862886162403,0.47832758462753794,0.5152367065526574,-0.016665960796259194,-0.7830188874211511,0.23333333333333334,0.002593690450984676,1.0,0.0,False,False
T,2018-06-08,False,94.705,0.002593690450984676,0.573811445398313,0.6148771627920272,-0.005012854043010201,0.7265032575711062,0.8166666666666667,0.0,1.0,1.0,True,False
T,2018-06-11,False,94.705,0.0,0.5818515307344864,0.6261791881950516,0.002767105123198099,0.8263374508145189,0.8833333333333333,-0.00374848212871548,0.0,1.0,True,True
T,2018-06-12,False,94.35,-0.00374848212871548,0.5632322481462405,0.5987367783892341,0.007804538300332414,0.5253700406064811,0.65,0.0029676735559087675,1.0,0.0,False,True
T,2018-06-13,False,94.63,0.0029676735559087675,0.49854794568713645,0.5726152558304856,0.0029861524867124565,-0.4731627673404575,0.26666666666666666,0.003170241995139156,1.0,1.0,False,True
T,2018-06-14,False,94.93,0.003170241995139156,0.6329518139027481,0.670443850661278,0.00349771519615204,1.624108339555006,0.9666666666666667,0.0018434636047612862,0.0,1.0,True,True
T,2018-06-15,False,95.105,0.0018434636047612862,0.44048404142286296,0.576873613026521,-0.02130154128667392,-1.3767643882039828,0.11666666666666667,0.0038378634141211787,1.0,0.0,False,False
T,2018-06-19,False,95.47,0.0038378634141211787,0.5532707915134383,0.6641560978980304,-0.007798681752987796,0.4093133774295946,0.6,-0.0044516602073949585,1.0,1.0,False,False
T,2018-06-20,False,95.045,-0.0044516602073949585,0.576879108549283,0.6391095705590076,0.007698130333498332,0.775956759662778,0.8666666666666667,0.0036824662002208353,0.0,1.0,True,True
T,2018-06-21,False,95.395,0.0036824662002208353,0.5477552807928212,0.5846916462176396,-0.003399799909343376,0.32426213874313814,0.5666666666666667,0.0017296504009645108,1.0,0.0,False,False
T,2018-06-22,False,95.56,0.0017296504009645108,0.5172518865149159,0.5666911012669253,0.014802017946348889,-0.13344481296864047,0.4,-0.002720803683549655,1.0,1.0,False,True
T,2018-06-25,False,95.3,-0.002720803683549655,0.5639769375373667,0.5914923340173448,-0.0038214929986510326,0.6050062638105315,0.7166666666666667,0.0006295907660021083,1.0,1.0,False,False
T,2018-06-26,False,95.36,0.0006295907660021083,0.48982477468589875,0.5235086041905368,-0.015788701098222314,-0.6168328298658906,0.23333333333333334,0.002097315436241587,1.0,1.0,False,False
T,2018-06-27,False,95.56,0.002097315436241587,0.4984363766387463,0.5402458824025589,-0.012606492013716702,-0.5121542018599392,0.25,0.0016220175805776726,1.0,1.0,False,False
T,2018-06-28,False,95.715,0.0016220175805776726,0.5011414030204164,0.5578534272643002,-0.009776152788761937,-0.491242197747784,0.26666666666666666,0.0016716293161991302,1.0,1.0,False,False
T,2018-06-29,False,95.875,0.0016716293161991302,0.5048247956113899,0.5515829272545173,-0.010698765551743577,-0.4099457434152478,0.3,0.002242503259452411,1.0,1.0,False,False
T,2018-07-02,False,96.09,0.002242503259452411,0.48275422437142707,0.5294714767380713,-0.000775268165629972,-0.7676236723282105,0.2,-0.002653762098033141,1.0,1.0,False,False
T,2018-07-03,False,95.835,-0.002653762098033141,0.5994247293831603,0.6697151647196539,0.01835895268398386,1.212019574932761,0.95,-0.0006782490739291047,0.0,1.0,True,True
T,2018-07-04,False,95.77,-0.0006782490739291047,0.5402231594383613,0.579448976869567,0.017276344660766007,0.200622225600786,0.5166666666666667,0.0006265009919599329,1.0,0.0,False,True
T,2018-07-05,False,95.83,0.0006265009919599329,0.4953311763562539,0.5530342125328747,0.003848169655666217,-0.5540936484860377,0.25,-0.002347907753313061,1.0,1.0,False,True
T,2018-07-06,False,95.605,-0.002347907753313061,0.5392933402062201,0.5979724345473727,0.0008984678642679711,0.19319431952182345,0.5,-0.0013074629987971376,1.0,1.0,False,True
T,2018-07-09,False,95.48,-0.0013074629987971376,0.5061733043858269,0.5726398181312184,-0.0187432669226808,-0.3677473489038725,0.36666666666666664,0.0006284038542103687,1.0,1.0,False,False
T,2018-07-10,False,95.54,0.0006284038542103687,0.5957142859825557,0.6257378066127603,0.012182438111796179,1.1123150527861512,0.9333333333333333,0.0030353778522083097,0.0,1.0,True,True
T,2018-07-11,False,95.83,0.0030353778522083097,0.4973255319093349,0.5787651749916879,0.0060409656882497555,-0.5317798592260381,0.25,-0.0008348116456224908,1.0,0.0,False,True
T,2018-07-12,False,95.75,-0.0008348116456224908,0.5323422426507972,0.5802416618101506,-0.0022749967587337772,0.06663658595721957,0.48333333333333334,0.0021409921671018406,1.0,1.0,False,False
T,2018-07-13,False,95.955,0.0021409921671018406,0.5703471262135533,0.6358837023401233,0.0064975600323694425,0.7118271799923196,0.7833333333333333,0.001511125006513403,1.0,1.0,False,True
T,2018-07-16,False,96.1,0.001511125006513403,0.4894544593664098,0.637842428533335,-0.013949805892807338,-0.6479713306136773,0.21666666666666667,-0.0002601456815816139,1.0,1.0,False,False
T,2018-07-17,False,96.075,-0.0002601456815816139,0.5174772564984804,0.6577328427790795,-0.000258433410609632,-0.21825865505488057,0.43333333333333335,0.00010408534998695984,1.0,1.0,False,False
T,2018-07-18,False,96.085,0.00010408534998695984,0.5717348495087076,0.6172492089675391,0.0025915344000747797,0.7211898109975551,0.7833333333333333,0.003174272779310039,1.0,1.0,False,True
T,2018-07-19,False,96.39,0.003174272779310039,0.5358978922315664,0.5989404749332746,0.0013381922178323847,0.03268864575749457,0.4666666666666667,-0.00814399834007673,1.0,1.0,False,True
T,2018-07-20,False,95.605,-0.00814399834007673,0.5975955455093732,0.6637747688091581,0.023470280801901278,1.1678361661739927,0.9333333333333333,0.0004706866795669562,0.0,1.0,True,True
T,2018-07-23,False,95.65,0.0004706866795669562,0.5266864312240795,0.6511450772484912,0.00442790454518639,-0.1515752793200979,0.45,-0.0037637219027705227,1.0,0.0,False,True
T,2018-07-24,False,95.29,-0.0037637219027705227,0.3194556958311763,0.41910792772371036,-0.05137697683625494,-3.6856769613654725,0.016666666666666666,0.001311785077132921,1.0,1.0,False,False
T,2018-07-25,False,95.415,0.001311785077132921,0.4579675434875348,0.5494898702148732,-0.043400054716626,-1.256657961030882,0.08333333333333333,0.0008384425928837924,1.0,1.0,False,False
T,2018-07-26,False,95.495,0.0008384425928837924,0.5437331763743025,0.5834143199369991,-0.017644362600668612,0.19291519850365063,0.5333333333333333,0.0005759463846273238,1.0,1.0,False,False
T,2018-07-27,False,95.55,0.0005759463846273238,0.5502145888607022,0.5717927155747236,0.02713337958163715,0.28258477869359894,0.5833333333333334,-0.0003139717425432176,1.0,1.0,False,True
T,2018-07-30,False,95.52,-0.0003139717425432176,0.5960202407632096,0.6259555280882002,0.0645376135237234,1.0345158653103093,0.9166666666666666,0.003978224455611468,0.0,1.0,True,True
T,2018-07-31,False,95.9,0.003978224455611468,0.4787798044936755,0.5515123124683732,0.009391158640118847,-0.9491525651529263,0.13333333333333333,0.002085505735140547,1.0,0.0,False,True
T,2018-08-01,False,96.1,0.002085505735140547,0.559810957137895,0.603453804634043,-0.003927922283984175,0.452789816739138,0.65,-0.001248699271591991,1.0,1.0,False,False
T,2018-08-02,False,95.98,-0.001248699271591991,0.589796431895593,0.6863341546465904,0.004295440244446713,0.9409615937933018,0.8833333333333333,0.0019795790789747247,0.0,1.0,True,True
T,2018-08-03,False,96.17,0.0019795790789747247,0.5379156218779318,0.6418762577512153,-0.000519261036863794,0.05788041375525316,0.4666666666666667,-0.0009358427784132983,1.0,0.0,False,False
T,2018-08-06,False,96.08,-0.0009358427784132983,0.5461912242262847,0.5842548720459262,0.011292750420525532,0.20028735162050643,0.55,-0.0019254787676936669,1.0,1.0,False,True
T,2018-08-07,False,95.895,-0.0019254787676936669,0.5817370784836988,0.6117870431941765,2.470350222993911e-05,0.7873687066898581,0.85,-0.0028677199019759847,0.0,1.0,True,True
T,2018-08-08,False,95.62,-0.0028677199019759847,0.5532644077142385,0.6186603652178323,-0.0029242591756942216,0.28719707099974073,0.5666666666666667,-0.0027190964233424486,1.0,0.0,False,False
T,2018-08-09,False,95.36,-0.0027190964233424486,0.5351271218699718,0.5865986333446915,0.00014961834720336186,-0.06821391259249869,0.4,0.00026216442953019836,1.0,1.0,False,True
T,2018-08-10,False,95.385,0.00026216442953019836,0.5515972118473368,0.5822084672073867,-0.003579798137162293,0.2861372647851541,0.5666666666666667,-0.0026733763170311287,1.0,1.0,False,False
T,2018-08-13,False,95.13,-0.0026733763170311287,0.5767015922539116,0.6313119028158491,-0.0011738168326476117,0.7601396433061198,0.8333333333333334,,1.0,1.0,True,False
T,2018-08-14,True,95.305,,0.5566567422588435,0.5628709101710213,0.004835913947314996,0.3716682195148538,0.6166666666666667,-0.0026756203766854503,1.0,1.0,False,True
T,2018-08-15,False,95.05,-0.0026756203766854503,0.5453563569576062,0.5956391687448321,0.0025518000586775558,0.14816731765518576,0.48333333333333334,-0.003945291951604424,1.0,1.0,False,True
T,2018-08-16,False,94.675,-0.003945291951604424,0.4981851463779174,0.5976979422714032,-0.013816936623514419,-0.7314036179885371,0.21666666666666667,-0.002006865592817486,1.0,1.0,False,False
T,2018-08-17,False,94.485,-0.002006865592817486,0.5814680288480051,0.6445799340233018,-0.004893872269273919,0.8389993290266511,0.85,0.0011112875059533511,1.0,1.0,True,False
T,2018-08-20,False,94.59,0.0011112875059533511,0.5592578001791163,0.5982746723297733,0.004131378773094441,0.4052954259954372,0.6333333333333333,5.285971032864545e-05,1.0,1.0,False,True
T,2018-08-21,False,94.595,5.285971032864545e-05,0.4931681667570925,0.5324012988466087,-0.004330372659982845,-0.8704814472501771,0.16666666666666666,0.0016385644061525095,1.0,1.0,False,False
T,2018-08-22,False,94.75,0.0016385644061525095,0.5279031601668162,0.5644123379601161,-0.0028863834513115027,-0.15416801708786151,0.38333333333333336,5.277044854867796e-05,1.0,1.0,False,False
T,2018-08-23,False,94.755,5.277044854867796e-05,0.5250949649449842,0.5841540263140432,-0.014410076781834192,-0.21175972062598492,0.35,-0.00116088860746133,1.0,1.0,False,False
T,2018-08-24,False,94.645,-0.00116088860746133,0.5455461934878162,0.5789842074863876,0.00045035848052914494,0.1827604145957581,0.5166666666666667,-0.00026414496275550814,1.0,1.0,False,True
T,2018-08-27,False,94.62,-0.00026414496275550814,0.566561276953659,0.6076167743753007,0.016442925371413297,0.6190585618505662,0.7333333333333333,0.002060875079264335,1.0,1.0,False,True
T,2018-08-28,False,94.815,0.002060875079264335,0.5115678725054494,0.5444979824745,0.0008795736685941358,-0.5014951650860634,0.3,0.00026367136001703706,1.0,1.0,False,True
T,2018-08-29,False,94.84,0.00026367136001703706,0.5639334093969932,0.6111918733367455,0.004369856792165128,0.5804213257856917,0.7166666666666667,0.002161535217207966,1.0,1.0,False,True
T,2018-08-30,False,95.045,0.002161535217207966,0.5109617555462939,0.5610705682371488,-0.007179674343971043,-0.49282591317194896,0.3,0.0007890999000472743,1.0,1.0,False,False
T,2018-08-31,False,95.12,0.0007890999000472743,0.5918713341150731,0.6292069295451601,0.005001399736367262,1.1455273323780095,0.9166666666666666,-0.0020500420521447626,0.0,1.0,True,True
T,2018-09-03,False,94.925,-0.0020500420521447626,0.4940046496024752,0.5274247667129391,-0.0007188521087868605,-0.8553436714692296,0.15,-0.0013695022386094324,1.0,0.0,False,False
T,2018-09-04,False,94.795,-0.0013695022386094324,0.5125649404974432,0.5956583573394503,-0.011969404374291875,-0.4498360203016368,0.3333333333333333,-0.001107653357244609,1.0,1.0,False,False
T,2018-09-05,False,94.69,-0.001107653357244609,0.5481568553759669,0.5763607685252972,-0.0004916193958283798,0.2979933025938014,0.6166666666666667,0.0005808427500264557,1.0,1.0,False,False
T,2018-09-06,False,94.745,0.0005808427500264557,0.5582544861592212,0.5969268314890187,-0.001308149013821197,0.489480843937571,0.7,-0.0006332788009921764,1.0,1.0,False,False
T,2018-09-07,False,94.685,-0.0006332788009921764,0.5977456400080238,0.6362375611229542,0.02531715264728752,1.3581365059604713,0.9833333333333333,-0.0027987537624756254,0.0,1.0,True,True
T,2018-09-10,False,94.42,-0.0027987537624756254,0.5737405925598899,0.6373603839353182,0.01719400887569502,0.8211232590116397,0.8166666666666667,-0.00291251853420893,0.0,0.0,True,True
T,2018-09-11,False,94.145,-0.00291251853420893,0.6249465843348048,0.6904177122040458,0.01690655643183443,1.8679745076873444,1.0,0.0020181634712410634,0.0,0.0,True,True
T,2018-09-12,False,94.335,0.0020181634712410634,0.578832009376824,0.6750169808184422,0.006835599076198651,0.8792036815099301,0.8333333333333334,0.0003710181798908252,0.0,0.0,True,True
T,2018-09-13,False,94.37,0.0003710181798908252,0.4977145625966197,0.5658109054109026,-0.019497073800587395,-0.8342926369420486,0.18333333333333332,0.0012186076083500197,1.0,0.0,False,False
T,2018-09-14,False,94.485,0.0012186076083500197,0.5662989741254959,0.6133657804383971,-0.014211525860697294,0.6068740484790572,0.7333333333333333,0.0006879398846377782,1.0,1.0,False,False
T,2018-09-17,False,94.55,0.0006879398846377782,0.5148259560025565,0.5413692538458968,-0.023277429191582454,-0.4696810027639998,0.3333333333333333,-0.0016922263352723288,1.0,1.0,False,False
T,2018-09-18,False,94.39,-0.0016922263352723288,0.4943937107749079,0.5913646816340747,-0.015176520379789537,-0.9071670299388302,0.13333333333333333,-0.001748066532471726,1.0,1.0,False,False
T,2018-09-19,False,94.225,-0.001748066532471726,0.5831995079720204,0.6390945519556148,0.009906462740021327,0.9520231967469907,0.8666666666666667,-0.003024674980100839,0.0,1.0,True,True
T,2018-09-20,False,93.94,-0.003024674980100839,0.5091690555232986,0.5944183089236644,-0.004588628523493077,-0.6254601703389209,0.25,0.002608047690014992,1.0,0.0,False,False
T,2018-09-21,False,94.185,0.002608047690014992,0.5271570342097056,0.5533937702337047,0.0039437501162688845,-0.25128849494878785,0.36666666666666664,0.00026543504804354967,1.0,1.0,False,True
T,2018-09-25,False,94.21,0.00026543504804354967,0.4959605208103048,0.5330498367466122,-0.005290885369152098,-0.9277049911465162,0.15,0.002653646109754826,1.0,1.0,False,False
T,2018-09-26,False,94.46,0.002653646109754826,0.6118678781123738,0.6558003710079184,0.004412820556771296,1.548653502965463,0.9833333333333333,0.0028054202837179965,0.0,1.0,True,True
T,2018-09-27,False,94.725,0.0028054202837179965,0.5332910349207001,0.6097730040496036,0.013295480269747107,-0.12662827878584762,0.4166666666666667,0.0006334125098970134,1.0,0.0,False,True
T,2018-09-28,False,94.785,0.0006334125098970134,0.5966258645095391,0.6615540727146981,0.017626817471006234,1.1840014327353456,0.9333333333333333,-0.0011605211795114867,0.0,1.0,True,True
T,2018-10-08,False,94.675,-0.0011605211795114867,0.6167622664624534,0.6772494381016667,0.022636147770146255,1.5512869776571938,0.9833333333333333,0.0010034327964087986,0.0,0.0,True,True
T,2018-10-09,False,94.77,0.0010034327964087986,0.5793705273187227,0.6336629825746513,0.001847652995445126,0.7479578281040556,0.7833333333333333,0.00036931518413019226,1.0,0.0,False,True
T,2018-10-10,False,94.805,0.00036931518413019226,0.48616973307746875,0.5451191150061278,-0.011149794087727904,-1.1517595633016868,0.06666666666666667,0.0037972680765783196,1.0,1.0,False,False
T,2018-10-11,False,95.165,0.0037972680765783196,0.5332020818799511,0.5801969373074769,-0.025744009864416068,-0.18817119292908654,0.38333333333333336,-0.0004728629222928715,1.0,1.0,False,False
T,2018-10-12,False,95.12,-0.0004728629222928715,0.48089760498466355,0.5207009722122015,-0.031789776839435124,-1.2481584226391496,0.06666666666666667,-0.0013141295206055004,1.0,1.0,False,False
T,2018-10-15,False,94.995,-0.0013141295206055004,0.5177826476945413,0.5576908040867274,-0.012844788734116808,-0.46889644598463304,0.31666666666666665,0.002526448760461042,1.0,1.0,False,False
T,2018-10-16,False,95.235,0.002526448760461042,0.6111446624003615,0.6547432064038414,0.023453042446037565,1.4086452406736294,0.95,-0.0007350238882762872,0.0,1.0,True,True
T,2018-10-17,False,95.165,-0.0007350238882762872,0.544298542799963,0.5922620715253015,0.015243997925572178,0.028027033073982008,0.4666666666666667,0.003415121105448282,1.0,0.0,False,True
T,2018-10-18,False,95.49,0.003415121105448282,0.4934894473828817,0.6027720937304615,0.0051699579901858025,-0.9846678353564804,0.11666666666666667,-0.0017802911299612534,1.0,1.0,False,True
T,2018-10-19,False,95.32,-0.0017802911299612534,0.5573475646502981,0.6065374578638204,-0.003852538110596615,0.31390408124587094,0.6166666666666667,-0.001783466219051455,1.0,1.0,False,False
T,2018-10-22,False,95.15,-0.001783466219051455,0.5071719220670747,0.5867250984848454,-0.01948964588162384,-0.6857162567423635,0.21666666666666667,0.0018917498686283896,1.0,1.0,False,False
T,2018-10-23,False,95.33,0.0018917498686283896,0.49922259373026007,0.5305623907766636,-0.007646942345521291,-0.8354504262984085,0.21666666666666667,0.00146858281758111,1.0,1.0,False,False
T,2018-10-24,False,95.47,0.00146858281758111,0.5259839626688574,0.6052576475100023,0.0006864059651913335,-0.4437892626210597,0.35,0.0006808421493662564,1.0,1.0,False,True
T,2018-10-25,False,95.535,0.0006808421493662564,0.4529033727525314,0.5950206647698443,-0.019007634319375077,-2.2856930105508853,0.016666666666666666,0.0002616841995080055,1.0,1.0,False,False
T,2018-10-26,False,95.56,0.0002616841995080055,0.4866635636600477,0.53025463049482,-0.008733593779178272,-1.3853108214178231,0.08333333333333333,0.0023022185014649477,1.0,1.0,False,False
T,2018-10-29,False,95.78,0.0023022185014649477,0.5692668267509808,0.6238712403996138,0.010076806703263186,0.6565039563519405,0.7333333333333333,-0.0003132177907705369,1.0,1.0,False,True
T,2018-10-30,False,95.75,-0.0003132177907705369,0.5343838520128479,0.6003270787681032,0.013316323268643043,-0.18437537631869286,0.45,0.000626631853785975,1.0,1.0,False,True
T,2018-10-31,False,95.81,0.000626631853785975,0.5602812441409125,0.5819533286308811,0.026247603112956243,0.44115005794927875,0.6833333333333333,0.0014612253418224697,1.0,1.0,False,True
T,2018-11-01,False,95.95,0.0014612253418224697,0.5078600552006439,0.5362898827179307,0.0033407400471124117,-0.876554301442708,0.23333333333333334,-0.004689942678478443,1.0,1.0,False,True
T,2018-11-02,False,95.5,-0.004689942678478443,0.38469513990823484,0.4791314431075837,-0.03956671704976959,-3.5294855887732246,0.016666666666666666,0.0007853403141362403,1.0,1.0,False,False
T,2018-11-05,False,95.575,0.0007853403141362403,0.41340456259529806,0.46031091415685177,-0.04175446830677773,-2.6482071719595806,0.03333333333333333,0.0024588019879676626,1.0,1.0,False,False
T,2018-11-06,False,95.81,0.0024588019879676626,0.5423247225114624,0.6209934477663737,-0.013036853586424618,0.12177246295048318,0.5166666666666667,0.001826531677277865,1.0,1.0,False,False
T,2018-11-07,False,95.985,0.001826531677277865,0.5086593960127209,0.5890257777506388,0.01592282642273815,-0.5782281115598669,0.2833333333333333,0.0011460123977704573,1.0,1.0,False,True
T,2018-11-08,False,96.095,0.0011460123977704573,0.5734864823348671,0.6586914907510534,0.04728375182706874,0.8107285998763919,0.7833333333333333,-0.0009365731827879475,1.0,1.0,False,True
T,2018-11-09,False,96.005,-0.0009365731827879475,0.5312945720609378,0.6129559074504519,0.026694177875468416,-0.09493296094849187,0.4666666666666667,-0.0004166449664079197,1.0,1.0,False,True
T,2018-11-12,False,95.965,-0.0004166449664079197,0.5048532295856777,0.5554346095409235,-0.005230780980335248,-0.6449055977768702,0.25,0.0009899442505079126,1.0,1.0,False,False
T,2018-11-13,False,96.06,0.0009899442505079126,0.5209037373980199,0.5634015694774757,-0.004414456997859151,-0.2825984863993282,0.4166666666666667,,1.0,1.0,False,False
T,2018-11-14,True,96.44,,0.4579940211747751,0.47351576023448694,-0.02413757569831019,-1.5730894782274136,0.06666666666666667,0.0011406055578597751,1.0,1.0,False,False
T,2018-11-15,False,96.55,0.0011406055578597751,0.5083173011589022,0.5488439266443149,-0.009281375021497378,-0.4947636078349923,0.31666666666666665,0.0037804246504402617,1.0,1.0,False,False
T,2018-11-16,False,96.915,0.0037804246504402617,0.5292138113799132,0.591714399401442,0.00361347273493533,-0.06456434212318204,0.5166666666666667,-0.0013413816230718467,1.0,1.0,False,True
T,2018-11-19,False,96.785,-0.0013413816230718467,0.48478955692984144,0.564974843633477,-0.00010085707312187941,-0.974024068931229,0.1,-0.0008265743658624203,1.0,1.0,False,False
T,2018-11-20,False,96.705,-0.0008265743658624203,0.5247560237741862,0.5602799595856559,0.010999626096976139,-0.11324024149739685,0.4666666666666667,0.0012925908691381327,1.0,1.0,False,True
T,2018-11-21,False,96.83,0.0012925908691381327,0.5146658554506313,0.564762778944343,0.0008239320977731168,-0.3373313372343595,0.4,-0.0024269338015078246,1.0,1.0,False,True
T,2018-11-22,False,96.595,-0.0024269338015078246,0.48003563232837027,0.5289264123859435,-0.006848005958229602,-1.0512075475245974,0.08333333333333333,0.0007764377038148584,1.0,1.0,False,False
T,2018-11-23,False,96.67,0.0007764377038148584,0.5137767354315205,0.5657407765171407,0.0013253965557542158,-0.33176054447004266,0.4166666666666667,-0.0021206165304644697,1.0,1.0,False,True
T,2018-11-26,False,96.465,-0.0021206165304644697,0.5328050443384097,0.5626137210166341,0.001520892110933625,0.07577286343265091,0.5833333333333334,0.0017104649354686696,1.0,1.0,False,True
T,2018-11-27,False,96.63,0.0017104649354686696,0.5152006404904867,0.5692771421231203,0.005383898208975041,-0.28057650905319814,0.4666666666666667,0.00015523129462891028,1.0,1.0,False,True
T,2018-11-28,False,96.645,0.00015523129462891028,0.5377284519371496,0.5860934441076473,0.01168095442765249,0.19008902441656242,0.65,0.00201769362098414,1.0,1.0,False,True
T,2018-11-29,False,96.84,0.00201769362098414,0.4432846189387528,0.4911173620426205,-0.013606082538679542,-1.741411806032526,0.05,-0.00165220983064851,1.0,1.0,False,False
T,2018-11-30,False,96.68,-0.00165220983064851,0.44176957954329915,0.5425765866218654,-0.025398695114195503,-1.7061214904370974,0.05,0.0015515101365328743,1.0,1.0,False,False
T,2018-12-03,False,96.83,0.0015515101365328743,0.4485962980062461,0.5459550752350713,-0.02291675573623317,-1.5122919079705686,0.08333333333333333,0.002375296912114022,1.0,1.0,False,False
T,2018-12-04,False,97.06,0.002375296912114022,0.44313219246428986,0.4796946471457531,-0.01838808398782261,-1.5758282897882974,0.06666666666666667,-0.000360601689676443,1.0,1.0,False,False
T,2018-12-05,False,97.025,-0.000360601689676443,0.4184465400730039,0.48103329699443786,-0.004831354481050709,-1.9669437315577565,0.05,0.0015975264107188636,1.0,1.0,False,False
T,2018-12-06,False,97.18,0.0015975264107188636,0.4793098013733582,0.5421088357834177,0.004493068572687592,-0.7735879116833465,0.16666666666666666,-0.00010290183165262423,1.0,1.0,False,True
T,2018-12-07,False,97.17,-0.00010290183165262423,0.5173879187804451,0.5860681585240328,0.01737608504574663,-0.031283804203499604,0.5166666666666667,0.0011834928475866757,1.0,1.0,False,True
T,2018-12-10,False,97.285,0.0011834928475866757,0.48629193735683157,0.5328315314616283,0.01852608684925246,-0.6042120050738554,0.25,-0.00041116307755550974,1.0,1.0,False,True
T,2018-12-11,False,97.245,-0.00041116307755550974,0.4121728602483223,0.4572327626481091,-0.0005565223665889907,-1.9561343944324445,0.03333333333333333,0.0005655817779832706,1.0,1.0,False,False
T,2018-12-12,False,97.3,0.0005655817779832706,0.5400035057523559,0.5756825009723651,0.0016172350225872544,0.5352225099018604,0.7666666666666667,-0.006269270298047247,1.0,1.0,False,True
T,2018-12-13,False,96.69,-0.006269270298047247,0.5688112283794958,0.6129998650648097,0.015655818759362578,1.1150768533762172,0.8666666666666667,-0.0013445030509876554,0.0,1.0,True,True
T,2018-12-14,False,96.56,-0.0013445030509876554,0.5398085206578019,0.5769252861225208,0.02636715347331143,0.5220542421111463,0.75,-0.0031068765534382203,1.0,0.0,False,True
T,2018-12-17,False,96.26,-0.0031068765534382203,0.5400326756058639,0.6380228952872948,0.025552464562052922,0.5390281725296923,0.7833333333333333,0.0021815915229586036,1.0,1.0,False,True
T,2018-12-18,False,96.47,0.0021815915229586036,0.6390823650329244,0.6895539397424877,0.0169379165787505,2.360868716335086,1.0,0.0022286721260496023,0.0,1.0,True,True
T,2018-12-19,False,96.685,0.0022286721260496023,0.529217601232267,0.5829253378363727,0.0020086590080664823,0.256025096729372,0.6166666666666667,0.00377514609298224,1.0,0.0,False,True
T,2018-12-20,False,97.05,0.00377514609298224,0.4994262966371243,0.5826465198713326,-0.009157952241495215,-0.28955376538916305,0.35,-0.0015455950540957941,1.0,1.0,False,False
T,2018-12-21,False,96.9,-0.0015455950540957941,0.519946694759888,0.555115904439396,-0.017982803008775188,0.10380580058225712,0.5333333333333333,-0.0010319917440660964,1.0,1.0,False,False
T,2018-12-24,False,96.8,-0.0010319917440660964,0.5290905941589977,0.5880502988190183,-0.022925444822023234,0.27996467700237493,0.6,0.002530991735537169,1.0,1.0,False,False
T,2018-12-25,False,97.045,0.002530991735537169,0.495643092630285,0.5430423901270567,-0.0037484719682090604,-0.36663350151607466,0.31666666666666665,0.0025761244783348847,1.0,1.0,False,False
T,2018-12-26,False,97.295,0.0025761244783348847,0.5479400094279715,0.6415117771308451,0.007272382345209144,0.6835770430643654,0.8333333333333334,0.0001541703067988731,0.0,1.0,True,True
T,2018-12-27,False,97.31,0.0001541703067988731,0.5418952079218311,0.6211941768927183,0.006274644159286002,0.5598349278989123,0.7833333333333333,0.004367485356078449,1.0,0.0,False,True
T,2018-12-28,False,97.735,0.004367485356078449,0.4758304853785335,0.522006801734277,-0.006026810226938234,-0.7251177798045774,0.18333333333333332,0.003785747173479459,1.0,1.0,False,False
T,2019-01-02,False,98.105,0.003785747173479459,0.5119871803379638,0.5407520062114659,-0.003942134863408048,0.0434654541432283,0.4666666666666667,0.0005606238214157511,1.0,1.0,False,False
T,2019-01-03,False,98.16,0.0005606238214157511,0.5127705412417121,0.5331951246534588,-0.010024696395638622,0.08493390412711405,0.48333333333333334,-0.0021903015484923127,1.0,1.0,False,False
T,2019-01-04,False,97.945,-0.0021903015484923127,0.545059842763222,0.588394499895737,0.004326932554596025,0.7548562876822841,0.8666666666666667,-0.000102098116289695,0.0,1.0,True,True
T,2019-01-07,False,97.935,-0.000102098116289695,0.48999663717549236,0.5653446509332793,0.006140496601917589,-0.4086972492125231,0.3,0.005309644151733295,1.0,0.0,False,True
T,2019-01-08,False,98.455,0.005309644151733295,0.47635193354301725,0.5781470735686032,-0.009404439765611273,-0.6986113779024474,0.2,-0.0016758925397388769,1.0,1.0,False,False
T,2019-01-09,False,98.29,-0.0016758925397388769,0.5423428638832916,0.6038084136232815,-0.0009563263937045708,0.7019407324776099,0.8333333333333334,-0.0027978431173060203,1.0,1.0,True,False
T,2019-01-10,False,98.015,-0.0027978431173060203,0.5742858416111207,0.6349349028881133,0.011079822440359677,1.4302097760816221,0.9833333333333333,0.00030607560067341666,0.0,1.0,True,True
T,2019-01-11,False,98.045,0.00030607560067341666,0.5078234582850529,0.5485086124341778,0.013358755028722464,-0.007979712390366241,0.4166666666666667,-0.0020398796471008396,1.0,0.0,False,True
T,2019-01-14,False,97.845,-0.0020398796471008396,0.5334327667937154,0.5876825862384905,0.007964226090315774,0.5387214177125749,0.7166666666666667,-0.000459911083857123,1.0,1.0,False,True
T,2019-01-15,False,97.8,-0.000459911083857123,0.5102477212627918,0.5470196907008144,-0.010504336005840475,0.048250932966998304,0.4666666666666667,0.005061349693251671,1.0,1.0,False,False
T,2019-01-16,False,98.295,0.005061349693251671,0.5562090058457937,0.5934078314855701,-0.0033729408552915174,1.0376654134001,0.9,0.0003560710107328724,1.0,1.0,True,False
T,2019-01-17,False,98.33,0.0003560710107328724,0.4737878218831418,0.5398962323799976,-0.004529503375174404,-0.7568043657287365,0.18333333333333332,-0.002542459066409042,1.0,1.0,False,False
T,2019-01-18,False,98.08,-0.002542459066409042,0.4895943208663407,0.5274291155872175,-0.012413679123439953,-0.3985187476079949,0.31666666666666665,-0.0012234910277325595,1.0,1.0,False,False
T,2019-01-21,False,97.96,-0.0012234910277325595,0.535657018005158,0.570509822123614,-0.0015796091494720721,0.5822460408943627,0.7333333333333333,0.0007145773785219856,1.0,1.0,False,False
T,2019-01-22,False,98.03,0.0007145773785219856,0.4028926540705002,0.5043844368722115,-0.024476350742857082,-2.2171011718946385,0.03333333333333333,-0.002652249311435373,1.0,1.0,False,False
T,2019-01-23,False,97.77,-0.002652249311435373,0.5696289549885547,0.6028405924454932,0.010498059941498532,1.3050762897756574,0.95,0.00030684258975144374,0.0,1.0,True,True
T,2019-01-24,False,97.8,0.00030684258975144374,0.4989035942707762,0.5438906260792405,0.005259048379226772,-0.17677980178974734,0.35,-0.0016871165644171127,1.0,0.0,False,True
T,2019-01-25,False,97.635,-0.0016871165644171127,0.48204822373449,0.5184857563935396,-0.0011206648341059889,-0.510514476810513,0.26666666666666666,0.0004609002919035987,1.0,1.0,False,False
T,2019-01-28,False,97.68,0.0004609002919035987,0.5470210785642546,0.6103765710712976,0.020067611773344422,0.8578996009117005,0.8833333333333333,0.002303439803439833,0.0,1.0,True,True
T,2019-01-29,False,97.905,0.002303439803439833,0.5537279239693674,0.6060616990190796,0.0016315422255103907,0.9914087031652301,0.9,0.0013788876972575803,0.0,0.0,True,True
T,2019-01-30,False,98.04,0.0013788876972575803,0.46890171833078714,0.5169387919839564,0.0011675948354899323,-0.9587863553311871,0.15,-0.0001019991840065515,1.0,0.0,False,True
T,2019-01-31,False,98.03,-0.0001019991840065515,0.6015188458364538,0.6451514571826116,0.016082188397045998,2.0213449644051504,0.9833333333333333,-0.0012241150668163003,0.0,1.0,True,True
T,2019-02-01,False,97.91,-0.0012241150668163003,0.5504356352675873,0.6542297692846214,0.00546200352737517,0.8554269073698816,0.8666666666666667,0.0038300480032682493,0.0,0.0,True,True
T,2019-02-11,False,98.285,0.0038300480032682493,0.514033279357587,0.5816049756170385,0.00021446277132393664,0.06787261662856466,0.5,-0.0005087246273591806,1.0,0.0,False,True
T,2019-02-12,False,98.235,-0.0005087246273591806,0.5421313418272194,0.6086870810221995,0.005897368051399787,0.6982128573774702,0.8,-0.0008652720517127177,0.0,1.0,True,True
T,2019-02-13,False,98.15,-0.0008652720517127177,0.4511254331125605,0.5131022385630801,-0.030909111888815444,-1.3169902621145748,0.13333333333333333,-0.002343352012226241,1.0,0.0,False,False
T,2019-02-14,False,97.92,-0.002343352012226241,0.5200464097279028,0.5799459035323954,-0.01236862973243955,0.21672205794641167,0.5833333333333334,0.00040849673202614234,1.0,1.0,False,False
T,2019-02-15,False,97.96,0.00040849673202614234,0.4738947803995815,0.63694971320203,-0.010236193001532768,-0.8209355239975277,0.18333333333333332,-0.0017864434463046308,1.0,1.0,False,False
T,2019-02-18,False,97.785,-0.0017864434463046308,0.5161474168516105,0.6073761930558454,-0.0029198502664196935,0.1218821878527385,0.5333333333333333,0.002249833819092828,1.0,1.0,False,False
T,2019-02-19,False,98.005,0.002249833819092828,0.45892590041368636,0.5424884050042083,0.0011701941725959398,-1.121876205093305,0.15,,1.0,1.0,False,True
T,2019-02-20,True,97.65,,0.32558226126936973,0.34406072416376504,-0.04038971769029613,-3.5619253766353403,0.016666666666666666,0.0008192524321557482,1.0,1.0,False,False
T,2019-02-21,False,97.73,0.0008192524321557482,0.4598540602802289,0.5635970203986549,-0.021864659582094593,-0.8972798465105585,0.18333333333333332,-0.0018418090657935648,1.0,1.0,False,False
T,2019-02-22,False,97.55,-0.0018418090657935648,0.5151450892056151,0.5711225302716836,-0.00010764954254482428,0.18245739109500506,0.5333333333333333,-0.0035879036391593955,1.0,1.0,False,False
T,2019-02-25,False,97.2,-0.0035879036391593955,0.4970304808838361,0.5538270389329278,0.026577198887654484,-0.17720341641886236,0.38333333333333336,-0.0028806584362139898,1.0,1.0,False,True
T,2019-02-26,False,96.92,-0.0028806584362139898,0.6112592631016337,0.6494363482045445,0.06085304242681351,1.958498488752902,0.9833333333333333,0.0019087907552621797,0.0,1.0,True,True
T,2019-02-27,False,97.105,0.0019087907552621797,0.4938273619982879,0.5955296198420532,0.016406077733213665,-0.25065627828491943,0.36666666666666664,-0.0016477009422790623,1.0,0.0,False,True
T,2019-02-28,False,96.945,-0.0016477009422790623,0.4751684919740272,0.5269574307799259,-0.008315631334872392,-0.5897712664252209,0.25,-0.0019598741554489596,1.0,1.0,False,False
T,2019-03-01,False,96.755,-0.0019598741554489596,0.5421775457267843,0.5998597112422474,-0.004579664144171003,0.6738494138413502,0.7833333333333333,0.0029972611234561075,1.0,1.0,False,False
T,2019-03-04,False,97.045,0.0029972611234561075,0.5644037424491205,0.6241895711800456,-0.004536085757652996,1.0579880309209662,0.9,0.000772837343500532,1.0,1.0,True,False
T,2019-03-05,False,97.12,0.000772837343500532,0.5134916418922463,0.5440254104279159,0.012856381026301,0.07308356187685092,0.5,0.0011841021416802988,1.0,1.0,False,True
T,2019-03-06,False,97.235,0.0011841021416802988,0.4964403740083888,0.5282675656187394,0.0013857860234185114,-0.2724178186462803,0.36666666666666664,0.00509075950018012,1.0,1.0,False,True
T,2019-03-07,False,97.73,0.00509075950018012,0.5230074850771917,0.5514278775625755,-0.010630348973991687,0.22043517019465264,0.6,0.0002558068146933934,1.0,1.0,False,False
T,2019-03-08,False,97.755,0.0002558068146933934,0.5747259120292627,0.6349189465815986,0.003016018234522988,1.208050306736336,0.95,-0.0008695207406269612,0.0,1.0,True,True
T,2019-03-11,False,97.67,-0.0008695207406269612,0.4390183374377559,0.47653604260918736,-0.0070661070888106805,-1.4747724501692658,0.06666666666666667,0.0005631207126035598,1.0,0.0,False,False
T,2019-03-12,False,97.725,0.0005631207126035598,0.4827831118886589,0.5351513143565146,-0.011130367187889562,-0.5978333936064654,0.25,0.0008186236889231591,1.0,1.0,False,False
T,2019-03-13,False,97.805,0.0008186236889231591,0.5179080459944356,0.5522538858870003,-0.010214167830611603,0.0831055630051401,0.5333333333333333,-0.002607228669291084,1.0,1.0,False,False
T,2019-03-14,False,97.55,-0.002607228669291084,0.5608144369063502,0.5984868930991176,0.005106675831085478,0.9060687108359975,0.8666666666666667,0.001127626858021591,0.0,1.0,True,True
T,2019-03-15,False,97.66,0.001127626858021591,0.6158544147298123,0.6752511320214662,0.043170347960180405,1.9358189095308707,0.9833333333333333,-0.0015871390538603203,0.0,0.0,True,True
T,2019-03-18,False,97.505,-0.0015871390538603203,0.5052619020199139,0.5863536487621136,0.014290394899788672,-0.22047539864092072,0.38333333333333336,-0.0012307061176348721,1.0,0.0,False,True
T,2019-03-19,False,97.385,-0.0012307061176348721,0.4469269711375965,0.5354438605247207,-0.019751468460011457,-1.3287426665643587,0.06666666666666667,0.0004620834830826315,1.0,1.0,False,False
T,2019-03-20,False,97.43,0.0004620834830826315,0.4632947130435982,0.5263393873737418,-0.036396689131771985,-0.9773424278681452,0.13333333333333333,0.0021040747203120436,1.0,1.0,False,False
T,2019-03-21,False,97.635,0.0021040747203120436,0.49984672958375426,0.5308558378039668,-0.02739825592684318,-0.233578447634885,0.4166666666666667,0.0015875454498899266,1.0,1.0,False,False
T,2019-03-22,False,97.79,0.0015875454498899266,0.5169506062572577,0.552273170607807,0.007629716692084537,0.12173631448396453,0.5833333333333334,0.0031189283157786463,1.0,1.0,False,True
T,2019-03-25,False,98.095,0.0031189283157786463,0.4134428875723539,0.49175988845715823,-0.00133122739168256,-1.9127935271306489,0.05,0.0,1.0,1.0,False,False
T,2019-03-26,False,98.095,0.0,0.4512245304651151,0.5642785104671911,-0.01105442071683665,-1.1262729267312486,0.11666666666666667,-0.001529129925072703,1.0,1.0,False,False
T,2019-03-27,False,97.945,-0.001529129925072703,0.6034690121400109,0.6392908505219173,0.01415184893203707,1.796388300978551,0.9666666666666667,0.0011230792791874222,0.0,1.0,True,True
T,2019-03-28,False,98.055,0.0011230792791874222,0.49762814988108156,0.5741936276913238,0.015138121181530462,-0.23163175355993804,0.4,-0.001427770129009187,1.0,0.0,False,True
T,2019-03-29,False,97.915,-0.001427770129009187,0.5410581590191886,0.5718155375015082,0.030163416230963587,0.6034889106180306,0.7,-0.0047490170045447755,1.0,1.0,False,True
T,2019-04-01,False,97.45,-0.0047490170045447755,0.4506859221271268,0.5461621621557201,-0.006348806979679889,-1.093480058990206,0.1,-0.002001026167265385,1.0,1.0,False,False
T,2019-04-02,False,97.255,-0.002001026167265385,0.35837528502600774,0.4100825269600734,-0.05371296819819611,-2.6478547334838765,0.03333333333333333,-0.0051925350881701915,1.0,1.0,False,False
T,2019-04-03,False,96.75,-0.0051925350881701915,0.48894620710407916,0.5674994752112951,-0.02000467595471857,-0.3007996794542078,0.3333333333333333,-0.002997416020671939,1.0,1.0,False,False
T,2019-04-04,False,96.46,-0.002997416020671939,0.4484436463960242,0.51968299989553,-0.014696874026937656,-0.9983987248389123,0.11666666666666667,0.0022807381297949014,1.0,1.0,False,False
T,2019-04-08,False,96.68,0.0022807381297949014,0.5394140104378101,0.5750721037302455,0.026752453799138303,0.6193064740100913,0.7166666666666667,-0.0018618121638395158,1.0,1.0,False,True
T,2019-04-09,False,96.5,-0.0018618121638395158,0.4644452308306424,0.49983435539447757,0.026260769494300024,-0.70322521341997,0.23333333333333334,0.0021243523316061275,1.0,1.0,False,True
T,2019-04-10,False,96.705,0.0021243523316061275,0.5554997036772696,0.6351761253297559,0.014910857758099916,0.8819785769566261,0.8333333333333334,0.0014994054082002606,0.0,1.0,True,True
T,2019-04-11,False,96.85,0.0014994054082002606,0.5293512698860254,0.6545221887659821,0.0177900940219462,0.42571610373933194,0.6666666666666666,-0.002116675271037649,1.0,0.0,False,True
T,2019-04-12,False,96.645,-0.002116675271037649,0.45555798895607325,0.5754335767804365,-0.01028060039080907,-0.8486448102949247,0.18333333333333332,-0.0028454653629260696,1.0,1.0,False,False
T,2019-04-15,False,96.37,-0.0028454653629260696,0.4832314118801323,0.6151797899843113,-0.006236935262221655,-0.3488294458720375,0.36666666666666664,-0.002127218013904697,1.0,1.0,False,False
T,2019-04-16,False,96.165,-0.002127218013904697,0.3916084687927836,0.45844550479743434,-0.03739023277748652,-1.8796970807038271,0.05,0.0026516924036810163,1.0,1.0,False,False
T,2019-04-17,False,96.42,0.0026516924036810163,0.5776375729908755,0.6300905266047355,0.0032623086046410454,1.2934113964820455,0.9333333333333333,0.000622277535780924,0.0,1.0,True,True
T,2019-04-18,False,96.48,0.000622277535780924,0.4056239159071386,0.5627635599948235,-0.0005461984987126134,-1.5683924924199506,0.08333333333333333,-0.000932835820895539,1.0,0.0,False,False
T,2019-04-19,False,96.39,-0.000932835820895539,0.5346322169000763,0.5597927772127989,0.011681705715424307,0.5780736452866494,0.7,-0.0017636684303351524,1.0,1.0,False,True
T,2019-04-22,False,96.22,-0.0017636684303351524,0.47789343213691066,0.5433226050506259,0.012956457059745496,-0.3689113904552024,0.35,0.0010392849719391695,1.0,1.0,False,True
T,2019-04-23,False,96.32,0.0010392849719391695,0.49672734567726157,0.5243821770723104,-0.008955093839745576,-0.04293004328677318,0.4666666666666667,-0.004256644518272346,1.0,1.0,False,False
T,2019-04-24,False,95.91,-0.004256644518272346,0.4970013185556574,0.5837211878987719,0.014484993407422282,-0.06617352938289642,0.4666666666666667,0.001876759461995725,1.0,1.0,False,True
T,2019-04-25,False,96.09,0.001876759461995725,0.5816023973845714,0.6232393656483743,0.01130482473877369,1.3778489690900626,0.9333333333333333,0.0029139348527422726,0.0,1.0,True,True
T,2019-04-26,False,96.37,0.0029139348527422726,0.5665954739429273,0.608606044473014,0.026227913531934315,1.0905114494374881,0.8833333333333333,-0.0017640344505551742,0.0,0.0,True,True
T,2019-04-29,False,96.2,-0.0017640344505551742,0.4730162455343335,0.5995335068563927,0.0022171955101413844,-0.49065683086301853,0.3,0.004937629937629806,1.0,0.0,False,True
T,2019-04-30,False,96.675,0.004937629937629806,0.5655166597750199,0.6386138735548436,0.002844453058848706,1.0632828969038686,0.8666666666666667,0.0017067494181537413,0.0,1.0,True,True
T,2019-05-06,False,96.84,0.0017067494181537413,0.4136014340094186,0.5168417627275615,-0.033708074091821305,-1.4372911220167677,0.1,-0.0007744733581165342,1.0,0.0,False,False
T,2019-05-07,False,96.765,-0.0007744733581165342,0.41293120287507656,0.48800261298270187,-0.03667433536606164,-1.4113680932279866,0.08333333333333333,0.0014468041130573095,1.0,1.0,False,False
T,2019-05-08,False,96.905,0.0014468041130573095,0.494202315118997,0.5226427304213923,-0.011021331773061638,-0.05171866782366317,0.45,0.0018058923688148987,1.0,1.0,False,False
T,2019-05-09,False,97.08,0.0018058923688148987,0.4623576811739984,0.5459759533523798,-0.012571707609246457,-0.5643149490421521,0.2833333333333333,0.0006180469715697523,1.0,1.0,False,False
T,2019-05-10,False,97.14,0.0006180469715697523,0.5141461700380323,0.5852353130170389,0.02505159503561492,0.3091958550975151,0.6166666666666667,0.002779493514515119,1.0,1.0,False,True
T,2019-05-13,False,97.41,0.002779493514515119,0.37392188664628107,0.4480546099866358,-0.005807477753855567,-1.9519497384308757,0.05,-0.001231906375115388,1.0,1.0,False,False
T,2019-05-14,False,97.29,-0.001231906375115388,0.5012632411696414,0.5452293301499005,-0.007431394242642853,0.12203209071967125,0.5833333333333334,0.00025696371672312424,1.0,1.0,False,False
T,2019-05-15,False,97.315,0.00025696371672312424,0.5666652226959731,0.6420458517386384,0.019573215417555846,1.1731994429311448,0.9,0.0006679340286697144,0.0,1.0,True,True
T,2019-05-16,False,97.38,0.0006679340286697144,0.5439701648042803,0.6399447529807565,0.025239132558218795,0.781216489021605,0.8,0.0006161429451632117,0.0,0.0,True,True
T,2019-05-17,False,97.44,0.0006161429451632117,0.4259666994970586,0.5222189102230033,0.0146796549336194,-1.0973392454754507,0.15,,1.0,0.0,False,True
T,2019-05-20,True,96.88,,0.42082510775224763,0.4354685461384995,-0.030157479003370197,-1.159319449693621,0.15,-0.002477291494632494,1.0,1.0,False,False
T,2019-05-21,False,96.64,-0.002477291494632494,0.5234046969808677,0.5704864615024186,-0.02096661084822435,0.44897092621517587,0.7,-0.0007243377483444613,1.0,1.0,False,False
T,2019-05-22,False,96.57,-0.0007243377483444613,0.5013574670044154,0.6020838271541831,0.00122126018840793,0.06325711765318112,0.5666666666666667,0.002278140209174717,1.0,1.0,False,True
T,2019-05-23,False,96.79,0.002278140209174717,0.46476003163746743,0.5048230653438749,0.01581190235329854,-0.5447094803405172,0.31666666666666665,-0.00020663291662370575,1.0,1.0,False,True
T,2019-05-24,False,96.77,-0.00020663291662370575,0.5034712155077254,0.5752177644341826,0.01066475501675554,0.11151399650269854,0.5833333333333334,-0.004856877131342308,1.0,1.0,False,True
T,2019-05-27,False,96.3,-0.004856877131342308,0.5545042778588103,0.6357402503250772,0.006431291025919527,1.019824163916985,0.8166666666666667,0.0024922118380064084,0.0,1.0,True,True
T,2019-05-28,False,96.54,0.0024922118380064084,0.5183712164638787,0.5945718449351168,0.01237717451402695,0.38274091821649264,0.6666666666666666,0.003418272218769447,1.0,0.0,False,True
T,2019-05-29,False,96.87,0.003418272218769447,0.41834980398890126,0.45121716209304275,-0.007792045434097905,-1.322273953021629,0.13333333333333333,0.0001548467017653543,1.0,1.0,False,False
T,2019-05-30,False,96.885,0.0001548467017653543,0.456351354123966,0.5300603246530358,-0.023039419663742795,-0.6470709150870373,0.2833333333333333,0.0004644681839294229,1.0,1.0,False,False
T,2019-05-31,False,96.93,0.0004644681839294229,0.5319764082256765,0.5588994481211438,-0.010707560160618034,0.6680564742189936,0.75,0.0027855153203342198,1.0,1.0,False,False
T,2019-06-03,False,97.2,0.0027855153203342198,0.4967485426365352,0.5610889206661256,0.0070381256582088105,0.06200681601980657,0.5,0.0015946502057613277,1.0,1.0,False,True
T,2019-06-04,False,97.355,0.0015946502057613277,0.46332768215665104,0.5129673345448653,0.013035294484806875,-0.5074941780752893,0.3333333333333333,0.0015407529145907706,1.0,1.0,False,True
T,2019-06-05,False,97.505,0.0015407529145907706,0.4772622801070853,0.5476726647908796,-0.002682687410278678,-0.2533742638318244,0.4,-0.00035895595097679145,1.0,1.0,False,False
T,2019-06-06,False,97.47,-0.00035895595097679145,0.5741358076148783,0.609997215223745,0.0064832536248953685,1.4283089888390184,0.9333333333333333,-0.000615574022776233,0.0,1.0,True,True
T,2019-06-10,False,97.41,-0.000615574022776233,0.5800330153485991,0.616156128980756,0.027737707088235503,1.4724865033076906,0.95,-0.003233754234678088,0.0,0.0,True,True
T,2019-06-11,False,97.095,-0.003233754234678088,0.5185457896843287,0.5689149486762104,0.021320695029686913,0.4069494384183353,0.6833333333333333,0.00036047170297126563,1.0,0.0,False,True
T,2019-06-12,False,97.13,0.00036047170297126563,0.4896024217344204,0.517122264084529,-0.003090973467587932,-0.08107338288645911,0.45,0.002162050859672693,1.0,1.0,False,False
T,2019-06-13,False,97.34,0.002162050859672693,0.5465207555186488,0.5906045674328744,-0.014566069780663765,0.9035296602654609,0.8166666666666667,0.002414218204232599,1.0,1.0,True,False
T,2019-06-14,False,97.575,0.002414218204232599,0.5193116775726575,0.5619240290787266,-0.009346770971756313,0.48003302672259585,0.7,0.0009223674096849876,1.0,1.0,False,False
T,2019-06-17,False,97.665,0.0009223674096849876,0.6281207225345936,0.6974914558237618,0.024885912153876682,2.2813519751016305,1.0,-0.0017918394511853286,0.0,1.0,True,True
T,2019-06-18,False,97.49,-0.0017918394511853286,0.5171290405825514,0.5606827735824093,0.013665320471220677,0.3676548292285157,0.6333333333333333,-0.001333470099497358,1.0,0.0,False,True
T,2019-06-19,False,97.36,-0.001333470099497358,0.49213551083937335,0.5317221776794604,-0.011095312634865694,-0.06953588966595185,0.43333333333333335,0.00010271158586694362,1.0,1.0,False,False
T,2019-06-20,False,97.37,0.00010271158586694362,0.47725208036696376,0.5284326714839728,-0.022010440610660775,-0.3187862363812752,0.35,0.0010783608914448628,1.0,1.0,False,False
T,2019-06-21,False,97.475,0.0010783608914448628,0.5062085049699135,0.5401727499612662,-0.028370139534494777,0.18207937753560285,0.6,-0.001692741728648306,1.0,1.0,False,False
T,2019-06-24,False,97.31,-0.001692741728648306,0.5012234222345692,0.5331279210068688,-0.0017738242565424223,0.07242524596092145,0.5333333333333333,0.0008734970712156453,1.0,1.0,False,False
T,2019-06-25,False,97.395,0.0008734970712156453,0.5610076922109521,0.5866904271747988,0.016171570461076302,1.0818414046562983,0.85,-0.0013347707787874086,0.0,1.0,True,True
T,2019-06-26,False,97.265,-0.0013347707787874086,0.541894916613242,0.5856016944097618,0.0184084859733595,0.7854231958490484,0.7833333333333333,-0.0005654654809027493,1.0,0.0,False,True
T,2019-06-27,False,97.21,-0.0005654654809027493,0.5153466431636676,0.5644781092869124,0.005894777076618096,0.30606647629552414,0.6,0.0033947124781401605,1.0,1.0,False,True
T,2019-06-28,False,97.54,0.0033947124781401605,0.5689566421980576,0.6256951081031441,0.008980539087969242,1.2433065277496533,0.9166666666666666,0.000666393274554089,0.0,1.0,True,True
T,2019-07-01,False,97.605,0.000666393274554089,0.4607002895461959,0.584065091413701,-0.01735530797446968,-0.6755862736019228,0.21666666666666667,0.004661646432047473,1.0,0.0,False,False
T,2019-07-02,False,98.06,0.004661646432047473,0.5491017301257491,0.6750037771433074,-0.004023272659245736,0.8775647587488097,0.8,0.001733632469916424,1.0,1.0,True,False
T,2019-07-03,False,98.23,0.001733632469916424,0.4813571332383146,0.6220448144974238,-0.008783393192301458,-0.3818297410097401,0.35,-0.00015270284027280034,1.0,1.0,False,False
T,2019-07-04,False,98.215,-0.00015270284027280034,0.5178649767304431,0.5467898872849206,-0.008152648724311045,0.2784387837047424,0.6,-0.0017818052232346782,1.0,1.0,False,False
T,2019-07-05,False,98.04,-0.0017818052232346782,0.5006554647691477,0.5446905833184562,0.004867359705059748,-0.0324829922336742,0.4666666666666667,-0.0007139942880457495,1.0,1.0,False,True
T,2019-07-08,False,97.97,-0.0007139942880457495,0.5918341176634068,0.6237682031652665,0.010476310660614834,1.6149741297905995,0.9833333333333333,0.0019393691946514302,0.0,1.0,True,True
T,2019-07-09,False,98.16,0.0019393691946514302,0.5250519092857369,0.5648867050890203,0.016135869302780825,0.3918877544668316,0.6833333333333333,-0.0005093724531377575,1.0,0.0,False,True
T,2019-07-10,False,98.11,-0.0005093724531377575,0.5959537822485992,0.6479927468388307,0.01805740555529014,1.653647230749855,0.9833333333333333,5.0963204566212283e-05,0.0,1.0,True,True
T,2019-07-11,False,98.115,5.0963204566212283e-05,0.5994063994348224,0.6584322789970761,0.02016215339165419,1.6449487208144202,0.9833333333333333,0.0017836212607655888,0.0,0.0,True,True
T,2019-07-12,False,98.29,0.0017836212607655888,0.5054624447875308,0.5515408425017306,-0.00983888556026664,-0.04322251519115095,0.5,-0.003052192491606598,1.0,0.0,False,False
T,2019-07-15,False,97.99,-0.003052192491606598,0.6520955665471433,0.7340211449159997,0.016359597706174445,2.4667276953415467,1.0,0.00045923053372787237,0.0,1.0,True,True
T,2019-07-16,False,98.035,0.00045923053372787237,0.4039511125634915,0.5204708863310025,-0.03313161722578946,-1.82505901971222,0.03333333333333333,0.000510021930943072,1.0,0.0,False,False
T,2019-07-17,False,98.085,0.000510021930943072,0.49565048301989373,0.5215699952115395,-0.03090231650538967,-0.2702092377823726,0.35,0.0018861191823418277,1.0,1.0,False,False
T,2019-07-18,False,98.27,0.0018861191823418277,0.5099470354677529,0.5786894307594723,-0.014747590216680534,-0.008243113156118868,0.5333333333333333,-0.00020352091177366916,1.0,1.0,False,False
T,2019-07-19,False,98.25,-0.00020352091177366916,0.5008797968612929,0.5267522725607519,-0.019643561646743933,-0.17730144059189357,0.4166666666666667,0.0012722646310432406,1.0,1.0,False,False
T,2019-07-22,False,98.375,0.0012722646310432406,0.6055457555969701,0.635403810238708,0.040841859990835644,1.6250123270265662,0.9666666666666667,5.082592121974372e-05,0.0,1.0,True,True
T,2019-07-23,False,98.38,5.082592121974372e-05,0.5564453428945396,0.5904130336444827,0.0217188439878509,0.7460674782295182,0.7666666666666667,-0.002388696889611741,1.0,0.0,False,True
T,2019-07-24,False,98.145,-0.002388696889611741,0.46921270398674697,0.5555848873345505,-0.0025903116928765123,-0.7456914835982726,0.21666666666666667,0.0005603953334352152,1.0,1.0,False,False
T,2019-07-25,False,98.2,0.0005603953334352152,0.47006664221586575,0.519152397027486,-0.019795936090107748,-0.7051277078770076,0.23333333333333334,0.0004073319755599769,1.0,1.0,False,False
T,2019-07-26,False,98.24,0.0004073319755599769,0.5482727506232824,0.6104010561486616,-0.02009247106260493,0.649794388216417,0.75,-0.0018831433224754113,1.0,1.0,False,False
T,2019-07-29,False,98.055,-0.0018831433224754113,0.5957485086440094,0.6637110699942601,0.0157666378135475,1.4609341910230436,0.9166666666666666,0.0009688440161133016,0.0,1.0,True,True
T,2019-07-30,False,98.15,0.0009688440161133016,0.5038099382624439,0.5499049387225878,0.019487633497953755,-0.17095443405706465,0.4666666666666667,0.0024452368823228987,1.0,0.0,False,True
T,2019-07-31,False,98.39,0.0024452368823228987,0.5644190319695799,0.6136640260202764,0.014424196714658976,0.8861121842533711,0.8166666666666667,0.0005589998983634992,0.0,1.0,True,True
T,2019-08-01,False,98.445,0.0005589998983634992,0.5667883083336798,0.6344642402306674,0.00057016387463652,0.9021248453374057,0.8333333333333334,0.00279343796028253,0.0,0.0,True,True
T,2019-08-02,False,98.72,0.00279343796028253,0.3704337141413613,0.5517475609304053,-0.03876512189340604,-2.5100292194179668,0.016666666666666666,0.0034947325769854043,1.0,0.0,False,False
T,2019-08-05,False,99.065,0.0034947325769854043,0.4961294576686599,0.609744880534839,-0.020934627901578663,-0.33083740531494676,0.31666666666666665,0.0,1.0,1.0,False,False
T,2019-08-06,False,99.065,0.0,0.4459539816497995,0.5647061330487694,-0.030758895130458062,-1.2684164180363267,0.1,0.0007066067733307868,1.0,1.0,False,False
T,2019-08-07,False,99.135,0.0007066067733307868,0.4056412527114329,0.4960667049390966,-0.02467738437360555,-1.9036669322798165,0.05,-0.00010087254753621266,1.0,1.0,False,False
T,2019-08-08,False,99.125,-0.00010087254753621266,0.5454028499896213,0.591134629532564,0.025945006673929304,0.5404186430056356,0.7,0.0014627994955862533,1.0,1.0,False,True
T,2019-08-09,False,99.27,0.0014627994955862533,0.5478344569421268,0.573564352880198,0.02028588668867557,0.5814912798130537,0.7166666666666667,-0.0005540445250327153,1.0,1.0,False,True
T,2019-08-12,False,99.215,-0.0005540445250327153,0.5360498606668053,0.5789522981115472,0.03223849622647055,0.3502020252146938,0.65,0.0013102857430831172,1.0,1.0,False,True
T,2019-08-13,False,99.345,0.0013102857430831172,0.40925979347145597,0.5441624424739125,-0.0002115907802769934,-1.8975165357326818,0.06666666666666667,,1.0,1.0,False,False
T,2019-08-14,True,99.02,,0.5034709208342892,0.5104561028040371,-0.0222438521781335,-0.2204889006611354,0.4166666666666667,-0.0009594021409815578,1.0,1.0,False,False
T,2019-08-15,False,98.925,-0.0009594021409815578,0.428032127462026,0.5059345397446223,-0.02721835987927177,-1.5070310963242803,0.1,-0.0007581501137225999,1.0,1.0,False,False
T,2019-08-16,False,98.85,-0.0007581501137225999,0.44455200722633886,0.511632317156002,-0.016422337289036276,-1.206401276709446,0.11666666666666667,0.0010622154779968973,1.0,1.0,False,False
T,2019-08-19,False,98.955,0.0010622154779968973,0.504954449888076,0.5630345356356188,0.013247039922528975,-0.1627765385875696,0.45,-0.0009600323379314046,1.0,1.0,False,True
T,2019-08-20,False,98.86,-0.0009600323379314046,0.47338183083677865,0.4961564068317907,0.0016744142431028841,-0.6852530427292439,0.23333333333333334,-0.0021242160631195217,1.0,1.0,False,True
T,2019-08-21,False,98.65,-0.0021242160631195217,0.5675876544162086,0.6368548637798994,0.0307940877518805,0.9224452574068814,0.8333333333333334,0.0008616320324379423,0.0,1.0,True,True
T,2019-08-22,False,98.735,0.0008616320324379423,0.5690977428864717,0.6324945486484078,0.031172467584839835,0.9201627264209812,0.85,0.0004051248290879439,0.0,0.0,True,True
T,2019-08-23,False,98.775,0.0004051248290879439,0.5586989387348057,0.5915501108491907,0.020320488974315244,0.712647664013603,0.75,0.000607441154138133,1.0,0.0,False,True
T,2019-08-26,False,98.835,0.000607441154138133,0.49682493314395587,0.6198324088101793,0.0037997488932951518,-0.36181357168484823,0.35,0.0008094298578440462,1.0,1.0,False,True
T,2019-08-27,False,98.915,0.0008094298578440462,0.5035430486516967,0.5573285820952869,-0.020036202127153964,-0.2462202005645904,0.4166666666666667,-0.0004549360562099425,1.0,1.0,False,False
T,2019-08-28,False,98.87,-0.0004549360562099425,0.482484219308623,0.5155141721092746,-0.022838293723880642,-0.6238827578078262,0.25,0.0036917163952665533,1.0,1.0,False,False
T,2019-08-29,False,99.235,0.0036917163952665533,0.5454365891833697,0.6801941926415201,-0.00408654129382049,0.46613544874718804,0.65,-0.003023126920945196,1.0,1.0,False,False
T,2019-08-30,False,98.935,-0.003023126920945196,0.497565922960594,0.6207508595863653,0.004337552016494916,-0.35922737695305823,0.3333333333333333,-0.001617223429524417,1.0,1.0,False,True
T,2019-09-02,False,98.775,-0.001617223429524417,0.4745576534063535,0.5091116893967883,-0.004288908683871556,-0.7415459893893155,0.2,-0.0003037205770690665,1.0,1.0,False,False
T,2019-09-03,False,98.745,-0.0003037205770690665,0.4914295311830195,0.5440444103805724,-0.005298831202822318,-0.43092595149686747,0.2833333333333333,0.0014177933059902337,1.0,1.0,False,False
T,2019-09-04,False,98.885,0.0014177933059902337,0.5110751065579923,0.5642040269490687,-0.00748593570283293,-0.08655560452243816,0.5333333333333333,0.002578753097031816,1.0,1.0,False,False
T,2019-09-05,False,99.14,0.002578753097031816,0.38175985570528254,0.559550156355157,-0.019509468135898413,-2.2521350111111045,0.03333333333333333,0.0003026023804719724,1.0,1.0,False,False
T,2019-09-06,False,99.17,0.0003026023804719724,0.4488332360547159,0.6530639598437824,-0.016111851018101208,-1.0717839095201338,0.15,-0.0009075325199153772,1.0,1.0,False,False
T,2019-09-09,False,99.08,-0.0009075325199153772,0.6125411140150431,0.6731976539676995,0.01799812951607708,1.7250038790203406,0.9833333333333333,-0.0018167137666531552,0.0,1.0,True,True
T,2019-09-10,False,98.9,-0.0018167137666531552,0.5527951251469039,0.5844032764163501,0.03142212954875838,0.689691596778827,0.75,-0.0012133468149646554,1.0,0.0,False,True
T,2019-09-11,False,98.78,-0.0012133468149646554,0.53686284746331,0.5969170884805896,0.041416787260824296,0.4053004945360128,0.6333333333333333,-0.0029358169669974066,1.0,1.0,False,True
T,2019-09-12,False,98.49,-0.0029358169669974066,0.5941388155056334,0.6244917686927107,0.021493289235010194,1.3313819114154026,0.9,0.0010153315057366274,0.0,1.0,True,True
T,2019-09-16,False,98.59,0.0010153315057366274,0.5542468198149911,0.6085291303286834,-0.007524489804137435,0.6444268371979366,0.7333333333333333,-0.0017243128106299022,1.0,0.0,False,False
T,2019-09-17,False,98.42,-0.0017243128106299022,0.49689256481793254,0.5567245010067452,-0.009442114830626158,-0.3161089251900328,0.35,-0.0019305019305019266,1.0,1.0,False,False
T,2019-09-18,False,98.23,-0.0019305019305019266,0.4700647749416207,0.5358907682416232,-0.023084239573107956,-0.7406318964189474,0.2,0.0019851369235466265,1.0,1.0,False,False
T,2019-09-19,False,98.425,0.0019851369235466265,0.568569809999231,0.605390239551078,-0.013532005588617524,0.8990564803961429,0.8333333333333334,0.0011176022352044068,1.0,1.0,True,False
T,2019-09-20,False,98.535,0.0011176022352044068,0.47263035018709676,0.6295873352630939,-0.009155569407449026,-0.6867543129367247,0.23333333333333334,-0.0006089206880803832,1.0,1.0,False,False
T,2019-09-23,False,98.475,-0.0006089206880803832,0.5176525456748285,0.598948760552206,0.004408553695926809,0.07601486833697964,0.5666666666666667,-0.0009139375476008293,1.0,1.0,False,True
T,2019-09-24,False,98.385,-0.0009139375476008293,0.5700912614406607,0.6201348845453888,0.014913570867367753,0.9223785061979187,0.8666666666666667,0.0012196981247141192,0.0,1.0,True,True
T,2019-09-25,False,98.505,0.0012196981247141192,0.5386292165799029,0.6137230988487682,0.0037579724414907754,0.3997497317666277,0.6333333333333333,-0.002944012994264167,1.0,0.0,False,True
T,2019-09-26,False,98.215,-0.002944012994264167,0.5917178501754514,0.6433880567542398,0.02591516708817837,1.2444589971562878,0.8666666666666667,-0.0017308965025708556,0.0,1.0,True,True
T,2019-09-27,False,98.045,-0.0017308965025708556,0.5865183749416579,0.6097542818344158,0.01593582472684495,1.126834329271317,0.85,0.001937885664745842,0.0,0.0,True,True
T,2019-09-30,False,98.235,0.001937885664745842,0.6190735448885641,0.6630161304411558,0.014585372525756191,1.5929636358827557,0.9833333333333333,0.0026467145111213064,0.0,0.0,True,True
T,2019-10-08,False,98.495,0.0026467145111213064,0.4616337144290169,0.600970999081737,-0.012663530958865932,-0.900569341539623,0.16666666666666666,-0.0004061119853799866,1.0,0.0,False,False
T,2019-10-09,False,98.455,-0.0004061119853799866,0.530318186210713,0.5945253247299844,-0.02476839884421178,0.20425875800647678,0.55,-0.0013711848052410103,1.0,1.0,False,False
T,2019-10-10,False,98.32,-0.0013711848052410103,0.5215793589651819,0.6001894632674091,-0.02186333906308031,0.08466119498532006,0.55,-0.0024410089503661414,1.0,1.0,False,False
T,2019-10-11,False,98.08,-0.0024410089503661414,0.4907382257077706,0.5219889832968249,-0.01967249938254221,-0.39510626692021183,0.3,0.0007137030995105764,1.0,1.0,False,False
T,2019-10-14,False,98.15,0.0007137030995105764,0.4554331696485637,0.4872924018541487,-0.00519810500638489,-0.9587944510567884,0.16666666666666666,-0.00015282730514520892,1.0,1.0,False,False
T,2019-10-15,False,98.135,-0.00015282730514520892,0.49687375347236756,0.5650944450498956,-0.013303505479330919,-0.24602438805114066,0.4,-0.00040760177306775613,1.0,1.0,False,False
T,2019-10-16,False,98.095,-0.00040760177306775613,0.5009522668481259,0.546446915840927,-0.0035118656469515118,-0.20981344266056817,0.45,0.002191752892604093,1.0,1.0,False,False
T,2019-10-17,False,98.31,0.002191752892604093,0.47339932496959913,0.5138488970613455,0.001084129572321929,-0.689752035089887,0.26666666666666666,-0.0027464144034177185,1.0,1.0,False,True
T,2019-10-18,False,98.04,-0.0027464144034177185,0.5361806191409784,0.58447564349349,0.013802047048206095,0.41201942674499087,0.6166666666666667,-0.002600979192166508,1.0,1.0,False,True
T,2019-10-21,False,97.785,-0.002600979192166508,0.5177788366848487,0.6085395566284949,0.007703851871781475,0.08216377968815167,0.55,-0.00025566293398771034,1.0,1.0,False,True
T,2019-10-22,False,97.76,-0.00025566293398771034,0.5988374898012139,0.6478668107877226,0.024014995762142555,1.5206257162970442,0.9666666666666667,0.0011763502454991137,0.0,1.0,True,True
T,2019-10-23,False,97.875,0.0011763502454991137,0.5331969237669252,0.6317309220732491,0.01822520682548876,0.36590440194640905,0.6,-0.00040868454661568965,1.0,0.0,False,True
T,2019-10-24,False,97.835,-0.00040868454661568965,0.5383434219254635,0.595595989314064,0.0019743692651046697,0.43849384874494474,0.65,-0.0015331936423569337,1.0,1.0,False,True
T,2019-10-25,False,97.685,-0.0015331936423569337,0.5216987599005636,0.6296959292272005,-0.005265422144432064,0.12665169452796837,0.55,-0.002712801351282157,1.0,1.0,False,False
T,2019-10-28,False,97.42,-0.002712801351282157,0.5154562726953761,0.6134808751077763,-0.017826059807803718,0.02453191523661465,0.5,0.0,1.0,1.0,False,False
T,2019-10-29,False,97.42,0.0,0.5089892061737394,0.5407076583831869,-0.007130258441645887,-0.06710494559516247,0.48333333333333334,-0.0031820981318004815,1.0,1.0,False,False
T,2019-10-30,False,97.11,-0.0031820981318004815,0.558286841705344,0.6370591803307868,0.0027177285832936993,0.8160093982370304,0.7833333333333333,0.003861600247142327,1.0,1.0,False,True
T,2019-10-31,False,97.485,0.003861600247142327,0.5449787907937624,0.6489080637682199,0.008939063079636567,0.5817904681263948,0.7,0.00015386982612719535,1.0,1.0,False,True
T,2019-11-01,False,97.5,0.00015386982612719535,0.5080645960504523,0.5912311549789355,0.002120623133017541,-0.07738872713253858,0.4666666666666667,-0.0008717948717947843,1.0,1.0,False,True
T,2019-11-04,False,97.415,-0.0008717948717947843,0.4806259640566112,0.5133184271241462,-0.010694872988914828,-0.6561127612802559,0.25,0.0039008366268027395,1.0,1.0,False,False
T,2019-11-05,False,97.795,0.0039008366268027395,0.503034635708998,0.5963300780919393,-0.01748572387298434,-0.21914585582164114,0.4,0.0006135282989927493,1.0,1.0,False,False
T,2019-11-06,False,97.855,0.0006135282989927493,0.31742826437455035,0.448412940272797,-0.046013101317987845,-3.456654412033895,0.016666666666666666,-0.0004598640846149582,1.0,1.0,False,False
T,2019-11-07,False,97.81,-0.0004598640846149582,0.5260903001921655,0.5836413643124007,-0.012714629139863437,0.2202847880088403,0.5833333333333334,-0.0015847050403844376,1.0,1.0,False,False
T,2019-11-08,False,97.655,-0.0015847050403844376,0.4015777002871898,0.5191205065973019,-0.01350408630556752,-1.9554820141203828,0.05,0.0032256412882085694,1.0,1.0,False,False
T,2019-11-11,False,97.97,0.0032256412882085694,0.4600452733930191,0.5980467131732522,-0.00018292887193183116,-0.8880906851554757,0.15,-0.0012248647545167746,1.0,1.0,False,False
T,2019-11-12,False,97.85,-0.0012248647545167746,0.5184925904935074,0.5823729434973213,0.033608362543876766,0.1520684406256019,0.5833333333333334,0.0013285641287685834,1.0,1.0,False,True
T,2019-11-13,False,97.98,0.0013285641287685834,0.47717477993759144,0.5324584069388378,0.001908384969716942,-0.615838719705181,0.25,-0.000867523984486751,1.0,1.0,False,True
T,2019-11-14,False,97.895,-0.000867523984486751,0.6227036634565983,0.6849453501593138,0.04593814328833894,1.9291075428797202,1.0,0.0011747280249247982,0.0,1.0,True,True
T,2019-11-15,False,98.01,0.0011747280249247982,0.5055311865260945,0.5676139154574443,0.019518289922924183,-0.15776843965693887,0.45,,1.0,0.0,False,True
T,2019-11-18,True,98.06,,0.36233170458969693,0.38247344800787547,-0.02839653652191178,-2.57724776490848,0.03333333333333333,0.0010707729961247914,1.0,1.0,False,False
T,2019-11-19,False,98.165,0.0010707729961247914,0.3621509612891187,0.4751171901369708,-0.04904195961638468,-2.409579756328534,0.03333333333333333,-0.0004074772067438337,1.0,1.0,False,False
T,2019-11-20,False,98.125,-0.0004074772067438337,0.5238500378012909,0.5636442417746655,-0.03410874765475906,0.20238546478942046,0.6,0.0005095541401274328,1.0,1.0,False,False
T,2019-11-21,False,98.175,0.0005095541401274328,0.5456114393680449,0.6243649046489392,0.024167883889549473,0.5651539805334044,0.7666666666666667,-0.00030557677616505075,1.0,1.0,False,True
T,2019-11-22,False,98.145,-0.00030557677616505075,0.5829550134066278,0.6906222444503414,0.062470709571278794,1.1673146746968968,0.8833333333333333,-0.002343471394365415,0.0,1.0,True,True
T,2019-11-25,False,97.915,-0.002343471394365415,0.5174350721393356,0.5544220992619096,0.03696731973057706,0.11196474799846647,0.5166666666666667,0.0015319409692078345,1.0,0.0,False,True
T,2019-11-26,False,98.065,0.0015319409692078345,0.48064283702068755,0.5284595622140131,-0.011459076878991604,-0.4851161090975979,0.26666666666666666,-0.0005608524957935179,1.0,1.0,False,False
T,2019-11-27,False,98.01,-0.0005608524957935179,0.5169945312576829,0.5614353595615801,-0.015954599260666426,0.10533133079240889,0.5,5.101520253036895e-05,1.0,1.0,False,False
T,2019-11-28,False,98.015,5.101520253036895e-05,0.5015747906756711,0.5698631745177934,-0.016320098634356607,-0.15212823806081413,0.38333333333333336,0.0,1.0,1.0,False,False
T,2019-11-29,False,98.015,0.0,0.4953909904187951,0.5944492180135265,-0.002315620978609745,-0.24024774800833693,0.31666666666666665,-0.003366831607407028,1.0,1.0,False,False
T,2019-12-02,False,97.685,-0.003366831607407028,0.5174829292893457,0.624957224394462,0.005207664369842846,0.11680157505098193,0.5333333333333333,0.001074883554281758,1.0,1.0,False,True
T,2019-12-03,False,97.79,0.001074883554281758,0.5085872942057638,0.5580099661947786,-9.063354901637233e-05,-0.038608941619829966,0.43333333333333335,0.0008692095306268577,1.0,1.0,False,False
T,2019-12-04,False,97.875,0.0008692095306268577,0.38804038474706054,0.4900020792367355,-0.02138725080702525,-1.9310135145467502,0.08333333333333333,0.00010217113665400568,1.0,1.0,False,False
T,2019-12-05,False,97.885,0.00010217113665400568,0.4961080946980486,0.5720716933713975,-0.012800833598377808,-0.20474656977792513,0.31666666666666665,-0.0017367318792460562,1.0,1.0,False,False
T,2019-12-06,False,97.715,-0.0017367318792460562,0.6284223447348412,0.6734203160578827,0.020939963138327577,1.8493009367873374,1.0,-0.0006140305991915174,0.0,1.0,True,True
T,2019-12-09,False,97.655,-0.0006140305991915174,0.5539686526606118,0.6459476350388851,0.03311446768974767,0.6312089397711421,0.7833333333333333,0.0017408222825252562,1.0,0.0,False,True
T,2019-12-10,False,97.825,0.0017408222825252562,0.4859279085346002,0.5379901081642481,0.025363560553764253,-0.44072203797129106,0.25,0.001022233580373122,1.0,1.0,False,True
T,2019-12-11,False,97.925,0.001022233580373122,0.5024028125814377,0.5352978928163264,-0.012990500043346277,-0.15638313711685664,0.38333333333333336,0.00030635690579527974,1.0,1.0,False,False
T,2019-12-12,False,97.955,0.00030635690579527974,0.5336048360706567,0.5710038100653707,-0.024120085740754305,0.3598577723249741,0.7,-0.001990710019907027,1.0,1.0,False,False
T,2019-12-13,False,97.76,-0.001990710019907027,0.4560787662033615,0.5355638310092895,-0.01481028453784441,-0.8909722042511762,0.11666666666666667,5.114566284780686e-05,1.0,1.0,False,False
T,2019-12-16,False,97.765,5.114566284780686e-05,0.5177906802724764,0.575219838862585,0.0017401497097676243,0.1487398821840602,0.6,-0.00240372321382909,1.0,1.0,False,True
T,2019-12-17,False,97.53,-0.00240372321382909,0.48302120412717797,0.5283240573389882,-0.0054577372706699715,-0.4292382343759784,0.26666666666666666,-0.0007689941556444646,1.0,1.0,False,False
T,2019-12-18,False,97.455,-0.0007689941556444646,0.5121285997892275,0.5425413426420608,-0.0016010034639041826,0.04613885078362782,0.48333333333333334,0.0010774203478529643,1.0,1.0,False,False
T,2019-12-19,False,97.56,0.0010774203478529643,0.49960133287914477,0.5523903882995146,0.00813830528683176,-0.14610801562948456,0.35,0.0034850348503485673,1.0,1.0,False,True
T,2019-12-20,False,97.9,0.0034850348503485673,0.5098927208106189,0.5515095158592549,7.842098282516697e-05,0.017674898172836014,0.48333333333333334,0.000868232890704812,1.0,1.0,False,True
T,2019-12-23,False,97.985,0.000868232890704812,0.566376354728162,0.6040492454274988,0.016447442222335927,0.9557771513108522,0.8666666666666667,0.0006123386232586014,0.0,1.0,True,True
T,2019-12-24,False,98.045,0.0006123386232586014,0.42998736801553133,0.4850887619821372,-0.009750744169837521,-1.2960750986924343,0.1,0.0008669488500177014,1.0,0.0,False,False
T,2019-12-25,False,98.13,0.0008669488500177014,0.4028300216106761,0.45029205088042173,-0.027344797533202486,-1.6752684425784594,0.1,0.0011719148068889407,1.0,1.0,False,False
T,2019-12-26,False,98.245,0.0011719148068889407,0.4917320751931684,0.5328249245554616,-0.019986762435238677,-0.19453059934011616,0.31666666666666665,-0.0005089317522520842,1.0,1.0,False,False
T,2019-12-27,False,98.195,-0.0005089317522520842,0.5892615274419016,0.6297026006358275,0.010751505260511645,1.4292812960123502,0.9333333333333333,5.091908956678104e-05,0.0,1.0,True,True
T,2019-12-30,False,98.2,5.091908956678104e-05,0.47485416494626215,0.5006119638522992,0.027616509969268715,-0.45000903113223195,0.21666666666666667,-0.0006619144602850735,1.0,0.0,False,True
T,2019-12-31,False,98.135,-0.0006619144602850735,0.4896784684034209,0.5542915176176645,0.01568189833385833,-0.20403070735171044,0.3,-0.0012228053192031574,1.0,1.0,False,True
T,2020-01-02,False,98.015,-0.0012228053192031574,0.6036256349145299,0.6287835812876804,0.012420406040424225,1.69981821767772,0.9666666666666667,-0.0004081008008979259,0.0,1.0,True,True
T,2020-01-03,False,97.975,-0.0004081008008979259,0.5507832782465587,0.604624584533622,0.005181497157758191,0.7976497646900187,0.85,0.002092370502679408,0.0,0.0,True,True
T,2020-01-06,False,98.18,0.002092370502679408,0.4176066102150236,0.4862032494950627,-0.005339029961933928,-1.3918904062667723,0.11666666666666667,-0.0017824404155634133,1.0,0.0,False,False
T,2020-01-07,False,98.005,-0.0017824404155634133,0.5031662975246609,0.546426555734961,-0.01590433664570263,0.006172045760788189,0.4666666666666667,0.0010713739094945218,1.0,1.0,False,False
T,2020-01-08,False,98.11,0.0010713739094945218,0.4837128338972388,0.5178249208315526,-0.028744258275648006,-0.31244752293900635,0.2833333333333333,0.0012231169095913152,1.0,1.0,False,False
T,2020-01-09,False,98.23,0.0012231169095913152,0.5795629445796644,0.6274532035025442,0.012366555634842657,1.236981086176143,0.9,0.0033594624860022737,0.0,1.0,True,True
T,2020-01-10,False,98.56,0.0033594624860022737,0.5178715019810674,0.5605745559711045,0.0276926430587091,0.21687809333310498,0.65,-0.0006087662337662669,1.0,0.0,False,True
T,2020-01-13,False,98.5,-0.0006087662337662669,0.5080976470052623,0.5612391569427815,0.004402136704503129,0.06465384496796867,0.48333333333333334,-0.0006091370558375386,1.0,1.0,False,True
T,2020-01-14,False,98.44,-0.0006091370558375386,0.5305044829139365,0.5952448242483936,0.002211800045899326,0.42839623212957245,0.7333333333333333,0.0008634701340919371,1.0,1.0,False,True
T,2020-01-15,False,98.525,0.0008634701340919371,0.5698471051260878,0.6327155501530333,-0.0006798697974284007,1.0928577954439513,0.9,-0.0007612281146917033,1.0,1.0,True,False
T,2020-01-16,False,98.45,-0.0007612281146917033,0.48992319654447536,0.6268924725182353,0.0005852847247641568,-0.21976273969011442,0.31666666666666665,0.0017267648552565795,1.0,1.0,False,True
T,2020-01-17,False,98.62,0.0017267648552565795,0.5940852036391377,0.681443801324384,0.013139382689828982,1.4696792991242957,0.95,0.0029912796592983515,0.0,1.0,True,True
T,2020-01-20,False,98.915,0.0029912796592983515,0.4988911896183606,0.5590184483721656,-0.0038988488078101845,-0.07882487086423126,0.38333333333333336,0.002527422534499335,1.0,0.0,False,False
T,2020-01-21,False,99.165,0.002527422534499335,0.6089262676339104,0.6553536729096027,0.008712631808953047,1.6540414483227859,0.9666666666666667,-0.000352947108354873,0.0,1.0,True,True
T,2020-01-22,False,99.13,-0.000352947108354873,0.5231271283870036,0.6499744761485523,0.008124892767982917,0.2809713422246896,0.6833333333333333,0.005649147583980607,1.0,0.0,False,True
T,2020-01-23,False,99.69,0.005649147583980607,0.44981854480768985,0.5511072631223947,-0.02642973788942528,-0.8590284640330557,0.15,0.012839803390510607,1.0,1.0,False,False
T,2020-02-03,False,100.97,0.012839803390510607,0.4618310579946469,0.6203551611484243,-0.023322798607364796,-0.6455129523809084,0.2,-0.0018322273942755762,1.0,1.0,False,False
T,2020-02-04,False,100.785,-0.0018322273942755762,0.3925441130313975,0.5329346807893638,-0.049406037959738254,-1.6775027701710277,0.08333333333333333,0.0007937689140249393,1.0,1.0,False,False
T,2020-02-05,False,100.865,0.0007937689140249393,0.46013167434643876,0.5081678238813477,-0.0183265339857422,-0.6193301412056705,0.21666666666666667,0.000446140881376067,1.0,1.0,False,False
T,2020-02-06,False,100.91,0.000446140881376067,0.514533219996562,0.5822752888651356,0.012772996672953613,0.22169531447184201,0.6,0.0026756515707067052,1.0,1.0,False,True
T,2020-02-07,False,101.18,0.0026756515707067052,0.5475071803362684,0.6095025342389451,0.029334135164840753,0.7225209354733508,0.8,-0.0009883376161297086,0.0,1.0,True,True
T,2020-02-10,False,101.08,-0.0009883376161297086,0.4674212476973392,0.542952000988657,0.02371297753217131,-0.5923428495176527,0.23333333333333334,-0.003462603878116255,1.0,0.0,False,True
T,2020-02-11,False,100.73,-0.003462603878116255,0.5224118095746851,0.5598068332368722,0.007744829815727,0.2943646213717182,0.7,-0.00014891293557028895,1.0,1.0,False,True
T,2020-02-12,False,100.715,-0.00014891293557028895,0.5134639871974418,0.5590903549614309,-0.002723383635982368,0.12761472456972378,0.5666666666666667,0.0015389961773319971,1.0,1.0,False,False
T,2020-02-13,False,100.87,0.0015389961773319971,0.5887553931420498,0.6179877775955326,0.012853916511166536,1.372617538861463,0.9,-0.004758600178447536,0.0,1.0,True,True
T,2020-02-14,False,100.39,-0.004758600178447536,0.5294762658687561,0.683779750826723,0.01904536199101984,0.3609943414202982,0.7166666666666667,,1.0,0.0,False,True
T,2020-02-17,True,99.745,,0.5423518182840111,0.5610286344621114,0.005589229608996627,0.6186393963466134,0.7666666666666667,0.003659331294801671,1.0,1.0,False,True
T,2020-02-18,False,100.11,0.003659331294801671,0.4733796683333545,0.5442718641179316,-0.012657221258621332,-0.5674301751900495,0.21666666666666667,-9.989012086708549e-05,1.0,1.0,False,False
T,2020-02-19,False,100.1,-9.989012086708549e-05,0.4547376233465405,0.4982686753256835,-0.032413213712642025,-0.9621885498173678,0.13333333333333333,-0.0021478521478520696,1.0,1.0,False,False
T,2020-02-20,False,99.885,-0.0021478521478520696,0.5302037860485038,0.5961099957195555,-0.008615915457797513,0.3809941069565883,0.7166666666666667,0.0034539720678781194,1.0,1.0,False,False
T,2020-02-21,False,100.23,0.0034539720678781194,0.48855633223222755,0.5771925867287899,-0.005076685438841782,-0.4129173774563885,0.3,0.002394492666866199,1.0,1.0,False,False
T,2020-02-24,False,100.47,0.002394492666866199,0.43113755522157804,0.46685437289923526,-0.005066551733786584,-1.4641099442507515,0.1,-0.0001990643973325268,1.0,1.0,False,False
T,2020-02-25,False,100.45,-0.0001990643973325268,0.5288647158138798,0.5740186148356882,0.00491879541077529,0.4211273060228072,0.7166666666666667,-0.0001493280238924477,1.0,1.0,False,True
T,2020-02-26,False,100.435,-0.0001493280238924477,0.4607630781309039,0.5054575627385389,-0.009857303225354757,-0.8734742996125755,0.18333333333333332,0.0018917707970329545,1.0,1.0,False,False
T,2020-02-27,False,100.625,0.0018917707970329545,0.4692324277716926,0.5077700849821034,-0.000902228601174404,-0.7053125020115485,0.23333333333333334,0.004819875776397531,1.0,1.0,False,False
T,2020-02-28,False,101.11,0.004819875776397531,0.4803613710047992,0.5271265614454319,0.0038815343524255088,-0.47920377791417523,0.2833333333333333,-0.0017802393432894137,1.0,1.0,False,True
T,2020-03-02,False,100.93,-0.0017802393432894137,0.4932099657118304,0.5197387952468855,-0.005171120733020357,-0.2301987869705886,0.4166666666666667,-0.0013375606856237399,1.0,1.0,False,False
T,2020-03-03,False,100.795,-0.0013375606856237399,0.4048361583028301,0.44885466736097207,-0.00878763017160098,-1.8387782038369533,0.06666666666666667,0.004216478992013384,1.0,1.0,False,False
T,2020-03-04,False,101.22,0.004216478992013384,0.4412148525621982,0.47361046316719163,-0.013156036312095786,-1.1267570269261422,0.13333333333333333,-0.0005433708753209698,1.0,1.0,False,False
T,2020-03-05,False,101.165,-0.0005433708753209698,0.42356940766177575,0.4632724655605601,-0.016557903983567906,-1.4012153239775493,0.1,0.0031137251025552537,1.0,1.0,False,False
T,2020-03-06,False,101.48,0.0031137251025552537,0.5017486140323214,0.5400909805512122,0.0035810545999927666,-0.022078261840364627,0.5166666666666667,0.004483642096964946,1.0,1.0,False,True
T,2020-03-09,False,101.935,0.004483642096964946,0.4142512891891409,0.5523541635098534,0.007936402324274477,-1.6030102851393342,0.06666666666666667,-0.0072104772649237425,1.0,1.0,False,True
T,2020-03-10,False,101.2,-0.0072104772649237425,0.45883180535223156,0.5757632861313081,0.002591578710743181,-0.7655695154705278,0.21666666666666667,0.003260869565217428,1.0,1.0,False,True
T,2020-03-11,False,101.53,0.003260869565217428,0.4771198289491722,0.5469818858283153,0.006418403389470306,-0.39342055735749426,0.35,-0.0021176007091500137,1.0,1.0,False,True
T,2020-03-12,False,101.315,-0.0021176007091500137,0.5179348644611109,0.5866000391381216,0.009524104061761036,0.38565587845980664,0.7,-0.0031584661698661476,1.0,1.0,False,True
T,2020-03-13,False,100.995,-0.0031584661698661476,0.6738969827543976,0.7305294831026075,0.05783944462393927,3.063243071326111,1.0,0.0006931036189909978,0.0,1.0,True,True
T,2020-03-16,False,101.065,0.0006931036189909978,0.461297140970496,0.5985170518780044,0.02017078250417543,-0.6779773033185856,0.26666666666666666,-0.004403106911393562,1.0,0.0,False,True
T,2020-03-17,False,100.62,-0.004403106911393562,0.4948438019730856,0.5330721604374025,-0.002118977744278816,-0.09670773345857434,0.5,0.004025044722719251,1.0,1.0,False,False
T,2020-03-18,False,101.025,0.004025044722719251,0.5321457741031907,0.5703496084989663,-0.015063136149715235,0.5609119596272125,0.8,-0.0037119524870081744,1.0,1.0,True,False
T,2020-03-19,False,100.65,-0.0037119524870081744,0.5249763794271896,0.5606422018934932,-0.022699257352172132,0.42103957365271094,0.7166666666666667,0.0017386984600098465,1.0,1.0,False,False
T,2020-03-20,False,100.825,0.0017386984600098465,0.5426624005245938,0.5771687306379134,0.019286309656229954,0.7224849651813653,0.8166666666666667,0.005008678403173761,0.0,1.0,True,True
T,2020-03-23,False,101.33,0.005008678403173761,0.45200882328427316,0.5080634517040077,-0.0075153330956221785,-0.8582306081334549,0.18333333333333332,0.0004440935557090686,1.0,0.0,False,False
T,2020-03-24,False,101.375,0.0004440935557090686,0.48942705774128037,0.5825948913619974,-0.015840498886673715,-0.19592030453505938,0.43333333333333335,0.0019235511713933118,1.0,1.0,False,False
T,2020-03-25,False,101.57,0.0019235511713933118,0.5250457491028583,0.5856740470178461,-0.005309660343197598,0.44520938597752524,0.7166666666666667,0.0019690853598504088,1.0,1.0,False,False
T,2020-03-26,False,101.77,0.0019690853598504088,0.4761396962711393,0.5424735532738534,-0.006000848268832393,-0.4397631697399625,0.35,-0.002161737250663265,1.0,1.0,False,False
T,2020-03-27,False,101.55,-0.002161737250663265,0.46831221914128773,0.5368313493701502,0.0019319430243888048,-0.6141408796359381,0.2833333333333333,0.0006400787789266893,1.0,1.0,False,True
T,2020-03-30,False,101.615,0.0006400787789266893,0.5841977623027091,0.6363034823829704,0.0132807879161287,1.4577009573933115,0.9,0.0030507306992078043,0.0,1.0,True,True
T,2020-03-31,False,101.925,0.0030507306992078043,0.454119066994002,0.5233012645634421,-0.0033795298186142684,-0.8584787919289759,0.16666666666666666,0.0020112828059848376,1.0,0.0,False,False
T,2020-04-01,False,102.13,0.0020112828059848376,0.5088842165029334,0.5369835718839093,0.005129588831630244,0.13298610096565414,0.5833333333333334,-0.002545774992656291,1.0,1.0,False,True
T,2020-04-02,False,101.87,-0.002545774992656291,0.5627059983128307,0.6031229773296176,0.011347401254331025,1.0860721083071425,0.8666666666666667,-0.003632080102090929,0.0,1.0,True,True
T,2020-04-03,False,101.5,-0.003632080102090929,0.5354028960172011,0.5731952597807592,0.0010997198747812742,0.6276223545268101,0.8,0.007931034482758781,0.0,0.0,True,True
T,2020-04-07,False,102.305,0.007931034482758781,0.5372166665575779,0.5898857211881035,0.019271387864141964,0.6678795568671357,0.8166666666666667,0.0036166365280287938,0.0,0.0,True,True
T,2020-04-08,False,102.675,0.0036166365280287938,0.48323232961642926,0.5507615906779689,-0.007679310552826102,-0.36894553598650176,0.38333333333333336,-0.002873143413683943,1.0,0.0,False,False
T,2020-04-09,False,102.38,-0.002873143413683943,0.5149210533547729,0.5423864652552898,-0.01477404563168876,0.23168296855785045,0.6,-0.0018069935534283932,1.0,1.0,False,False
T,2020-04-10,False,102.195,-0.0018069935534283932,0.5107473887996302,0.5362974297507366,-0.00716066276379469,0.14365282742685553,0.55,0.00034248250892909837,1.0,1.0,False,False
T,2020-04-13,False,102.23,0.00034248250892909837,0.5013963432607259,0.5499909498353593,-0.00441255874105031,-0.010134318523638936,0.5,-0.00014672796635040175,1.0,1.0,False,False
T,2020-04-14,False,102.215,-0.00014672796635040175,0.49311780578764297,0.538840152560413,0.0006246242248380441,-0.1631773081692802,0.45,0.0021034094800176373,1.0,1.0,False,True
T,2020-04-15,False,102.43,0.0021034094800176373,0.5406775124170234,0.5656254017150943,0.0033883335112513844,0.7480317330853952,0.8333333333333334,0.0015620423703992525,0.0,1.0,True,True
T,2020-04-16,False,102.59,0.0015620423703992525,0.4380608175277882,0.5048624022349762,-0.010609197338738652,-1.1973322503396955,0.1,-0.0027293108490106244,1.0,0.0,False,False
T,2020-04-17,False,102.31,-0.0027293108490106244,0.5544382659994532,0.5817572042133757,0.005102685721759986,1.0452001870921996,0.9,-0.001808229889551427,0.0,1.0,True,True
T,2020-04-20,False,102.125,-0.001808229889551427,0.5307864979997132,0.609330314212176,0.00890981380065703,0.574413861042086,0.7666666666666667,0.0005385556915544765,1.0,0.0,False,True
T,2020-04-21,False,102.18,0.0005385556915544765,0.5455476721558372,0.6008761822935773,0.010246599994955257,0.8930323986469058,0.8833333333333333,0.0025934625171264436,0.0,1.0,True,True
T,2020-04-22,False,102.445,0.0025934625171264436,0.5781410219040789,0.6268550369428929,0.02712698149089654,1.4791360927977941,0.9333333333333333,0.006247254624432541,0.0,0.0,True,True
T,2020-04-23,False,103.085,0.006247254624432541,0.568258927875622,0.6499918950906596,0.007499584765670331,1.331842001873003,0.9333333333333333,0.0022311684532183573,0.0,0.0,True,True
T,2020-04-24,False,103.315,0.0022311684532183573,0.4605584899877188,0.5935722185032006,-0.0117744760304204,-0.770159128496716,0.23333333333333334,-0.002032618690412713,1.0,0.0,False,False
T,2020-04-27,False,103.105,-0.002032618690412713,0.42936126564070654,0.46676261409727643,-0.034995534494662146,-1.3660036906555875,0.08333333333333333,0.0015033218563600403,1.0,1.0,False,False
T,2020-04-28,False,103.26,0.0015033218563600403,0.42940475187921495,0.4951329381180149,-0.04363702022846434,-1.3397047879247397,0.1,0.0020337013364322143,1.0,1.0,False,False
T,2020-04-29,False,103.47,0.0020337013364322143,0.5219683431224076,0.5649564171052488,-0.012373490761493277,0.4194690584738181,0.6333333333333333,-0.005122257659224916,1.0,1.0,False,False
T,2020-04-30,False,102.94,-0.005122257659224916,0.5124379872215004,0.5724614335306449,0.019636607194926416,0.21253646009701313,0.55,-0.0029628910044685597,1.0,1.0,False,True
T,2020-05-06,False,102.635,-0.0029628910044685597,0.48187564266310245,0.5237814745962754,0.018806198938707726,-0.3908828501502336,0.38333333333333336,-0.00516393043308816,1.0,1.0,False,True
T,2020-05-07,False,102.105,-0.00516393043308816,0.5559131987782691,0.5892905268240272,0.02129241933388031,1.0910437792313936,0.9,0.0003427843886194548,0.0,1.0,True,True
T,2020-05-08,False,102.14,0.0003427843886194548,0.5401203237699016,0.5850241923656744,0.007977917285175672,0.7496673691685142,0.8,-0.004944194243195588,0.0,0.0,True,True
T,2020-05-11,False,101.635,-0.004944194243195588,0.5494921876528056,0.5957159280654775,0.013235308196940965,0.9226782451470044,0.8666666666666667,0.0025581738574309565,0.0,0.0,True,True
T,2020-05-12,False,101.895,0.0025581738574309565,0.4659560795934265,0.5143318050713397,-0.0038260137264815365,-0.7210365364932013,0.26666666666666666,-0.0023553658177535297,1.0,0.0,False,False
T,2020-05-13,False,101.655,-0.0023553658177535297,0.5121475781514494,0.6136886457157031,-0.01616954854301144,0.22541211329683689,0.5666666666666667,0.00039348777728576145,1.0,1.0,False,False
T,2020-05-14,False,101.695,0.00039348777728576145,0.6216184024235948,0.6874507133880455,0.012565154780603017,2.312295781582652,0.9833333333333333,,0.0,1.0,True,True
T,2020-05-15,True,101.12,,0.48373885900267405,0.5124332683617128,0.0024155665529905167,-0.34880319382423614,0.4166666666666667,-0.005043512658227889,1.0,0.0,False,True
T,2020-05-18,False,100.61,-0.005043512658227889,0.5034968943057614,0.5394930788020242,0.004667291027589443,0.026906790387812993,0.5333333333333333,0.000894543285955729,1.0,1.0,False,True
T,2020-05-19,False,100.7,0.000894543285955729,0.5255672161596333,0.5660243967232785,-0.009128223210146558,0.4380180577223314,0.6833333333333333,0.0022840119165838946,1.0,1.0,False,False
T,2020-05-20,False,100.93,0.0022840119165838946,0.4612410723058319,0.49523216608319326,-0.02789263030785665,-0.8022874711949592,0.23333333333333334,0.0010898642623600185,1.0,1.0,False,False
T,2020-05-21,False,101.04,0.0010898642623600185,0.5173124911952202,0.5628578970346452,0.0024891442385162723,0.2878698076290132,0.6166666666666667,0.006779493269992054,1.0,1.0,False,True
T,2020-05-22,False,101.725,0.006779493269992054,0.5107975620529943,0.5898691046686407,0.0006346610530052699,0.13639727947599053,0.55,-0.005013516834603049,1.0,1.0,False,True
T,2020-05-25,False,101.215,-0.005013516834603049,0.5009877839906579,0.5339794219119365,3.976254092116216e-05,-0.05010734767117265,0.4666666666666667,-0.004149582571753241,1.0,1.0,False,True
T,2020-05-26,False,100.795,-0.004149582571753241,0.5158611719238376,0.5681735908966488,0.009291549203144922,0.23017651755280313,0.6166666666666667,0.001289746515203971,1.0,1.0,False,True
T,2020-05-27,False,100.925,0.001289746515203971,0.46020191741028227,0.5787327311586657,-0.010915753769903247,-0.8837102785519287,0.18333333333333332,0.0025266286846670205,1.0,1.0,False,False
T,2020-05-28,False,101.18,0.0025266286846670205,0.5374246351146879,0.5973473883592398,0.001246827954301144,0.6450089116157308,0.7833333333333333,-0.0019272583514529096,1.0,1.0,False,True
T,2020-05-29,False,100.985,-0.0019272583514529096,0.4885220259349715,0.5181765961776738,-0.0003368052920522557,-0.3325202300348008,0.36666666666666664,-0.0017824429370697503,1.0,1.0,False,False
T,2020-06-01,False,100.805,-0.0017824429370697503,0.5274489622043187,0.5743531094693237,0.005149568908565138,0.41994195230380443,0.7,-0.005009672139278942,1.0,1.0,False,True
T,2020-06-02,False,100.3,-0.005009672139278942,0.5446141952595422,0.5743067553092842,0.01588488827881508,0.7484217548110733,0.8333333333333334,0.0007477567298106447,0.0,1.0,True,True
T,2020-06-03,False,100.375,0.0007477567298106447,0.5463028941257426,0.5841951240660127,0.007384868734668026,0.7584616495854475,0.85,-0.0026899128268991213,0.0,0.0,True,True
T,2020-06-04,False,100.105,-0.0026899128268991213,0.5230761393809936,0.5618022555626259,0.008796215881346815,0.25250616496999634,0.6,-0.0025972728634934272,1.0,0.0,False,True
T,2020-06-05,False,99.845,-0.0025972728634934272,0.5606624304918782,0.5991033542677849,0.004488888069657049,1.0364164344888358,0.9,0.0033051229405578475,0.0,1.0,True,True
T,2020-06-08,False,100.175,0.0033051229405578475,0.50538600247582,0.5953706206786958,-0.006409684920130887,-0.2042846905558567,0.4,-0.001247816321437445,1.0,0.0,False,False
T,2020-06-09,False,100.05,-0.001247816321437445,0.5160628582682644,0.5831214292586631,-0.007817020862013014,0.020128563724972424,0.5166666666666667,0.0007496251874063997,1.0,1.0,False,False
T,2020-06-10,False,100.125,0.0007496251874063997,0.5412966073170525,0.5735869388471841,-0.0008158636351496051,0.5775537609958137,0.7666666666666667,0.0031460674157304247,1.0,1.0,False,False
T,2020-06-11,False,100.44,0.0031460674157304247,0.5195423847616886,0.5414434946644006,-0.004632948661914682,0.1663033592352989,0.55,0.0021405814416568525,1.0,1.0,False,False
T,2020-06-12,False,100.655,0.0021405814416568525,0.4771102825350633,0.5053697919324454,-0.005307191338808914,-0.9235560253723706,0.2,0.0012915404103124306,1.0,1.0,False,False
T,2020-06-15,False,100.785,0.0012915404103124306,0.5100489414077635,0.5422017507840233,-0.007621415850299101,-0.08841274723122848,0.4,-0.0062013196408196025,1.0,1.0,False,False
T,2020-06-16,False,100.16,-0.0062013196408196025,0.40146999845057574,0.5634089668329656,-0.02891466610868787,-2.6430530954334315,0.016666666666666666,-0.0009484824281149606,1.0,1.0,False,False
T,2020-06-17,False,100.065,-0.0009484824281149606,0.4305884323701256,0.5436665766445983,-0.02535481888676135,-1.8493533692594248,0.06666666666666667,0.0012991555488932605,1.0,1.0,False,False
T,2020-06-18,False,100.195,0.0012991555488932605,0.4635271513375649,0.5354810295306243,-0.010662677143263471,-1.0444705637755785,0.18333333333333332,0.00024951344877499615,1.0,1.0,False,False
T,2020-06-19,False,100.22,0.00024951344877499615,0.48579456903727647,0.6260317381493671,0.0013548408146015155,-0.5464190819400304,0.3,-0.0026940730393134604,1.0,1.0,False,True
T,2020-06-22,False,99.95,-0.0026940730393134604,0.5602185962804223,0.6206678927841226,0.03727033323268439,1.166843331109254,0.9,-0.00040020010005004103,0.0,1.0,True,True
T,2020-06-23,False,99.91,-0.00040020010005004103,0.5652751648674001,0.6082997472884946,0.036606490993740644,1.2531177619888045,0.9333333333333333,0.0023521169052147517,0.0,0.0,True,True
T,2020-06-24,False,100.145,0.0023521169052147517,0.4763962066618545,0.5778264411844223,0.010521870647870291,-0.7932808760035762,0.21666666666666667,0.0004493484447551932,1.0,0.0,False,True
T,2020-06-29,False,100.19,0.0004493484447551932,0.5289789811285046,0.5689041306042087,0.00025464345638885334,0.3968939823526061,0.65,0.0012476295039425267,1.0,1.0,False,True
T,2020-06-30,False,100.315,0.0012476295039425267,0.5661962222568513,0.6030258850871276,-0.002434093178603747,1.2801612312995065,0.95,-0.0006479589293724164,1.0,1.0,True,False
T,2020-07-01,False,100.25,-0.0006479589293724164,0.5737574732907654,0.6086692700686275,0.010676463244172735,1.4084456768149396,0.9666666666666667,0.00024937655860357566,0.0,1.0,True,True
T,2020-07-02,False,100.275,0.00024937655860357566,0.5450859052767051,0.563179501164762,0.018215788939196197,0.7203859979468212,0.7666666666666667,-0.0030914983794565476,1.0,0.0,False,True
T,2020-07-03,False,99.965,-0.0030914983794565476,0.49625695595845526,0.5261351279111028,-0.00865543673202449,-0.39502437014615044,0.31666666666666665,-0.010303606262191733,1.0,1.0,False,False
T,2020-07-06,False,98.935,-0.010303606262191733,0.6113076867089497,0.6493279823035388,0.001272241157188675,2.1903004713439103,0.9833333333333333,0.0003537676252083344,0.0,1.0,True,True
T,2020-07-07,False,98.97,0.0003537676252083344,0.5005859992243401,0.5496698979103962,-0.008012116670060599,-0.2967258728409367,0.3333333333333333,-0.004395271294331593,1.0,0.0,False,False
T,2020-07-08,False,98.535,-0.004395271294331593,0.48334312816989383,0.5682870862983179,-0.011915651094773766,-0.6867762010038364,0.23333333333333334,-0.0010148678134672684,1.0,1.0,False,False
T,2020-07-09,False,98.435,-0.0010148678134672684,0.5511665984357675,0.5954751689258235,-0.0018145273584431354,0.8286517944759194,0.8166666666666667,0.0013714634022450323,1.0,1.0,True,False
T,2020-07-10,False,98.57,0.0013714634022450323,0.5297684446756714,0.6202452672276592,-0.011249788485512923,0.3400886303991597,0.6333333333333333,-0.0019275641675966515,1.0,1.0,False,False
T,2020-07-13,False,98.38,-0.0019275641675966515,0.5536596076955239,0.5743843483273104,0.015257253344814519,0.8524478746144262,0.8166666666666667,0.002439520227688563,0.0,1.0,True,True
T,2020-07-14,False,98.62,0.002439520227688563,0.4725184747611347,0.5256870292463827,-0.0019156297557761937,-0.947116867777565,0.18333333333333332,0.004106672074629891,1.0,0.0,False,False
T,2020-07-15,False,99.025,0.004106672074629891,0.548712185015309,0.6001656521056933,-0.006215879675545372,0.7409479636684086,0.7666666666666667,0.002474122696288772,1.0,1.0,False,False
T,2020-07-16,False,99.27,0.002474122696288772,0.5288480464157128,0.5986749075193301,-0.0006788219200132062,0.2738641075658069,0.5833333333333334,-0.0008562506295959338,1.0,1.0,False,False
T,2020-07-17,False,99.185,-0.0008562506295959338,0.5017755402763197,0.5324359558447809,-0.004743856318383038,-0.32348030287969237,0.35,0.0006049301809749608,1.0,1.0,False,False
T,2020-07-20,False,99.245,0.0006049301809749608,0.5049117675901874,0.5513658724915899,0.001784994091911607,-0.24204284014060956,0.38333333333333336,0.0014106504105999562,1.0,1.0,False,True
T,2020-07-21,False,99.385,0.0014106504105999562,0.462597771726476,0.5381839856084285,-0.019616510540319154,-1.1690489961664037,0.13333333333333333,0.003873824017708749,1.0,1.0,False,False
T,2020-07-22,False,99.77,0.003873824017708749,0.567950533636774,0.6244955829152228,0.0039027205892278594,1.2321529193048377,0.9333333333333333,-0.001152651097524271,0.0,1.0,True,True
T,2020-07-23,False,99.655,-0.001152651097524271,0.5873430448125873,0.6190977377888561,0.023417377511912175,1.6497184998751988,0.9666666666666667,0.0033114244142291582,0.0,0.0,True,True
T,2020-07-24,False,99.985,0.0033114244142291582,0.4752660757614632,0.5382326025370422,0.006545388942866282,-0.8910215360649499,0.18333333333333332,-0.0013001950292543807,1.0,0.0,False,True
T,2020-07-27,False,99.855,-0.0013001950292543807,0.5688772083089908,0.606114602343983,0.011987441528971887,1.2064551901912801,0.9333333333333333,-0.0035551549747133704,0.0,1.0,True,True
T,2020-07-28,False,99.5,-0.0035551549747133704,0.46753262841611354,0.5071725232323543,-0.021930164694491727,-1.1860869417591307,0.13333333333333333,-0.002663316582914632,1.0,0.0,False,False
T,2020-07-29,False,99.235,-0.002663316582914632,0.5131892199592045,0.5665439396628065,-0.01560410970521151,-0.09810799720763153,0.48333333333333334,-0.0007557817302363823,1.0,1.0,False,False
T,2020-07-30,False,99.16,-0.0007557817302363823,0.4949932169003689,0.5340194255367771,-0.001623370607197483,-0.5222562601043312,0.3,-0.0032271077047195673,1.0,1.0,False,False
T,2020-07-31,False,98.84,-0.0032271077047195673,0.578238184425883,0.6016070965978316,0.004618254071803984,1.397064001742943,0.95,0.002326993120194132,0.0,1.0,True,True
T,2020-08-03,False,99.07,0.002326993120194132,0.4826733657501625,0.541014246068316,0.009533043913477646,-0.8150027042264032,0.21666666666666667,0.001211264762289277,1.0,0.0,False,True
T,2020-08-04,False,99.19,0.001211264762289277,0.48428908180820235,0.545414367031342,-0.007012012745221075,-0.7534098278320143,0.26666666666666666,-0.0020163322915617288,1.0,1.0,False,False
T,2020-08-05,False,98.99,-0.0020163322915617288,0.5359970251637349,0.5957915851583556,-0.0011941486090948639,0.4634496216381972,0.6833333333333333,-0.0010102030508131188,1.0,1.0,False,False
T,2020-08-06,False,98.89,-0.0010102030508131188,0.5131381726833681,0.6146780164520093,-0.007687636407145737,-0.09284597103117861,0.48333333333333334,-0.0009606633633330031,1.0,1.0,False,False
T,2020-08-07,False,98.795,-0.0009606633633330031,0.5335342779893187,0.61601914979676,0.013057091535347825,0.38296160711076876,0.6666666666666666,0.004757325775595955,1.0,1.0,False,True
T,2020-08-10,False,99.265,0.004757325775595955,0.5385030452738608,0.6222688862691493,0.010596517975690079,0.562848524052082,0.7166666666666667,-0.0007051830957538474,1.0,1.0,False,True
T,2020-08-11,False,99.195,-0.0007051830957538474,0.5302256922425413,0.623478020304189,0.0013822206748105525,0.3378478247005845,0.65,0.0010585210948133028,1.0,1.0,False,True
T,2020-08-12,False,99.3,0.0010585210948133028,0.5906160634856298,0.6323709118878109,0.015164719585774589,1.7717734269925678,0.9833333333333333,0.0003021148036252974,0.0,1.0,True,True
T,2020-08-13,False,99.33,0.0003021148036252974,0.47603544626777755,0.5568549783760481,-0.006288464523131343,-1.004505155548765,0.16666666666666666,0.0017114668277458112,1.0,0.0,False,False
T,2020-08-14,False,99.5,0.0017114668277458112,0.4535627957416946,0.4822470661359707,-0.022407074503909625,-1.5398370348898256,0.05,0.000603015075376856,1.0,1.0,False,False
T,2020-08-17,False,99.56,0.000603015075376856,0.4264252434734978,0.46861929679918296,-0.034465416528202224,-2.0771361882232378,0.03333333333333333,-0.0019586179188429975,1.0,1.0,False,False
T,2020-08-18,False,99.365,-0.0019586179188429975,0.4985481024589072,0.5256004512748925,-0.023374612484772496,-0.39523749858933543,0.35,-0.0031198107985708212,1.0,1.0,False,False
T,2020-08-19,False,99.055,-0.0031198107985708212,0.5469114874632592,0.5839899456563836,0.018673738910817594,0.7075560214929744,0.7666666666666667,,1.0,1.0,False,True
T,2020-08-21,True,98.38,,0.476293792894435,0.4899781025349829,0.016594823829524225,-0.9049071134768568,0.2,-0.0009656434234600608,1.0,1.0,False,True
T,2020-08-24,False,98.285,-0.0009656434234600608,0.502417061705241,0.5419814540304113,0.012972932689901429,-0.3251233468632111,0.4,-0.003561072391514375,1.0,1.0,False,True
T,2020-08-25,False,97.935,-0.003561072391514375,0.5342078089017217,0.5597530851290362,0.0026824987127610834,0.41660395578366777,0.65,-0.0011231939551743508,1.0,1.0,False,True
T,2020-08-27,False,97.825,-0.0011231939551743508,0.4046621693155492,0.5179165968757512,-0.022658462028813338,-2.4422197445153793,0.03333333333333333,-0.0003066700741118922,1.0,1.0,False,False
T,2020-08-28,False,97.795,-0.0003066700741118922,0.4891105824447389,0.5638794976127994,-0.007212131328908411,-0.5565546786963156,0.31666666666666665,0.002556367912470048,1.0,1.0,False,False
T,2020-08-31,False,98.045,0.002556367912470048,0.5381347937284638,0.5814122152532023,0.00263382375894628,0.5302251620183872,0.6833333333333333,-0.0007649548676628148,1.0,1.0,False,True
T,2020-09-01,False,97.97,-0.0007649548676628148,0.5542119473266988,0.6287657737090714,0.017348090126286873,0.8811099914888401,0.8166666666666667,-0.002806981729100766,0.0,1.0,True,True
T,2020-09-02,False,97.695,-0.002806981729100766,0.48284593223291233,0.5415640916225519,0.02214688907166861,-0.6776415605170634,0.26666666666666666,0.001535390756947752,1.0,0.0,False,True
T,2020-09-03,False,97.845,0.001535390756947752,0.5038848588295137,0.543292905459307,-0.00257403087260018,-0.19564132314552768,0.45,-0.0015841381777300656,1.0,1.0,False,False
T,2020-09-04,False,97.69,-0.0015841381777300656,0.4632121036454894,0.5045446069741526,-0.020017246866313388,-1.0725010508822832,0.11666666666666667,-0.0010236462278635505,1.0,1.0,False,False
T,2020-09-07,False,97.59,-0.0010236462278635505,0.46225555088095915,0.5297783059980208,-0.020354662147890213,-1.0633723877208154,0.1,0.003176554974894996,1.0,1.0,False,False
T,2020-09-08,False,97.9,0.003176554974894996,0.5474353077650281,0.5829656324111306,0.008754944311567703,0.7876345364924032,0.7666666666666667,0.0037793667007148812,1.0,1.0,False,True
T,2020-09-09,False,98.27,0.0037793667007148812,0.5114306898656832,0.5456055589275349,0.009931486619187763,0.007968155964409371,0.5333333333333333,0.0007123231912080641,1.0,1.0,False,True
T,2020-09-10,False,98.34,0.0007123231912080641,0.5079597883904786,0.5604581322333048,0.013867050847470242,-0.0790447325976548,0.5,-0.004881025015253226,1.0,1.0,False,True
T,2020-09-11,False,97.86,-0.004881025015253226,0.48421584451428346,0.5182634779516643,0.0004445067892099086,-0.586564030322121,0.31666666666666665,-0.0016349887594522272,1.0,1.0,False,True
T,2020-09-14,False,97.7,-0.0016349887594522272,0.5584602221855242,0.577097920956871,-0.0005165016510407683,1.016009574968648,0.8333333333333334,0.0034288638689865536,1.0,1.0,True,False
T,2020-09-15,False,98.035,0.0034288638689865536,0.5247949630915296,0.5563627299647678,0.007722898024673841,0.22190716041445074,0.55,-0.000816035089508782,1.0,1.0,False,True
T,2020-09-16,False,97.955,-0.000816035089508782,0.49367157214189983,0.5325419776422549,0.0012002686080088587,-0.5254018462448533,0.3333333333333333,-0.0007146138532999613,1.0,1.0,False,True
T,2020-09-17,False,97.885,-0.0007146138532999613,0.548406032052386,0.5882833863823506,0.006359172503258082,0.7469491161914287,0.75,-0.00020432139755843792,1.0,1.0,False,True
T,2020-09-18,False,97.865,-0.00020432139755843792,0.5173289463260339,0.5624823345263726,-0.005865148275812415,0.02781891022958713,0.5333333333333333,0.003985081489807474,1.0,1.0,False,False
T,2020-09-21,False,98.255,0.003985081489807474,0.48592580171325334,0.5435195714429343,-0.005408094857241852,-0.6968855642138928,0.3,0.002951503740267647,1.0,1.0,False,False
T,2020-09-22,False,98.545,0.002951503740267647,0.5359716271425434,0.5801632946573986,0.002211987966215451,0.48788207183411547,0.6666666666666666,-0.001319194276726332,1.0,1.0,False,True
T,2020-09-23,False,98.415,-0.001319194276726332,0.5001177568495903,0.5388904620475939,-0.0077933869589082,-0.3690824299491836,0.38333333333333336,-0.0007112736879540948,1.0,1.0,False,False
T,2020-09-24,False,98.345,-0.0007112736879540948,0.54571840970229,0.5876318535932125,0.00709708818888492,0.7499985486675717,0.75,-0.0024912298540851197,1.0,1.0,False,True
T,2020-09-25,False,98.1,-0.0024912298540851197,0.5131399492550904,0.5667326784972532,0.006417507764342079,-0.021474155945141894,0.5333333333333333,0.0017838939857288683,1.0,1.0,False,True
T,2020-09-28,False,98.275,0.0017838939857288683,0.44231999507984104,0.5119287970346315,-0.01742810717199046,-1.7049113508480773,0.05,-0.0023403714067667947,1.0,1.0,False,False
T,2020-09-29,False,98.045,-0.0023403714067667947,0.5458203165779983,0.5760770128562793,-0.00119932951656328,0.7935690690440285,0.7666666666666667,-0.0027538375235860446,1.0,1.0,False,False
T,2020-09-30,False,97.775,-0.0027538375235860446,0.5951191475221562,0.6437310045054381,0.013148184296264031,2.0261291758192623,1.0,-0.0032728202505754034,0.0,1.0,True,True
T,2020-10-09,False,97.455,-0.0032728202505754034,0.5002540091817672,0.5940659705007029,0.012702727229566873,-0.30997564528453214,0.4,0.0017443948489046512,1.0,0.0,False,True
T,2020-10-12,False,97.625,0.0017443948489046512,0.506990352719035,0.5767083793033554,0.008377440788215684,-0.15446408266709416,0.4666666666666667,-0.0009218950064020515,1.0,1.0,False,True
T,2020-10-13,False,97.535,-0.0009218950064020515,0.5442216387906348,0.5710615028977261,-0.009132615037784831,0.7711870832723886,0.75,-0.00010252729789295145,1.0,1.0,False,False
T,2020-10-14,False,97.525,-0.00010252729789295145,0.5236008803333765,0.6065461757280803,-0.00990689047686919,0.26266486234672903,0.5833333333333334,-0.00174314278390153,1.0,1.0,False,False
T,2020-10-15,False,97.355,-0.00174314278390153,0.5296684626960693,0.6255085824750598,0.007543943464294556,0.4262590337784585,0.6333333333333333,0.0014380360536181414,1.0,1.0,False,True
T,2020-10-16,False,97.495,0.0014380360536181414,0.4881369529963849,0.5583838774157103,-0.005225997553986584,-0.6218148459437741,0.2833333333333333,0.003282219601005165,1.0,1.0,False,False
T,2020-10-19,False,97.815,0.003282219601005165,0.5687063264669955,0.6122609370845107,0.001350544801572978,1.3813691213953025,0.9166666666666666,0.0006134028523232526,0.0,1.0,True,True
T,2020-10-20,False,97.875,0.0006134028523232526,0.5137898295256572,0.5637862585486719,0.001941576215548768,0.020692395695376797,0.5666666666666667,-0.0005619412515964761,1.0,0.0,False,True
T,2020-10-21,False,97.82,-0.0005619412515964761,0.5276545763898098,0.5710107058436678,0.0021625103916753487,0.35535696832354086,0.6166666666666667,0.0031690860764670425,1.0,1.0,False,True
T,2020-10-22,False,98.13,0.0031690860764670425,0.5210889344938966,0.5975622431408275,0.002485221291783779,0.18508348831957247,0.5666666666666667,-0.0016814429837969103,1.0,1.0,False,True
T,2020-10-23,False,97.965,-0.0016814429837969103,0.5373405206871503,0.5741816051617422,-0.005543250659145094,0.5653658831948905,0.7166666666666667,0.0002551931812380115,1.0,1.0,False,False
T,2020-10-26,False,97.99,0.0002551931812380115,0.4905646651419655,0.5188798307592322,-0.003676438447004293,-0.5883248193127838,0.3,0.002296152668639806,1.0,1.0,False,False
T,2020-10-27,False,98.215,0.002296152668639806,0.5581860117985298,0.599964239782048,0.0030538601465508798,1.1725327063834678,0.9,-0.0007636308099577827,0.0,1.0,True,True
T,2020-10-28,False,98.14,-0.0007636308099577827,0.47852073477842555,0.519117261386359,-0.006429090831956264,-0.9033289781080713,0.16666666666666666,-0.001120847768493971,1.0,0.0,False,False
T,2020-10-29,False,98.03,-0.001120847768493971,0.4733770031190232,0.5235905809627808,-0.01399709654997942,-1.0055998468108107,0.13333333333333333,0.0005610527389574571,1.0,1.0,False,False
T,2020-10-30,False,98.085,0.0005610527389574571,0.5328546375096069,0.5811457318006106,-2.2906394422372856e-05,0.5357456295169759,0.6666666666666666,0.002191976347045932,1.0,1.0,False,False
T,2020-11-02,False,98.3,0.002191976347045932,0.5726934364869102,0.6216235097518431,0.008334875210794217,1.5352698359704948,0.95,0.0004577822990845526,0.0,1.0,True,True
T,2020-11-03,False,98.345,0.0004577822990845526,0.4881090564002487,0.5736128302281212,0.01184930766115333,-0.6608680884802484,0.26666666666666666,0.0009659870862779307,1.0,0.0,False,True
T,2020-11-04,False,98.44,0.0009659870862779307,0.604023312270673,0.643258676018948,0.021654703719394132,2.2864391321040793,1.0,-0.001422186103210099,0.0,1.0,True,True
T,2020-11-05,False,98.3,-0.001422186103210099,0.46681923088181504,0.5623475032768989,-0.0100740937471821,-1.1831665238078133,0.11666666666666667,-0.0023906408952186764,1.0,0.0,False,False
T,2020-11-06,False,98.065,-0.0023906408952186764,0.5122777023608897,0.548271079738864,-0.014212129377047472,-0.048487487690672126,0.4666666666666667,-0.0018865038494876307,1.0,1.0,False,False
T,2020-11-09,False,97.88,-0.0018865038494876307,0.5233932202589892,0.5814574313131433,-0.0021177282192302417,0.23907067139449398,0.5666666666666667,0.0004597466285247709,1.0,1.0,False,False
T,2020-11-10,False,97.925,0.0004597466285247709,0.5125325028805061,0.6152285360924838,-0.012640762940315959,-0.03652777251089852,0.48333333333333334,-5.105948429917628e-05,1.0,1.0,False,False
T,2020-11-11,False,97.92,-5.105948429917628e-05,0.42225840925638397,0.5022014303490919,-0.008886684273124567,-2.190553482083438,0.03333333333333333,-0.0007659313725491002,1.0,1.0,False,False
T,2020-11-12,False,97.845,-0.0007659313725491002,0.518887708792444,0.5423059770567714,-0.008791479813949659,0.17362471485895314,0.5666666666666667,-0.002146251724666537,1.0,1.0,False,False
T,2020-11-13,False,97.635,-0.002146251724666537,0.5553779929164473,0.588621973111696,0.007032475122685411,1.0476918388982497,0.8833333333333333,-0.0001536334306344589,0.0,1.0,True,True
T,2020-11-16,False,97.62,-0.0001536334306344589,0.45235535901004764,0.5249704087205613,0.001276529591914638,-1.4172079098418557,0.08333333333333333,-0.0010755992624462696,1.0,0.0,False,True
T,2020-11-17,False,97.515,-0.0010755992624462696,0.4822106492444926,0.5053151291209544,0.005337213019382092,-0.6858617315609274,0.21666666666666667,-0.003076449776957313,1.0,1.0,False,True
T,2020-11-18,False,97.215,-0.003076449776957313,0.49126187702102597,0.53050373306399,-0.012841900721479066,-0.4852394096684303,0.3333333333333333,-0.0007200534896878441,1.0,1.0,False,False
T,2020-11-19,False,97.145,-0.0007200534896878441,0.5460950451169707,0.578704472311308,0.002034062241202517,0.866643347317048,0.8166666666666667,,0.0,1.0,True,True
T,2020-11-20,True,97.02,,0.4407675522749778,0.4524866407019168,0.004070878240233849,-1.7868697966275497,0.05,0.0028344671201814275,1.0,0.0,False,True
T,2020-11-23,False,97.295,0.0028344671201814275,0.3282525374591716,0.4218346739003792,-0.03584105483166901,-3.9136352308527065,0.016666666666666666,-0.0011305822498586249,1.0,1.0,False,False
T,2020-11-24,False,97.185,-0.0011305822498586249,0.4386902637900161,0.5461605567652624,-0.03229857341198189,-1.4735490095384636,0.06666666666666667,0.0027267582445851257,1.0,1.0,False,False
T,2020-11-25,False,97.45,0.0027267582445851257,0.6012326192301226,0.6380593587989891,0.010819785974134206,1.9139782376034118,0.9833333333333333,-0.0013853258081067965,0.0,1.0,True,True
T,2020-11-26,False,97.315,-0.0013853258081067965,0.5079389482305293,0.6026334316408218,0.0407322873682054,-0.013856261492549274,0.45,-0.0014386271386733762,1.0,0.0,False,True
T,2020-11-27,False,97.175,-0.0014386271386733762,0.5670898884680358,0.6115979839037097,0.05469233864582416,1.195586126623281,0.9166666666666666,0.005093902752765667,0.0,1.0,True,True
T,2020-11-30,False,97.67,0.005093902752765667,0.5303617346700504,0.5932944093553008,0.014920021099798186,0.39383395657082276,0.6666666666666666,-0.0018941333060304988,1.0,0.0,False,True
T,2020-12-01,False,97.485,-0.0018941333060304988,0.4583272362538008,0.49266735062099914,-0.026338797951312255,-1.1135880093593498,0.11666666666666667,-0.0023593373339488855,1.0,1.0,False,False
T,2020-12-02,False,97.255,-0.0023593373339488855,0.5262909912624816,0.5931077912750924,-0.007205856615033046,0.34446172524750035,0.65,-0.0002056449539868943,1.0,1.0,False,False
T,2020-12-03,False,97.235,-0.0002056449539868943,0.48750072303125047,0.5576209480762665,-0.016324907428113943,-0.4882346128940702,0.26666666666666666,0.0020568725253253817,1.0,1.0,False,False
T,2020-12-04,False,97.435,0.0020568725253253817,0.5678045088420639,0.6771246318398537,0.010405903512147662,1.1951951093230264,0.9166666666666666,-0.0012829065530867156,0.0,1.0,True,True
T,2020-12-07,False,97.31,-0.0012829065530867156,0.5467814457325797,0.6011759853704801,0.021842193653714016,0.7239013351518347,0.8,0.0023121981296885252,0.0,0.0,True,True
T,2020-12-08,False,97.535,0.0023121981296885252,0.46335046958601644,0.5340000084053488,-0.0066600320651601045,-1.0510954252320115,0.13333333333333333,-0.00035884554262566315,1.0,0.0,False,False
T,2020-12-09,False,97.5,-0.00035884554262566315,0.45357521160207326,0.553622506402117,-0.017230506211440188,-1.2157751754847568,0.11666666666666667,0.0004615384615385132,1.0,1.0,False,False
T,2020-12-10,False,97.545,0.0004615384615385132,0.5560916659358075,0.6196770869614842,-0.011663191994301925,0.9247721371221573,0.85,-0.0033830539750884236,1.0,1.0,True,False
T,2020-12-11,False,97.215,-0.0033830539750884236,0.4516870650836805,0.5378533198283527,-0.009744756494800732,-1.2261458930535896,0.1,5.1432392120576154e-05,1.0,1.0,False,False
T,2020-12-14,False,97.22,5.1432392120576154e-05,0.4720478640433655,0.5239048737460613,0.0015506642396305391,-0.7987423146977098,0.2,0.0014400329150381364,1.0,1.0,False,True
T,2020-12-15,False,97.36,0.0014400329150381364,0.4214150433113647,0.5054103234519356,-0.01483641384738591,-1.7614054118385047,0.03333333333333333,-0.0001540673788003044,1.0,1.0,False,False
T,2020-12-16,False,97.345,-0.0001540673788003044,0.44037499190709695,0.5279656633258724,-0.02617053698297369,-1.33003005898134,0.08333333333333333,-0.0012840926601263014,1.0,1.0,False,False
T,2020-12-17,False,97.22,-0.0012840926601263014,0.5204548048610029,0.5626595257837173,0.010586260741837628,0.25716870238163564,0.5666666666666667,-0.001594322155935024,1.0,1.0,False,True
T,2020-12-18,False,97.065,-0.001594322155935024,0.5076498334290043,0.564355826854014,0.017024370032091573,0.015567006267265338,0.45,0.0021119868129604313,1.0,1.0,False,True
T,2020-12-21,False,97.27,0.0021119868129604313,0.4935839166113507,0.5660628744146867,0.021161258812187934,-0.25842735161809854,0.4,0.003701038346869634,1.0,1.0,False,True
T,2020-12-22,False,97.63,0.003701038346869634,0.3815383721582356,0.440476155773318,-0.014454412774737491,-2.3520511880002206,0.03333333333333333,0.0011779166239886951,1.0,1.0,False,False
T,2020-12-23,False,97.745,0.0011779166239886951,0.5039770611553607,0.574098524131753,-0.01590669486820532,-0.0043559321299924654,0.45,-0.0014322983272802015,1.0,1.0,False,False
T,2020-12-24,False,97.605,-0.0014322983272802015,0.47726923591546905,0.5171368955245295,-0.005036805048306048,-0.5074204151861793,0.2833333333333333,0.0025613441934326797,1.0,1.0,False,False
T,2020-12-25,False,97.855,0.0025613441934326797,0.5290811526701072,0.5780988640529534,0.016672533587474652,0.48963703168881245,0.7,0.00025548004700826077,1.0,1.0,False,True
T,2020-12-28,False,97.88,0.00025548004700826077,0.4447074203817509,0.4993287671697909,0.015144218796177712,-1.0952101395359395,0.15,0.0014303228442991145,1.0,1.0,False,True
T,2020-12-29,False,98.02,0.0014303228442991145,0.47495060491165303,0.5244044992612917,-0.009061472802113345,-0.5361952699943413,0.2833333333333333,0.0019383799224648168,1.0,1.0,False,False
T,2020-12-30,False,98.21,0.0019383799224648168,0.5281948656663502,0.5669428275822839,0.004772071174330811,0.49092400934545444,0.7,-0.0021891864372262093,1.0,1.0,False,True
T,2020-12-31,False,97.995,-0.0021891864372262093,0.5519587699342599,0.5953648441597884,0.012924267981290455,0.9806253653001646,0.85,-0.0015817133527220584,0.0,1.0,True,True
T,2021-01-04,False,97.84,-0.0015817133527220584,0.4813908061921814,0.5327665300129697,0.015037493664346785,-0.39608072492287416,0.3333333333333333,0.0023507767784136657,1.0,0.0,False,True
T,2021-01-05,False,98.07,0.0023507767784136657,0.4967650973789721,0.5611646894446638,-0.00031750745395306423,-0.09175639000490766,0.4666666666666667,0.00035688793718779976,1.0,1.0,False,False
T,2021-01-06,False,98.105,0.00035688793718779976,0.5965184796535005,0.6309507583109459,0.008145355541901277,1.802678419874861,0.9666666666666667,0.00020386320778742473,0.0,1.0,True,True
T,2021-01-07,False,98.125,0.00020386320778742473,0.49265188647639613,0.5347051014724727,-0.0003486093454408368,-0.17542426589438218,0.45,-0.0018853503184713682,1.0,0.0,False,False
T,2021-01-08,False,97.94,-0.0018853503184713682,0.5276475195095705,0.5780336832814886,0.008840021573220214,0.4959065276522907,0.6833333333333333,-0.0010720849499694651,1.0,1.0,False,True
T,2021-01-11,False,97.835,-0.0010720849499694651,0.5502023128992013,0.5991029784406984,0.0038003470896528337,0.9025095653055489,0.8166666666666667,0.001328767823376209,0.0,1.0,True,True
T,2021-01-12,False,97.965,0.001328767823376209,0.5238750821958398,0.5966726660998037,-0.00877363684925162,0.4205086238761048,0.65,0.0007655795437147006,1.0,0.0,False,False
T,2021-01-13,False,98.04,0.0007655795437147006,0.5336327590212021,0.5766433065469918,0.00781893077758813,0.6006223830198916,0.7666666666666667,0.00163198694410438,1.0,1.0,False,True
T,2021-01-14,False,98.2,0.00163198694410438,0.5419440896457008,0.5684221146719164,0.0012023586394261597,0.7536581336281264,0.7833333333333333,-0.0028513238289206155,1.0,1.0,False,True
T,2021-01-15,False,97.92,-0.0028513238289206155,0.4646243320169111,0.54021508476083,-0.01530869543147193,-0.708223181835027,0.23333333333333334,-0.0009701797385620603,1.0,1.0,False,False
T,2021-01-18,False,97.825,-0.0009701797385620603,0.5654778367240477,0.6058715833279441,0.0014197082052124887,1.199610995457159,0.9,0.0003577817531306149,0.0,1.0,True,True
T,2021-01-19,False,97.86,0.0003577817531306149,0.46403511717829465,0.5470644776961893,-0.011566153660746804,-0.7110473549563765,0.23333333333333334,0.0011240547721234062,1.0,0.0,False,False
T,2021-01-20,False,97.97,0.0011240547721234062,0.4691328373443301,0.5433903963431697,-0.014621171944135796,-0.5908864492930351,0.2833333333333333,0.0021945493518424897,1.0,1.0,False,False
T,2021-01-21,False,98.185,0.0021945493518424897,0.5317995043166321,0.5591420946532911,0.003800534521972443,0.5820800086202496,0.7333333333333333,0.0016805010948719445,1.0,1.0,False,True
T,2021-01-22,False,98.35,0.0016805010948719445,0.5648822377926984,0.623742330747814,0.006657318927563887,1.1696034146263719,0.8833333333333333,-0.00015251652262326942,0.0,1.0,True,True
T,2021-01-25,False,98.335,-0.00015251652262326942,0.4613621104451063,0.5933881559941241,0.009040338698199157,-0.7518234041853498,0.21666666666666667,-0.004169420857273565,1.0,0.0,False,True
T,2021-01-26,False,97.925,-0.004169420857273565,0.5208306843327727,0.6769384786636178,0.003295830010535933,0.38508095949822696,0.6166666666666667,0.0004595353586929196,1.0,1.0,False,True
T,2021-01-27,False,97.97,0.0004595353586929196,0.4926428087820613,0.6303819696159226,-0.012236494452906744,-0.1526424497499816,0.43333333333333335,-0.002960089823415224,1.0,1.0,False,False
T,2021-01-28,False,97.68,-0.002960089823415224,0.5929219348231979,0.6553166554337742,0.008736009239795395,1.7709721183356124,0.9666666666666667,0.0006654381654380703,0.0,1.0,True,True
T,2021-01-29,False,97.745,0.0006654381654380703,0.5829513061305106,0.6576734068431536,0.031526964186123385,1.5174011854148701,0.95,0.0006138421402630545,0.0,0.0,True,True
T,2021-02-01,False,97.805,0.0006138421402630545,0.4081266195062242,0.5862807323322355,-0.013509963230464767,-1.7002957093219515,0.05,-0.0005623434384746107,1.0,0.0,False,False
T,2021-02-02,False,97.75,-0.0005623434384746107,0.4637342259150761,0.5169152105420609,-0.0242612481050944,-0.6589644718674169,0.26666666666666666,-0.003478260869565264,1.0,1.0,False,False
T,2021-02-03,False,97.41,-0.003478260869565264,0.5600939227064679,0.6026441227909163,-0.018487310444889455,1.0821948574547293,0.8666666666666667,-0.001847859562673193,1.0,1.0,True,False
T,2021-02-04,False,97.23,-0.001847859562673193,0.5136567901071113,0.5740409835148623,0.0013378271153445032,0.21527877787631985,0.55,5.142445747186031e-05,1.0,1.0,False,True
T,2021-02-05,False,97.235,5.142445747186031e-05,0.5427281377635681,0.5818190392266408,0.031912560070672294,0.7419404247717937,0.75,0.00041137450506512074,1.0,1.0,False,True
T,2021-02-08,False,97.275,0.00041137450506512074,0.5149717066742635,0.5473545794081894,0.0085109176575475,0.2455964575951447,0.5666666666666667,0.0005140066820867872,1.0,1.0,False,True
T,2021-02-09,False,97.325,0.0005140066820867872,0.48820015207999234,0.5156026428247631,-0.01424726246857988,-0.2635631731499731,0.4,-0.0019008476753147319,1.0,1.0,False,False
T,2021-02-10,False,97.14,-0.0019008476753147319,0.5616679890560149,0.5864316682201631,0.004149441221423145,1.0733940875838337,0.8666666666666667,-0.0038604076590488257,0.0,1.0,True,True
T,2021-02-18,False,96.765,-0.0038604076590488257,0.47447726699473886,0.5951420773255605,-0.00898054591559071,-0.5333749069733075,0.31666666666666665,,1.0,0.0,False,False
T,2021-02-19,True,96.68,,0.4025197824197373,0.41891499599756254,-0.02386267335943059,-1.7771211186725024,0.05,-0.0007757550682664371,1.0,1.0,False,False
T,2021-02-22,False,96.605,-0.0007757550682664371,0.39742175963324355,0.42156526005696016,-0.03407049915297752,-1.8209111934488693,0.05,0.00036230008798709967,1.0,1.0,False,False
T,2021-02-23,False,96.64,0.00036230008798709967,0.4677099446782036,0.5168870608831647,-0.02649715961171179,-0.6709792041600937,0.2833333333333333,0.0007760761589403753,1.0,1.0,False,False
T,2021-02-24,False,96.715,0.0007760761589403753,0.5480123432315506,0.5909561857135865,0.02122603147320897,0.8452605610691233,0.7833333333333333,-0.0006720777542262857,1.0,1.0,False,True
T,2021-02-25,False,96.65,-0.0006720777542262857,0.507940657711329,0.5530346232515125,0.03614323341814905,0.10193503719248694,0.5333333333333333,-0.002224521469218921,1.0,1.0,False,True
T,2021-02-26,False,96.435,-0.002224521469218921,0.604240032573636,0.6528204422232421,0.04538672589139103,1.9303558229392035,1.0,0.0038886296469125003,0.0,1.0,True,True
T,2021-03-01,False,96.81,0.0038886296469125003,0.5212793834399359,0.6505579614720791,0.016336656686554995,0.34439636321026834,0.6,0.0005681231277758769,1.0,0.0,False,True
T,2021-03-02,False,96.865,0.0005681231277758769,0.536853990657132,0.6394814975086955,-0.0008977979420230264,0.6463099065176207,0.7333333333333333,-0.0004645640840345022,1.0,1.0,False,False
T,2021-03-03,False,96.82,-0.0004645640840345022,0.5206986308768813,0.6696662213845725,-0.0041870095585399445,0.31204536954195206,0.5666666666666667,-0.001239413344350293,1.0,1.0,False,False
T,2021-03-04,False,96.7,-0.001239413344350293,0.4848026355372247,0.5749498058439905,-0.02394555466358772,-0.3804149665924609,0.36666666666666664,0.003567735263702243,1.0,1.0,False,False
T,2021-03-05,False,97.045,0.003567735263702243,0.5600149204971039,0.5853010757115129,0.002541971899442874,1.0658055633184023,0.85,0.0011334947704673137,0.0,1.0,True,True
T,2021-03-08,False,97.155,0.0011334947704673137,0.48124491087112475,0.5543512322002809,-0.007190186995179193,-0.44680618621822527,0.35,-0.0008748906386703004,1.0,0.0,False,False
T,2021-03-09,False,97.07,-0.0008748906386703004,0.5413775254699249,0.5874662515513139,0.00378000645199873,0.7416480187287782,0.75,0.001081693623158575,1.0,1.0,False,True
T,2021-03-10,False,97.175,0.001081693623158575,0.573103367950006,0.6166392562908121,0.015796406979838373,1.3191075993654564,0.9333333333333333,-0.002161049652688374,0.0,1.0,True,True
T,2021-03-11,False,96.965,-0.002161049652688374,0.45407052329222825,0.5318520374440582,-0.012003033733086999,-1.008850401862403,0.15,-0.0007734749651936434,1.0,0.0,False,False
T,2021-03-12,False,96.89,-0.0007734749651936434,0.4756153727834038,0.5419269618002228,-0.009856607835313853,-0.5644595997168734,0.31666666666666665,-0.0014965424708431874,1.0,1.0,False,False
T,2021-03-15,False,96.745,-0.0014965424708431874,0.5013268729529857,0.5265990704640908,-0.01775893002004806,-0.07569551788345096,0.4666666666666667,0.000620187089772184,1.0,1.0,False,False
T,2021-03-16,False,96.805,0.000620187089772184,0.6085994876539559,0.654196601054841,0.011824858906865715,1.949165918068879,1.0,0.0009813542688910104,0.0,1.0,True,True
T,2021-03-17,False,96.9,0.0009813542688910104,0.5453958954823679,0.5717686134227826,0.03156348592508314,0.7057519029458413,0.7666666666666667,-0.0010835913312693402,1.0,0.0,False,True
T,2021-03-18,False,96.795,-0.0010835913312693402,0.49907598160422817,0.5328379595417346,0.009099024017103085,-0.22725603361303506,0.4166666666666667,0.002789400278939924,1.0,1.0,False,True
T,2021-03-19,False,97.065,0.002789400278939924,0.5187309276813046,0.5503714094213804,-0.007471539659309001,0.1656924801600254,0.5333333333333333,0.0005666306083553785,1.0,1.0,False,False
T,2021-03-22,False,97.12,0.0005666306083553785,0.49580739371084853,0.538992002915749,-0.0252249155687278,-0.28782350958213676,0.4,0.0010296540362437767,1.0,1.0,False,False
T,2021-03-23,False,97.22,0.0010296540362437767,0.5127053733016432,0.5607457488636118,-0.006864963225482895,0.04298457200328539,0.48333333333333334,0.0030857848179386416,1.0,1.0,False,False
T,2021-03-24,False,97.52,0.0030857848179386416,0.41969843583089506,0.5322945620663968,-0.016478064592632756,-1.88128375213146,0.06666666666666667,0.0005127153404429485,1.0,1.0,False,False
T,2021-03-25,False,97.57,0.0005127153404429485,0.44214453898338996,0.5560423987275233,-0.022928173527578272,-1.3757996118883011,0.08333333333333333,-0.0013323767551500776,1.0,1.0,False,False
T,2021-03-26,False,97.44,-0.0013323767551500776,0.4737614250842353,0.5373196222708614,-0.011465277157147975,-0.7344444549425985,0.23333333333333334,-0.00020525451559927355,1.0,1.0,False,False
T,2021-03-29,False,97.42,-0.00020525451559927355,0.49026488550925734,0.5237791417402266,0.0009182013668568468,-0.38780286788209933,0.36666666666666664,-0.0009238349414905089,1.0,1.0,False,True
T,2021-03-30,False,97.33,-0.0009238349414905089,0.49517575521717505,0.583762032771311,0.01990749852984274,-0.30990535936905594,0.4,0.0015925202917908,1.0,1.0,False,True
T,2021-03-31,False,97.485,0.0015925202917908,0.5102460366498873,0.5504335815619775,0.015761732546593448,-0.013101953977661266,0.48333333333333334,-0.0008719290147201075,1.0,1.0,False,True
T,2021-04-01,False,97.4,-0.0008719290147201075,0.49028135384645777,0.5289684806734796,0.005302100866507492,-0.41105482324182907,0.35,0.0002566735112934371,1.0,1.0,False,True
T,2021-04-02,False,97.425,0.0002566735112934371,0.6151323907176942,0.6504511060211674,0.024484060904615645,2.0700295019605637,1.0,-0.0008211444701051729,0.0,1.0,True,True
T,2021-04-06,False,97.345,-0.0008211444701051729,0.5466263108967889,0.5777331879752705,0.020778746542703463,0.6819070133583337,0.7666666666666667,-0.0015409111921517171,1.0,0.0,False,True
T,2021-04-07,False,97.195,-0.0015409111921517171,0.4919600670262846,0.5351844720612883,0.001977301780312568,-0.40510367333700686,0.35,-0.0008230876073871407,1.0,1.0,False,True
T,2021-04-08,False,97.115,-0.0008230876073871407,0.5248814454948764,0.5932174247038003,-0.005397214039457243,0.28070612491880453,0.6333333333333333,0.0009267363435103704,1.0,1.0,False,False
T,2021-04-09,False,97.205,0.0009267363435103704,0.5561720000834536,0.6237169702329206,-0.013966564667039383,0.8921360908471476,0.8166666666666667,0.0026233218455840035,1.0,1.0,True,False
T,2021-04-12,False,97.46,0.0026233218455840035,0.5068417894749311,0.532024578487117,-0.0015357109786546697,-0.10119255923409749,0.45,0.003539913810794326,1.0,1.0,False,False
T,2021-04-13,False,97.805,0.003539913810794326,0.48056236845252803,0.550862726913037,-0.004083505316745839,-0.6121518760664705,0.26666666666666666,-0.00015336639231122717,1.0,1.0,False,False
T,2021-04-14,False,97.79,-0.00015336639231122717,0.4407498877356407,0.52438010567153,-0.024387274714939684,-1.3715868677980065,0.08333333333333333,-0.0009203395030167316,1.0,1.0,False,False
T,2021-04-15,False,97.7,-0.0009203395030167316,0.5390066496185117,0.5782061867056524,-0.010042260266917402,0.5925170426002316,0.7,0.0008700102354144423,1.0,1.0,False,False
T,2021-04-16,False,97.785,0.0008700102354144423,0.5985659352939174,0.6541225069076803,0.024189257280395643,1.7249516400032059,0.95,0.0008181213887610284,0.0,1.0,True,True
T,2021-04-19,False,97.865,0.0008181213887610284,0.5360874307044221,0.5796691888123241,0.026886617206206487,0.4828228700857521,0.6666666666666666,0.0001532723649926293,1.0,0.0,False,True
T,2021-04-20,False,97.88,0.0001532723649926293,0.5384057010572397,0.5848923754899331,0.019239240772910837,0.5411310287179535,0.7,0.0009194932570495418,1.0,1.0,False,True
T,2021-04-21,False,97.97,0.0009194932570495418,0.6022146871539669,0.6494416859414509,0.006625584083423253,1.7252665601985682,0.95,-0.0008676125344492247,0.0,1.0,True,True
T,2021-04-22,False,97.885,-0.0008676125344492247,0.5088803967259334,0.5681674319171575,-0.011324382068642325,-0.1004418161853437,0.4666666666666667,0.0003064820963376569,1.0,0.0,False,False
T,2021-04-23,False,97.915,0.0003064820963376569,0.5012497171733471,0.5542498504601346,-0.00992007313934563,-0.23972171180201457,0.4166666666666667,-0.0024511055507329127,1.0,1.0,False,False
T,2021-04-26,False,97.675,-0.0024511055507329127,0.4898569094893024,0.5953735289203842,-0.019806255311649444,-0.44112056150576673,0.3,-0.0009726132582543734,1.0,1.0,False,False
T,2021-04-27,False,97.58,-0.0009726132582543734,0.45175339083319355,0.5691161247882452,-0.031994607987817766,-1.1840369629184009,0.11666666666666667,0.0006148800983807323,1.0,1.0,False,False
T,2021-04-28,False,97.64,0.0006148800983807323,0.5065020105625972,0.5521494601619231,-0.005425309866682593,-0.10518797066756978,0.4666666666666667,-5.120852109785634e-05,1.0,1.0,False,False
T,2021-04-29,False,97.635,-5.120852109785634e-05,0.47948211486580683,0.5714494192321864,-0.002689010354178567,-0.6297154877366041,0.23333333333333334,0.003892046909407476,1.0,1.0,False,False
T,2021-04-30,False,98.015,0.003892046909407476,0.5823035712294189,0.629320133357631,0.02126220475128463,1.394346108135961,0.9,0.0006121512013468333,0.0,1.0,True,True
T,2021-05-06,False,98.075,0.0006121512013468333,0.6239629443733284,0.6647871484182006,0.04202206677470914,2.1485103292865873,1.0,-0.0013255161865920462,0.0,0.0,True,True
T,2021-05-07,False,97.945,-0.0013255161865920462,0.5527274483264416,0.6115554808772097,0.023693170503521033,0.7562816800788938,0.8,0.0004594415233039051,0.0,0.0,True,True
T,2021-05-10,False,97.99,0.0004594415233039051,0.5560590855279948,0.5914990055985486,0.01235778184213986,0.7944630793810403,0.8,0.002245127053780882,0.0,0.0,True,True
T,2021-05-11,False,98.21,0.002245127053780882,0.5928503525281233,0.620524692349229,-0.004681029624792476,1.4954645707913807,0.9,0.00045820181244282665,1.0,0.0,True,False
T,2021-05-12,False,98.255,0.00045820181244282665,0.5322501819141912,0.596879149267259,-0.014330262071659283,0.2999443192405416,0.6166666666666667,0.00045799195969675743,1.0,1.0,False,False
T,2021-05-13,False,98.3,0.00045799195969675743,0.4759182517855234,0.5211807698184998,-0.017742729669564007,-0.7804509736341907,0.2,0.0005086469989827869,1.0,1.0,False,False
T,2021-05-14,False,98.35,0.0005086469989827869,0.5649796502306252,0.6006257568852197,-0.009909097133733901,0.9371609465212946,0.85,-0.0008134214539908813,1.0,1.0,True,False
T,2021-05-17,False,98.27,-0.0008134214539908813,0.5753931581748262,0.6173434193047145,-0.0002184920390160272,1.1022059079144333,0.8666666666666667,-0.0005088022794341729,1.0,1.0,True,False
T,2021-05-18,False,98.22,-0.0005088022794341729,0.5734249003709272,0.6187057506573451,0.018182434330277487,1.0567106137200413,0.85,0.002952555487680808,0.0,1.0,True,True
T,2021-05-19,False,98.51,0.002952555487680808,0.4943010872019108,0.5523710413833399,0.0045210920973076775,-0.4690025264313956,0.3333333333333333,,1.0,0.0,False,True
T,2021-05-20,True,98.425,,0.5168931166871846,0.5242023343654965,-0.01772651380597966,-0.0738715138448919,0.5166666666666667,0.0018796037592074821,1.0,1.0,False,False
T,2021-05-21,False,98.61,0.0018796037592074821,0.603440285890028,0.6509368689776455,-4.3752825333898125e-05,1.6525139551577503,0.9333333333333333,-0.0012676199168440982,1.0,1.0,True,False
T,2021-05-24,False,98.485,-0.0012676199168440982,0.4954405303490072,0.5268123482401488,-0.004682954135572281,-0.6088277841319815,0.31666666666666665,-0.00025384576331421993,1.0,1.0,False,False
T,2021-05-25,False,98.46,-0.00025384576331421993,0.5290250565145567,0.5792053685816694,0.004799535228711432,0.1027256098881488,0.5833333333333334,0.0010156408693886565,1.0,1.0,False,True
T,2021-05-26,False,98.56,0.0010156408693886565,0.5365526616653008,0.5822764320651272,-0.0035096139419238948,0.2510854091722281,0.6166666666666667,-0.0020292207792208528,1.0,1.0,False,False
T,2021-05-27,False,98.36,-0.0020292207792208528,0.5537371157846089,0.5878483186780612,-0.005829420889454445,0.6437689929136268,0.75,-0.0009658397722651646,1.0,1.0,False,False
T,2021-05-28,False,98.265,-0.0009658397722651646,0.541972618227978,0.5683121379968775,0.011777623502799395,0.38311439513611484,0.6833333333333333,0.0011703047880731177,1.0,1.0,False,True
T,2021-05-31,False,98.38,0.0011703047880731177,0.6237204339828205,0.6498207557115727,0.019481071149920492,2.03130203594832,0.9833333333333333,0.0002541166903842207,0.0,1.0,True,True
T,2021-06-01,False,98.405,0.0002541166903842207,0.5437417801826971,0.6084205391108289,0.008436155523300426,0.36778319755846794,0.6666666666666666,-0.002083227478278493,1.0,0.0,False,True
T,2021-06-02,False,98.2,-0.002083227478278493,0.506100721854904,0.5752968500737047,-0.009350362590469086,-0.4196943349035969,0.38333333333333336,0.0009674134419552782,1.0,1.0,False,False
T,2021-06-03,False,98.295,0.0009674134419552782,0.531206921166691,0.6168035226577646,-0.013915110625049066,0.11223261370358088,0.55,-0.0027977007986165203,1.0,1.0,False,False
T,2021-06-04,False,98.02,-0.0027977007986165203,0.5529121253252598,0.6548738034425552,-0.015415147633112757,0.5427212875660642,0.7333333333333333,-0.0020914099163436006,1.0,1.0,False,False
T,2021-06-07,False,97.815,-0.0020914099163436006,0.553757002902432,0.6344204792006232,0.006684184890982559,0.5550609964360002,0.75,0.00046005213924238397,1.0,1.0,False,True
T,2021-06-08,False,97.86,0.00046005213924238397,0.47775595203582366,0.5003565501055329,-0.0034139457902419568,-1.0010625779690263,0.15,-0.0009196811771919888,1.0,1.0,False,False
T,2021-06-09,False,97.77,-0.0009196811771919888,0.5199887596682555,0.6227437065069541,-0.009759249628630706,-0.14384795668431058,0.5,0.0011250894957552937,1.0,1.0,False,False
T,2021-06-10,False,97.88,0.0011250894957552937,0.5053506726049423,0.5898284227349299,-0.012889114867481155,-0.47042715277107927,0.35,-0.0019411524315487982,1.0,1.0,False,False
T,2021-06-11,False,97.69,-0.0019411524315487982,0.5358946621099644,0.5973850426395496,-0.0008129961015816645,0.17427747329282625,0.5666666666666667,0.0007165523595047407,1.0,1.0,False,False
T,2021-06-15,False,97.76,0.0007165523595047407,0.5435112648542215,0.5922813222030027,0.014741652807850458,0.3712020068335375,0.6666666666666666,0.00010229132569539168,1.0,1.0,False,True
T,2021-06-16,False,97.77,0.00010229132569539168,0.4810176676376503,0.5205485888230704,-0.00397815918119312,-0.9801095928294896,0.16666666666666666,-0.0009716682008795718,1.0,1.0,False,False
T,2021-06-17,False,97.675,-0.0009716682008795718,0.5372364683749317,0.5980042331472981,0.0008894597067664711,0.24105005955972383,0.6166666666666667,0.0034297414896340417,1.0,1.0,False,True
T,2021-06-18,False,98.01,0.0034297414896340417,0.5621945749703551,0.6392865239734964,0.0046325029241491514,0.7707207892355242,0.8166666666666667,0.0028058361391694042,0.0,1.0,True,True
T,2021-06-21,False,98.285,0.0028058361391694042,0.46634395945773416,0.559968659837759,-0.007315770346026995,-1.303975438553334,0.08333333333333333,0.0002543623136797013,1.0,0.0,False,False
T,2021-06-22,False,98.31,0.0002543623136797013,0.4954443345331892,0.6260521964243687,-0.004203917512611971,-0.6651162833429914,0.31666666666666665,0.0002542976299459987,1.0,1.0,False,False
T,2021-06-23,False,98.335,0.0002542976299459987,0.5248039024490322,0.6053544419816604,-0.009161537228896482,-0.07205825912734962,0.4666666666666667,-0.00010169319164077262,1.0,1.0,False,False
T,2021-06-24,False,98.325,-0.00010169319164077262,0.5814470952953038,0.6217089216846892,0.009696498364119548,1.1841356443747133,0.8666666666666667,-0.0004068141367913336,0.0,1.0,True,True
T,2021-06-25,False,98.285,-0.0004068141367913336,0.5936345436963116,0.6318593153050408,0.034058392923926956,1.4163766137384715,0.9,-0.0012209391056620111,0.0,0.0,True,True
T,2021-06-28,False,98.165,-0.0012209391056620111,0.5523361606362225,0.5812731887801009,0.0182614293453346,0.4416102132059485,0.6666666666666666,0.001578974176131842,1.0,0.0,False,True
T,2021-06-29,False,98.32,0.001578974176131842,0.5243500869078699,0.6097803331303445,-0.0030018565741405934,-0.22163203070932141,0.4,0.0010170870626526884,1.0,1.0,False,False
T,2021-06-30,False,98.42,0.0010170870626526884,0.5716509848053929,0.6035039319565888,-0.008887667776826359,0.8577558528665438,0.8,-0.001066856330014243,1.0,1.0,True,False
T,2021-07-01,False,98.315,-0.001066856330014243,0.5984556354216352,0.6411493106209252,0.0028957007619817452,1.4282461245586706,0.9,0.0005594263337234118,0.0,1.0,True,True
T,2021-07-02,False,98.37,0.0005594263337234118,0.5018269408487165,0.6166880490550574,-0.0026912891061246723,-0.7795101901547304,0.25,0.0002541425231268324,1.0,0.0,False,False
T,2021-07-05,False,98.395,0.0002541425231268324,0.5731433688137748,0.6275889763260599,0.002776251985513345,0.8923819658167806,0.8,-0.0011687585751307683,0.0,1.0,True,True
T,2021-07-06,False,98.28,-0.0011687585751307683,0.5391600160657182,0.5785142391618491,-0.009029420408720979,0.07522059473802073,0.5666666666666667,0.004019129019128931,1.0,0.0,False,False
T,2021-07-07,False,98.675,0.004019129019128931,0.5629943576707851,0.5970459196367969,-0.0033589480284698437,0.624065655981792,0.75,0.003952368887762958,1.0,1.0,False,False
T,2021-07-08,False,99.065,0.003952368887762958,0.4635291850953595,0.5804478577380158,-0.008674452264970368,-1.6559814017824093,0.05,-0.000605662948569119,1.0,1.0,False,False
T,2021-07-09,False,99.005,-0.000605662948569119,0.4455753889390053,0.6033035877914671,-0.03307667907198977,-1.9844593936964674,0.03333333333333333,0.0036866824907832996,1.0,1.0,False,False
T,2021-07-12,False,99.37,0.0036866824907832996,0.5994980606956017,0.6303664441015525,0.00032571205279873227,1.4159823739130828,0.9333333333333333,0.0005534869678975873,0.0,1.0,True,True
T,2021-07-13,False,99.425,0.0005534869678975873,0.5479837020318776,0.5877301488197586,0.01059475643224273,0.23584348199238664,0.6,0.0018104098566760207,1.0,0.0,False,True
T,2021-07-14,False,99.605,0.0018104098566760207,0.48030654467784056,0.5229672816814502,0.013596303225783446,-1.2943092130089415,0.13333333333333333,-0.0036644746749662227,1.0,1.0,False,True
T,2021-07-15,False,99.24,-0.0036644746749662227,0.5614382938855067,0.602448986858738,0.011253429387524166,0.5853954096309993,0.7166666666666667,0.0015114873035066978,1.0,1.0,False,True
T,2021-07-16,False,99.39,0.0015114873035066978,0.4913147370603347,0.5233441519215142,-0.020291205541690505,-1.0167154696522143,0.18333333333333332,-0.00035214810343087155,1.0,1.0,False,False
T,2021-07-19,False,99.355,-0.00035214810343087155,0.5415650822818658,0.6270671624431748,-0.00018290471175294587,0.13867727616769557,0.5333333333333333,0.0016607115897537827,1.0,1.0,False,False
T,2021-07-20,False,99.52,0.0016607115897537827,0.5841768807579595,0.649805266932472,0.0187867460556597,1.1369690370761272,0.8833333333333333,0.0016579581993569903,0.0,1.0,True,True
T,2021-07-21,False,99.685,0.0016579581993569903,0.49947382911402993,0.5868639313241237,-0.003106678584532874,-0.8250792495382654,0.25,-0.0009530019561618808,1.0,0.0,False,False
T,2021-07-22,False,99.59,-0.0009530019561618808,0.5276190294289914,0.6035448812372762,0.0030517331569477556,-0.18403169913874273,0.4,0.00145596947484683,1.0,1.0,False,True
T,2021-07-23,False,99.735,0.00145596947484683,0.5146642862901111,0.5460029421232817,-0.01103594433124776,-0.49917433187714777,0.31666666666666665,0.0019551812302602833,1.0,1.0,False,False
T,2021-07-26,False,99.93,0.0019551812302602833,0.5300841935893781,0.5617921490372683,-0.009299491716108166,-0.17384632951188844,0.4166666666666667,-0.0033023116181327694,1.0,1.0,False,False
T,2021-07-27,False,99.6,-0.0033023116181327694,0.5285340384928554,0.6151759700683387,0.006058558291803762,-0.2213979905623524,0.38333333333333336,0.0013052208835342416,1.0,1.0,False,True
T,2021-07-28,False,99.73,0.0013052208835342416,0.4891440524378365,0.5918664704342093,-0.006308020177956552,-1.1926761074888788,0.13333333333333333,0.0012533841371704657,1.0,1.0,False,False
T,2021-07-29,False,99.855,0.0012533841371704657,0.43157403020311186,0.540675593601949,-0.020712065332554003,-2.4348773857234365,0.016666666666666666,0.005007260527765345,1.0,1.0,False,False
T,2021-07-30,False,100.355,0.005007260527765345,0.43567630875637386,0.4882420593621167,-0.0285775777955752,-2.249582315121165,0.03333333333333333,0.0013950475810871055,1.0,1.0,False,False
T,2021-08-02,False,100.495,0.0013950475810871055,0.4531377311490671,0.47424666636556495,-0.020426035836903927,-1.758355031347503,0.06666666666666667,-0.0016418727299866154,1.0,1.0,False,False
T,2021-08-03,False,100.33,-0.0016418727299866154,0.4393928186444524,0.4934261660937224,-0.007793876664081295,-1.963927533043653,0.05,-0.0002990132562543657,1.0,1.0,False,False
T,2021-08-04,False,100.3,-0.0002990132562543657,0.5175769877743905,0.5774491504829468,0.01757224250306359,-0.21707770857273326,0.38333333333333336,0.002492522432701927,1.0,1.0,False,True
T,2021-08-05,False,100.55,0.002492522432701927,0.5230158052089503,0.5545159535069719,0.023911824953047632,-0.09169543115257846,0.4166666666666667,-0.0006464445549477782,1.0,1.0,False,True
T,2021-08-06,False,100.485,-0.0006464445549477782,0.5471369967479475,0.611823930205776,0.027162151776225867,0.42670182278929975,0.6666666666666666,-0.00542369507886753,1.0,1.0,False,True
T,2021-08-09,False,99.94,-0.00542369507886753,0.48766908287025096,0.5210934637555307,0.012611253742515404,-0.8898913187688785,0.18333333333333332,-0.0001500900540324368,1.0,1.0,False,True
T,2021-08-10,False,99.925,-0.0001500900540324368,0.5028268647618099,0.5757418164837642,-0.006484696836386056,-0.523817829448549,0.31666666666666665,-0.0012509382036527406,1.0,1.0,False,False
T,2021-08-11,False,99.8,-0.0012509382036527406,0.5149402622161563,0.5474821730335088,-0.006046121797172554,-0.22754736581173196,0.38333333333333336,0.002104208416833675,1.0,1.0,False,False
T,2021-08-12,False,100.01,0.002104208416833675,0.5448356909169366,0.5910582932610684,0.0022668567683883645,0.44274341922079813,0.7,-0.00114988501149893,1.0,1.0,False,True
T,2021-08-13,False,99.895,-0.00114988501149893,0.5305318643322453,0.5666575238144468,0.01277343890791154,0.10722593899388075,0.5333333333333333,-0.0009009459932928232,1.0,1.0,False,True
T,2021-08-16,False,99.805,-0.0009009459932928232,0.5965337045552036,0.63446956730422,0.020300528170287636,1.6419708362434615,0.95,0.0012023445719151482,0.0,1.0,True,True
T,2021-08-17,False,99.925,0.0012023445719151482,0.4900662356781282,0.5597334907406807,0.00019499605622107507,-0.8251962903784891,0.21666666666666667,0.0038028521391044734,1.0,0.0,False,True
T,2021-08-18,False,100.305,0.0038028521391044734,0.5545626308392064,0.5996185352356512,-0.002101174880957751,0.6567470204850181,0.8,,1.0,1.0,True,False
T,2021-08-19,True,100.13,,0.6367991801190412,0.648742508143884,0.01705635578575947,2.3904647830434764,1.0,-0.001348247278537773,0.0,1.0,True,True
T,2021-08-20,False,99.995,-0.001348247278537773,0.6006503781544763,0.6423258203750551,0.015496629163945846,1.5518597083805932,0.9666666666666667,-0.0015000750037502675,0.0,0.0,True,True
T,2021-08-23,False,99.845,-0.0015000750037502675,0.5141656277392259,0.5619515120770753,0.009428653143746534,-0.29994802706687346,0.35,0.0015023286093445165,1.0,0.0,False,True
T,2021-08-24,False,99.995,0.0015023286093445165,0.5457822146398053,0.5707933315636344,-0.014019438477861768,0.4237343412275313,0.6833333333333333,0.001200060002999992,1.0,1.0,False,False
T,2021-08-25,False,100.115,0.001200060002999992,0.49875627270012834,0.5390816019051852,-0.03309539783524969,-0.6081179681416817,0.26666666666666666,-0.0038455775857763053,1.0,1.0,False,False
T,2021-08-26,False,99.73,-0.0038455775857763053,0.44274363329316796,0.489487628067133,-0.033122284476171424,-1.784573244888501,0.06666666666666667,0.0017046024265516824,1.0,1.0,False,False
T,2021-08-27,False,99.9,0.0017046024265516824,0.45196968301513174,0.4895972038772816,-0.022743047079482565,-1.5245055392925033,0.1,0.002002002002001957,1.0,1.0,False,False
T,2021-08-30,False,100.1,0.002002002002001957,0.5579116132213318,0.600310276753138,-0.002252779252194359,0.7252629481772833,0.7833333333333333,-0.0010489510489509746,1.0,1.0,False,False
T,2021-08-31,False,99.995,-0.0010489510489509746,0.5083050399720423,0.5708539373814878,0.01342655144719918,-0.3128854979584289,0.38333333333333336,0.004650232511625552,1.0,1.0,False,True
T,2021-09-01,False,100.46,0.004650232511625552,0.5256324231552367,0.6315287598588346,0.022211293668104815,0.039371733516319306,0.5166666666666667,-0.0011945052757315056,1.0,1.0,False,True
T,2021-09-02,False,100.34,-0.0011945052757315056,0.4470644891504035,0.4907658607077484,-0.004208957779555156,-1.5854992139119406,0.1,-0.000647797488538937,1.0,1.0,False,False
T,2021-09-03,False,100.275,-0.000647797488538937,0.5207142638373162,0.5708451833272401,-0.013563524958966993,-0.044653121819220085,0.45,-0.0007479431563200967,1.0,1.0,False,False
T,2021-09-06,False,100.2,-0.0007479431563200967,0.548750144530593,0.5954112126817425,0.007597204979918082,0.5391052308674561,0.7333333333333333,-0.0023952095808383866,1.0,1.0,False,True
T,2021-09-07,False,99.96,-0.0023952095808383866,0.53798628271965,0.5964372689641717,0.012639337450901605,0.31545063354118447,0.6166666666666667,0.0,1.0,1.0,False,True
T,2021-09-08,False,99.96,0.0,0.5427355443314817,0.5760353958983953,0.02086141292444903,0.3956853644917822,0.65,-0.0008003201280512018,1.0,1.0,False,True
T,2021-09-09,False,99.88,-0.0008003201280512018,0.5152934702167593,0.5749488372171967,-0.00168561874402251,-0.17590698900743204,0.4166666666666667,0.001051261513816515,1.0,1.0,False,False
T,2021-09-10,False,99.985,0.001051261513816515,0.5531001120866889,0.6434069441802772,-0.0013992877390698987,0.6271031826478115,0.7666666666666667,-0.003750562584387662,1.0,1.0,False,False
T,2021-09-13,False,99.61,-0.003750562584387662,0.5398223190946434,0.6911261469346406,0.0014036640505193931,0.32396312466540833,0.6166666666666667,0.0004517618712980287,1.0,1.0,False,True
T,2021-09-14,False,99.655,0.0004517618712980287,0.6106255248736351,0.6884588098484568,0.016030880996219077,1.7567826404687343,0.9833333333333333,-0.0017560584014850722,0.0,1.0,True,True
T,2021-09-15,False,99.48,-0.0017560584014850722,0.5040986328052914,0.5382870460456199,0.0035135737964010483,-0.46282488044116427,0.31666666666666665,0.0014575794129472186,1.0,0.0,False,True
T,2021-09-16,False,99.625,0.0014575794129472186,0.5448302304663802,0.6000916447824927,-0.00522634495299692,0.404207313297489,0.65,0.0016060225846925569,1.0,1.0,False,False
T,2021-09-17,False,99.785,0.0016060225846925569,0.5252761521505975,0.6087871838543223,-0.009488762829534658,0.016193410817190897,0.48333333333333334,0.0018539860700506061,1.0,1.0,False,False
T,2021-09-22,False,99.97,0.0018539860700506061,0.47889174267207646,0.49962821210915714,-0.024229004505781117,-0.9488933655871518,0.16666666666666666,0.0011503451035310697,1.0,1.0,False,False
T,2021-09-23,False,100.085,0.0011503451035310697,0.4940273431348201,0.5970435356921787,-0.008608106713524643,-0.6126794862166282,0.26666666666666666,-0.0017485137633012071,1.0,1.0,False,False
T,2021-09-24,False,99.91,-0.0017485137633012071,0.5533575758818251,0.6139733028936474,-0.0014194118184887694,0.6612303222939664,0.8,-0.001050945851266083,1.0,1.0,True,False
T,2021-09-27,False,99.805,-0.001050945851266083,0.5077575149392561,0.5578476364312147,0.003942855878706586,-0.2896179418944043,0.36666666666666664,-0.0009017584289364722,1.0,1.0,False,True
T,2021-09-28,False,99.715,-0.0009017584289364722,0.5036297727391118,0.5365129518173474,0.006320623193850672,-0.3808178448075299,0.3333333333333333,0.00230657373514509,1.0,1.0,False,True
T,2021-09-29,False,99.945,0.00230657373514509,0.5196875717213668,0.5450560191855878,0.0001592654030380114,-0.009476021058780726,0.48333333333333334,-0.0008504677572663821,1.0,1.0,False,True
T,2021-09-30,False,99.86,-0.0008504677572663821,0.5779251847225838,0.6330776507598085,0.006106527446362808,1.2518414165335006,0.9,-0.0035549769677548637,0.0,1.0,True,True
T,2021-10-08,False,99.505,-0.0035549769677548637,0.487188864134923,0.64040035291847,0.003315811037480576,-0.7097083404200285,0.2,-0.004321390884880039,1.0,0.0,False,True
T,2021-10-11,False,99.075,-0.004321390884880039,0.4496857514757705,0.5078066371302129,-0.01403867501131264,-1.5176990939099002,0.11666666666666667,0.0003028009084027339,1.0,1.0,False,False
T,2021-10-12,False,99.105,0.0003028009084027339,0.5124532270253869,0.5497433018909833,-0.01427081226387732,-0.17686981373957783,0.4,0.00020180616517828653,1.0,1.0,False,False
T,2021-10-13,False,99.125,0.00020180616517828653,0.5337101991235144,0.5945503886679275,-0.006316560830767504,0.330491263760243,0.65,0.00045397225725096746,1.0,1.0,False,False
T,2021-10-14,False,99.17,0.00045397225725096746,0.5604475911861878,0.639101847120177,0.023054190175027345,0.9347080889525116,0.8833333333333333,-0.0003025108399717924,0.0,1.0,True,True
T,2021-10-15,False,99.14,-0.0003025108399717924,0.5610909600512104,0.6037988054195973,0.027080478131168075,0.9183138689620842,0.8833333333333333,-0.004740770627395641,0.0,0.0,True,True
T,2021-10-18,False,98.67,-0.004740770627395641,0.3411615531251613,0.5475760034418041,-0.03152025868727552,-3.5728235625736855,0.016666666666666666,0.002533698185872124,1.0,0.0,False,False
T,2021-10-19,False,98.92,0.002533698185872124,0.4626623638190651,0.6095220474962871,-0.0361381708669925,-1.088075594110012,0.16666666666666666,-0.00045491306105949203,1.0,1.0,False,False
T,2021-10-20,False,98.875,-0.00045491306105949203,0.4958951851361965,0.5944875254390463,-0.022753340833212787,-0.40377551643533155,0.2833333333333333,0.0031352718078381248,1.0,1.0,False,False
T,2021-10-21,False,99.185,0.0031352718078381248,0.42995342599321834,0.503394489956341,-0.010754143610494888,-1.6676200635305123,0.03333333333333333,-0.0014619146040227848,1.0,1.0,False,False
T,2021-10-22,False,99.04,-0.0014619146040227848,0.49299650745405643,0.5755110107663424,0.027096097083194354,-0.4046672233999709,0.2833333333333333,0.0,1.0,1.0,False,True
T,2021-10-25,False,99.04,0.0,0.5859791529086131,0.6126119899829524,0.024373490049695596,1.4098448016563552,0.9333333333333333,0.0011106623586429887,0.0,1.0,True,True
T,2021-10-26,False,99.15,0.0011106623586429887,0.5375909029340733,0.6034283747218707,0.023941716251114836,0.4508184763929818,0.6666666666666666,0.0,1.0,0.0,False,True
T,2021-10-27,False,99.15,0.0,0.47640160836030077,0.5270165405317597,0.013749076021418172,-0.7289872632739948,0.2,0.001210287443267788,1.0,1.0,False,True
T,2021-10-28,False,99.27,0.001210287443267788,0.5726565957773421,0.601926684175201,0.004974263209825891,1.1256906060820073,0.9,-0.0008562506295959338,0.0,1.0,True,True
T,2021-10-29,False,99.185,-0.0008562506295959338,0.5331222317547467,0.5813042974739467,-0.007064814946446407,0.34734207168860254,0.6166666666666667,0.00307506175328931,1.0,0.0,False,False
T,2021-11-01,False,99.49,0.00307506175328931,0.5760147036659995,0.6358662420561494,0.013356822485829834,1.1443567378768225,0.9,0.002010252286662073,0.0,1.0,True,True
T,2021-11-02,False,99.69,0.002010252286662073,0.5079606944638868,0.5899566615037588,0.006647628009582951,-0.21690878040968772,0.38333333333333336,-0.00015046644598259995,1.0,0.0,False,True
T,2021-11-03,False,99.675,-0.00015046644598259995,0.5225391838997051,0.5906956033065665,-0.012539636104613384,0.052680250631491544,0.5166666666666667,0.0008026084775520914,1.0,1.0,False,False
T,2021-11-04,False,99.755,0.0008026084775520914,0.4979364773027835,0.5216844796504219,-0.01238470286702208,-0.47762892555096415,0.26666666666666666,0.0036589644629343443,1.0,1.0,False,False
T,2021-11-05,False,100.12,0.0036589644629343443,0.45818151086077324,0.5229104025439099,-0.02456906027715558,-1.2653082523856625,0.11666666666666667,-0.00039952057530967533,1.0,1.0,False,False
T,2021-11-08,False,100.08,-0.00039952057530967533,0.481697772858151,0.5290984673397138,-0.011688351625040344,-0.7654810131298272,0.18333333333333332,0.0007494004796162468,1.0,1.0,False,False
T,2021-11-09,False,100.155,0.0007494004796162468,0.5005859672246493,0.5267050895998906,-0.006014513779474406,-0.36519042824489956,0.3333333333333333,-0.0008986071589037747,1.0,1.0,False,False
T,2021-11-10,False,100.065,-0.0008986071589037747,0.611844758929452,0.6742269961153705,0.027022101961721307,1.8168923454294188,0.9833333333333333,-0.0022985059711188027,0.0,1.0,True,True
T,2021-11-11,False,99.835,-0.0022985059711188027,0.487096803368008,0.6038086606772172,0.018797757108577045,-0.6584844779222591,0.2,-0.0005008263634997956,1.0,0.0,False,True
T,2021-11-12,False,99.785,-0.0005008263634997956,0.5131753480667439,0.5885127791697168,0.004946598656054446,-0.14034180424924272,0.45,0.0029062484341333406,1.0,1.0,False,True
T,2021-11-15,False,100.075,0.0029062484341333406,0.5944510493336015,0.6309515312989844,0.008906075335519625,1.4330490934690572,0.9166666666666666,-0.0003497376967274146,0.0,1.0,True,True
T,2021-11-16,False,100.04,-0.0003497376967274146,0.5407866544710697,0.6031818458295105,-0.0034761962951171178,0.3812767255492729,0.6666666666666666,-0.0006997201119552932,1.0,0.0,False,False
T,2021-11-17,False,99.97,-0.0006997201119552932,0.4555844180719719,0.5207789673328558,-0.003541346418774638,-1.242077645494624,0.11666666666666667,0.0014004201260378046,1.0,1.0,False,False
T,2021-11-18,False,100.11,0.0014004201260378046,0.5568106234143004,0.583441628430595,-0.005159608056651654,0.7207488161085579,0.8,-0.0032963739886124888,1.0,1.0,True,False
T,2021-11-19,False,99.78,-0.0032963739886124888,0.5291468319096365,0.6362564039419052,-0.011458446590469917,0.18795009097221388,0.5833333333333334,,1.0,1.0,False,False
T,2021-11-22,True,99.875,,0.44914481732517686,0.4633212665113024,-0.0109721260454121,-1.3656479396209564,0.08333333333333333,-0.0006007509386734,1.0,1.0,False,False
T,2021-11-23,False,99.815,-0.0006007509386734,0.4910475968554327,0.5514814578614466,-0.0036739448522202013,-0.4899452377003117,0.26666666666666666,0.003306116315183072,1.0,1.0,False,False
T,2021-11-24,False,100.145,0.003306116315183072,0.5817681897800764,0.6276912063928012,0.0011815897677348087,1.349691088867024,0.9333333333333333,-0.0006490588646462792,0.0,1.0,True,True
T,2021-11-25,False,100.08,-0.0006490588646462792,0.5439063530716705,0.6126087919682778,0.01621424147789674,0.576410407102877,0.7333333333333333,0.002747801758593127,1.0,0.0,False,True
T,2021-11-26,False,100.355,0.002747801758593127,0.5041628471264293,0.5320474248583982,0.016289481581874272,-0.23849469594161637,0.4,-0.0007971700463355047,1.0,1.0,False,True
T,2021-11-29,False,100.275,-0.0007971700463355047,0.4376326584789086,0.508158444099519,-0.018443521940669526,-1.5939708295230988,0.05,-0.0005484916479681079,1.0,1.0,False,False
T,2021-11-30,False,100.22,-0.0005484916479681079,0.5232037513791405,0.5736856264518259,-0.022340257139463353,0.130179943950438,0.55,-0.0013470365196568412,1.0,1.0,False,False
T,2021-12-01,False,100.085,-0.0013470365196568412,0.41756337772479135,0.48365850369709157,-0.0233645046441047,-1.954243409752735,0.03333333333333333,-0.0016485986911124462,1.0,1.0,False,False
T,2021-12-02,False,99.92,-0.0016485986911124462,0.5293492476766384,0.5607960348615681,0.003030352034630085,0.29028594128400986,0.6166666666666667,-0.0017514011208966673,1.0,1.0,False,True
T,2021-12-03,False,99.745,-0.0017514011208966673,0.5164217518088517,0.5398777461561103,0.016372368295738415,0.03313688068567882,0.5,0.0045115043360568485,1.0,1.0,False,True
T,2021-12-06,False,100.195,0.0045115043360568485,0.35142737287138626,0.5253165717512998,-0.024469438293144817,-3.0366546764849134,0.03333333333333333,-0.003892409800888119,1.0,1.0,False,False
T,2021-12-07,False,99.805,-0.003892409800888119,0.4904471570620365,0.6089548762897693,-0.0032154316130761805,-0.4167895877862538,0.26666666666666666,-0.0004007815239718271,1.0,1.0,False,False
T,2021-12-08,False,99.765,-0.0004007815239718271,0.5584574979711544,0.5893957567750552,0.003224190584221681,0.853240277602999,0.8333333333333334,0.0009021199819576609,0.0,1.0,True,True
T,2021-12-09,False,99.855,0.0009021199819576609,0.5341094920438448,0.5977962439461256,0.024240560556975432,0.39925365357124065,0.6666666666666666,0.0016023233688848837,1.0,0.0,False,True
T,2021-12-10,False,100.015,0.0016023233688848837,0.5543735527139989,0.5837941084728524,0.04495546946670336,0.772945230504266,0.8,-0.0010498425236215025,0.0,1.0,True,True
T,2021-12-13,False,99.91,-0.0010498425236215025,0.5112274995654729,0.5756698516829485,0.0037476739749717214,-0.03124822109514318,0.4666666666666667,0.0019517565809228365,1.0,0.0,False,True
T,2021-12-14,False,100.105,0.0019517565809228365,0.5224064226907666,0.6252785611217919,-0.009498414303914748,0.18785062801317068,0.55,0.00039958044053745034,1.0,1.0,False,False
T,2021-12-15,False,100.145,0.00039958044053745034,0.41054338726304834,0.44431816356675913,-0.027909933958482524,-1.8196301927353236,0.05,-0.0016975385690748412,1.0,1.0,False,False
T,2021-12-16,False,99.975,-0.0016975385690748412,0.5511248954404172,0.6072355288249138,-0.010718142684958793,0.7833960303701962,0.7833333333333333,0.0010502625656414466,1.0,1.0,False,False
T,2021-12-17,False,100.08,0.0010502625656414466,0.46213626790840995,0.5665699609559828,-0.006946399056447528,-0.8625480380599497,0.18333333333333332,-0.00024980015987197124,1.0,1.0,False,False
T,2021-12-20,False,100.055,-0.00024980015987197124,0.5786131682796907,0.6267804847140108,0.016400637182320967,1.2785487528563966,0.9333333333333333,0.00044975263605007143,0.0,1.0,True,True
T,2021-12-21,False,100.1,0.00044975263605007143,0.5378980745383645,0.5887350092039383,0.02821976473899057,0.52488398534575,0.7166666666666667,0.0021478521478521806,1.0,0.0,False,True
T,2021-12-22,False,100.315,0.0021478521478521806,0.5693722970548648,0.593475082107421,0.011225660985884973,1.0674803102102637,0.8666666666666667,0.0016946618152817727,0.0,1.0,True,True
T,2021-12-23,False,100.485,0.0016946618152817727,0.5075730527076879,0.5404971821425516,0.00816326983737301,-0.06346761381130532,0.4166666666666667,-0.0010946907498631253,1.0,0.0,False,True
T,2021-12-24,False,100.375,-0.0010946907498631253,0.5217305722256254,0.5872314497600728,-0.014409021393880717,0.2054675997421122,0.55,0.0008966376089662997,1.0,1.0,False,False
T,2021-12-27,False,100.465,0.0008966376089662997,0.5320929409315409,0.608907040381956,-0.005925199204288656,0.3875296194446,0.6333333333333333,0.0006469914895734785,1.0,1.0,False,False
T,2021-12-28,False,100.53,0.0006469914895734785,0.522108383686111,0.5434148370240421,-0.007000793851365461,0.1990205412568002,0.5333333333333333,0.0010444643390032926,1.0,1.0,False,False
T,2021-12-29,False,100.635,0.0010444643390032926,0.504775031508625,0.551189796154442,-0.0005218230937640179,-0.11378013754522694,0.4,0.0021861181497491167,1.0,1.0,False,False
T,2021-12-30,False,100.855,0.0021861181497491167,0.5313898981124482,0.5902055313580314,-0.000799925764927023,0.3923311004979816,0.6333333333333333,-0.0011898269793267913,1.0,1.0,False,False
T,2021-12-31,False,100.735,-0.0011898269793267913,0.5079447263869487,0.5716968997639476,-0.0039014914662847343,-0.04851954882829139,0.4166666666666667,0.00014890554424984437,1.0,1.0,False,False
T,2022-01-04,False,100.75,0.00014890554424984437,0.4714267114063487,0.5107800432601333,-0.009819364968120104,-0.7375700173653094,0.2,-0.0014888337468983437,1.0,1.0,False,False
T,2022-01-05,False,100.6,-0.0014888337468983437,0.4933869538838965,0.5862441192519297,-0.00827393419555566,-0.3212456434614804,0.31666666666666665,-0.0020874751491053445,1.0,1.0,False,False
T,2022-01-06,False,100.39,-0.0020874751491053445,0.6013380780216939,0.6512687955812874,0.012533858731543928,1.635547721132423,0.9833333333333333,0.0001992230301821607,0.0,1.0,True,True
T,2022-01-07,False,100.41,0.0001992230301821607,0.5134107264871157,0.5473478942237587,0.014084336681567939,0.045272411305847186,0.5,0.0013942834379045976,1.0,0.0,False,True
T,2022-01-10,False,100.55,0.0013942834379045976,0.5407907404574153,0.5824976830886002,0.015875183070535242,0.5572825039198909,0.7666666666666667,0.0013923421183490436,1.0,1.0,False,True
T,2022-01-11,False,100.69,0.0013923421183490436,0.546851514647282,0.6194522355248024,0.004638178396249237,0.6620270882011743,0.7833333333333333,-0.0005462310060581066,1.0,1.0,False,True
T,2022-01-12,False,100.635,-0.0005462310060581066,0.5424315967495726,0.6084086964519361,-0.00843721743840763,0.5497228340377485,0.75,-4.968450340347985e-05,1.0,1.0,False,False
T,2022-01-13,False,100.63,-4.968450340347985e-05,0.5475619825145813,0.5761433157961062,0.006994336834708859,0.6350775637772432,0.7833333333333333,0.0004471827486833835,1.0,1.0,False,True
T,2022-01-14,False,100.675,0.0004471827486833835,0.5655969171307518,0.5863964601348451,0.005032282121397236,0.9729503363880091,0.85,0.0005463123913584944,0.0,1.0,True,True
T,2022-01-17,False,100.73,0.0005463123913584944,0.5874498287291129,0.6521957529685508,0.010436194854484094,1.3722825538796237,0.95,0.003226446937357297,0.0,0.0,True,True
T,2022-01-18,False,101.055,0.003226446937357297,0.5017619630774013,0.573717007605089,-0.004145142112981115,-0.3491986903864937,0.3,0.0018801642669832308,1.0,0.0,False,False
T,2022-01-19,False,101.245,0.0018801642669832308,0.483157810363984,0.5853767301413897,-0.019264329835454518,-0.7127311447614213,0.2,-0.0003950812385797864,1.0,1.0,False,False
T,2022-01-20,False,101.205,-0.0003950812385797864,0.46900075055742474,0.5986374525544916,-0.0297484351511783,-0.9994724948637108,0.15,0.0017291635788745374,1.0,1.0,False,False
T,2022-01-21,False,101.38,0.0017291635788745374,0.5350169386950084,0.5794131370676647,-0.013762699258818544,0.3739874548380055,0.6666666666666666,0.0011836654172421301,1.0,1.0,False,False
T,2022-01-24,False,101.5,0.0011836654172421301,0.5026246398537771,0.5788335906967266,0.005358448188377618,-0.287961309948594,0.3333333333333333,0.0001970443349752493,1.0,1.0,False,True
T,2022-01-25,False,101.52,0.0001970443349752493,0.46894514763580986,0.5312378452575728,0.0005198563840004167,-0.9553885266023824,0.15,-0.0027088258471236193,1.0,1.0,False,True
T,2022-01-26,False,101.245,-0.0027088258471236193,0.5881076045828735,0.6105782705173138,0.01721419169916989,1.476180536953355,0.95,-0.0012840140253840282,0.0,1.0,True,True
T,2022-01-27,False,101.115,-0.0012840140253840282,0.504431238847322,0.5407659203395154,0.002431156503372345,-0.2316303668448479,0.38333333333333336,0.002966918854769407,1.0,0.0,False,True
T,2022-01-28,False,101.415,0.002966918854769407,0.4823526792924878,0.5935409667378294,-0.0005057829911066514,-0.676532923510402,0.21666666666666667,-0.0024158162007592576,1.0,1.0,False,False
T,2022-02-07,False,101.17,-0.0024158162007592576,0.5780422935850862,0.6871439017892058,0.0112439366608167,1.235006360895619,0.8833333333333333,0.0002471088267272936,0.0,1.0,True,True
T,2022-02-08,False,101.195,0.0002471088267272936,0.3717083789830001,0.4336117158602495,-0.03591873964619826,-2.7499362995113135,0.03333333333333333,-0.000741143337121275,1.0,0.0,False,False
T,2022-02-09,False,101.12,-0.000741143337121275,0.4748433587606199,0.5417225109339514,-0.016982006048289193,-0.7679731696507156,0.2,-0.00034612341772166655,1.0,1.0,False,False
T,2022-02-10,False,101.085,-0.00034612341772166655,0.4672534579905353,0.5292577610984551,-0.013339737742837133,-0.8868153198400186,0.15,-0.004303309096304941,1.0,1.0,False,False
T,2022-02-11,False,100.65,-0.004303309096304941,0.31717747967038423,0.46296883161019425,-0.042618454882186865,-3.3725471186512075,0.016666666666666666,-0.0011425732737209149,1.0,1.0,False,False
T,2022-02-14,False,100.535,-0.0011425732737209149,0.3885108963543213,0.4512664806850957,-0.012406084434759324,-2.014115556754795,0.06666666666666667,-4.973392350915429e-05,1.0,1.0,False,False
T,2022-02-15,False,100.53,-4.973392350915429e-05,0.46547285796562565,0.5812227235075467,-0.00974835632262025,-0.689470427524174,0.18333333333333332,0.0012931463244802988,1.0,1.0,False,False
T,2022-02-16,False,100.66,0.0012931463244802988,0.5693873306425952,0.6210383050462206,0.035256312359936114,1.073779153337411,0.9,,0.0,1.0,True,True
T,2022-02-17,True,100.39,,0.585395976163967,0.5966371561431237,0.07173134272754393,1.2983142227393722,0.95,-0.0016933957565494762,0.0,0.0,True,True
T,2022-02-18,False,100.22,-0.0016933957565494762,0.6217709524517604,0.6528000322369695,0.058644323039321954,1.8474393296077745,1.0,-0.004290560766314067,0.0,0.0,True,True
T,2022-02-21,False,99.79,-0.004290560766314067,0.612429445701245,0.694211754118762,0.034629679728040395,1.6335241863966172,0.9833333333333333,0.0003507365467481094,0.0,0.0,True,True
T,2022-02-22,False,99.825,0.0003507365467481094,0.5919486831493607,0.6773561605724508,0.007215617455080902,1.2591775751040697,0.95,0.001803155522163813,0.0,0.0,True,True
T,2022-02-23,False,100.005,0.001803155522163813,0.38396469162591906,0.4439242288238189,-0.04326848383784956,-1.9721730777800401,0.06666666666666667,0.000499975001249986,1.0,0.0,False,False
T,2022-02-24,False,100.055,0.000499975001249986,0.4633324255533294,0.5313046461710247,-0.0545341807872188,-0.7180638057166309,0.16666666666666666,0.0015991204837340067,1.0,1.0,False,False
T,2022-02-25,False,100.215,0.0015991204837340067,0.4694453471212564,0.5363144330199843,-0.041458445475600854,-0.6032357915514492,0.25,0.00019957092251665642,1.0,1.0,False,False
T,2022-02-28,False,100.235,0.00019957092251665642,0.5799889278755294,0.6245913378754109,0.0061561144947674725,1.084860646238097,0.8833333333333333,-0.0024442559984038104,0.0,1.0,True,True
T,2022-03-01,False,99.99,-0.0024442559984038104,0.5669794690351493,0.6020208624852345,0.04826860571406604,0.8551299878979253,0.8,-0.0007500750075006835,0.0,0.0,True,True
T,2022-03-02,False,99.915,-0.0007500750075006835,0.38110171561117373,0.4889531678591344,-0.006692729797041841,-1.918211496334229,0.06666666666666667,-0.0032527648501226025,1.0,0.0,False,False
T,2022-03-03,False,99.59,-0.0032527648501226025,0.5198019928044038,0.6401103294993323,-0.009817392089806093,0.13395359735013718,0.5,0.0020584396023697327,1.0,1.0,False,False
T,2022-03-04,False,99.795,0.0020584396023697327,0.5907171124127847,0.6493817168916313,-0.002572110715623488,1.1833157619546806,0.9333333333333333,0.0008517460794628118,1.0,1.0,True,False
T,2022-03-07,False,99.88,0.0008517460794628118,0.5001345683031664,0.5461953701491706,0.007592559533764515,-0.17456073763399754,0.35,0.0011013215859030367,1.0,1.0,False,True
T,2022-03-08,False,99.99,0.0011013215859030367,0.4909101085169414,0.5495882515631906,0.019994936131029796,-0.3666059874145436,0.31666666666666665,-0.0024502450245023066,1.0,1.0,False,True
T,2022-03-09,False,99.745,-0.0024502450245023066,0.4090119838459112,0.4554995305528078,-0.03213870218128284,-1.6064516669580677,0.1,-0.000952428693167584,1.0,1.0,False,False
T,2022-03-10,False,99.65,-0.000952428693167584,0.43858038389396925,0.47264115514905075,-0.03953960414948861,-1.1103357078850746,0.13333333333333333,0.005720020070245857,1.0,1.0,False,False
T,2022-03-11,False,100.22,0.005720020070245857,0.6150575943002109,0.7321834562874495,0.017751632737111687,1.5536926570212555,0.9833333333333333,0.0045400119736578315,0.0,1.0,True,True
T,2022-03-14,False,100.675,0.0045400119736578315,0.553636411731402,0.7199392178972517,0.03314982168832209,0.6273816258687797,0.7333333333333333,-0.004668487707971236,1.0,0.0,False,True
T,2022-03-15,False,100.205,-0.004668487707971236,0.4475928386989531,0.5046683012928093,0.019221773754351655,-0.9490783977719655,0.15,0.0015468290005489216,1.0,1.0,False,True
T,2022-03-16,False,100.36,0.0015468290005489216,0.47980245028458707,0.5754180993724843,-0.008502062282002214,-0.4555760782434129,0.31666666666666665,0.00019928258270218713,1.0,1.0,False,False
T,2022-03-17,False,100.38,0.00019928258270218713,0.4658707167254605,0.53839473844052,-0.03722077165963157,-0.6881303783711982,0.2,0.001394700139470073,1.0,1.0,False,False
T,2022-03-18,False,100.52,0.001394700139470073,0.4691013770662859,0.5066997173429983,-0.015079219130372478,-0.6182600053372029,0.26666666666666666,-0.0015419816951850462,1.0,1.0,False,False
T,2022-03-21,False,100.365,-0.0015419816951850462,0.40418988234292247,0.46427407388359077,-0.009750698593036244,-1.5620792184223424,0.1,-0.003287998804364034,1.0,1.0,False,False
T,2022-03-22,False,100.035,-0.003287998804364034,0.46185878825393367,0.497341658095103,-0.009756815844384481,-0.6761833517806038,0.16666666666666666,0.0011495976408257835,1.0,1.0,False,False
T,2022-03-23,False,100.15,0.0011495976408257835,0.5118247415059961,0.5857478582691202,0.0084665460748719,0.08016825643785232,0.55,0.0019470793809286402,1.0,1.0,False,True
T,2022-03-24,False,100.345,0.0019470793809286402,0.5676503782171284,0.6114814836224516,0.030473286146475858,0.9200978840734719,0.8,0.0006477652100254083,0.0,1.0,True,True
T,2022-03-25,False,100.41,0.0006477652100254083,0.506048619761073,0.5425932469676787,0.03095090647994957,-0.005842450257032589,0.5166666666666667,-4.9795837067989623e-05,1.0,0.0,False,True
T,2022-03-28,False,100.405,-4.9795837067989623e-05,0.5043817028812841,0.556912399783013,0.00792697075097778,-0.02657233415194904,0.48333333333333334,0.00014939495045074302,1.0,1.0,False,True
T,2022-03-29,False,100.42,0.00014939495045074302,0.5002633779245758,0.5356683640788106,-0.008639140249868494,-0.0806493791181745,0.45,0.0024397530372435305,1.0,1.0,False,False
T,2022-03-30,False,100.665,0.0024397530372435305,0.5246150818830476,0.585711274907186,-0.009185583450465874,0.2854826804284563,0.6333333333333333,-0.002235136343317068,1.0,1.0,False,False
T,2022-03-31,False,100.44,-0.002235136343317068,0.5387558349077476,0.5892303200686226,0.008564780929511273,0.4889097267167208,0.6666666666666666,0.0012445240939864544,1.0,1.0,False,True
T,2022-04-01,False,100.565,0.0012445240939864544,0.5162477338558149,0.5457187384019001,0.006222451893223335,0.15457807280727015,0.6,0.001044100830308814,1.0,1.0,False,True
T,2022-04-06,False,100.67,0.001044100830308814,0.5707967524978635,0.6301302574949966,0.013269940111934286,0.9519846747305176,0.8166666666666667,0.001937021952915341,0.0,1.0,True,True
T,2022-04-07,False,100.865,0.001937021952915341,0.5364648372103789,0.635076850293508,0.005574042824477843,0.4237078003116472,0.6333333333333333,-0.0008427105537103241,1.0,0.0,False,True
T,2022-04-08,False,100.78,-0.0008427105537103241,0.6152715158586014,0.6490850507022687,0.017324846525627158,1.5389975390224884,0.9833333333333333,-0.0016868426275055137,0.0,1.0,True,True
T,2022-04-11,False,100.61,-0.0016868426275055137,0.5905044529453862,0.630766321685551,0.01929882015398805,1.1830984172642882,0.9,-0.000993936984395094,0.0,0.0,True,True
T,2022-04-12,False,100.51,-0.000993936984395094,0.6158693984102572,0.711228222167353,0.014418490755979474,1.5006117710675508,0.9833333333333333,0.001591881404835238,0.0,0.0,True,True
T,2022-04-13,False,100.67,0.001591881404835238,0.5010570624012826,0.6291757048049332,-0.007021766706653676,-0.1433895271643009,0.43333333333333335,0.00014900168868581254,1.0,0.0,False,False
T,2022-04-14,False,100.685,0.00014900168868581254,0.43248610534762055,0.4894707015559368,-0.04550182115660654,-1.0957165780222782,0.13333333333333333,-0.00034761881114364623,1.0,1.0,False,False
T,2022-04-15,False,100.65,-0.00034761881114364623,0.5140591992613016,0.5644424168082071,-0.03362738004308059,0.07791460708600985,0.5666666666666667,-0.004123199205166461,1.0,1.0,False,False
T,2022-04-18,False,100.235,-0.004123199205166461,0.49234720299279267,0.5756617686546951,-0.023404225397491006,-0.2205336048513587,0.4166666666666667,-0.00044894497929870436,1.0,1.0,False,False
T,2022-04-19,False,100.19,-0.00044894497929870436,0.3716308749855226,0.41295595235092564,-0.01989912771863478,-1.861201645037266,0.03333333333333333,-0.00019962072063073322,1.0,1.0,False,False
T,2022-04-20,False,100.17,-0.00019962072063073322,0.5022153751311836,0.5664812260624859,-0.0002969784708652834,-0.011811088932867135,0.5166666666666667,0.000748727163821572,1.0,1.0,False,False
T,2022-04-21,False,100.245,0.000748727163821572,0.4949396099109056,0.5546590194016765,-0.0028371006562401104,-0.11333652593389885,0.45,-0.001446456182353284,1.0,1.0,False,False
T,2022-04-22,False,100.1,-0.001446456182353284,0.5627380013265558,0.6230451455476023,0.02640903315929093,0.8246331563810089,0.7333333333333333,0.002297702297702431,1.0,1.0,False,True
T,2022-04-25,False,100.33,0.002297702297702431,0.5509445238641842,0.6338436537238078,0.041914992395269544,0.638178055825512,0.7,-0.0005481909697996334,1.0,1.0,False,True
T,2022-04-26,False,100.275,-0.0005481909697996334,0.4450419736561454,0.5054737456728331,-0.005834188899679782,-0.8283466485754152,0.18333333333333332,-0.0008476689104962576,1.0,1.0,False,False
T,2022-04-27,False,100.19,-0.0008476689104962576,0.48347266257248944,0.5137510167803642,-0.01406299223472427,-0.2848938678665635,0.4,-0.001147819143627049,1.0,1.0,False,False
T,2022-04-28,False,100.075,-0.001147819143627049,0.5156895562598841,0.5488631493365437,-0.016156875142503822,0.15583034003133914,0.6,0.0022483137646764906,1.0,1.0,False,False
T,2022-04-29,False,100.3,0.0022483137646764906,0.5343682481981926,0.5690480021502725,0.0037495031271755465,0.43505051844056414,0.6666666666666666,0.0014955134596212893,1.0,1.0,False,True
T,2022-05-05,False,100.45,0.0014955134596212893,0.4748764571560973,0.5146265074185161,0.011056455262560693,-0.4011050481496126,0.35,0.0004977600796416404,1.0,1.0,False,True
T,2022-05-06,False,100.5,0.0004977600796416404,0.47122952150951664,0.545982950997346,-0.006529938122973244,-0.4496806149575291,0.3333333333333333,0.0008955223880597885,1.0,1.0,False,False
T,2022-05-09,False,100.59,0.0008955223880597885,0.48909881875708155,0.5293430955770344,-0.011632020169428109,-0.1775775921470477,0.4166666666666667,0.001143254796699411,1.0,1.0,False,False
T,2022-05-10,False,100.705,0.001143254796699411,0.45716248755631056,0.4912080090009852,-0.014018915968277984,-0.6717474466953667,0.2,-0.0013405491286431204,1.0,1.0,False,False
T,2022-05-11,False,100.57,-0.0013405491286431204,0.480092402964449,0.5568400617626359,-0.0003635142336502639,-0.3368305797320587,0.38333333333333336,0.001143482151735098,1.0,1.0,False,False
T,2022-05-12,False,100.685,0.001143482151735098,0.47105178433264216,0.5386069886824871,-0.0009361890146381502,-0.4706651746284009,0.31666666666666665,-0.001142176093757885,1.0,1.0,False,False
T,2022-05-13,False,100.57,-0.001142176093757885,0.4983986283696535,0.5379294952512462,0.0032488916001475465,-0.12153108373821818,0.4666666666666667,0.0005468827682211241,1.0,1.0,False,True
T,2022-05-16,False,100.625,0.0005468827682211241,0.5435919641654782,0.5967791142429704,0.019116517862353972,0.56392143294159,0.7166666666666667,0.00029813664596267664,1.0,1.0,False,True
T,2022-05-17,False,100.655,0.00029813664596267664,0.4851816544987946,0.5170637073550025,0.008271868290152718,-0.38684983043544324,0.36666666666666664,0.001142516516814851,1.0,1.0,False,True
T,2022-05-18,False,100.77,0.001142516516814851,0.578793203780613,0.6328091689245459,0.020226586502508286,1.1254284174814855,0.8333333333333334,,0.0,1.0,True,True
T,2022-05-19,True,100.38,,0.6277390571245061,0.6418357057429546,0.029388209712484004,1.871730926138092,1.0,-0.0010460251046023883,0.0,0.0,True,True
T,2022-05-20,False,100.275,-0.0010460251046023883,0.5062670065313115,0.591566294491453,0.006790748735737817,-0.027933499151432513,0.5666666666666667,0.0020443779606083012,1.0,0.0,False,True
T,2022-05-23,False,100.48,0.0020443779606083012,0.4974506875305268,0.5546237543607377,-0.004798813118583711,-0.14428419294053207,0.45,0.0003483280254776844,1.0,1.0,False,False
T,2022-05-24,False,100.515,0.0003483280254776844,0.507522860916161,0.541596829824856,-0.02728290553228835,0.04896180260796363,0.6,0.000845644928617606,1.0,1.0,False,False
T,2022-05-25,False,100.6,0.000845644928617606,0.5574914504854263,0.5833363633317309,-0.013923935889331019,0.8793623713754437,0.8,0.0036282306163022415,1.0,1.0,True,False
T,2022-05-26,False,100.965,0.0036282306163022415,0.43263110239121805,0.5503145495686796,-0.008723104532528747,-1.2976122685557672,0.1,4.952211162279063e-05,1.0,1.0,False,False
T,2022-05-27,False,100.97,4.952211162279063e-05,0.48272863519036374,0.6004489866904789,-0.0104335863205269,-0.4286688204165578,0.31666666666666665,-0.0020303060314944554,1.0,1.0,False,False
T,2022-05-30,False,100.765,-0.0020303060314944554,0.47955667988786643,0.5758147594920223,-0.013069517735165154,-0.4604778782952882,0.2833333333333333,-0.0024313997915943464,1.0,1.0,False,False
T,2022-05-31,False,100.52,-0.0024313997915943464,0.46368428354431723,0.4983085834932698,-0.014068875638556966,-0.7150291529275734,0.2,-0.0006963788300834439,1.0,1.0,False,False
T,2022-06-01,False,100.45,-0.0006963788300834439,0.4113353610067652,0.4816504991111139,-0.006163583441495218,-1.6854590525210413,0.06666666666666667,-0.0006470881035340881,1.0,1.0,False,False
T,2022-06-02,False,100.385,-0.0006470881035340881,0.622393914059895,0.6894068603126896,0.021110923885796124,2.03240992440242,0.9833333333333333,-0.0011953977187827425,0.0,1.0,True,True
T,2022-06-06,False,100.265,-0.0011953977187827425,0.5683849677252373,0.6451764879363134,0.03363662061903194,1.1046826122949327,0.8666666666666667,0.001645639056500281,0.0,0.0,True,True
T,2022-06-07,False,100.43,0.001645639056500281,0.5569094455141601,0.5857027223053386,0.03434999306581578,0.87991383677091,0.8,-0.0004978592054167841,0.0,0.0,True,True
T,2022-06-08,False,100.38,-0.0004978592054167841,0.49682454340422905,0.5319690500604708,0.01054938962491928,-0.17376728614534173,0.45,0.0010958358238692956,1.0,0.0,False,True
T,2022-06-09,False,100.49,0.0010958358238692956,0.6123448741230547,0.6765284418536182,-0.009165850419468874,1.7858368592061096,0.9166666666666666,-0.0007463429196934435,1.0,1.0,True,False
T,2022-06-10,False,100.415,-0.0007463429196934435,0.5762557707127518,0.6104544815705282,0.007117703458392366,1.1182681491716304,0.8666666666666667,-0.0005975202907931854,0.0,1.0,True,True
T,2022-06-13,False,100.355,-0.0005975202907931854,0.5430149918999266,0.619658891525519,0.005164232008005582,0.5714893881973326,0.7166666666666667,-4.9823127896031494e-05,1.0,0.0,False,True
T,2022-06-14,False,100.35,-4.9823127896031494e-05,0.4422556468701519,0.5924006160823898,-0.017846767529128237,-1.1977283203064972,0.1,-0.0012456402590931281,1.0,1.0,False,False
T,2022-06-15,False,100.225,-0.0012456402590931281,0.5365002930389298,0.5646512422902694,-0.02856892860108498,0.4616760848438982,0.7,0.001097530556248394,1.0,1.0,False,False
T,2022-06-16,False,100.335,0.001097530556248394,0.5629185982821363,0.598619962606322,-0.003318904372222786,0.9082631284175297,0.8166666666666667,0.0005979967110181228,1.0,1.0,True,False
T,2022-06-17,False,100.395,0.0005979967110181228,0.5297347668363503,0.5555068699070385,0.009410250128483183,0.29601153734011815,0.6333333333333333,-0.0020917376363364104,1.0,1.0,False,True
T,2022-06-20,False,100.185,-0.0020917376363364104,0.5559912766104632,0.6190038974017499,0.02207057332780432,0.743485362517165,0.75,9.981534161784822e-05,1.0,1.0,False,True
T,2022-06-21,False,100.195,9.981534161784822e-05,0.5327851862919789,0.5999414068106841,-0.001435753516557481,0.2965866079119234,0.6166666666666667,0.00139727531313949,1.0,1.0,False,False
T,2022-06-22,False,100.335,0.00139727531313949,0.5521405931680673,0.6145220354849573,-0.0018505590772509462,0.6333865500778993,0.7333333333333333,-0.001494991777545085,1.0,1.0,False,False
T,2022-06-23,False,100.185,-0.001494991777545085,0.551528382288692,0.6289202670137676,0.00397365474622875,0.6076091118917674,0.7166666666666667,-0.0008983380745620773,1.0,1.0,False,True
T,2022-06-24,False,100.095,-0.0008983380745620773,0.5459553398747667,0.5733021284059944,-0.00013286774746797957,0.5125858022695582,0.7,-0.0033468205205055,1.0,1.0,False,False
T,2022-06-27,False,99.76,-0.0033468205205055,0.5497740395643557,0.577111773848172,0.0027792453251452966,0.5693800432227953,0.7,-0.0009522854851643503,1.0,1.0,False,True
T,2022-06-28,False,99.665,-0.0009522854851643503,0.48539310737478325,0.5477668228861806,-0.013524931431090449,-0.6309660403223504,0.2833333333333333,0.0011538654492548872,1.0,1.0,False,False
T,2022-06-29,False,99.78,0.0011538654492548872,0.519188297831258,0.5632572110380083,-0.012524240141485166,-0.004494540634489956,0.5166666666666667,0.002154740428943702,1.0,1.0,False,False
T,2022-06-30,False,99.995,0.002154740428943702,0.4964536441025276,0.5300653872070731,-0.012958913327757593,-0.4209618712436765,0.35,-0.00040002000100014534,1.0,1.0,False,False
T,2022-07-01,False,99.955,-0.00040002000100014534,0.5460143702775166,0.5871763015455096,0.00035411981540663383,0.5033059653114044,0.6833333333333333,-0.002050922915311837,1.0,1.0,False,True
T,2022-07-04,False,99.75,-0.002050922915311837,0.5576265562541305,0.5911462626920412,0.017129297020495315,0.7043931642463666,0.8,0.0011027568922306052,0.0,1.0,True,True
T,2022-07-05,False,99.86,0.0011027568922306052,0.5696335158436403,0.6003770726057225,0.016206334817636753,0.9284830674667577,0.8666666666666667,0.0009012617664732048,0.0,0.0,True,True
T,2022-07-06,False,99.95,0.0009012617664732048,0.43896272531411373,0.5199156039856176,-0.009136269201070413,-1.447799703781247,0.08333333333333333,0.00025012506253108135,1.0,0.0,False,False
T,2022-07-07,False,99.975,0.00025012506253108135,0.5071887207151429,0.5980948112342525,-0.01963151300647643,-0.17176529293215476,0.48333333333333334,-0.0003500875218804822,1.0,1.0,False,False
T,2022-07-08,False,99.94,-0.0003500875218804822,0.5617658744238979,0.5977855805874299,-0.005416615878896258,0.8725275569921479,0.8333333333333334,0.0029517710626376648,1.0,1.0,True,False
T,2022-07-11,False,100.235,0.0029517710626376648,0.4292459121307258,0.5669755638770981,-0.015797205831604478,-1.6015198525995524,0.05,0.0008480071831196145,1.0,1.0,False,False
T,2022-07-12,False,100.32,0.0008480071831196145,0.4992868667276562,0.591933762177008,0.0042705474242667905,-0.25735489525028543,0.45,0.0007974481658692412,1.0,1.0,False,True
T,2022-07-13,False,100.4,0.0007974481658692412,0.5015707122550738,0.5504909703199442,-0.007371502461637991,-0.2404745711099218,0.45,0.0009462151394421525,1.0,1.0,False,False
T,2022-07-14,False,100.495,0.0009462151394421525,0.5308330835523928,0.5637750601262062,0.0010459218381337677,0.3265290774658913,0.5833333333333334,0.001094581819991003,1.0,1.0,False,True
T,2022-07-15,False,100.605,0.001094581819991003,0.5881951751750223,0.6273931033316972,0.03494447429133295,1.3952595830803611,0.95,-0.00029819591471602624,0.0,1.0,True,True
T,2022-07-18,False,100.575,-0.00029819591471602624,0.5635679565920685,0.5939074689147722,0.021518664264877307,0.9161769908082,0.8666666666666667,0.0,0.0,0.0,True,True
T,2022-07-19,False,100.575,0.0,0.5131872534813984,0.5485761368260157,0.005596795549232492,-0.12178057469115831,0.48333333333333334,0.0015908525975638632,1.0,0.0,False,True
T,2022-07-20,False,100.735,0.0015908525975638632,0.4862605682313311,0.5917229623825776,-0.016415295233574722,-0.6708037139543135,0.3,0.0009430684469151629,1.0,1.0,False,False
T,2022-07-21,False,100.83,0.0009430684469151629,0.581341437566592,0.6298915096576083,-0.009101486357759803,1.2638888406772888,0.9333333333333333,-0.0010413567390658018,1.0,1.0,True,False
T,2022-07-22,False,100.725,-0.0010413567390658018,0.5123613176072079,0.5571979010360234,-0.0034259093884527526,-0.1282572940855845,0.48333333333333334,4.9640109208271e-05,1.0,1.0,False,False
T,2022-07-25,False,100.73,4.9640109208271e-05,0.5637244667423513,0.6146447333782087,0.01271751758977827,0.8924676633962575,0.85,0.0021344187431746597,0.0,1.0,True,True
T,2022-07-26,False,100.945,0.0021344187431746597,0.5943673986589638,0.6448510688327905,0.019859669003102477,1.468177730672445,0.95,-0.0009411065431670362,0.0,0.0,True,True
T,2022-07-27,False,100.85,-0.0009411065431670362,0.5027932446869219,0.5318437289930998,-0.007509030470758427,-0.3967824146398601,0.4,-0.001338621715418875,1.0,0.0,False,False
T,2022-07-28,False,100.715,-0.001338621715418875,0.5502280879760018,0.5858640259044925,0.00148023186821582,0.563973348562764,0.6666666666666666,0.003326217544556309,1.0,1.0,False,True
T,2022-07-29,False,101.05,0.003326217544556309,0.4290867193326424,0.5763259096776686,-0.031341480550237985,-1.8444850885471826,0.03333333333333333,0.0020286986640276616,1.0,1.0,False,False
T,2022-08-01,False,101.255,0.0020286986640276616,0.4381746263103504,0.478269694608473,-0.03860920700515062,-1.6286577177447439,0.08333333333333333,0.0008888449953088351,1.0,1.0,False,False
T,2022-08-02,False,101.345,0.0008888449953088351,0.4714194562987673,0.5357448676534728,-0.01748010384419605,-0.9661925382351804,0.18333333333333332,0.0002960185504958801,1.0,1.0,False,False
T,2022-08-03,False,101.375,0.0002960185504958801,0.4646749546343558,0.5045436519244354,-0.012877352971716698,-1.103544866619562,0.15,-0.0006905055487052003,1.0,1.0,False,False
T,2022-08-04,False,101.305,-0.0006905055487052003,0.5368927433052229,0.5931283781253702,0.024211237626916626,0.2935098521011198,0.5666666666666667,-0.0006909826760772564,1.0,1.0,False,True
T,2022-08-05,False,101.235,-0.0006909826760772564,0.5055093898711769,0.5448726079151263,0.020014281412810846,-0.3379238269681192,0.38333333333333336,-0.00034573023163919636,1.0,1.0,False,True
T,2022-08-08,False,101.2,-0.00034573023163919636,0.5779621995090064,0.610393802464323,0.025391992165729925,1.0640971683489484,0.8833333333333333,0.00019762845849791155,0.0,1.0,True,True
T,2022-08-09,False,101.22,0.00019762845849791155,0.4731870363205122,0.50477834423924,0.005809361957609627,-0.9675604299579164,0.18333333333333332,-0.0007903576368306631,1.0,0.0,False,True
T,2022-08-10,False,101.14,-0.0007903576368306631,0.5812321039174758,0.6346114658299848,0.005635636767384123,1.105741788650168,0.9,0.0018785841407948922,0.0,1.0,True,True
T,2022-08-11,False,101.33,0.0018785841407948922,0.5735810275488797,0.6088862353890635,0.013941317976387512,0.9604821817830441,0.85,-0.0006908121977695636,0.0,0.0,True,True
T,2022-08-12,False,101.26,-0.0006908121977695636,0.5420513247837077,0.5743609315246478,0.002857224177777007,0.38811991728786616,0.5666666666666667,0.006715386134702683,1.0,0.0,False,True
T,2022-08-15,False,101.94,0.006715386134702683,0.5079484853909515,0.6643404083672244,0.003034211900711048,-0.2996447246833053,0.4166666666666667,0.00044143613890534894,1.0,1.0,False,True
T,2022-08-16,False,101.985,0.00044143613890534894,0.3814923419772616,0.49918101585494373,-0.04651120660383566,-2.640859144072072,0.016666666666666666,0.00029416090601563916,1.0,1.0,False,False
T,2022-08-17,False,102.015,0.00029416090601563916,0.4194823512485473,0.4729827112887647,-0.04687563354071109,-1.8383617210200667,0.05,0.0009802480027445437,1.0,1.0,False,False
T,2022-08-18,False,102.115,0.0009802480027445437,0.4867479929921607,0.5405387746100568,-0.01990727977254981,-0.580054192364457,0.3,,1.0,1.0,False,False
T,2022-08-19,True,101.59,,0.5368998234721845,0.5481327442070432,0.0163158327177365,0.31836889326612283,0.5666666666666667,-0.0005413918692784847,1.0,1.0,False,True
T,2022-08-22,False,101.535,-0.0005413918692784847,0.45779458065455825,0.5287735393587801,0.02700219495782304,-1.1534094155747483,0.15,-0.0010341261633918242,1.0,1.0,False,True
T,2022-08-23,False,101.43,-0.0010341261633918242,0.47859778707785827,0.5092947494773471,0.008927745932101943,-0.7644576147245434,0.23333333333333334,0.0008380163659666984,1.0,1.0,False,True
T,2022-08-24,False,101.515,0.0008380163659666984,0.532846754070712,0.5976884739532771,0.0033895485762776454,0.22888499007735297,0.5166666666666667,-0.002117913608826294,1.0,1.0,False,True
T,2022-08-25,False,101.3,-0.002117913608826294,0.5420281899479371,0.6239160108157982,0.008530890636765908,0.37433352918072116,0.5666666666666667,0.0006910167818361401,1.0,1.0,False,True
T,2022-08-26,False,101.37,0.0006910167818361401,0.48220990551937665,0.5514752938856923,0.011226105259971563,-0.770825495808231,0.21666666666666667,0.0010851336687383029,1.0,1.0,False,True
T,2022-08-29,False,101.48,0.0010851336687383029,0.6112462647881158,0.6622388327352386,0.021466010686917975,1.774262873678068,0.9833333333333333,4.9270792274347386e-05,0.0,1.0,True,True
T,2022-08-30,False,101.485,4.9270792274347386e-05,0.47875489477422223,0.5728888559627668,-0.0038965643752800873,-0.8110397895222257,0.21666666666666667,-0.0004926836478297281,1.0,0.0,False,False
T,2022-08-31,False,101.435,-0.0004926836478297281,0.4727593227782005,0.5099522273046952,-0.014199274508462766,-0.9161318655694902,0.18333333333333332,0.0024646325232908772,1.0,1.0,False,False
T,2022-09-01,False,101.685,0.0024646325232908772,0.5743630246184933,0.6685659088470338,0.0045819296188317985,1.1060405442339554,0.8833333333333333,-0.0007867433741456376,0.0,1.0,True,True
T,2022-09-02,False,101.605,-0.0007867433741456376,0.6506679330741013,0.6981464874464873,0.017445146641624203,2.488749641045908,1.0,0.0010334137099550222,0.0,0.0,True,True
T,2022-09-05,False,101.71,0.0010334137099550222,0.575171078304042,0.6110327185406373,0.03707409773555404,1.0309915273724475,0.8833333333333333,0.0003441156228494169,0.0,0.0,True,True
T,2022-09-06,False,101.745,0.0003441156228494169,0.472437083165071,0.529939759368269,1.6357445928971703e-05,-0.933686770010045,0.16666666666666666,-0.00147427392009436,1.0,0.0,False,True
T,2022-09-07,False,101.595,-0.00147427392009436,0.5994689817584604,0.6364306120779224,-0.012801893562909611,1.4527058879138601,0.9666666666666667,-0.00024607510212126815,1.0,1.0,True,False
T,2022-09-08,False,101.57,-0.00024607510212126815,0.5006359673571515,0.6045614790606356,-0.027576602797948113,-0.3884369743921489,0.35,-0.002609038101801575,1.0,1.0,False,False
T,2022-09-09,False,101.305,-0.002609038101801575,0.5641521146717098,0.5987796261947562,0.0006160956927416083,0.7958829966795989,0.8,0.0008390503923794146,0.0,1.0,True,True
T,2022-09-13,False,101.39,0.0008390503923794146,0.5596126942877688,0.5980240668194826,0.013903435515864504,0.7089308014666326,0.7333333333333333,-0.0010849196173192688,1.0,0.0,False,True
T,2022-09-14,False,101.28,-0.0010849196173192688,0.5267347550871956,0.5721265123118605,-0.008649172641191239,0.0937689427410968,0.5,-9.87361769352324e-05,1.0,1.0,False,False
T,2022-09-15,False,101.27,-9.87361769352324e-05,0.5278119461429119,0.5699505201372967,0.0016934597987006584,0.1219321686293991,0.5166666666666667,-4.937296336526842e-05,1.0,1.0,False,True
T,2022-09-16,False,101.265,-4.937296336526842e-05,0.48116766367319735,0.5207807751001514,-0.019776965014188175,-0.7326997218297998,0.25,0.0006912556164517802,1.0,1.0,False,False
T,2022-09-19,False,101.335,0.0006912556164517802,0.4820549130943226,0.5356771162879254,-0.020068265380089073,-0.6945249606093631,0.26666666666666666,0.0011841910494894137,1.0,1.0,False,False
T,2022-09-20,False,101.455,0.0011841910494894137,0.5007505148595188,0.5278616426497386,-0.009772551350394287,-0.3293034369969961,0.4,0.000591395199842415,1.0,1.0,False,False
T,2022-09-21,False,101.515,0.000591395199842415,0.5312546375194767,0.6115434812840455,0.0026468233939450914,0.23003217817520347,0.5833333333333334,-0.0005417918534207367,1.0,1.0,False,True
T,2022-09-22,False,101.46,-0.0005417918534207367,0.5851822802482721,0.6156411569754864,0.02572289575753036,1.2097132506388133,0.9166666666666666,-0.0018233786713974798,0.0,1.0,True,True
T,2022-09-23,False,101.275,-0.0018233786713974798,0.523720363269533,0.5775664731907005,0.016776266573917408,0.05815909176626739,0.5,-0.0035053073315231,1.0,0.0,False,True
T,2022-09-26,False,100.92,-0.0035053073315231,0.4360678685585983,0.5077877710605718,-0.013689956685178473,-1.512958595388003,0.08333333333333333,0.0010404280618312445,1.0,1.0,False,False
T,2022-09-27,False,101.025,0.0010404280618312445,0.5463168650188048,0.6373755088556241,-0.011898995669101747,0.5085719636114568,0.6833333333333333,-0.0017817371937639548,1.0,1.0,False,False
T,2022-09-28,False,100.845,-0.0017817371937639548,0.5112324099034852,0.5599170710340038,-0.012530323894030203,-0.11770308790286504,0.48333333333333334,-0.0021815657692498824,1.0,1.0,False,False
T,2022-09-29,False,100.625,-0.0021815657692498824,0.5490013543176939,0.6277058420193942,0.012572652344120878,0.5548185688339176,0.7,-0.0005465838509317589,1.0,1.0,False,True
T,2022-09-30,False,100.57,-0.0005465838509317589,0.5062319699109475,0.566790802418254,0.014301269200358757,-0.2475320248844204,0.43333333333333335,0.0031818633787412676,1.0,1.0,False,True
T,2022-10-10,False,100.89,0.0031818633787412676,0.43998714921199994,0.5380573049556509,-0.02176598716061474,-1.4344289905875969,0.11666666666666667,-0.0002477946278125476,1.0,1.0,False,False
T,2022-10-11,False,100.865,-0.0002477946278125476,0.5286472202080542,0.5624782939703629,-0.007418458449655591,0.18204354529938419,0.5666666666666667,0.0018837059435881098,1.0,1.0,False,False
T,2022-10-12,False,101.055,0.0018837059435881098,0.47300039238535657,0.6836562555294996,-0.012958667356756803,-0.8606211734042868,0.2,0.000643214091336386,1.0,1.0,False,False
T,2022-10-13,False,101.12,0.000643214091336386,0.5849247164737215,0.6576881036048793,0.019039873629890448,1.2105443245891663,0.9,0.002768987341772222,0.0,1.0,True,True
T,2022-10-14,False,101.4,0.002768987341772222,0.47640663971611896,0.6091621830082277,0.01291164772739053,-0.7918843000369036,0.23333333333333334,-0.0006410256410257498,1.0,0.0,False,True
T,2022-10-17,False,101.335,-0.0006410256410257498,0.5952807153987372,0.630349705492573,0.01366732377121283,1.406944806801893,0.95,0.0001973651749149763,0.0,1.0,True,True
T,2022-10-18,False,101.355,0.0001973651749149763,0.5398604740179357,0.5770290890245616,0.014407616219017394,0.39098319182801466,0.65,9.866311479433953e-05,1.0,0.0,False,True
T,2022-10-19,False,101.365,9.866311479433953e-05,0.501207584658405,0.5567803438433551,-0.010398042932881624,-0.32319040120109327,0.4,-0.0015291274108419906,1.0,1.0,False,False
T,2022-10-20,False,101.21,-0.0015291274108419906,0.598020817127461,0.663277320820379,0.014915522408235193,1.4187302666571522,0.95,-0.0008398379606757711,0.0,1.0,True,True
T,2022-10-21,False,101.125,-0.0008398379606757711,0.5127726341884286,0.602842814973295,-0.01068558193110919,-0.12138724527736437,0.5,0.001878862793572189,1.0,0.0,False,False
T,2022-10-24,False,101.315,0.001878862793572189,0.5455937929722915,0.5667662993040199,0.0023031687438735183,0.47447034385241854,0.6833333333333333,-0.0012337758476039795,1.0,1.0,False,True
T,2022-10-25,False,101.19,-0.0012337758476039795,0.5555451618646899,0.6097626310435185,0.005624813025740039,0.6619305553604803,0.75,0.002025891886550113,1.0,1.0,False,True
T,2022-10-26,False,101.395,0.002025891886550113,0.4780097960743918,0.6006039018542909,-0.019724951442987703,-0.7449680306428271,0.25,0.001430050791459303,1.0,1.0,False,False
T,2022-10-27,False,101.54,0.001430050791459303,0.4750698764304501,0.5110127704856273,-0.014298951241385655,-0.7876366051752487,0.23333333333333334,0.0010833169194406356,1.0,1.0,False,False
T,2022-10-28,False,101.65,0.0010833169194406356,0.5176632378142855,0.5535240546344662,-0.013633639575025187,0.015943329467917218,0.5166666666666667,0.0011805213969502404,1.0,1.0,False,False
T,2022-10-31,False,101.77,0.0011805213969502404,0.5072158888773961,0.5662911272407384,-0.005700510423469402,-0.20844273452330603,0.45,-0.0017686941141789037,1.0,1.0,False,False
T,2022-11-01,False,101.59,-0.0017686941141789037,0.4719977898784481,0.5068064908164276,0.002012200005505854,-0.905033114991284,0.13333333333333333,-0.0006398267546018355,1.0,1.0,False,True
T,2022-11-02,False,101.525,-0.0006398267546018355,0.5235062197006249,0.5969546257887184,0.0051207238604512265,0.07737856522270421,0.5166666666666667,9.849790691940363e-05,1.0,1.0,False,True
T,2022-11-03,False,101.535,9.849790691940363e-05,0.5256986637650225,0.591506483034666,0.00323611827247029,0.1013322122596615,0.5333333333333333,-0.0014280789875411593,1.0,1.0,False,True
T,2022-11-04,False,101.39,-0.0014280789875411593,0.517618662769374,0.5844924248459292,0.007450642167053012,-0.05174698483324762,0.48333333333333334,0.0004438307525396201,1.0,1.0,False,True
T,2022-11-07,False,101.435,0.0004438307525396201,0.44630949595155467,0.5009766896892225,-0.005726414478503783,-1.4159324455395788,0.08333333333333333,0.0011337309607137858,1.0,1.0,False,False
T,2022-11-08,False,101.55,0.0011337309607137858,0.5079396203845234,0.5340306334255613,-0.011052236644567082,-0.19913267526016346,0.43333333333333335,-0.0001969473165928104,1.0,1.0,False,False
T,2022-11-09,False,101.53,-0.0001969473165928104,0.5503755668136612,0.5768184854110386,0.003967476371242684,0.6105902366487846,0.7666666666666667,-0.00019698611247898068,1.0,1.0,False,True
T,2022-11-10,False,101.51,-0.00019698611247898068,0.5550225972851563,0.5819256380227948,0.017887393989367128,0.7167892050323248,0.7833333333333333,-0.003841986011230425,1.0,1.0,False,True
T,2022-11-11,False,101.12,-0.003841986011230425,0.5142539787200985,0.6345627740088564,0.018297194243772054,-0.07410886916030623,0.48333333333333334,-0.006873022151898778,1.0,1.0,False,True
T,2022-11-14,False,100.425,-0.006873022151898778,0.44947305099087187,0.5747219005521681,-0.015305472688086585,-1.3252814307882521,0.1,0.0006472491909383926,1.0,1.0,False,False
T,2022-11-15,False,100.49,0.0006472491909383926,0.44993426620630683,0.5231630467406744,-0.030643214750899317,-1.2788996633380694,0.11666666666666667,-0.0021892725644342415,1.0,1.0,False,False
T,2022-11-16,False,100.27,-0.0021892725644342415,0.49809202413068115,0.582177066059752,-0.017818085882274202,-0.40041503460808303,0.35,,1.0,1.0,False,False
T,2022-11-17,True,99.825,,0.5425251892571494,0.546268271370373,0.010516139421391119,0.4963887634103133,0.7166666666666667,-0.0026546456298522925,1.0,1.0,False,True
T,2022-11-18,False,99.56,-0.0026546456298522925,0.5153526980067136,0.5563983989839524,0.022435021708252602,-0.09832405570767586,0.48333333333333334,0.0011550823623944773,1.0,1.0,False,True
T,2022-11-21,False,99.675,0.0011550823623944773,0.4488162956057046,0.4799211822127774,0.00150247326748279,-1.476020137952458,0.06666666666666667,0.0002508151492350841,1.0,1.0,False,True
T,2022-11-22,False,99.7,0.0002508151492350841,0.4920320696796057,0.5447604685490798,-0.010582880255359573,-0.5785931536185446,0.31666666666666665,0.0023570712136409266,1.0,1.0,False,False
T,2022-11-23,False,99.935,0.0023570712136409266,0.4709280597315359,0.5150825867868796,-0.01665148873783349,-1.0257516825599458,0.11666666666666667,0.0017511382398558428,1.0,1.0,False,False
T,2022-11-24,False,100.11,0.0017511382398558428,0.43518294585276035,0.4912040849281215,-0.013822774018207511,-1.711925782580297,0.016666666666666666,-0.0035460992907802025,1.0,1.0,False,False
T,2022-11-25,False,99.755,-0.0035460992907802025,0.4958272951859556,0.6045627304327761,0.003717287533365665,-0.43119741524729593,0.35,-0.002255526038794975,1.0,1.0,False,True
T,2022-11-28,False,99.53,-0.002255526038794975,0.5870050705080951,0.6183772964033238,0.021484523711139854,1.416752709528675,0.9166666666666666,-0.0033155832412338215,0.0,1.0,True,True
T,2022-11-29,False,99.2,-0.0033155832412338215,0.5367775804606977,0.5872654893945964,0.028352116611365837,0.4205226614803596,0.6833333333333333,0.0009576612903225978,1.0,0.0,False,True
T,2022-11-30,False,99.295,0.0009576612903225978,0.5237900101347507,0.5849606587323464,0.021816441383872277,0.12927434489775974,0.5833333333333334,0.002870235157862888,1.0,1.0,False,True
T,2022-12-01,False,99.58,0.002870235157862888,0.5614553790801605,0.5896186911754631,0.006804110741506541,0.903488687634679,0.8333333333333334,0.000301265314320176,0.0,1.0,True,True
T,2022-12-02,False,99.61,0.000301265314320176,0.4852298539761656,0.5582915643344677,-0.017887263444439628,-0.7008088133667902,0.2833333333333333,-0.0002007830539102473,1.0,0.0,False,False
T,2022-12-05,False,99.59,-0.0002007830539102473,0.49291513980054424,0.5566182947610328,-0.012628503747889198,-0.5151904657517731,0.31666666666666665,-0.0024098805100915,1.0,1.0,False,False
T,2022-12-06,False,99.35,-0.0024098805100915,0.5862516371956213,0.6257525374710284,0.005638301484212504,1.6367774125529455,0.9333333333333333,0.0023653749370911026,0.0,1.0,True,True
T,2022-12-07,False,99.585,0.0023653749370911026,0.5633753126288138,0.6302351811185256,0.010486165031676231,1.0725330869721332,0.8666666666666667,0.0020585429532562483,0.0,0.0,True,True
T,2022-12-08,False,99.79,0.0020585429532562483,0.5098168941071675,0.5892079133367951,0.011963425309027331,-0.13065065063483772,0.45,-0.0006513678725323935,1.0,0.0,False,True
T,2022-12-09,False,99.725,-0.0006513678725323935,0.49502681068364685,0.5306232356991558,-0.007221140132224868,-0.47971202949577824,0.31666666666666665,-5.013787916763324e-05,1.0,1.0,False,False
T,2022-12-12,False,99.72,-5.013787916763324e-05,0.5189675542284022,0.5627638286677905,-0.020291666787960516,0.10825839230719862,0.5666666666666667,-0.001153229041315651,1.0,1.0,False,False
T,2022-12-13,False,99.605,-0.001153229041315651,0.5558393382158232,0.5860601930085579,-0.0005921288704746397,0.9977211112090197,0.8666666666666667,0.0046684403393402185,1.0,1.0,True,False
T,2022-12-14,False,100.07,0.0046684403393402185,0.5100570969799524,0.6125457468320867,0.006129293327774621,-0.09796779665871692,0.4666666666666667,-0.001149195563105776,1.0,1.0,False,True
T,2022-12-15,False,99.955,-0.001149195563105776,0.46044880077094963,0.513179303736414,-0.007806647707384429,-1.2501651257675612,0.13333333333333333,0.00040018008103648306,1.0,1.0,False,False
T,2022-12-16,False,99.995,0.00040018008103648306,0.4916702291758396,0.5292573249542056,-0.01499851875499989,-0.5129751473678243,0.2833333333333333,0.0019500975048751812,1.0,1.0,False,False
T,2022-12-19,False,100.19,0.0019500975048751812,0.5142033151420121,0.535347867533157,-0.010165891395173498,0.011791216820809428,0.5166666666666667,-0.0016967761253617875,1.0,1.0,False,False
T,2022-12-20,False,100.02,-0.0016967761253617875,0.47074020308485803,0.5243254021055719,-0.0024879273419126215,-1.009777740616464,0.15,0.002549490101979801,1.0,1.0,False,False
T,2022-12-21,False,100.275,0.002549490101979801,0.581674379322048,0.6228125718223864,0.022152113101121522,1.5755126252099525,0.9,-0.0001994515083520998,0.0,1.0,True,True
T,2022-12-22,False,100.255,-0.0001994515083520998,0.5268844609606744,0.5554178703447709,0.01378995277497056,0.32921258094297495,0.6833333333333333,0.00229414991770982,1.0,0.0,False,True
T,2022-12-23,False,100.485,0.00229414991770982,0.5689852903304605,0.5990310208716423,0.01657082082527132,1.2967629870513813,0.9,-0.002139622829278043,0.0,1.0,True,True
T,2022-12-26,False,100.27,-0.002139622829278043,0.5452145442376002,0.5744752120164105,0.013625959331389681,0.7128648812776721,0.7333333333333333,-0.002792460357036064,1.0,0.0,False,True
T,2022-12-27,False,99.99,-0.002792460357036064,0.5017423543173081,0.5548024581471116,-0.014153396673255414,-0.3187762379108301,0.38333333333333336,0.0007000700070007859,1.0,1.0,False,False
T,2022-12-28,False,100.06,0.0007000700070007859,0.47391062348130486,0.5057755218354074,-0.01731906109718916,-0.9695871317593977,0.2,0.0014491305216870476,1.0,1.0,False,False
T,2022-12-29,False,100.205,0.0014491305216870476,0.40881845337269723,0.45591503012852663,-0.03916375946718219,-2.368030525780217,0.016666666666666666,0.00019959083878040573,1.0,1.0,False,False
T,2022-12-30,False,100.225,0.00019959083878040573,0.5596001207607958,0.5949750675515258,-0.006415274789821962,1.0632604413100117,0.85,0.0014467448241457515,1.0,1.0,True,False
T,2023-01-03,False,100.37,0.0014467448241457515,0.5283452554648833,0.628547605506168,0.013889529957464142,0.3265825105232259,0.6666666666666666,0.001594101823253924,1.0,1.0,False,True
T,2023-01-04,False,100.53,0.001594101823253924,0.5637055538738595,0.6047273956714855,0.029911666287729528,1.1246447659050982,0.8833333333333333,-0.0009449915448125346,0.0,1.0,True,True
T,2023-01-05,False,100.435,-0.0009449915448125346,0.4723965621891367,0.5116010328016309,0.013126165074594265,-0.9789013665702879,0.18333333333333332,-0.0008463185144621521,1.0,0.0,False,True
T,2023-01-06,False,100.35,-0.0008463185144621521,0.46362447627472897,0.5280127561529222,-0.024789998224788022,-1.147505799719102,0.13333333333333333,4.9825610363818384e-05,1.0,1.0,False,False
T,2023-01-09,False,100.355,4.9825610363818384e-05,0.585085439878053,0.6119045470843831,0.0013399291227208787,1.613554303614416,0.9333333333333333,-0.002889741417966274,0.0,1.0,True,True
T,2023-01-10,False,100.065,-0.002889741417966274,0.5206414893721015,0.5792510715702679,0.0026560748685400372,0.17021512530193614,0.6,0.0011492529855594569,1.0,0.0,False,True
T,2023-01-11,False,100.18,0.0011492529855594569,0.573512160264115,0.6199865411762214,0.02592482092473291,1.3867703329652035,0.9166666666666666,9.982032341770974e-05,0.0,1.0,True,True
T,2023-01-12,False,100.19,9.982032341770974e-05,0.5352888054788036,0.5586765260604911,0.01317553787942114,0.48231876467510404,0.6833333333333333,-0.0016468709452039931,1.0,0.0,False,True
T,2023-01-13,False,100.025,-0.0016468709452039931,0.5285333872925011,0.5821694619867334,-0.009845678906440159,0.363681902162594,0.6833333333333333,-0.0022494376405899352,1.0,1.0,False,False
T,2023-01-16,False,99.8,-0.0022494376405899352,0.6133940511998907,0.6540036461614012,0.014052635068396435,2.257215350628329,1.0,0.00030060120240471555,0.0,1.0,True,True
T,2023-01-17,False,99.83,0.00030060120240471555,0.4692812032697547,0.5321359865378779,-0.013035666826763359,-1.01751551546789,0.15,-0.000450766302714678,1.0,0.0,False,False
T,2023-01-18,False,99.785,-0.000450766302714678,0.43595381453560766,0.5342173181159726,-0.025792216590913835,-1.7030403506790102,0.05,0.0006514005110989096,1.0,1.0,False,False
T,2023-01-19,False,99.85,0.0006514005110989096,0.4928360086003773,0.5270809970693081,-0.02488349940485306,-0.43310188864207155,0.3333333333333333,-0.001552328492739119,1.0,1.0,False,False
T,2023-01-20,False,99.695,-0.001552328492739119,0.5055701667756117,0.6189831986069003,-0.019209296351793526,-0.15863732175526676,0.4166666666666667,0.0033602487587141017,1.0,1.0,False,False
T,2023-01-30,False,100.03,0.0033602487587141017,0.612976289433455,0.7032248848115003,0.03570065245674046,2.1481126147080563,0.9833333333333333,0.0017494751574527179,0.0,1.0,True,True
T,2023-01-31,False,100.205,0.0017494751574527179,0.4975648738888863,0.5526791303436625,0.024336239953963494,-0.35695328136196075,0.38333333333333336,-0.0009480564842073713,1.0,0.0,False,True
T,2023-02-01,False,100.11,-0.0009480564842073713,0.48734515943023954,0.545094153953417,-0.0018986991227000927,-0.5869576879075037,0.26666666666666666,0.0019478573569073898,1.0,1.0,False,False
T,2023-02-02,False,100.305,0.0019478573569073898,0.5955791309303402,0.6427545099724666,0.005438679830624155,1.7038894221071357,0.9666666666666667,0.0004984796371068079,0.0,1.0,True,True
T,2023-02-03,False,100.355,0.0004984796371068079,0.5034372233801722,0.5656913110834703,-0.012106387506511168,-0.24769309795895442,0.43333333333333335,-0.0008968163021274567,1.0,0.0,False,False
T,2023-02-06,False,100.265,-0.0008968163021274567,0.4846872861772705,0.5280796402991517,-0.0009663111473298958,-0.6325367608373894,0.25,0.00214431755847011,1.0,1.0,False,False
T,2023-02-07,False,100.48,0.00214431755847011,0.4539869631286928,0.4960837062004689,-0.017760823735616316,-1.2906786891786426,0.11666666666666667,-0.0006468949044585726,1.0,1.0,False,False
T,2023-02-08,False,100.415,-0.0006468949044585726,0.5121316530261864,0.565062554477331,-0.02163452160597871,-0.05538158830196601,0.5166666666666667,0.0011452472240203182,1.0,1.0,False,False
T,2023-02-09,False,100.53,0.0011452472240203182,0.5549296808744173,0.589822156032324,0.01304292818374061,0.8523667911414107,0.75,-0.0005968367651447704,1.0,1.0,False,True
T,2023-02-10,False,100.47,-0.0005968367651447704,0.4893858287755384,0.518456899653768,0.01103398029422602,-0.5190110030162073,0.3,0.00029859659599873467,1.0,1.0,False,True
T,2023-02-13,False,100.5,0.00029859659599873467,0.48380401991854866,0.500935698425921,0.003688828932906374,-0.6251369383418197,0.25,0.0003980099502487455,1.0,1.0,False,True
T,2023-02-14,False,100.54,0.0003980099502487455,0.5426618858684682,0.583591568468607,-0.001006519527130495,0.6008572506832046,0.7333333333333333,4.9731450169065994e-05,1.0,1.0,False,False
T,2023-02-15,False,100.545,4.9731450169065994e-05,0.5167378224244413,0.5398812487642418,-0.002310765980702212,0.01888301372527211,0.5666666666666667,0.0014421403351732032,1.0,1.0,False,False
T,2023-02-16,False,100.69,0.0014421403351732032,0.49801328910800624,0.7069308609714468,0.00501887231708284,-0.3912950517838289,0.4166666666666667,-0.0004965736418710565,1.0,1.0,False,True
T,2023-02-17,False,100.64,-0.0004965736418710565,0.5809566023297935,0.6885924755525634,0.014965656806202775,1.3920664191975534,0.8833333333333333,-0.0025337837837837718,0.0,1.0,True,True
T,2023-02-20,False,100.385,-0.0025337837837837718,0.48200940929899944,0.5782575461810672,-0.0057086173233585336,-0.7300156141340027,0.21666666666666667,,1.0,0.0,False,False
T,2023-02-21,True,99.48,,0.5029331037602546,0.5171029975323487,-0.004361331713738032,-0.30477950196989906,0.45,0.0010052271813429936,1.0,1.0,False,False
T,2023-02-22,False,99.58,0.0010052271813429936,0.44364227337736567,0.48697888307538123,-0.01867655300308201,-1.555126961857595,0.06666666666666667,0.00025105442860007265,1.0,1.0,False,False
T,2023-02-23,False,99.605,0.00025105442860007265,0.46983929718889583,0.5045387527252282,-0.026060174620342914,-0.9917464475052526,0.15,0.001104362230811784,1.0,1.0,False,False
T,2023-02-24,False,99.715,0.001104362230811784,0.5161390967686921,0.5622108669737468,0.0035165568368026533,-0.027490049636308796,0.55,0.00020057162914310922,1.0,1.0,False,True
T,2023-02-27,False,99.735,0.00020057162914310922,0.5258872802708912,0.6062983624693126,0.011840517641259957,0.17668448605509007,0.6166666666666667,0.0009023913370431735,1.0,1.0,False,True
T,2023-02-28,False,99.825,0.0009023913370431735,0.6015898202158426,0.6422057404542201,0.03719430767589492,1.8264571325386005,0.9666666666666667,0.000601051840721345,0.0,1.0,True,True
T,2023-03-01,False,99.885,0.000601051840721345,0.5505049855926494,0.5892883447504175,0.024678210025465764,0.7015131336554841,0.7333333333333333,-0.0014016118536316347,1.0,0.0,False,True
T,2023-03-02,False,99.745,-0.0014016118536316347,0.5182074898583653,0.6076080340165866,0.0028754491501104653,-0.0012721354757583793,0.5666666666666667,0.0006015339114742169,1.0,1.0,False,True
T,2023-03-03,False,99.805,0.0006015339114742169,0.6093236360312021,0.6678058408705522,0.008349038116314456,1.921033119812868,0.9666666666666667,0.001953809929362116,0.0,1.0,True,True
T,2023-03-06,False,100.0,0.001953809929362116,0.4997280882459243,0.629204949935088,-0.014490481350128393,-0.4179103686722566,0.38333333333333336,0.0014000000000000679,1.0,0.0,False,False
T,2023-03-07,False,100.14,0.0014000000000000679,0.4997566077305804,0.555641208055693,-0.011997615733657896,-0.4202472668046062,0.38333333333333336,-0.00044937088076690834,1.0,1.0,False,False
T,2023-03-08,False,100.095,-0.00044937088076690834,0.527405051696417,0.5936177668639874,-0.009117190462451819,0.19503922440726812,0.65,0.0009990509016433169,1.0,1.0,False,False
T,2023-03-09,False,100.195,0.0009990509016433169,0.5613364160802938,0.6102232396724054,-0.006829747645132378,0.9345176688328402,0.8166666666666667,0.0009481511053446301,1.0,1.0,True,False
T,2023-03-10,False,100.29,0.0009481511053446301,0.5046374536365232,0.5668941770190143,0.007139853913091132,-0.2976559792717309,0.45,-0.0008475421278293371,1.0,1.0,False,True
T,2023-03-13,False,100.205,-0.0008475421278293371,0.6113566848597257,0.6404281536639197,0.020043255619839682,1.9221935612692853,0.9666666666666667,0.0013971358714635063,0.0,1.0,True,True
T,2023-03-14,False,100.345,0.0013971358714635063,0.5254684043382587,0.5893032791609278,0.004614697406311518,0.10766403270393833,0.5833333333333334,-0.0008969056754198901,1.0,0.0,False,True
T,2023-03-15,False,100.255,-0.0008969056754198901,0.5731477019182197,0.6075360654622654,0.004445352237758726,1.1012050199042658,0.8333333333333334,0.002144531444815856,0.0,1.0,True,True
T,2023-03-16,False,100.47,0.002144531444815856,0.4605364840028147,0.5635134534171928,-0.012641092220892302,-1.228064150873859,0.1,-0.00044789489399821303,1.0,0.0,False,False
T,2023-03-17,False,100.425,-0.00044789489399821303,0.5051252273814407,0.5326496125081377,-0.027739483529201397,-0.32391910172861565,0.45,0.0006472491909383926,1.0,1.0,False,False
T,2023-03-20,False,100.49,0.0006472491909383926,0.551911487942104,0.6130440414089251,-0.0015136307329088438,0.6358641200526735,0.7333333333333333,-0.0010946362822171762,1.0,1.0,False,False
T,2023-03-21,False,100.38,-0.0010946362822171762,0.4960695537847819,0.5805249189091357,-0.006278129232758639,-0.5271908273755835,0.3,0.0002490535963339813,1.0,1.0,False,False
T,2023-03-22,False,100.405,0.0002490535963339813,0.5679824257385586,0.607812962433253,0.020583620987482898,0.944887953066587,0.8,-0.0006971764354365417,0.0,1.0,True,True
T,2023-03-23,False,100.335,-0.0006971764354365417,0.5136072219181387,0.5611547743587844,0.0033034926869850547,-0.1731164775450819,0.48333333333333334,-0.0010464942442816039,1.0,0.0,False,True
T,2023-03-24,False,100.23,-0.0010464942442816039,0.5260162909902995,0.5926321977808872,-0.003425272577025229,0.09065215662186243,0.6,0.002194951611294016,1.0,1.0,False,False
T,2023-03-27,False,100.45,0.002194951611294016,0.524793880234397,0.5934916697836423,0.0015482518150971014,0.08103695908990549,0.5666666666666667,-4.9776007964297264e-05,1.0,1.0,False,True
T,2023-03-28,False,100.445,-4.9776007964297264e-05,0.42392633138605373,0.4802099434565405,-0.027692553038875144,-1.971169774308667,0.03333333333333333,0.00024889242869230443,1.0,1.0,False,False
T,2023-03-29,False,100.47,0.00024889242869230443,0.5323664493507407,0.5719671132447608,-0.006457150473904161,0.266942946757635,0.6833333333333333,-0.000995321986662634,1.0,1.0,False,False
T,2023-03-30,False,100.37,-0.000995321986662634,0.5149417701807332,0.5840098432645032,-0.0014576472502788817,-0.10956772091916182,0.48333333333333334,0.0008468665936036679,1.0,1.0,False,False
T,2023-03-31,False,100.455,0.0008468665936036679,0.5325494569586292,0.606976252017141,0.010652659224314387,0.22614358497939205,0.6833333333333333,-0.0015927529739684365,1.0,1.0,False,True
T,2023-04-03,False,100.295,-0.0015927529739684365,0.5608338334098371,0.6012620550421219,0.027399801165545513,0.8461088462626077,0.7833333333333333,0.0006979410738321423,1.0,1.0,False,True
T,2023-04-04,False,100.365,0.0006979410738321423,0.4599621587102745,0.560896312032943,-0.009891651805182856,-1.321659613214148,0.08333333333333333,-0.00014945449110748132,1.0,1.0,False,False
T,2023-04-06,False,100.35,-0.00014945449110748132,0.585835090929682,0.6204132491961821,0.006919934324954297,1.3774633001730703,0.9,0.0019930244145491827,0.0,1.0,True,True
T,2023-04-07,False,100.55,0.0019930244145491827,0.5850729842801342,0.6406348367440605,0.013004831216285494,1.3137165208152735,0.8666666666666667,0.000546991546494402,0.0,0.0,True,True
T,2023-04-10,False,100.605,0.000546991546494402,0.5686595999504976,0.616414684376699,0.014076235865118086,0.9330954922614586,0.8,0.0015903782118185106,0.0,0.0,True,True
T,2023-04-11,False,100.765,0.0015903782118185106,0.5133563162593777,0.5922564456791073,0.008961282411902204,-0.2297651623264566,0.43333333333333335,0.0006450652508311894,1.0,0.0,False,True
T,2023-04-12,False,100.83,0.0006450652508311894,0.5502744041237744,0.6105597654294915,-0.014283804163257174,0.5603957688838576,0.7,-0.000644649409897835,1.0,1.0,False,False
T,2023-04-13,False,100.765,-0.000644649409897835,0.5669840115762095,0.6282424656256554,-0.005456314123457273,0.92717382045125,0.8,-0.0003473428273705892,1.0,1.0,True,False
T,2023-04-14,False,100.73,-0.0003473428273705892,0.5739851409968643,0.627280377074217,0.0064278777409565,1.0555227427505558,0.85,-0.001538767000893504,0.0,1.0,True,True
T,2023-04-17,False,100.575,-0.001538767000893504,0.4501009240879596,0.5656793565753379,-0.010280004746974635,-1.5504006592662074,0.06666666666666667,0.0011434253044990683,1.0,0.0,False,False
T,2023-04-18,False,100.69,0.0011434253044990683,0.5446088620366247,0.5868675312384132,-0.012821417166254918,0.4800742592540513,0.6833333333333333,0.0004469162776838953,1.0,1.0,False,False
T,2023-04-19,False,100.735,0.0004469162776838953,0.4673380963974587,0.551237963534887,-0.022866810931774107,-1.196400097871623,0.13333333333333333,-0.00014890554424973335,1.0,1.0,False,False
T,2023-04-20,False,100.72,-0.00014890554424973335,0.5649639936711558,0.5994959289448772,-8.051223419178188e-05,0.8970044717249795,0.7833333333333333,0.0017871326449563352,1.0,1.0,False,False
T,2023-04-21,False,100.9,0.0017871326449563352,0.5638763185735922,0.6047840859569167,0.024790592060579632,0.8449147349680238,0.7666666666666667,0.0005946481665013437,1.0,1.0,False,True
T,2023-04-24,False,100.96,0.0005946481665013437,0.5041763893478463,0.5381620089080345,0.0015673276798576553,-0.4794045795842881,0.35,-4.9524564183833775e-05,1.0,1.0,False,True
T,2023-04-25,False,100.955,-4.9524564183833775e-05,0.5106110685456836,0.5466921232609327,0.0025758339973140252,-0.30865315440818786,0.4,0.0013372294586697642,1.0,1.0,False,True
T,2023-04-26,False,101.09,0.0013372294586697642,0.5135236653249178,0.5548912590748036,-0.015614590672038464,-0.24864888795814494,0.43333333333333335,0.0020773568107625984,1.0,1.0,False,False
T,2023-04-27,False,101.3,0.0020773568107625984,0.4847811803210668,0.5590737421006473,-0.014884300052797927,-0.9074487708904122,0.2,-0.00044422507403751865,1.0,1.0,False,False
T,2023-04-28,False,101.255,-0.00044422507403751865,0.4160922656387441,0.45366343843965307,-0.020199813564282115,-2.3528348901990577,0.016666666666666666,0.0012838872154461445,1.0,1.0,False,False
T,2023-05-04,False,101.385,0.0012838872154461445,0.3907906256372315,0.4446013436054783,-0.03370722855030779,-2.69436623591653,0.016666666666666666,0.0029097006460521158,1.0,1.0,False,False
T,2023-05-05,False,101.68,0.0029097006460521158,0.4175145626383849,0.4920656386629568,-0.028600876005690112,-2.0431605550445497,0.05,-0.0019669551534224894,1.0,1.0,False,False
T,2023-05-08,False,101.48,-0.0019669551534224894,0.4621204580289329,0.5164148402904715,-0.004389914758462699,-1.1456650644160717,0.15,0.000640520299566294,1.0,1.0,False,False
T,2023-05-09,False,101.545,0.000640520299566294,0.4724123845484419,0.5481992318199566,0.01839700702110971,-0.9162941452147455,0.2,0.0015756561130533253,1.0,1.0,False,True
T,2023-05-10,False,101.705,0.0015756561130533253,0.5065824564400744,0.5736635248778986,0.028648148351574282,-0.2109066652551918,0.4166666666666667,0.001278206577847607,1.0,1.0,False,True
T,2023-05-11,False,101.835,0.001278206577847607,0.3736503669684262,0.47125489243704966,-0.004326639292877593,-2.690736128675938,0.016666666666666666,-0.0007855845239848058,1.0,1.0,False,False
T,2023-05-12,False,101.755,-0.0007855845239848058,0.38303255182697316,0.45343898004834754,-0.025693782998393526,-2.3648831270020287,0.03333333333333333,-0.0005405139796569314,1.0,1.0,False,False
T,2023-05-15,False,101.7,-0.0005405139796569314,0.49549608525305955,0.5333504848237614,-0.007738250320386597,-0.3105585388335844,0.2833333333333333,9.83284169124854e-05,1.0,1.0,False,False
T,2023-05-16,False,101.71,9.83284169124854e-05,0.45382147992477556,0.5370983824555134,0.0016323765254035727,-1.0391159510878756,0.15,-0.000786549995084096,1.0,1.0,False,True
T,2023-05-17,False,101.63,-0.000786549995084096,0.5016115743823246,0.556536533166838,0.032671134292559925,-0.17980660048221467,0.36666666666666664,0.0,1.0,1.0,False,True
T,2023-05-18,False,101.63,0.0,0.5701096467638632,0.6158768394625942,0.03802696790030452,1.0610591962058606,0.8833333333333333,,0.0,1.0,True,True
T,2023-05-19,True,101.305,,0.457773782032161,0.4667788663434004,0.004084356039729059,-0.9571188837116699,0.16666666666666666,0.0005429149597748761,1.0,0.0,False,True
T,2023-05-22,False,101.36,0.0005429149597748761,0.5139034730761616,0.548633421114922,0.0076326193952608425,0.04871567358034342,0.5166666666666667,0.0021704814522494065,1.0,1.0,False,True
T,2023-05-23,False,101.58,0.0021704814522494065,0.4768682664412467,0.5618618017114512,-0.01056927895698575,-0.6331092359720251,0.26666666666666666,-4.9222287851868884e-05,1.0,1.0,False,False
T,2023-05-24,False,101.575,-4.9222287851868884e-05,0.4248533007796118,0.4669930014363687,-0.027141820755941716,-1.5390762292040823,0.11666666666666667,-0.0010337189269012947,1.0,1.0,False,False
T,2023-05-25,False,101.47,-0.0010337189269012947,0.4951413040217191,0.5409574055431121,-0.0014315128317433645,-0.27688609210036935,0.3,-0.0010840642554449387,1.0,1.0,False,False
T,2023-05-26,False,101.36,-0.0010840642554449387,0.5857920157020972,0.656821876720368,0.016205012283234354,1.3051636689618604,0.9333333333333333,0.001282557221783609,0.0,1.0,True,True
T,2023-05-29,False,101.49,0.001282557221783609,0.5664862013775174,0.662571668469591,0.034017458479502674,0.9889685693921398,0.8166666666666667,-0.0005911912503693273,0.0,0.0,True,True
T,2023-05-30,False,101.43,-0.0005911912503693273,0.5670327164057535,0.6170988144865744,0.035570372860808164,0.9896152558524576,0.8333333333333334,0.0008873114463174847,0.0,0.0,True,True
T,2023-05-31,False,101.52,0.0008873114463174847,0.5816751467014826,0.6177631557868148,0.015430838606318331,1.2153749084989947,0.9166666666666666,0.0012805358550040946,0.0,0.0,True,True
T,2023-06-01,False,101.65,0.0012805358550040946,0.5567267891848299,0.5823147679231818,-0.004294150771056937,0.809018509722607,0.7166666666666667,-0.003492375799311387,1.0,0.0,False,False
T,2023-06-02,False,101.295,-0.003492375799311387,0.5067420851485087,0.578440499381416,-0.012979415967894092,-0.08759030982189589,0.45,0.0017276272274051596,1.0,1.0,False,False
T,2023-06-05,False,101.47,0.0017276272274051596,0.5590001322394268,0.5905874504806075,-0.009099822988562722,0.8256327874066598,0.7166666666666667,0.0014782694392432294,1.0,1.0,False,False
T,2023-06-06,False,101.62,0.0014782694392432294,0.5368340950217718,0.5844587008099821,-0.008740876030482458,0.4278058065609136,0.6333333333333333,0.000787246604998959,1.0,1.0,False,False
T,2023-06-07,False,101.7,0.000787246604998959,0.5685259992168497,0.606529769408287,0.0053690429937302666,0.9873323341977088,0.85,-0.0007374631268436405,0.0,1.0,True,True
T,2023-06-08,False,101.625,-0.0007374631268436405,0.5871037651470491,0.6226129394946026,0.017024922697450363,1.2746859149134273,0.9833333333333333,0.0026076260762608605,0.0,0.0,True,True
T,2023-06-09,False,101.89,0.0026076260762608605,0.49214865141966224,0.5854034605098908,-0.008343329151425183,-0.36117410030190567,0.3,-9.814505839633725e-05,1.0,0.0,False,False
T,2023-06-12,False,101.88,-9.814505839633725e-05,0.5394419311078,0.5855480779086765,-0.007116167562513098,0.482095108149514,0.6333333333333333,0.0026010993325480403,1.0,1.0,False,False
T,2023-06-13,False,102.145,0.0026010993325480403,0.46367287589372724,0.5443392569257253,-0.02573680806854939,-0.8454708267834563,0.23333333333333334,0.000489500220275163,1.0,1.0,False,False
T,2023-06-14,False,102.195,0.000489500220275163,0.34722076556264436,0.38645978466121245,-0.05082417746947445,-2.7313294168847686,0.016666666666666666,-0.0034248250892899845,1.0,1.0,False,False
T,2023-06-15,False,101.845,-0.0034248250892899845,0.38154888934115133,0.41053090130265596,-0.04134206897021775,-2.0390844382463866,0.05,-0.0025528990132064333,1.0,1.0,False,False
T,2023-06-16,False,101.585,-0.0025528990132064333,0.5166852223825483,0.5617042372603039,-0.012763740400307932,0.17218096006614836,0.5666666666666667,-0.0013781562238519562,1.0,1.0,False,False
T,2023-06-19,False,101.445,-0.0013781562238519562,0.5698940869623846,0.604955441477361,0.03819068789572187,1.0136466459657159,0.8833333333333333,0.0013307703681797456,0.0,1.0,True,True
T,2023-06-20,False,101.58,0.0013307703681797456,0.4924682516229264,0.5734921957919686,0.04788401697417974,-0.22336206034414646,0.35,0.0008860011813349722,1.0,0.0,False,True
T,2023-06-21,False,101.67,0.0008860011813349722,0.390768276638372,0.4248678472452177,-0.0005778196165180605,-1.8001460463466266,0.08333333333333333,0.0005409658699713216,1.0,1.0,False,False
T,2023-06-26,False,101.725,0.0005409658699713216,0.44836590255726116,0.4883449322681663,-0.031576444997458694,-0.8599620471800012,0.18333333333333332,-0.0008847382649298519,1.0,1.0,False,False
T,2023-06-27,False,101.635,-0.0008847382649298519,0.5736630041830405,0.6079105736441525,-0.0036564514624353507,1.0965958162163876,0.9,0.0013282825798197617,1.0,1.0,True,False
T,2023-06-28,False,101.77,0.0013282825798197617,0.4048983882815017,0.5232765846686502,0.0007755000861819128,-1.529337553496463,0.11666666666666667,0.00039304313648425016,1.0,1.0,False,True
T,2023-06-29,False,101.81,0.00039304313648425016,0.49293073207105836,0.5616739237886588,0.016085739658961328,-0.1510083661520335,0.4,0.0017679992142225487,1.0,1.0,False,True
T,2023-06-30,False,101.99,0.0017679992142225487,0.5441773756138341,0.58215779888371,0.011089067400116365,0.6371795407201097,0.65,-0.0010785371114815367,1.0,1.0,False,True
T,2023-07-03,False,101.88,-0.0010785371114815367,0.49905087863856434,0.5311776628880724,-0.000994526375661997,-0.05454579664884507,0.45,-0.0013250883392225132,1.0,1.0,False,False
T,2023-07-04,False,101.745,-0.0013250883392225132,0.5140310873023981,0.6620553604027166,0.022438554460929877,0.19176413701384337,0.6,0.001670843776107045,1.0,1.0,False,True
T,2023-07-05,False,101.915,0.001670843776107045,0.5186712676085248,0.5821574794174191,0.0021334782763496873,0.24986788301180954,0.6166666666666667,-0.000588725899033582,1.0,1.0,False,True
T,2023-07-06,False,101.855,-0.000588725899033582,0.46786802993165527,0.6155109937772324,-0.013299830239439713,-0.523476590990312,0.3,0.0007854302685188497,1.0,1.0,False,False
T,2023-07-07,False,101.935,0.0007854302685188497,0.5431253233837627,0.6002782862615228,0.004198583211965395,0.6921669066827008,0.6833333333333333,0.0003924069259821916,1.0,1.0,False,True
T,2023-07-10,False,101.975,0.0003924069259821916,0.5793911053187624,0.6209652971471235,0.015517409180796648,1.268215524576699,0.95,0.0006864427555774988,0.0,1.0,True,True
T,2023-07-11,False,102.045,0.0006864427555774988,0.41816483081908906,0.5244116117709566,-0.008948979819176434,-1.2729976510371535,0.16666666666666666,4.899799108226688e-05,1.0,0.0,False,False
T,2023-07-12,False,102.05,4.899799108226688e-05,0.5049191887083089,0.5394588759445216,-0.005085817501136647,0.1111372913781767,0.5166666666666667,-0.0004899559039686086,1.0,1.0,False,False
T,2023-07-13,False,102.0,-0.0004899559039686086,0.5129976155484329,0.5795356802589663,-0.013472733228111312,0.2564191755596738,0.5833333333333334,-0.00034313725490198177,1.0,1.0,False,False
T,2023-07-14,False,101.965,-0.00034313725490198177,0.6449666236988414,0.7145903466460944,0.022598382148950193,2.278840328680677,1.0,0.0017653116265383684,0.0,1.0,True,True
T,2023-07-17,False,102.145,0.0017653116265383684,0.46554313047496027,0.5877655733295913,0.023480403430227493,-0.512606621118464,0.2833333333333333,0.000783200352440172,1.0,0.0,False,True
T,2023-07-18,False,102.225,0.000783200352440172,0.4497604179006657,0.5472944136503713,-0.015777202668875907,-0.7335624792900883,0.21666666666666667,-0.0004891171435558173,1.0,1.0,False,False
T,2023-07-19,False,102.175,-0.0004891171435558173,0.560699810206338,0.6246095204279591,-0.009980181648236563,0.9629867935192776,0.7833333333333333,0.0009297773427943135,1.0,1.0,False,False
T,2023-07-20,False,102.27,0.0009297773427943135,0.5044934018345456,0.5614613692067341,-0.018578976399721385,0.11014761575334243,0.5166666666666667,0.0008311332746651079,1.0,1.0,False,False
T,2023-07-21,False,102.355,0.0008311332746651079,0.5719467727439848,0.64366626279668,0.026754026847192892,1.1582760854430432,0.9,0.0006838942894826783,0.0,1.0,True,True
T,2023-07-24,False,102.425,0.0006838942894826783,0.5108052637336533,0.5787428459197512,0.013333665420362207,0.2043171875127747,0.5833333333333334,-0.005613863802782504,1.0,0.0,False,True
T,2023-07-25,False,101.85,-0.005613863802782504,0.31267870346074617,0.4459214703284243,-0.04897303515920759,-2.652807667834669,0.016666666666666666,0.0021600392734413276,1.0,1.0,False,False
T,2023-07-26,False,102.07,0.0021600392734413276,0.43664277245868777,0.5837685865116548,-0.03949693280349543,-0.8200400873641323,0.21666666666666667,0.0010287057901441354,1.0,1.0,False,False
T,2023-07-27,False,102.175,0.0010287057901441354,0.5260243526846478,0.5895697421791524,-0.016600733139363954,0.46737404040952063,0.6833333333333333,-0.0011255199412771866,1.0,1.0,False,False
T,2023-07-28,False,102.06,-0.0011255199412771866,0.5297868980438131,0.6359818397471204,0.02513089178442211,0.4988774811131883,0.6833333333333333,-0.000685871056241516,1.0,1.0,False,True
T,2023-07-31,False,101.99,-0.000685871056241516,0.5122867131696013,0.6393375288779624,0.04923601450028355,0.2176253304562388,0.5666666666666667,0.00019609765663308742,1.0,1.0,False,True
T,2023-08-01,False,102.01,0.00019609765663308742,0.45285643587420366,0.5651238629914097,0.0018689687315985304,-0.6841520949816525,0.21666666666666667,0.0007842368395254429,1.0,1.0,False,True
T,2023-08-02,False,102.09,0.0007842368395254429,0.46296095695983613,0.5458118387414466,-0.020305725361923266,-0.5322950010800115,0.26666666666666666,0.0012733862278382357,1.0,1.0,False,False
T,2023-08-03,False,102.22,0.0012733862278382357,0.4588164982421128,0.5049191868481178,-0.01912665558131657,-0.590283452529662,0.26666666666666666,0.0002934846409705649,1.0,1.0,False,False
T,2023-08-04,False,102.25,0.0002934846409705649,0.515922610562029,0.5714519012753512,0.0013231857152764647,0.26565733154875054,0.6166666666666667,0.0005867970660147215,1.0,1.0,False,True
T,2023-08-07,False,102.31,0.0005867970660147215,0.43143002706981926,0.5467078404330487,0.0010108835993424103,-1.0406573019560197,0.15,0.0003909686247678401,1.0,1.0,False,True
T,2023-08-08,False,102.35,0.0003909686247678401,0.4707517891510592,0.5098579011425992,-0.001180480678984741,-0.4715619473339925,0.3333333333333333,-0.00014655593551538004,1.0,1.0,False,False
T,2023-08-09,False,102.335,-0.00014655593551538004,0.4897051288628745,0.5257012568372684,0.0016606439830553544,-0.17123261727553368,0.36666666666666664,-0.00034201397371369513,1.0,1.0,False,True
T,2023-08-10,False,102.3,-0.00034201397371369513,0.5159731842632079,0.5554261165457498,0.005837624919541301,0.22740733110948708,0.6166666666666667,0.0005865102639297515,1.0,1.0,False,True
T,2023-08-11,False,102.36,0.0005865102639297515,0.4511247416324957,0.4889227705469699,0.008461082423750165,-0.7815355600275745,0.2,0.0008792497069167737,1.0,1.0,False,True
T,2023-08-14,False,102.45,0.0008792497069167737,0.43894497506064556,0.5237380386735953,-0.010219401541120604,-0.941401462092618,0.16666666666666666,0.002489019033674822,1.0,1.0,False,False
T,2023-08-15,False,102.705,0.002489019033674822,0.2381298800855873,0.30561984887248256,-0.058017870675713665,-3.588552897870015,0.016666666666666666,0.0010710286743584874,1.0,1.0,False,False
T,2023-08-16,False,102.815,0.0010710286743584874,0.2974473991286412,0.32987462184161886,-0.06500464318160418,-2.5539092964146515,0.03333333333333333,-0.0009239896902203393,1.0,1.0,False,False
T,2023-08-17,False,102.72,-0.0009239896902203393,0.4335781909845485,0.5707587259156569,-0.017659067722789884,-0.7476469997621298,0.18333333333333332,0.0009735202492211492,1.0,1.0,False,False
T,2023-08-18,False,102.82,0.0009735202492211492,0.47810164194976495,0.5902454681335092,0.02737616446772,-0.17647837045552908,0.38333333333333336,0.002285547558840806,1.0,1.0,False,True
T,2023-08-21,False,103.055,0.002285547558840806,0.4259365846085024,0.5223658007018048,0.055626765186695404,-0.8443864166174605,0.15,,1.0,1.0,False,True
T,2023-08-22,True,102.665,,0.4903542078302166,0.5006225834695444,0.037817201102710474,0.021572226748050146,0.43333333333333335,-0.0001461062679588565,1.0,1.0,False,True
T,2023-08-23,False,102.65,-0.0001461062679588565,0.4798081176262678,0.5139492562172919,0.01047124191638903,-0.10035425993827396,0.4166666666666667,0.000146127618119829,1.0,1.0,False,True
T,2023-08-24,False,102.665,0.000146127618119829,0.4799594465776773,0.5084565947327653,0.005758714227359007,-0.07963621252397213,0.43333333333333335,-0.0016071689475478657,1.0,1.0,False,True
T,2023-08-25,False,102.5,-0.0016071689475478657,0.5353393280121707,0.6174469398788339,0.020841072555479716,0.6886306585564524,0.7666666666666667,-0.00053658536585377,1.0,1.0,False,True
T,2023-08-28,False,102.445,-0.00053658536585377,0.4288586331317564,0.6672986698992701,-0.00674599390110176,-0.7433147496730174,0.16666666666666666,-0.001464200302601304,1.0,1.0,False,False
T,2023-08-29,False,102.295,-0.001464200302601304,0.42991741249980053,0.5669475599993196,-0.015088222369885546,-0.7087288866894728,0.18333333333333332,0.0010753213744563173,1.0,1.0,False,False
T,2023-08-30,False,102.405,0.0010753213744563173,0.5200275704130756,0.5743509285051319,-0.00252856678415736,0.538516329707247,0.75,9.765148186136052e-05,1.0,1.0,False,False
T,2023-08-31,False,102.415,9.765148186136052e-05,0.5890928737859127,0.6370129388167438,0.019867602882880326,1.459611174120261,0.9833333333333333,-0.002978079382902954,0.0,1.0,True,True
T,2023-09-01,False,102.11,-0.002978079382902954,0.4488781618466176,0.5356218201444485,0.01992145187158346,-0.42651183584708163,0.2833333333333333,-0.0016159044168054804,1.0,0.0,False,True
T,2023-09-04,False,101.945,-0.0016159044168054804,0.5176038465463619,0.5788095254506048,0.010422345952666483,0.5438806547106934,0.75,-0.00039236843395940024,1.0,1.0,False,True
T,2023-09-05,False,101.905,-0.00039236843395940024,0.4687883802759497,0.5390739304164692,-0.017396740751380247,-0.13350789513579664,0.43333333333333335,-0.002207938766498163,1.0,1.0,False,False
T,2023-09-06,False,101.68,-0.002207938766498163,0.5570712661157473,0.6445322288161671,-0.004413299691099865,1.092987885640382,0.8833333333333333,-0.000885129819040209,1.0,1.0,True,False
T,2023-09-07,False,101.59,-0.000885129819040209,0.5704346286992974,0.6255194419762659,0.028258035327474496,1.2381671387994055,0.9166666666666666,0.0009351314105718878,0.0,1.0,True,True
T,2023-09-08,False,101.685,0.0009351314105718878,0.41905344039227405,0.5266155118344783,-0.00954545638848281,-0.8802892812904967,0.13333333333333333,0.0005900575306092559,1.0,0.0,False,False
T,2023-09-11,False,101.745,0.0005900575306092559,0.5229683991662887,0.5758875513593418,-0.0029657787942795333,0.557138408939841,0.7666666666666667,0.0004422821760283746,1.0,1.0,False,False
T,2023-09-12,False,101.79,0.0004422821760283746,0.5003743200795463,0.5426587162138103,-0.016086012160541074,0.2386613641565231,0.5666666666666667,0.0014245014245013454,1.0,1.0,False,False
T,2023-09-13,False,101.935,0.0014245014245013454,0.44915142358443405,0.5049807555264197,-0.016124553054245445,-0.47046900248504553,0.2833333333333333,0.00132437337518998,1.0,1.0,False,False
T,2023-09-14,False,102.07,0.00132437337518998,0.5280512964024924,0.5506121914047912,0.014417873643858204,0.6599318287339013,0.8,-0.0025472714803564944,0.0,1.0,True,True
T,2023-09-15,False,101.81,-0.0025472714803564944,0.622386681263094,0.6482754716160624,0.022651354051655682,1.929158961496642,0.9833333333333333,-0.0009822217856793047,0.0,0.0,True,True
T,2023-09-18,False,101.71,-0.0009822217856793047,0.4941897419058036,0.5915411688893981,0.016086610133117463,0.10356957599858194,0.5166666666666667,0.0002949562481564527,1.0,0.0,False,True
T,2023-09-19,False,101.74,0.0002949562481564527,0.5497372277523911,0.5913585005788187,0.016731005383922533,0.90309567088359,0.8666666666666667,-0.00019657951641438576,0.0,1.0,True,True
T,2023-09-20,False,101.72,-0.00019657951641438576,0.48404742629899117,0.5454657118818261,-0.016065719371770537,-0.05439900242523797,0.45,0.001474636256390216,1.0,0.0,False,False
T,2023-09-21,False,101.87,0.001474636256390216,0.5473699110507207,0.591116305097977,-0.016017585603155905,0.8422929375316196,0.85,-0.0025031903406302902,1.0,1.0,True,False
T,2023-09-22,False,101.615,-0.0025031903406302902,0.5441752835220283,0.5749920126695538,0.009760376653077895,0.7964148621058419,0.8333333333333334,-0.000541258672440037,0.0,1.0,True,True
T,2023-09-25,False,101.56,-0.000541258672440037,0.5994242433036722,0.645518239803938,0.015950188832559924,1.5340409272947249,0.9666666666666667,0.0003938558487592836,0.0,0.0,True,True
T,2023-09-26,False,101.6,0.0003938558487592836,0.5474188931361923,0.5793476632829151,0.017879726592735366,0.7909726624368573,0.8333333333333334,0.00019685039370087587,0.0,0.0,True,True
T,2023-09-27,False,101.62,0.00019685039370087587,0.5100225845950991,0.545346614275187,-0.00714510432970793,0.2693650892646632,0.5666666666666667,0.0016236961228104363,1.0,0.0,False,False
T,2023-09-28,False,101.785,0.0016236961228104363,0.4689497010449678,0.5895805146089099,-0.0239852823662694,-0.3066071735910469,0.36666666666666664,0.000147369455224311,1.0,1.0,False,False
T,2023-10-09,False,101.8,0.000147369455224311,0.5863560168257324,0.6365500867938146,-0.010460564504710413,1.315186829519984,0.9333333333333333,-0.0009823182711198308,1.0,1.0,True,False
T,2023-10-10,False,101.7,-0.0009823182711198308,0.5213059686997294,0.5492354917629243,0.0024107583357707574,0.4311489987406823,0.7,-0.0020648967551623043,1.0,1.0,False,True
T,2023-10-11,False,101.49,-0.0020648967551623043,0.4864998170470345,0.5263911647217343,0.0005310732558632458,-0.07381230419868964,0.45,0.0007389890629618812,1.0,1.0,False,True
T,2023-10-12,False,101.565,0.0007389890629618812,0.5128529395938366,0.5444128498165196,-0.0012049722680960273,0.2972259128949679,0.6,0.000935361591099193,1.0,1.0,False,False
T,2023-10-13,False,101.66,0.000935361591099193,0.4843561954125319,0.5189039472498781,-0.02124526719322938,-0.09929376504296054,0.45,0.0009344875073775682,1.0,1.0,False,False
T,2023-10-16,False,101.755,0.0009344875073775682,0.48733658005124425,0.5075387990860373,-0.0070082398931473,-0.020761077012475784,0.48333333333333334,-0.0014741290354280956,1.0,1.0,False,False
T,2023-10-17,False,101.605,-0.0014741290354280956,0.5192763558401814,0.5474226767238308,0.0040036718043701455,0.4376019190902387,0.6833333333333333,-0.0005413119433099745,1.0,1.0,False,True
T,2023-10-18,False,101.55,-0.0005413119433099745,0.5053056164455841,0.5435710142398656,0.0019825514131144584,0.21822750346181416,0.55,-0.002954209748892156,1.0,1.0,False,True
T,2023-10-19,False,101.25,-0.002954209748892156,0.5345044781806895,0.5708224641804001,0.011826560193065504,0.6606004768871991,0.8,0.0021728395061728634,0.0,1.0,True,True
T,2023-10-20,False,101.47,0.0021728395061728634,0.4401793419090914,0.4912680545048066,-0.007908635394379759,-0.7245343322637567,0.2,0.0011826155513945391,1.0,0.0,False,False
T,2023-10-23,False,101.59,0.0011826155513945391,0.47279985254665474,0.510913608044679,-0.015807928112354604,-0.21924952828197064,0.36666666666666664,-0.0010827837385569694,1.0,1.0,False,False
T,2023-10-24,False,101.48,-0.0010827837385569694,0.46468099934219986,0.4954442397396434,-0.014295385984080328,-0.3296512328860112,0.31666666666666665,0.002315727236893883,1.0,1.0,False,False
T,2023-10-25,False,101.715,0.002315727236893883,0.5741427778817838,0.6071399227941712,0.010377825683529712,1.3094774423460103,0.9333333333333333,-0.0004424126235068604,0.0,1.0,True,True
T,2023-10-26,False,101.67,-0.0004424126235068604,0.4546813315250456,0.5215546973865448,0.01303469045670374,-0.578543721998428,0.25,0.00014753614635587553,1.0,0.0,False,True
T,2023-10-27,False,101.685,0.00014753614635587553,0.5327700995756887,0.5659461038615012,0.010994082624091355,0.652981310483819,0.7833333333333333,0.00039337168707276327,1.0,1.0,False,True
T,2023-10-30,False,101.725,0.00039337168707276327,0.4866342569088387,0.5436774576244124,0.0002533836827182556,-0.06414511381837829,0.48333333333333334,0.0016220201523715616,1.0,1.0,False,True
T,2023-10-31,False,101.89,0.0016220201523715616,0.5056765765855711,0.6087960247414161,-0.010497947720863232,0.23926069682121648,0.6,0.0002453626459908431,1.0,1.0,False,False
T,2023-11-01,False,101.915,0.0002453626459908431,0.5438765901131929,0.6331368367025495,0.015129699418617703,0.818215813183028,0.8166666666666667,0.0017661776971005239,0.0,1.0,True,True
T,2023-11-02,False,102.095,0.0017661776971005239,0.45652949511257657,0.5790684795941553,-0.009523887572187001,-0.5597127664300203,0.25,-0.00039179195846994475,1.0,0.0,False,False
T,2023-11-03,False,102.055,-0.00039179195846994475,0.5005945028831194,0.5599053357077443,-0.002122658952443324,0.1252055129149185,0.55,0.0003919455195726673,1.0,1.0,False,False
T,2023-11-06,False,102.095,0.0003919455195726673,0.5366939679639765,0.5589839040253394,0.0018752695526737307,0.6888576098719188,0.8,-0.000489739948087542,0.0,1.0,True,True
T,2023-11-07,False,102.045,-0.000489739948087542,0.4855198481374173,0.5438329950210296,-0.0036549011100151297,-0.13372448843450357,0.4166666666666667,0.001028957812729825,1.0,0.0,False,False
T,2023-11-08,False,102.15,0.001028957812729825,0.5565934334168496,0.6154591628741504,0.018505322186284406,0.9670476657460282,0.8833333333333333,-0.00034263338228102125,0.0,1.0,True,True
T,2023-11-09,False,102.115,-0.00034263338228102125,0.5228066907870484,0.5646324613593087,0.006432384126073132,0.4241230496350163,0.6833333333333333,0.0006365372374284028,1.0,0.0,False,True
T,2023-11-10,False,102.18,0.0006365372374284028,0.5551929251468783,0.6135422145204639,0.007428475701543485,0.9185664050904051,0.8666666666666667,0.00014679976512033122,0.0,1.0,True,True
T,2023-11-13,False,102.195,0.00014679976512033122,0.5805656519452191,0.6051327800737497,0.018869109934563245,1.2699090462030658,0.9333333333333333,-0.0010763735994911983,0.0,0.0,True,True
T,2023-11-14,False,102.085,-0.0010763735994911983,0.5593313493526179,0.630326617738048,0.0063234793029707135,0.9095611650730133,0.8833333333333333,-9.795758436592639e-05,0.0,0.0,True,True
T,2023-11-15,False,102.075,-9.795758436592639e-05,0.5676048601709007,0.6418110974992894,0.009373476297344408,1.1156214514547826,0.8833333333333333,0.001224589762429673,0.0,0.0,True,True
T,2023-11-16,False,102.2,0.001224589762429673,0.49825751917883576,0.5250180595143636,-0.012683160371040359,-0.2369212341713045,0.43333333333333335,0.0,1.0,0.0,False,False
T,2023-11-17,False,102.2,0.0,0.5495905936707672,0.5965843528262113,-0.012302394672268591,0.8113583566896115,0.7833333333333333,-4.8923679060730585e-05,1.0,1.0,False,False
T,2023-11-20,False,102.195,-4.8923679060730585e-05,0.5002804894750691,0.529909351728372,-0.013611598625523103,-0.24781470382043055,0.4166666666666667,-0.0009295953813787117,1.0,1.0,False,False
T,2023-11-21,False,102.1,-0.0009295953813787117,0.48596782257364435,0.5253032616997463,-0.016125110489827944,-0.5909776659489158,0.3,,1.0,1.0,False,False
T,2023-11-22,True,101.905,,0.5283095001799046,0.5428836299860047,-0.00035188090949851426,0.3256520109881188,0.6333333333333333,-0.002747657131642267,1.0,1.0,False,False
T,2023-11-23,False,101.625,-0.002747657131642267,0.5157537168312462,0.5384899327162616,-0.003964474297420662,0.0365000486056698,0.5,0.000688806888068827,1.0,1.0,False,False
T,2023-11-24,False,101.695,0.000688806888068827,0.49061199397810434,0.5763215975179279,0.0010448903263672316,-0.5243510011634681,0.3333333333333333,-0.0010816657652785722,1.0,1.0,False,True
T,2023-11-27,False,101.585,-0.0010816657652785722,0.566547054905657,0.6094247948109756,0.01234609584622251,1.13577096061299,0.8666666666666667,0.002362553526603417,0.0,1.0,True,True
T,2023-11-28,False,101.825,0.002362553526603417,0.4507574892391138,0.49791468723413607,-0.01043106838071708,-1.4330257755220495,0.1,0.0006874539651362532,1.0,0.0,False,False
T,2023-11-29,False,101.895,0.0006874539651362532,0.41697233868276673,0.48677994513046385,-0.02374172610359494,-2.1585545009044105,0.016666666666666666,0.00019628048481279414,1.0,1.0,False,False
T,2023-11-30,False,101.915,0.00019628048481279414,0.558116017966136,0.5881627212346865,-0.0014566668246827064,0.930130957772181,0.8333333333333334,0.0005396654074472096,1.0,1.0,True,False
T,2023-12-01,False,101.97,0.0005396654074472096,0.5177213467961304,0.5601817645226174,0.0009707112507968795,0.07443419012598398,0.5333333333333333,-0.0007355104442483551,1.0,1.0,False,True
T,2023-12-04,False,101.895,-0.0007355104442483551,0.4962549868829057,0.5494524968069786,0.019174400340094745,-0.43084373908293755,0.35,0.0010304725452672248,1.0,1.0,False,True
T,2023-12-05,False,102.0,0.0010304725452672248,0.5763604827765358,0.62366289014822,0.025691525710430797,1.3485583860938766,0.9333333333333333,-0.0002941176470588891,0.0,1.0,True,True
T,2023-12-06,False,101.97,-0.0002941176470588891,0.5510646379547028,0.5842320367207392,0.0044536375957539235,0.754820152364065,0.7666666666666667,0.0008826125330980705,1.0,0.0,False,True
T,2023-12-07,False,102.06,0.0008826125330980705,0.6341084010619034,0.6818909957219609,0.028758375960334315,2.4718321669867285,1.0,-4.899078973152893e-05,0.0,1.0,True,True
T,2023-12-08,False,102.055,-4.899078973152893e-05,0.5187905334986828,0.6117231184167871,0.010281901151692164,0.01805037420858973,0.5166666666666667,0.001910734407917225,1.0,0.0,False,True
T,2023-12-11,False,102.25,0.001910734407917225,0.45870716828919356,0.5049420794284779,-0.026758073343070465,-1.3320907360563607,0.11666666666666667,-0.0003422982885085135,1.0,1.0,False,False
T,2023-12-12,False,102.215,-0.0003422982885085135,0.4524766631514613,0.53026415334686,-0.03725771823791929,-1.4193147592385673,0.08333333333333333,0.002543657975835112,1.0,1.0,False,False
T,2023-12-13,False,102.475,0.002543657975835112,0.4944425293693404,0.5454101855294692,-0.034564561373234735,-0.49985907075868974,0.35,-0.0011710173212977626,1.0,1.0,False,False
T,2023-12-14,False,102.355,-0.0011710173212977626,0.4663123635342047,0.5221074960818737,-0.006922097884880929,-1.1294555389006617,0.15,0.0017097357237065847,1.0,1.0,False,False
T,2023-12-15,False,102.53,0.0017097357237065847,0.5115195938956272,0.5401839087400964,0.011946055159561065,-0.12847513147144388,0.48333333333333334,-0.0005364283624306188,1.0,1.0,False,True
T,2023-12-18,False,102.475,-0.0005364283624306188,0.46894381392002027,0.5514867849953965,0.005001136606340472,-1.0494047440732972,0.16666666666666666,0.0005367162722615948,1.0,1.0,False,True
T,2023-12-19,False,102.53,0.0005367162722615948,0.4693460966956267,0.5798825136928472,-0.004756141496161182,-1.0233408751661617,0.2,-0.0004876621476640475,1.0,1.0,False,False
T,2023-12-20,False,102.48,-0.0004876621476640475,0.5695853195714812,0.5951246556109093,0.01643724148745525,1.2371109605065869,0.9,0.0010733801717408564,0.0,1.0,True,True
T,2023-12-21,False,102.59,0.0010733801717408564,0.47797321348040084,0.5677152301746917,0.0033548744821008227,-0.8246342901574013,0.23333333333333334,0.0007798030997172578,1.0,0.0,False,True
T,2023-12-22,False,102.67,0.0007798030997172578,0.4744515479393299,0.5526832436461514,0.001964258482339343,-0.8748485276157979,0.23333333333333334,0.0018018895490405917,1.0,1.0,False,True
T,2023-12-25,False,102.855,0.0018018895490405917,0.4900099144693791,0.583642016379761,-0.005380613608464651,-0.5060579306443795,0.36666666666666664,-9.722424772740101e-05,1.0,1.0,False,False
T,2023-12-26,False,102.845,-9.722424772740101e-05,0.6254253672238727,0.6551536266882317,0.01237167962937612,2.4773218014505787,0.9833333333333333,0.000777869609606574,0.0,1.0,True,True
T,2023-12-27,False,102.925,0.000777869609606574,0.5468803636676213,0.5840518269199821,0.02887881196589836,0.7479713947680457,0.75,-0.0011658974981781922,1.0,0.0,False,True
T,2023-12-28,False,102.805,-0.0011658974981781922,0.47131649206805865,0.5420140125992787,0.005060033745569964,-0.8958560041565693,0.21666666666666667,0.00038908613394283975,1.0,1.0,False,True
T,2023-12-29,False,102.845,0.00038908613394283975,0.49596128887021496,0.5276123470576538,-0.014220612635414225,-0.369096004794654,0.4166666666666667,-0.001166804414410083,1.0,1.0,False,False
T,2024-01-02,False,102.725,-0.001166804414410083,0.4985848964523169,0.5316055726150581,-0.03046000163405178,-0.28546582525603487,0.4666666666666667,0.0008761255779996535,1.0,1.0,False,False
T,2024-01-03,False,102.815,0.0008761255779996535,0.534517322424199,0.5526666173948634,0.00025423218974137687,0.5177450939127316,0.7166666666666667,0.0,1.0,1.0,False,True
T,2024-01-04,False,102.815,0.0,0.5444157048884601,0.5585080104559664,0.018475445919478705,0.7172864660026238,0.75,0.001313037980839482,1.0,1.0,False,True
T,2024-01-05,False,102.95,0.001313037980839482,0.46521399583014744,0.5290742624215716,-0.0015663777643991795,-1.0323643141006518,0.15,-0.0002428363283147883,1.0,1.0,False,False
T,2024-01-08,False,102.925,-0.0002428363283147883,0.519506031589491,0.5602051294607532,-0.0027461056319703302,0.16202270358813614,0.6166666666666667,0.0017488462472674549,1.0,1.0,False,False
T,2024-01-09,False,103.105,0.0017488462472674549,0.44550807772842027,0.5087544954092541,-0.02029281626905266,-1.449266362938503,0.05,-0.001357839096067126,1.0,1.0,False,False
T,2024-01-10,False,102.965,-0.001357839096067126,0.5408503003845708,0.5676187545986765,-0.00268367271095058,0.6333020420156458,0.7166666666666667,0.00024280095177964256,1.0,1.0,False,False
T,2024-01-11,False,102.99,0.00024280095177964256,0.5168572685009929,0.5546330397088078,0.01246308141367707,0.10421025808087453,0.55,-0.0021361297213321473,1.0,1.0,False,True
T,2024-01-12,False,102.77,-0.0021361297213321473,0.5123557370452085,0.5887805465746716,0.00570486016840076,0.013828099953900885,0.5333333333333333,0.0005838279653596068,1.0,1.0,False,True
T,2024-01-15,False,102.83,0.0005838279653596068,0.5680821892717259,0.6219125518293673,0.021665365974724904,1.1997162959237124,0.9,-0.00048623942429248945,0.0,1.0,True,True
T,2024-01-16,False,102.78,-0.00048623942429248945,0.4966973270375422,0.5351565452762237,-0.0037081025923324184,-0.3907337251189651,0.4,0.0015080755010703495,1.0,0.0,False,False
T,2024-01-17,False,102.935,0.0015080755010703495,0.5310099066699295,0.5706129066719259,0.0012646866330206952,0.3516028082800133,0.6333333333333333,-0.0007771894885121311,1.0,1.0,False,True
T,2024-01-18,False,102.855,-0.0007771894885121311,0.5777937311082609,0.6108319462436893,0.00938037055243084,1.3987061304928787,0.95,0.0013611394681833922,0.0,1.0,True,True
T,2024-01-19,False,102.995,0.0013611394681833922,0.47540986866592844,0.5199283649646183,-0.010424823714087627,-0.9132005508517432,0.21666666666666667,0.001262197194038528,1.0,0.0,False,False
T,2024-01-22,False,103.125,0.001262197194038528,0.5255781825616926,0.6023504901595791,0.00021616730442997612,0.22491377485945438,0.6166666666666667,-0.001018181818181807,1.0,1.0,False,True
T,2024-01-23,False,103.02,-0.001018181818181807,0.5844737738421135,0.6437965015097336,0.005471218579779969,1.4976750873917577,0.9666666666666667,0.0003882741215297525,0.0,1.0,True,True
T,2024-01-24,False,103.06,0.0003882741215297525,0.45730918241974144,0.5331788317693236,-0.013190519220085389,-1.3000172348771633,0.1,0.0008732777023092719,1.0,0.0,False,False
T,2024-01-25,False,103.15,0.0008732777023092719,0.5798636667033087,0.6381524620774395,0.014063859593280931,1.361814502375519,0.9333333333333333,-0.0005332040717402897,0.0,1.0,True,True
T,2024-01-26,False,103.095,-0.0005332040717402897,0.5110776262087477,0.5348944911440764,-0.0033611219844694616,-0.15194949289165005,0.45,0.001115476017265582,1.0,0.0,False,False
T,2024-01-29,False,103.21,0.001115476017265582,0.4544685082406827,0.5280559264576717,-0.020624208741385534,-1.360653788770471,0.08333333333333333,0.0023253560701483877,1.0,1.0,False,False
T,2024-01-30,False,103.45,0.0023253560701483877,0.4470455043035741,0.553687727905059,-0.014592251469496071,-1.4637247624086345,0.05,0.001159980666988858,1.0,1.0,False,False
T,2024-01-31,False,103.57,0.001159980666988858,0.43768486993385586,0.47547015180045193,-0.03483897154440793,-1.6146139371996369,0.03333333333333333,-0.0007241479192815481,1.0,1.0,False,False
T,2024-02-01,False,103.495,-0.0007241479192815481,0.4628464055352657,0.5160644205760251,-0.011324607965379097,-1.0527206876295043,0.16666666666666666,0.00028986907580086374,1.0,1.0,False,False
T,2024-02-02,False,103.525,0.00028986907580086374,0.579781163381433,0.6399010492288117,0.02664262115131923,1.343606760949626,0.9166666666666666,0.0009176527408838453,0.0,1.0,True,True
T,2024-02-05,False,103.62,0.0009176527408838453,0.44434815755487883,0.6099867958522817,0.013670159995018666,-1.3829271165963983,0.05,-0.003281219841729466,1.0,0.0,False,True
T,2024-02-06,False,103.28,-0.003281219841729466,0.4654194906980944,0.5278753945643918,0.0036970993548090247,-0.9247242553037024,0.21666666666666667,0.0012587141750579622,1.0,1.0,False,True
T,2024-02-07,False,103.41,0.0012587141750579622,0.40932577108370327,0.45737986878482967,-0.022140294158646344,-1.971217179140308,0.016666666666666666,-0.0015472391451503142,1.0,1.0,False,False
T,2024-02-08,False,103.25,-0.0015472391451503142,0.5474878035327907,0.5807748921147908,-0.009960910616846026,0.7998240718198325,0.7833333333333333,0.0015980629539951163,1.0,1.0,False,False
T,2024-02-19,False,103.415,0.0015980629539951163,0.5092031321354441,0.5597458778931707,0.021177826199582684,0.026450580271978108,0.5166666666666667,0.0007735821689309752,1.0,1.0,False,True
T,2024-02-20,False,103.495,0.0007735821689309752,0.49380440705339523,0.5226487301821517,0.01566471937623425,-0.2659927411192295,0.4166666666666667,,1.0,1.0,False,True
T,2024-02-21,True,103.64,,0.5744391944684547,0.5809959125368173,0.027654345029010742,1.3195493940521863,0.8833333333333333,0.0012060980316479508,0.0,1.0,True,True
T,2024-02-22,False,103.765,0.0012060980316479508,0.4888293947889879,0.5593491107348769,-0.005208075515459498,-0.38683502724626034,0.36666666666666664,4.818580446186438e-05,1.0,0.0,False,False
T,2024-02-23,False,103.77,4.818580446186438e-05,0.5380317136612056,0.5881277445372328,0.005268215078711569,0.5894425587144312,0.7166666666666667,0.0010600366194468691,1.0,1.0,False,True
T,2024-02-26,False,103.88,0.0010600366194468691,0.5455935862699796,0.5757382249623478,0.006717087762591956,0.7267938473752144,0.75,-0.000288794763188327,1.0,1.0,False,True
T,2024-02-27,False,103.85,-0.000288794763188327,0.4864201444526486,0.5397544586878752,-0.011927390855062059,-0.4436632332388801,0.36666666666666664,0.0017332691381801713,1.0,1.0,False,False
T,2024-02-28,False,104.03,0.0017332691381801713,0.4775066279960495,0.5021711573182015,-0.007425710279443387,-0.5956723463783796,0.35,0.0005767567047967326,1.0,1.0,False,False
T,2024-02-29,False,104.09,0.0005767567047967326,0.5362648407176528,0.5705046044504244,-0.007162070416103572,0.5534664847741181,0.7,-0.004323181861850323,1.0,1.0,False,False
T,2024-03-01,False,103.64,-0.004323181861850323,0.5292713510130782,0.6171742857699077,0.0017200225751201504,0.386050625022361,0.65,0.0022192203782323006,1.0,1.0,False,True
T,2024-03-04,False,103.87,0.0022192203782323006,0.5013641588343628,0.5317533950790632,0.008165275178045717,-0.174137277416488,0.5,0.0008664677000094212,1.0,1.0,False,True
T,2024-03-05,False,103.96,0.0008664677000094212,0.5321716711586171,0.6083570324336169,0.00744294044418452,0.46379306485261135,0.6833333333333333,0.002260484801846818,1.0,1.0,False,True
T,2024-03-06,False,104.195,0.002260484801846818,0.4562995750889848,0.5638433366622613,-0.015703021111179716,-1.094380879082106,0.13333333333333333,-0.0006718172657036448,1.0,1.0,False,False
T,2024-03-07,False,104.125,-0.0006718172657036448,0.4820955780165074,0.525410350531799,-0.013941612973851969,-0.5366483531973263,0.36666666666666664,-0.0006722689075630006,1.0,1.0,False,False
T,2024-03-08,False,104.055,-0.0006722689075630006,0.49392963570912546,0.5429568675431763,-0.00649451393925844,-0.27044133493037487,0.45,-0.0006727211570805025,1.0,1.0,False,False
T,2024-03-11,False,103.985,-0.0006727211570805025,0.5738118974308235,0.6499382104327406,0.012091051316455353,1.5042752193976427,0.9,-0.0018752704717025503,0.0,1.0,True,True
T,2024-03-12,False,103.79,-0.0018752704717025503,0.5561383420842386,0.6559269209906781,0.029139385340482382,1.0894071366594158,0.85,0.0009153097600924642,0.0,0.0,True,True
T,2024-03-13,False,103.885,0.0009153097600924642,0.519236803766643,0.597711638476765,0.013649115787538451,0.2619251889006475,0.6166666666666667,-0.001636424892910493,1.0,0.0,False,True
T,2024-03-14,False,103.715,-0.001636424892910493,0.5457648382770761,0.6021491857673519,0.004909531147172086,0.8191480965463965,0.8,0.0013498529624451638,0.0,1.0,True,True
T,2024-03-15,False,103.855,0.0013498529624451638,0.5405319175040314,0.5706920368786981,-0.007693346366074672,0.6835355079371545,0.7333333333333333,0.0004814404698858521,1.0,0.0,False,False
T,2024-03-18,False,103.905,0.0004814404698858521,0.4998615489806725,0.5296275448809832,-0.009125847246974395,-0.2322377285696499,0.4666666666666667,0.0018767143063374014,1.0,1.0,False,False
T,2024-03-19,False,104.1,0.0018767143063374014,0.5201122322724127,0.5690718288074881,-0.0044152432284864426,0.21682866159206063,0.6,-0.001681075888568695,1.0,1.0,False,False
T,2024-03-20,False,103.925,-0.001681075888568695,0.5029470970477005,0.5709215394939579,-0.010605516769037005,-0.18038766129929412,0.48333333333333334,0.0013952369497232109,1.0,1.0,False,False
T,2024-03-21,False,104.07,0.0013952369497232109,0.5551649515108491,0.589378696450609,0.0032351616080663393,0.9613761482283056,0.8333333333333334,-0.0024983184395117597,0.0,1.0,True,True
T,2024-03-22,False,103.81,-0.0024983184395117597,0.5428863820491671,0.6163795334317513,0.012110238537542561,0.7024746118079814,0.75,-0.0001444947500240934,1.0,0.0,False,True
T,2024-03-25,False,103.795,-0.0001444947500240934,0.5741164029413074,0.6314657263830399,0.014794762633925606,1.360199913126496,0.9,-0.0002890312635484005,0.0,1.0,True,True
T,2024-03-26,False,103.765,-0.0002890312635484005,0.5204452057723901,0.5488248562303863,0.005394766887983749,0.1384182540366372,0.5666666666666667,0.0013973883293980638,1.0,0.0,False,True
T,2024-03-27,False,103.91,0.0013973883293980638,0.5001389411728613,0.560061922552444,-0.013249319695275263,-0.3250193551843632,0.4,-9.623712828399356e-05,1.0,1.0,False,False
T,2024-03-28,False,103.9,-9.623712828399356e-05,0.5771095452014696,0.6085523634651204,-0.0005531135463840986,1.491931840111554,0.9333333333333333,0.0020211742059672577,1.0,1.0,True,False
T,2024-03-29,False,104.11,0.0020211742059672577,0.490548768504454,0.5600846802056946,-0.011047092944462721,-0.5237035443950294,0.3,-0.003121698203822909,1.0,1.0,False,False
T,2024-04-01,False,103.785,-0.003121698203822909,0.4962824479946253,0.6202438080014254,-0.005791568822393683,-0.40101462584178665,0.35,0.0012044129691188843,1.0,1.0,False,False
T,2024-04-02,False,103.91,0.0012044129691188843,0.313852510176602,0.3849434546535058,-0.045339995919936295,-3.980889666295395,0.016666666666666666,0.0011067269752671471,1.0,1.0,False,False
T,2024-04-03,False,104.025,0.0011067269752671471,0.4783826883455263,0.503297310367429,-0.03741499720397387,-0.6351179524407159,0.25,0.0008171112713288853,1.0,1.0,False,False
T,2024-04-08,False,104.11,0.0008171112713288853,0.5068210712737354,0.5964621477300781,0.0014644845889463854,-0.05083796555066192,0.4666666666666667,0.0012486792815291636,1.0,1.0,False,True
T,2024-04-09,False,104.24,0.0012486792815291636,0.5427185776149164,0.5997471984226331,0.028584082033771562,0.6774478752876089,0.75,-0.0009593246354565599,1.0,1.0,False,True
T,2024-04-10,False,104.14,-0.0009593246354565599,0.48083571425122074,0.537835708555507,0.03983022974186276,-0.5846729295387111,0.25,0.0003360860380257069,1.0,1.0,False,True
T,2024-04-11,False,104.175,0.0003360860380257069,0.4827922527593818,0.5507118135458887,-0.0017166228194803624,-0.5312876582317607,0.2833333333333333,0.002111831053515756,1.0,1.0,False,False
T,2024-04-12,False,104.395,0.002111831053515756,0.42551201578906545,0.49586007888894934,-0.022254443582487453,-1.6709016817169997,0.05,0.00019158005651620513,1.0,1.0,False,False
T,2024-04-15,False,104.415,0.00019158005651620513,0.5467871841145528,0.5867480588836393,-0.004718648546288234,0.7643728024807538,0.8,0.0004309725614135562,1.0,1.0,True,False
T,2024-04-16,False,104.46,0.0004309725614135562,0.532338980819948,0.5586787047002288,0.01670014644926256,0.46833176419727723,0.6666666666666666,4.78652115643019e-05,1.0,1.0,False,True
T,2024-04-17,False,104.465,4.78652115643019e-05,0.4338281429358201,0.4968940148434091,0.0008898745383759177,-1.4528634604525228,0.06666666666666667,0.0013880246972670651,1.0,1.0,False,True
T,2024-04-18,False,104.61,0.0013880246972670651,0.4949210274652137,0.5697351362520959,0.0025858982173563804,-0.22947391352256857,0.4,-0.00033457604435516153,1.0,1.0,False,True
T,2024-04-19,False,104.575,-0.00033457604435516153,0.5296239499294693,0.5814455356267862,-0.007174442172490148,0.44995516863478646,0.6333333333333333,0.0006693760459000053,1.0,1.0,False,False
T,2024-04-22,False,104.645,0.0006693760459000053,0.5275691309912894,0.5539393551283976,0.008625610733633198,0.4104498052577867,0.6166666666666667,0.0019112236609488686,1.0,1.0,False,True
T,2024-04-23,False,104.845,0.0019112236609488686,0.5153404646818147,0.5822958865524562,0.01956727470180649,0.19112565204840068,0.55,-0.0034813295817635037,1.0,1.0,False,True
T,2024-04-24,False,104.48,-0.0034813295817635037,0.5167799635240174,0.6186265437464586,0.0029434386869952923,0.20690706073885484,0.55,-9.57120980091819e-05,1.0,1.0,False,True
T,2024-04-25,False,104.47,-9.57120980091819e-05,0.44274532226195895,0.5397304224732323,-0.01845464228022926,-1.2520569510573012,0.1,-0.0026323346415239035,1.0,1.0,False,False
T,2024-04-26,False,104.195,-0.0026323346415239035,0.4812156271593518,0.5483071770915335,-0.016530215008373105,-0.45561502774894713,0.2833333333333333,-0.003934929699121792,1.0,1.0,False,False
T,2024-04-29,False,103.785,-0.003934929699121792,0.5062628145856671,0.5828804761325241,-0.005371963655696083,0.04047177849552462,0.5,0.0031796502384737746,1.0,1.0,False,False
T,2024-04-30,False,104.115,0.0031796502384737746,0.34750023412819375,0.41578381601894776,-0.027504196646793922,-2.9668986871576353,0.03333333333333333,0.0,1.0,1.0,False,False
T,2024-05-06,False,104.115,0.0,0.47634303345672235,0.4953439298601562,-0.006651997064163123,-0.4553725398111909,0.23333333333333334,0.0024972386303607763,1.0,1.0,False,False
T,2024-05-07,False,104.375,0.0024972386303607763,0.41297699361203694,0.44151256680662077,-0.016639704822357448,-1.6413233312574511,0.06666666666666667,0.0004790419161675441,1.0,1.0,False,False
T,2024-05-08,False,104.425,0.0004790419161675441,0.395774325055366,0.425218411689957,-0.015550021957675903,-1.906760881522586,0.05,-0.002011012688532432,1.0,1.0,False,False
T,2024-05-09,False,104.215,-0.002011012688532432,0.44775770246819574,0.5267591974406468,0.011994622827864765,-0.9462391056340117,0.16666666666666666,0.0007676438132706576,1.0,1.0,False,True
T,2024-05-10,False,104.295,0.0007676438132706576,0.549419533938001,0.5875881896918892,0.018093370981871616,0.9204779595954146,0.8833333333333333,0.0014382281029770017,0.0,1.0,True,True
T,2024-05-13,False,104.445,0.0014382281029770017,0.5121641634613284,0.5627540903620147,0.035201954858121796,0.253465167658937,0.5666666666666667,0.00019148834314730578,1.0,0.0,False,True
T,2024-05-14,False,104.465,0.00019148834314730578,0.4160210354640075,0.4525236140922625,0.010489988181041559,-1.5410989911519895,0.1,-0.00023931460297710316,1.0,1.0,False,True
T,2024-05-15,False,104.44,-0.00023931460297710316,0.5256608703021316,0.5607005907628091,0.0022407837193878176,0.49390181482632706,0.65,-0.001627728839525111,1.0,1.0,False,True
T,2024-05-16,False,104.27,-0.001627728839525111,0.5271785440890648,0.5971734405839253,-0.00309852728570692,0.496838826556346,0.65,-0.0001918097247529671,1.0,1.0,False,False
T,2024-05-17,False,104.25,-0.0001918097247529671,0.5808320802756982,0.6334717575975871,0.024849334225379695,1.496198066364248,1.0,,0.0,1.0,True,True
T,2024-05-20,True,104.28,,0.49178875734809174,0.503095409934696,0.020670665374173513,-0.18481768944228585,0.35,-0.0006712696586115285,1.0,0.0,False,True
T,2024-05-21,False,104.21,-0.0006712696586115285,0.42212334253367667,0.4618405287458753,-0.024246484227788294,-1.4545374267169997,0.1,0.0006237405239422067,1.0,1.0,False,False
T,2024-05-22,False,104.275,0.0006237405239422067,0.4816292575833868,0.5391308381964921,-0.02498073107533776,-0.324433648528082,0.2833333333333333,0.0008151522416686152,1.0,1.0,False,False
T,2024-05-23,False,104.36,0.0008151522416686152,0.42946893739164516,0.48204756478263616,-0.031288578553281106,-1.2731649672658967,0.13333333333333333,-0.0005270218474510147,1.0,1.0,False,False
T,2024-05-24,False,104.305,-0.0005270218474510147,0.5837668525254844,0.6529672797101408,0.01913017852127539,1.560747426771937,1.0,0.00038349072431809184,0.0,1.0,True,True
T,2024-05-27,False,104.345,0.00038349072431809184,0.5459421604548005,0.6078388046624933,0.034977523078434526,0.8675633684788632,0.85,0.0011500311466769997,0.0,0.0,True,True
T,2024-05-28,False,104.465,0.0011500311466769997,0.49560490396431117,0.5131475377064928,0.014442451582500404,-0.05742016542501605,0.4166666666666667,0.0003350404441677668,1.0,0.0,False,True
T,2024-05-29,False,104.5,0.0003350404441677668,0.5032866981619879,0.5368002777972426,0.005947357297951222,0.0755836711331477,0.5,-0.00014354066985644565,1.0,1.0,False,True
T,2024-05-30,False,104.485,-0.00014354066985644565,0.486050255718113,0.6316981286234995,-0.023808865590755547,-0.22615238181808686,0.3333333333333333,-0.0012920514906445968,1.0,1.0,False,False
T,2024-05-31,False,104.35,-0.0012920514906445968,0.6452298731769877,0.7237078834779254,0.01890207771981762,2.5256743647635678,1.0,0.001724964063248846,0.0,1.0,True,True
T,2024-06-03,False,104.53,0.001724964063248846,0.442896774197742,0.47234030680097977,0.0036526915481861376,-0.974421610019178,0.18333333333333332,0.0004304984215057761,1.0,0.0,False,True
T,2024-06-04,False,104.575,0.0004304984215057761,0.47829963613316173,0.5299540006710964,-0.009312760557802335,-0.347774677470412,0.25,0.0009084389194358167,1.0,1.0,False,False
T,2024-06-05,False,104.67,0.0009084389194358167,0.5519898633923568,0.5828526143115358,-0.0035051021695338357,0.8980060772866204,0.8666666666666667,4.77691793254742e-05,1.0,1.0,True,False
T,2024-06-06,False,104.675,4.77691793254742e-05,0.4964533520238777,0.550053340884355,-0.01884599531116051,-0.06518413289722887,0.45,0.00019106759015996566,1.0,1.0,False,False
T,2024-06-07,False,104.695,0.00019106759015996566,0.5354962527436441,0.5988012675444379,0.020335267298252017,0.5957983522044458,0.7333333333333333,0.0006208510435075087,1.0,1.0,False,True
T,2024-06-11,False,104.76,0.0006208510435075087,0.6032739559384809,0.633877388755106,0.023345502896192562,1.732872523565961,0.9833333333333333,-0.0006204658266515395,0.0,1.0,True,True
T,2024-06-12,False,104.695,-0.0006204658266515395,0.5025094804248694,0.5612918810700661,0.000785983797962847,0.03418122234424726,0.48333333333333334,0.00023878886288741796,1.0,0.0,False,True
T,2024-06-13,False,104.72,0.00023878886288741796,0.5004805231398952,0.595684359580173,-0.002493243008673962,0.00476746849512298,0.48333333333333334,0.00033422459893039935,1.0,1.0,False,False
T,2024-06-14,False,104.755,0.00033422459893039935,0.5500311367365438,0.5910768738332639,-0.007372366481278625,0.8527266325459296,0.8666666666666667,9.546083719169651e-05,1.0,1.0,True,False
T,2024-06-17,False,104.765,9.546083719169651e-05,0.5269227876059247,0.5597341493328579,-0.010518068035343798,0.4616412658967019,0.6833333333333333,0.0008590655276095038,1.0,1.0,False,False
T,2024-06-18,False,104.855,0.0008590655276095038,0.4626124953980514,0.5073856851830759,-0.00533517055876066,-0.6301713562867722,0.21666666666666667,0.0011444375566256326,1.0,1.0,False,False
T,2024-06-19,False,104.975,0.0011444375566256326,0.5553447312305329,0.5979237475905961,0.002230977484278285,0.9409207083675348,0.9,0.00038104310550135523,0.0,1.0,True,True
T,2024-06-20,False,105.015,0.00038104310550135523,0.5341963856964177,0.6337880777908405,-0.0003247558455644062,0.5708351834075056,0.7333333333333333,-0.000999857163262452,1.0,0.0,False,False
T,2024-06-21,False,104.91,-0.000999857163262452,0.5124176602308392,0.5432869835659304,0.004257363554819538,0.2151111607037861,0.5833333333333334,0.001382137069869449,1.0,1.0,False,True
T,2024-06-24,False,105.055,0.001382137069869449,0.5130188783707141,0.5497661289303569,0.005788569494563189,0.23486593110847834,0.6,0.0009042882299747923,1.0,1.0,False,True
T,2024-06-25,False,105.15,0.0009042882299747923,0.4844721428676799,0.5396179728602765,-0.01629226840514094,-0.23229125410290083,0.35,-0.00014265335235374987,1.0,1.0,False,False
T,2024-06-26,False,105.135,-0.00014265335235374987,0.5258109913042398,0.6265469094507758,-0.004471630614751509,0.4847045647520346,0.6833333333333333,0.001616968659342799,1.0,1.0,False,False
T,2024-06-27,False,105.305,0.001616968659342799,0.5469482247676429,0.6262214317146225,0.008185324200713306,0.8334470517861035,0.85,0.00014244337875690682,0.0,1.0,True,True
T,2024-06-28,False,105.32,0.00014244337875690682,0.5165949377441922,0.6096967547632387,0.0069628200646919105,0.3315227841412079,0.6333333333333333,-0.0032757311052031834,1.0,0.0,False,True
T,2024-07-01,False,104.975,-0.0032757311052031834,0.5838124373718092,0.6743872851566609,0.018946453544821096,1.4559126971876868,0.9666666666666667,0.0025244105739461453,0.0,1.0,True,True
T,2024-07-02,False,105.24,0.0025244105739461453,0.4092101484716059,0.5233110457937403,-0.01963374730611015,-1.495415573492897,0.06666666666666667,0.0012352717597872154,1.0,0.0,False,False
T,2024-07-03,False,105.37,0.0012352717597872154,0.48159214888917423,0.5850329112506291,-0.023809694102952368,-0.3508414462815236,0.31666666666666665,-0.0009490367277213974,1.0,1.0,False,False
T,2024-07-04,False,105.27,-0.0009490367277213974,0.5727820792182586,0.605257872084796,0.0010153994465497917,1.2872837695341919,0.9166666666666666,-0.0012824166429181716,0.0,1.0,True,True
T,2024-07-05,False,105.135,-0.0012824166429181716,0.5165883604593242,0.5574155911172063,0.002912377692168272,0.2598511799302678,0.5833333333333334,-0.002473010890759575,1.0,0.0,False,True
T,2024-07-08,False,104.875,-0.002473010890759575,0.5016008651091988,0.630509622701321,0.02197776448453357,-0.0007250156875389333,0.4666666666666667,0.0020023837902263253,1.0,1.0,False,True
T,2024-07-09,False,105.085,0.0020023837902263253,0.4080209671256852,0.4377663068104681,-0.021832357763603795,-1.653208984330471,0.05,0.00023790265023548862,1.0,1.0,False,False
T,2024-07-10,False,105.11,0.00023790265023548862,0.46592707256896915,0.5886886600157449,-0.0322277406632218,-0.6107508880930453,0.25,0.0001902768528208032,1.0,1.0,False,False
T,2024-07-11,False,105.13,0.0001902768528208032,0.4952948125478797,0.5349058141630696,-0.007826088836311862,-0.10901026883654526,0.4,0.0010938837629601572,1.0,1.0,False,False
T,2024-07-12,False,105.245,0.0010938837629601572,0.44750065101091796,0.5339051398651349,-0.0020926582774367097,-0.9435912202019393,0.2,0.0009026557081095454,1.0,1.0,False,False
T,2024-07-15,False,105.34,0.0009026557081095454,0.5476533959652328,0.6023157380126076,0.026083843612104397,0.860878055609588,0.8333333333333334,0.00037972280235409883,0.0,1.0,True,True
T,2024-07-16,False,105.38,0.00037972280235409883,0.5371492379811139,0.6176028403644791,0.01948029142416426,0.6460726064429517,0.7833333333333333,0.0005219206680584509,1.0,0.0,False,True
T,2024-07-17,False,105.435,0.0005219206680584509,0.42260635052823925,0.5362758732053281,-0.005572833706908498,-1.3918888357875925,0.13333333333333333,-0.001280409731113985,1.0,1.0,False,False
T,2024-07-18,False,105.3,-0.001280409731113985,0.43561962578362845,0.5206895065075632,-0.014880909589157254,-1.1214224051329387,0.16666666666666666,0.001519468186134798,1.0,1.0,False,False
T,2024-07-19,False,105.46,0.001519468186134798,0.5391602753479823,0.566511131624693,-0.011851585343198644,0.7097185465548691,0.7833333333333333,0.002417978380428787,1.0,1.0,False,False
T,2024-07-22,False,105.715,0.002417978380428787,0.5069898789210541,0.5779814129343237,0.005623520669962334,0.14299361514915984,0.55,0.001466206309416851,1.0,1.0,False,True
T,2024-07-23,False,105.87,0.001466206309416851,0.3237298454720232,0.39188439765255334,-0.012638275697500645,-2.8292473494654065,0.016666666666666666,-9.445546424868834e-05,1.0,1.0,False,False
T,2024-07-24,False,105.86,-9.445546424868834e-05,0.5135893611381989,0.5370610019673434,-0.005949095916681824,0.276598196009317,0.6166666666666667,-0.00023616096731537972,1.0,1.0,False,False
T,2024-07-25,False,105.835,-0.00023616096731537972,0.5184818677053765,0.5420830546777806,-0.003475733306806672,0.34713059056222084,0.65,0.0008503803089714435,1.0,1.0,False,False
T,2024-07-26,False,105.925,0.0008503803089714435,0.43856365567618727,0.5163562844322411,0.00578995757436197,-0.9489725085476066,0.2,0.00023601604909129215,1.0,1.0,False,True
T,2024-07-29,False,105.95,0.00023601604909129215,0.47902772327615334,0.5762555927648348,0.023557005014624866,-0.3382454049822181,0.31666666666666665,9.43841434637438e-05,1.0,1.0,False,True
T,2024-07-30,False,105.96,9.43841434637438e-05,0.48838630829701873,0.5433810072361225,-0.008986025011158343,-0.17984804703260338,0.38333333333333336,0.0014628161570404696,1.0,1.0,False,False
T,2024-07-31,False,106.115,0.0014628161570404696,0.5049565705731356,0.542350873372101,0.00227720583563496,0.08237639646065667,0.5166666666666667,0.001413560759553345,1.0,1.0,False,True
T,2024-08-01,False,106.265,0.001413560759553345,0.41150702616780416,0.5613198247216654,-0.0028184411719783973,-1.5865575864328043,0.06666666666666667,0.0004234696278173633,1.0,1.0,False,False
T,2024-08-02,False,106.31,0.0004234696278173633,0.5353628207877692,0.5748610300661956,0.003579091289401715,0.5968358537929839,0.7333333333333333,0.0022575486783933396,1.0,1.0,False,True
T,2024-08-05,False,106.55,0.0022575486783933396,0.44184133963282624,0.4932781438655393,-0.006268368711375138,-1.0416449610233607,0.18333333333333332,-0.0022524636320975233,1.0,1.0,False,False
T,2024-08-06,False,106.31,-0.0022524636320975233,0.3242580559611025,0.41098024023667945,-0.03310627157590441,-2.8592448314637866,0.03333333333333333,0.0019283228294610932,1.0,1.0,False,False
T,2024-08-07,False,106.515,0.0019283228294610932,0.33219778190580435,0.4398964881560964,-0.03697232533506663,-2.584680235669577,0.05,-0.0030512134441158523,1.0,1.0,False,False
T,2024-08-08,False,106.19,-0.0030512134441158523,0.4528057200805048,0.483643050354522,-0.027475775914155072,-0.6576497074331009,0.25,-0.0023071852340145194,1.0,1.0,False,False
T,2024-08-09,False,105.945,-0.0023071852340145194,0.3535413907980637,0.45874057673614577,-0.004805223355012283,-2.0988737149146743,0.06666666666666667,-0.005993675963943512,1.0,1.0,False,False
T,2024-08-12,False,105.31,-0.005993675963943512,0.2589117570110399,0.30591115560428817,-0.010934898900786588,-3.189487259868423,0.016666666666666666,0.002136549235590035,1.0,1.0,False,False
T,2024-08-13,False,105.535,0.002136549235590035,0.44843496120500775,0.5309624992137556,0.0038580395528941937,-0.518888723437114,0.2833333333333333,0.0014687070640071465,1.0,1.0,False,True
T,2024-08-14,False,105.69,0.0014687070640071465,0.404293837858741,0.49732234198806524,-0.00021301940365834883,-1.127875903363036,0.1,-0.0013719367962909956,1.0,1.0,False,False
T,2024-08-15,False,105.545,-0.0013719367962909956,0.4209786253723737,0.4552423984861343,0.02802565499963211,-0.8753766228762911,0.16666666666666666,0.0014211947510540668,1.0,1.0,False,True
T,2024-08-16,False,105.695,0.0014211947510540668,0.4532677873995229,0.48511254373981205,0.03612557249443319,-0.4351781280261114,0.31666666666666665,0.0009934244760869682,1.0,1.0,False,True
T,2024-08-19,False,105.8,0.0009934244760869682,0.47324601516376935,0.5369554650723413,0.009859605745830507,-0.1341936422270737,0.36666666666666664,,1.0,1.0,False,True
T,2024-08-20,True,105.79,,0.5232128634771586,0.5314768574921525,0.029010544102823076,0.5792750165217148,0.7333333333333333,-0.0025994895547784003,1.0,1.0,False,True
T,2024-08-21,False,105.515,-0.0025994895547784003,0.5480739571395542,0.5976147646838664,0.03241357396119967,0.9131028009171779,0.8833333333333333,0.003269677297066842,0.0,1.0,True,True
T,2024-08-22,False,105.86,0.003269677297066842,0.422022283227012,0.5957211704061852,0.0012336933630763102,-0.8385998920138793,0.18333333333333332,0.0008501794823352338,1.0,0.0,False,True
T,2024-08-23,False,105.95,0.0008501794823352338,0.45260132082647375,0.5725721866053559,-0.014247996892473774,-0.40188663519520884,0.31666666666666665,0.0004719207173193851,1.0,1.0,False,False
T,2024-08-26,False,106.0,0.0004719207173193851,0.46559024732147286,0.5197559194929938,-0.021071786862445187,-0.1869167751846974,0.38333333333333336,-0.002452830188679256,1.0,1.0,False,False
T,2024-08-27,False,105.74,-0.002452830188679256,0.4584680944960087,0.5166646843952408,-0.01356437611926301,-0.2956355599631884,0.35,0.00151314545110659,1.0,1.0,False,False
T,2024-08-28,False,105.9,0.00151314545110659,0.5157735821022222,0.5483952980012083,0.019336937141995542,0.5355748737253773,0.6666666666666666,-0.0006610009442871156,1.0,1.0,False,True
T,2024-08-29,False,105.83,-0.0006610009442871156,0.48907162533494675,0.5761682351133522,0.012312394379769536,0.16125892240666823,0.5,-0.0007086837380705369,1.0,1.0,False,True
T,2024-08-30,False,105.755,-0.0007086837380705369,0.5772355884803194,0.6065348501135499,0.025389421315663113,1.4211652612859929,0.9666666666666667,0.002600349865254703,0.0,1.0,True,True
T,2024-09-02,False,106.03,0.002600349865254703,0.4860834884481501,0.5892108042393662,0.011669279428237988,0.10807346929554128,0.48333333333333334,0.0003300952560596482,1.0,0.0,False,True
T,2024-09-03,False,106.065,0.0003300952560596482,0.4568027305599967,0.5361563485474921,-0.012092983997124773,-0.2927693604414779,0.35,0.0006128317541129746,1.0,1.0,False,False
T,2024-09-04,False,106.13,0.0006128317541129746,0.48589524646139226,0.5510142163436667,-0.012678561566743168,0.14947501698343318,0.5,0.00023556016206538466,1.0,1.0,False,False
T,2024-09-05,False,106.155,0.00023556016206538466,0.4544635442852046,0.5277043565943222,-0.02457323303769875,-0.31273194756753486,0.35,0.0013188262446421906,1.0,1.0,False,False
T,2024-09-06,False,106.295,0.0013188262446421906,0.5604647492641488,0.5959692529800638,0.014642333535720531,1.278464064593834,0.95,0.0009407780234254037,0.0,1.0,True,True
T,2024-09-09,False,106.395,0.0009407780234254037,0.5264515462050654,0.6099377431837026,0.021386713409289392,0.7675595112012232,0.8,0.0019267822736031004,0.0,0.0,True,True
T,2024-09-10,False,106.6,0.0019267822736031004,0.5823109370834433,0.6563888517702086,0.026481938316396288,1.5447369639588782,0.9833333333333333,0.0009380863039401,0.0,0.0,True,True
T,2024-09-11,False,106.7,0.0009380863039401,0.5536156104846937,0.6336338547498839,0.022015032021827263,1.1233134126707176,0.9166666666666666,-0.0006091846298031944,0.0,0.0,True,True
T,2024-09-12,False,106.635,-0.0006091846298031944,0.5820922663180994,0.618275441863274,0.007041909838752946,1.5097179622052923,0.9666666666666667,0.0015942232850376659,0.0,0.0,True,True
T,2024-09-13,False,106.805,0.0015942232850376659,0.4981499458010555,0.5809569628739645,-0.005682187157336371,0.29447471911982115,0.5833333333333334,0.0009362857544121805,1.0,0.0,False,False
T,2024-09-18,False,106.905,0.0009362857544121805,0.4275846045801571,0.4832773941964171,-0.036491832969021046,-0.709580298547614,0.21666666666666667,-0.0011224919320892424,1.0,1.0,False,False
T,2024-09-19,False,106.785,-0.0011224919320892424,0.579978476950048,0.6204284142700561,-0.010178192880723358,1.45202615778078,0.95,0.001685630004214067,1.0,1.0,True,False
T,2024-09-20,False,106.965,0.001685630004214067,0.51603286083117,0.5998377638153087,-0.005029027982486639,0.5440178684439368,0.6833333333333333,-0.0003272098349926811,1.0,1.0,False,False
T,2024-09-23,False,106.93,-0.0003272098349926811,0.4962643011856096,0.5312435643350326,0.008467696702012107,0.2761342769837343,0.5833333333333334,-0.0024314972411858538,1.0,1.0,False,True
T,2024-09-24,False,106.67,-0.0024314972411858538,0.6512294525754663,0.7282128517488285,0.03635755202261799,2.357493231708912,1.0,0.0026249179713133675,0.0,1.0,True,True
T,2024-09-25,False,106.95,0.0026249179713133675,0.5432178443916246,0.6828938659393167,0.006167532662744946,0.8955155644035941,0.8333333333333334,-0.003225806451612856,0.0,0.0,True,True
T,2024-09-26,False,106.605,-0.003225806451612856,0.5055984933584321,0.5717789449222436,0.0026084808260539273,0.3541095907036999,0.6333333333333333,-0.00905210825008207,1.0,0.0,False,True
T,2024-09-27,False,105.64,-0.00905210825008207,0.6022270246083317,0.6297214867407169,0.006629448762840995,1.636060083867542,0.9833333333333333,-0.0026031806134040325,0.0,1.0,True,True
T,2024-09-30,False,105.365,-0.0026031806134040325,0.5110399313714764,0.5925707540059089,-0.022136986219127262,0.411508038603431,0.65,-0.00018981635267878438,1.0,0.0,False,False
T,2024-10-08,False,105.345,-0.00018981635267878438,0.49601223227118896,0.5206542981397926,-0.008896978622782692,0.20923029204188037,0.55,0.0025155441644122423,1.0,1.0,False,False
T,2024-10-09,False,105.61,0.0025155441644122423,0.43626490096443227,0.5150769256284871,-0.02448819771251424,-0.600087973405208,0.23333333333333334,0.0023672000757504197,1.0,1.0,False,False
T,2024-10-10,False,105.86,0.0023672000757504197,0.3943955193400465,0.46832764491202994,-0.049043804094361446,-1.1702509748167156,0.1,0.0004723219346305374,1.0,1.0,False,False
T,2024-10-11,False,105.91,0.0004723219346305374,0.4323037104365718,0.4627722949191198,-0.02590891548009517,-0.6395696161913081,0.21666666666666667,0.0002360494759701126,1.0,1.0,False,False
T,2024-10-14,False,105.935,0.0002360494759701126,0.4636609174650375,0.4958024832289509,-0.006866382014016337,-0.20286592486319305,0.43333333333333335,0.002359937697644865,1.0,1.0,False,False
T,2024-10-15,False,106.185,0.002359937697644865,0.4756928999317086,0.5177451961777869,0.014812139605954367,-0.04455707160100442,0.4666666666666667,-0.000894664971512027,1.0,1.0,False,True
T,2024-10-16,False,106.09,-0.000894664971512027,0.48748602186410095,0.5478063166098177,0.022957019454324566,0.1319852294840638,0.5333333333333333,0.002403619568291049,1.0,1.0,False,True
T,2024-10-17,False,106.345,0.002403619568291049,0.5221163168003725,0.5744019976961756,0.020345031712666488,0.6157063418585726,0.7666666666666667,-0.0017396210447130356,1.0,1.0,False,True
T,2024-10-18,False,106.16,-0.0017396210447130356,0.5494975929614944,0.591406942803138,0.02180967678615776,0.9629523256429104,0.8666666666666667,0.0008948756593820661,0.0,1.0,True,True
T,2024-10-21,False,106.255,0.0008948756593820661,0.5352353457056822,0.6046196610072554,0.01810964626453406,0.7418118620110198,0.7833333333333333,-0.002070490800432867,1.0,0.0,False,True
T,2024-10-22,False,106.035,-0.002070490800432867,0.4338957152951343,0.5391212341089257,-0.009406158423262357,-0.6332742785157558,0.21666666666666667,-0.0015560899702927733,1.0,1.0,False,False
T,2024-10-23,False,105.87,-0.0015560899702927733,0.5970340031645253,0.644935672307685,0.003423349506194545,1.5686772693412454,0.9666666666666667,-0.0009917823746103949,0.0,1.0,True,True
T,2024-10-24,False,105.765,-0.0009917823746103949,0.5352455006532905,0.5933453423044148,0.003329447284243525,0.7095092969027267,0.7833333333333333,0.00028364770954469876,1.0,0.0,False,True
T,2024-10-25,False,105.795,0.00028364770954469876,0.5925480842819739,0.6205516719413464,0.021597526251073956,1.469889805894292,0.95,0.0005671345526725435,0.0,1.0,True,True
T,2024-10-28,False,105.855,0.0005671345526725435,0.5230598541405573,0.547993421123967,0.01738423588082947,0.5094962221928734,0.7,0.0009919229134192076,1.0,0.0,False,True
T,2024-10-29,False,105.96,0.0009919229134192076,0.49891429133092957,0.5531477080761874,-0.02084250701799245,0.16310230783808632,0.5833333333333334,-0.00018875047187616456,1.0,1.0,False,False
T,2024-10-30,False,105.94,-0.00018875047187616456,0.46901508850568724,0.5324250839581487,-0.02260946172462508,-0.24838489873545685,0.4,9.439305267133768e-05,1.0,1.0,False,False
T,2024-10-31,False,105.95,9.439305267133768e-05,0.542327235005147,0.5685230317730698,-0.01544864641885239,0.7499652827012873,0.7833333333333333,0.0023124115148653868,1.0,1.0,False,False
T,2024-11-01,False,106.195,0.0023124115148653868,0.5820949276953171,0.6174228049759525,0.016148309078373703,1.2627632867246936,0.9166666666666666,-0.0005179151560806838,0.0,1.0,True,True
T,2024-11-04,False,106.14,-0.0005179151560806838,0.5274893589046723,0.5643153835657676,0.017022997433711533,0.49836410401094533,0.7,0.001742980968532093,1.0,0.0,False,True
T,2024-11-05,False,106.325,0.001742980968532093,0.5582018415101212,0.6106475933262863,0.016353562990839322,0.9099184135751548,0.8333333333333334,-4.7025628967856115e-05,0.0,1.0,True,True
T,2024-11-06,False,106.32,-4.7025628967856115e-05,0.5350587349541228,0.6121680581800807,-0.003843008628724431,0.5738385259291534,0.7,0.0012227238525208683,1.0,0.0,False,False
T,2024-11-07,False,106.45,0.0012227238525208683,0.5079459234204179,0.5821168430716915,-0.014072863250034795,0.16989372754081009,0.55,0.00018788163457017504,1.0,1.0,False,False
T,2024-11-08,False,106.47,0.00018788163457017504,0.55936704696103,0.6017212531759982,0.001349945802301211,0.8892619982775543,0.8333333333333334,0.00014088475626938823,0.0,1.0,True,True
T,2024-11-11,False,106.485,0.00014088475626938823,0.5361924528556982,0.565896563362131,-0.0019710465301938872,0.5231481219538403,0.7166666666666667,0.0028172982110155065,1.0,0.0,False,False
T,2024-11-12,False,106.785,0.0028172982110155065,0.49292251047139934,0.5289239861456315,-0.005602591953016667,-0.16669282964593257,0.4166666666666667,-0.0007023458350892131,1.0,1.0,False,False
T,2024-11-13,False,106.71,-0.0007023458350892131,0.40976982468828826,0.47344619315792796,-0.026279673395388992,-1.6990262848551958,0.05,4.68559647643918e-05,1.0,1.0,False,False
T,2024-11-14,False,106.715,4.68559647643918e-05,0.4813716549722615,0.5787084355881362,-0.028241341214494696,-0.44897032446031004,0.3333333333333333,-4.685376938584618e-05,1.0,1.0,False,False
T,2024-11-15,False,106.71,-4.685376938584618e-05,0.5339043692212486,0.5871743803219612,-0.0016127022768036958,0.4584676685857619,0.65,-0.001499390872457984,1.0,1.0,False,False
T,2024-11-18,False,106.55,-0.001499390872457984,0.5356496901173327,0.6163362491477319,0.0209588903824827,0.46501572247764633,0.7,0.0018770530267480101,1.0,1.0,False,True
T,2024-11-19,False,106.75,0.0018770530267480101,0.5015518235523804,0.5615135378667117,0.02378420328732554,-0.187633794603298,0.45,-0.0007494145199062885,1.0,1.0,False,True
T,2024-11-20,False,106.67,-0.0007494145199062885,0.48681836758455693,0.5510180261931552,-0.0021459120444277334,-0.470520685291115,0.31666666666666665,0.0017811943376768724,1.0,1.0,False,False
T,2024-11-21,False,106.86,0.0017811943376768724,0.47651053770227747,0.5227037586116233,-0.0163618985570718,-0.6483150085432515,0.26666666666666666,,1.0,1.0,False,False
T,2024-11-22,True,106.93,,0.5114599248104544,0.5250154687416266,-0.007342081646385934,0.020885095803603763,0.5333333333333333,0.00154306555690642,1.0,1.0,False,False
T,2024-11-25,False,107.095,0.00154306555690642,0.5768175393615638,0.6220426558618373,0.01751729888442643,1.2212070755450395,0.85,-0.0005135627246836139,0.0,1.0,True,True
T,2024-11-26,False,107.04,-0.0005135627246836139,0.49611478585611396,0.5298175617074333,0.011889983820240035,-0.33897263057597565,0.38333333333333336,-0.0002802690582959233,1.0,0.0,False,True
T,2024-11-27,False,107.01,-0.0002802690582959233,0.5502266601135528,0.5755985110409509,0.01320871058682102,0.6815845410647152,0.7666666666666667,0.0014951873656667836,1.0,1.0,False,True
T,2024-11-28,False,107.17,0.0014951873656667836,0.4959642579841529,0.5303419984546043,-0.005758221290061405,-0.3860686730632184,0.3333333333333333,-0.0007464775590183548,1.0,1.0,False,False
T,2024-11-29,False,107.09,-0.0007464775590183548,0.5502615430043403,0.6110350501964188,-0.005326252058640807,0.6625716943743517,0.7666666666666667,0.0038285554206740624,1.0,1.0,False,False
T,2024-12-02,False,107.5,0.0038285554206740624,0.467997885180556,0.5867466457767563,-0.005619891846032843,-0.9293679443042147,0.16666666666666666,-0.0018604651162791308,1.0,1.0,False,False
T,2024-12-03,False,107.3,-0.0018604651162791308,0.4728676876472232,0.509094365203,-0.01826843177362561,-0.8065752531654778,0.2,0.002609506057781985,1.0,1.0,False,False
T,2024-12-04,False,107.58,0.002609506057781985,0.4378640526298522,0.45782359559238833,-0.01935942660657185,-1.4510664412666368,0.11666666666666667,-0.00013943112102621225,1.0,1.0,False,False
T,2024-12-05,False,107.565,-0.00013943112102621225,0.4378231735793107,0.46554608825872357,-0.025501057140076295,-1.4345858532864826,0.11666666666666667,-0.00013945056477482343,1.0,1.0,False,False
T,2024-12-06,False,107.55,-0.00013945056477482343,0.5140519699707352,0.609549152340301,0.005706365551244591,0.00999964223641556,0.5166666666666667,-0.00032543003254292824,1.0,1.0,False,True
T,2024-12-09,False,107.515,-0.00032543003254292824,0.554926314310644,0.6030869408327466,0.02403051706677246,0.7637958665453245,0.8,0.006510719434497547,0.0,1.0,True,True
T,2024-12-10,False,108.215,0.006510719434497547,0.374584512982601,0.5237456778021964,-0.0009455938563169119,-2.5126767950289763,0.016666666666666666,-0.0008778819941782645,1.0,0.0,False,False
T,2024-12-11,False,108.12,-0.0008778819941782645,0.3698246601334354,0.46440251153674617,-0.027546448387988486,-2.4210396626290582,0.016666666666666666,0.0014798372179058994,1.0,1.0,False,False
T,2024-12-12,False,108.28,0.0014798372179058994,0.4569312530059972,0.49056490578756606,-0.029934308810668463,-0.881220476372812,0.18333333333333332,0.0019394163280384014,1.0,1.0,False,False
T,2024-12-13,False,108.49,0.0019394163280384014,0.44593508613732286,0.48852061199513214,-0.013563571632324606,-1.0379887783958845,0.18333333333333332,0.0020739238639506663,1.0,1.0,False,False
T,2024-12-16,False,108.715,0.0020739238639506663,0.3472967442817518,0.4401698522426754,0.002153488860218905,-2.567879021094162,0.016666666666666666,-0.0009198362691441586,1.0,1.0,False,True
T,2024-12-17,False,108.615,-0.0009198362691441586,0.5402738399712246,0.5699277241833308,0.023126385095133296,0.627781125584175,0.75,-0.0013810247203424053,1.0,1.0,False,True
T,2024-12-18,False,108.465,-0.0013810247203424053,0.4393269836989662,0.5341618645329809,0.0059130215219839796,-1.0526601636380248,0.18333333333333332,0.0006453694740238269,1.0,1.0,False,True
T,2024-12-19,False,108.535,0.0006453694740238269,0.3882214272423983,0.4588312655415357,-0.0023397078372634716,-1.8222911166728617,0.06666666666666667,0.0033169023817201104,1.0,1.0,False,False
T,2024-12-20,False,108.895,0.0033169023817201104,0.4284229114842627,0.4724479934251278,0.0010199921676195545,-1.1275901044776515,0.11666666666666667,-0.00128564213232929,1.0,1.0,False,True
T,2024-12-23,False,108.755,-0.00128564213232929,0.45674408273118855,0.48535051825032777,-0.01779635866947756,-0.6550868899209727,0.25,-0.00050572387476433,1.0,1.0,False,False
T,2024-12-24,False,108.7,-0.00050572387476433,0.4667314826915994,0.5913092062235209,0.012333165347405667,-0.46886557010017305,0.3,-0.0009199632014720294,1.0,1.0,False,True
T,2024-12-25,False,108.6,-0.0009199632014720294,0.5956889563060469,0.6403949218205119,0.0453243629334634,1.684667057288905,0.9666666666666667,-0.0009208103130754486,0.0,1.0,True,True
T,2024-12-26,False,108.5,-0.0009208103130754486,0.6235622980883849,0.6481524404914105,0.05292236467831028,2.041510207323883,1.0,0.003317972350230347,0.0,0.0,True,True
T,2024-12-27,False,108.86,0.003317972350230347,0.4842644585627057,0.6018436218303612,0.021187156705981987,-0.17896853194064072,0.4166666666666667,-0.002434319309204458,1.0,0.0,False,True
T,2024-12-30,False,108.595,-0.002434319309204458,0.5682273762749331,0.6402780376434873,0.009156728942332626,1.180932590644372,0.9,0.003038813941709906,0.0,1.0,True,True
T,2024-12-31,False,108.925,0.003038813941709906,0.4098773914782067,0.568006575423305,-0.04269580514691322,-1.3634323768020258,0.11666666666666667,0.002341060362635039,1.0,0.0,False,False
T,2025-01-02,False,109.18,0.002341060362635039,0.395287634321294,0.4526542032494393,-0.05309363946186809,-1.565296992623674,0.1,0.002381388532698203,1.0,1.0,False,False
T,2025-01-03,False,109.44,0.002381388532698203,0.5278319913032617,0.5815619712687514,-0.00858046764725271,0.5130194050643839,0.65,0.00027412280701755165,1.0,1.0,False,False
T,2025-01-06,False,109.47,0.00027412280701755165,0.47789004800616186,0.5829567615618721,-0.006272005671248748,-0.31028873621248837,0.38333333333333336,-0.0008221430528911888,1.0,1.0,False,False
T,2025-01-07,False,109.38,-0.0008221430528911888,0.41944847129389556,0.5307550464704809,0.010174457331624564,-1.2387467516488202,0.13333333333333333,0.00041140976412501473,1.0,1.0,False,True
T,2025-01-08,False,109.425,0.00041140976412501473,0.552905810604387,0.5871345295681354,0.02068528325568199,0.8902284502820514,0.8333333333333334,-0.002147589673292205,0.0,1.0,True,True
T,2025-01-09,False,109.19,-0.002147589673292205,0.5316559817720484,0.5671057204548335,0.008266374353579853,0.5360874693864853,0.6333333333333333,-0.0002747504350215646,1.0,0.0,False,True
T,2025-01-10,False,109.16,-0.0002747504350215646,0.5465096636394281,0.6184879352482969,0.024944674174468533,0.7645660361974251,0.7666666666666667,-0.0014657383657017409,1.0,1.0,False,True
T,2025-01-13,False,109.0,-0.0014657383657017409,0.4813802460374396,0.5541787613824749,0.011746740252212918,-0.2578081921344429,0.4,0.0012844036697248207,1.0,1.0,False,True
T,2025-01-14,False,109.14,0.0012844036697248207,0.5214538992047452,0.5527275848149564,-0.011317955853389256,0.38929027154104573,0.5833333333333334,0.0016492578339746267,1.0,1.0,False,False
T,2025-01-15,False,109.32,0.0016492578339746267,0.4873132446135206,0.5678779498205306,-0.011374123875173859,-0.17509840154571327,0.43333333333333335,-9.14745700694164e-05,1.0,1.0,False,False
T,2025-01-16,False,109.31,-9.14745700694164e-05,0.4537469536936867,0.4945600184711778,-0.017959242131540175,-0.6931631493303809,0.23333333333333334,-0.0025157808068795307,1.0,1.0,False,False
T,2025-01-17,False,109.035,-0.0025157808068795307,0.4775042597959953,0.5288371448690922,-0.007545891799394705,-0.28585730227795014,0.36666666666666664,0.0001375705048838327,1.0,1.0,False,False
T,2025-01-20,False,109.05,0.0001375705048838327,0.5477146583062548,0.5820142353482417,0.004271253338549391,0.9036230432848739,0.8166666666666667,0.0017423200366804004,0.0,1.0,True,True
T,2025-01-21,False,109.24,0.0017423200366804004,0.47781823799815687,0.5282406956117769,0.0074977691381840576,-0.26031627136341745,0.38333333333333336,-0.0008238740388135657,1.0,0.0,False,True
T,2025-01-22,False,109.15,-0.0008238740388135657,0.46392949401834466,0.5231561946111389,0.0020679058851477417,-0.4836204415950438,0.2833333333333333,-0.00041227668346310864,1.0,1.0,False,True
T,2025-01-23,False,109.105,-0.00041227668346310864,0.505071064775892,0.5520691008114087,-0.002865155432811667,0.19850092722938936,0.5666666666666667,9.165482791795299e-05,1.0,1.0,False,False
T,2025-01-24,False,109.115,9.165482791795299e-05,0.5324874756118797,0.5866918455248767,-0.00032015386110149647,0.6642867184024595,0.7,0.002062044631810478,1.0,1.0,False,False
T,2025-01-27,False,109.34,0.002062044631810478,0.5040269167240029,0.5327999146439182,0.01209753390452271,0.21006302855955353,0.5666666666666667,0.0008688494603987795,1.0,1.0,False,True
T,2025-02-05,False,109.435,0.0008688494603987795,0.5404581800374111,0.5660309060843941,0.015201322398624373,0.8308482792085355,0.8,0.0009137844382509641,0.0,1.0,True,True
T,2025-02-06,False,109.535,0.0009137844382509641,0.5303100350156074,0.5900448132726043,0.005844864490496204,0.6696143420610797,0.6833333333333333,-0.001186835258136676,1.0,0.0,False,True
T,2025-02-07,False,109.405,-0.001186835258136676,0.6041078275710876,0.6500060208514288,0.016952382221002028,1.8751485578328129,0.9833333333333333,-0.0016452630135734836,0.0,1.0,True,True
T,2025-02-10,False,109.225,-0.0016452630135734836,0.5953488033760285,0.6650549312808933,0.024629342083772765,1.663025189562705,0.95,0.0007324330510416477,0.0,0.0,True,True
T,2025-02-11,False,109.305,0.0007324330510416477,0.43193434783936496,0.478104644699487,-0.015200889603567113,-0.9896454022957353,0.16666666666666666,-0.0014637939709987169,1.0,0.0,False,False
T,2025-02-12,False,109.145,-0.0014637939709987169,0.5025951190765533,0.5460349045224165,-0.022760331160983076,0.18356220088148226,0.5833333333333334,-0.00027486371340879057,1.0,1.0,False,False
T,2025-02-13,False,109.115,-0.00027486371340879057,0.5387714801086292,0.5753876312243309,-0.0223426379224392,0.7651267936418175,0.7666666666666667,-0.00233698391605186,1.0,1.0,False,False
T,2025-02-14,False,108.86,-0.00233698391605186,0.4697096679417824,0.51966900698828,-0.014444113859922786,-0.39306741750549923,0.3333333333333333,-0.0015157082491273899,1.0,1.0,False,False
T,2025-02-17,False,108.695,-0.0015157082491273899,0.5107587812182278,0.5757051700775102,0.012476341562295485,0.28392829229187605,0.6,-0.0009200055200330182,1.0,1.0,False,True
T,2025-02-18,False,108.595,-0.0009200055200330182,0.5260442429837369,0.6316218705909223,0.0018885548923965767,0.541929155636656,0.6666666666666666,0.0008287674386482369,1.0,1.0,False,True
T,2025-02-19,False,108.685,0.0008287674386482369,0.5246973962396004,0.6097664184721829,0.002818640730389693,0.5234683666980676,0.6666666666666666,,1.0,1.0,False,True
T,2025-02-20,True,108.42,,0.5458371076405554,0.5628642692822216,0.01661934944189185,0.8596504690221849,0.8,-0.0023980815347722784,0.0,1.0,True,True
T,2025-02-21,False,108.16,-0.0023980815347722784,0.5808705612873768,0.6831661998399017,0.016001642479511646,1.3927577776835798,0.9333333333333333,-0.0026812130177513716,0.0,0.0,True,True
T,2025-02-24,False,107.87,-0.0026812130177513716,0.6112580438106108,0.6938180592738397,0.022660076670152417,1.8020724472349634,0.9833333333333333,0.0018077315286919582,0.0,0.0,True,True
T,2025-02-25,False,108.065,0.0018077315286919582,0.56354819290266,0.5971253192967902,0.014312252949617455,1.0203822822252524,0.8666666666666667,0.001064174339517887,0.0,0.0,True,True
T,2025-02-26,False,108.18,0.001064174339517887,0.4440436703954052,0.5152054280702273,-0.02209092428750171,-0.8354534230788054,0.21666666666666667,-0.0010630430763542975,1.0,0.0,False,False
T,2025-02-27,False,108.065,-0.0010630430763542975,0.4487308006922134,0.5070162783397903,-0.04314938946055324,-0.7448672878234512,0.25,0.0017582010826817651,1.0,1.0,False,False
T,2025-02-28,False,108.255,0.0017582010826817651,0.5650450401231395,0.5963300255012335,-0.020724339958538916,1.0858132979530055,0.8833333333333333,0.0018474897233384802,1.0,1.0,True,False
T,2025-03-03,False,108.455,0.0018474897233384802,0.5381218826050305,0.5650165488029296,0.007014874913247521,0.6484033714113763,0.7,-0.0005071227698123515,1.0,1.0,False,True
T,2025-03-04,False,108.4,-0.0005071227698123515,0.5468417797071583,0.5724624056394344,0.02949873005363233,0.7867007192945296,0.8,0.001014760147601379,0.0,1.0,True,True
T,2025-03-05,False,108.51,0.001014760147601379,0.4970309970099557,0.534049809380912,0.00783971322195034,-0.0030481669480400594,0.48333333333333334,-0.0024421712284582453,1.0,0.0,False,True
T,2025-03-06,False,108.245,-0.0024421712284582453,0.4954104805607492,0.5198101886346116,-0.018036000471985537,-0.03449210740288053,0.4666666666666667,-0.005635364220056394,1.0,1.0,False,False
T,2025-03-07,False,107.635,-0.005635364220056394,0.4826832631105784,0.5307166549388183,-0.016230853813531322,-0.24847890394676753,0.4166666666666667,0.0005109862033725321,1.0,1.0,False,False
T,2025-03-10,False,107.69,0.0005109862033725321,0.47371609743886506,0.4968246703168261,-0.016059909843596377,-0.402865984281753,0.3333333333333333,-0.004225090537654408,1.0,1.0,False,False
T,2025-03-11,False,107.235,-0.004225090537654408,0.5447861032332422,0.5775378417823919,0.007381582932468883,0.7209123191064009,0.75,0.004103137968014092,1.0,1.0,False,True
T,2025-03-12,False,107.675,0.004103137968014092,0.5806340672906913,0.6582049438505544,0.0232550013582548,1.2747013264723308,0.9,-0.000510796377989231,0.0,1.0,True,True
T,2025-03-13,False,107.62,-0.000510796377989231,0.5410967454521309,0.5968732843161608,0.022374493453493134,0.6261755729655152,0.7333333333333333,-0.00037167812674232525,1.0,0.0,False,True
T,2025-03-14,False,107.58,-0.00037167812674232525,0.5267439209148633,0.5594782272136697,0.010236628917088531,0.3643504854536684,0.5833333333333334,-0.004694181074549109,1.0,1.0,False,True
T,2025-03-17,False,107.075,-0.004694181074549109,0.46934490045377625,0.5250437905584853,-0.020477255193475985,-0.614947064685057,0.26666666666666666,0.0015409759514357635,1.0,1.0,False,False
T,2025-03-18,False,107.24,0.0015409759514357635,0.5009017271323213,0.5252461491470016,-0.02312165253150948,-0.09439018102766518,0.45,-0.0001864975755314635,1.0,1.0,False,False
T,2025-03-19,False,107.22,-0.0001864975755314635,0.41219129543029065,0.44401436881650647,-0.028365309382622262,-1.7078272926580056,0.06666666666666667,0.0028912516321581982,1.0,1.0,False,False
T,2025-03-20,False,107.53,0.0028912516321581982,0.476475629880682,0.5026778601870279,-0.015769018709184828,-0.5369078199455716,0.3,-0.001069468985399391,1.0,1.0,False,False
T,2025-03-21,False,107.415,-0.001069468985399391,0.506575260701671,0.5752369235654279,0.005003462324415025,-0.017500641431876872,0.5166666666666667,0.0016757436112273538,1.0,1.0,False,True
T,2025-03-24,False,107.595,0.0016757436112273538,0.5245238674948782,0.5673198210068716,0.014162824599649427,0.27850544953244366,0.55,0.0007435289743946694,1.0,1.0,False,True
T,2025-03-25,False,107.675,0.0007435289743946694,0.4628990588500105,0.49563077315606874,0.01494637644536359,-0.9112452827002703,0.16666666666666666,0.0029719061992106166,1.0,1.0,False,True
T,2025-03-26,False,107.995,0.0029719061992106166,0.47588668327899436,0.5676666685630496,-0.004485409505503579,-0.6716983846483867,0.25,-0.0009722672345942041,1.0,1.0,False,False
T,2025-03-27,False,107.89,-0.0009722672345942041,0.4871863087523179,0.5569298009730537,-0.008741508811459015,-0.4623118104022474,0.36666666666666664,-0.00013903049402164136,1.0,1.0,False,False
T,2025-03-28,False,107.875,-0.00013903049402164136,0.542061844582471,0.5659972459447069,0.00593632040774929,0.6309997069910568,0.75,-4.634994206254017e-05,1.0,1.0,False,True
T,2025-03-31,False,107.87,-4.634994206254017e-05,0.4973187170880929,0.5322730396122733,0.013501447777964143,-0.2218964134025793,0.43333333333333335,-0.0010197459905442186,1.0,1.0,False,True
T,2025-04-01,False,107.76,-0.0010197459905442186,0.5012662203980099,0.5331784345940689,0.006089148257380617,-0.14639141196378933,0.45,0.0026911655530807987,1.0,1.0,False,True
T,2025-04-02,False,108.05,0.0026911655530807987,0.4902700999148173,0.5332404690678149,-0.0034628041859462223,-0.3516583790700914,0.38333333333333336,0.0048588616381306515,1.0,1.0,False,False
T,2025-04-03,False,108.575,0.0048588616381306515,0.4551017456826666,0.5589157095729482,-0.018096881497288435,-1.1343586636686898,0.13333333333333333,0.005572185125489293,1.0,1.0,False,False
T,2025-04-07,False,109.18,0.005572185125489293,0.3523474211715507,0.37098991860580066,-0.03361070665484277,-3.1906741268017913,0.016666666666666666,-0.002564572265982834,1.0,1.0,False,False
T,2025-04-08,False,108.9,-0.002564572265982834,0.39602467816833814,0.4623815126576474,-0.03484057632026102,-2.1562499035307288,0.03333333333333333,0.0013314967860422744,1.0,1.0,False,False
T,2025-04-09,False,109.045,0.0013314967860422744,0.46613806422959886,0.5557435738405355,-0.010734113888476532,-0.7614960496337182,0.2,-9.170525929669271e-05,1.0,1.0,False,False
T,2025-04-10,False,109.035,-9.170525929669271e-05,0.4843657952862031,0.5640300928466756,0.017231874226512116,-0.4327359446444363,0.35,-0.0007795661943411636,1.0,1.0,False,True
T,2025-04-11,False,108.95,-0.0007795661943411636,0.4552742857753358,0.4844847441998233,0.029419484632543513,-0.9877084672714145,0.15,0.0008260670032125272,1.0,1.0,False,True
T,2025-04-14,False,109.04,0.0008260670032125272,0.4217670395561643,0.47319997876854003,0.004062094432138924,-1.596185727877639,0.06666666666666667,-0.0007336757153338924,1.0,1.0,False,True
T,2025-04-15,False,108.96,-0.0007336757153338924,0.43099119600497693,0.5192006312303307,-0.013289249217928267,-1.36207703090003,0.08333333333333333,0.0016060939794420026,1.0,1.0,False,False
T,2025-04-16,False,109.135,0.0016060939794420026,0.5364184742852884,0.5943182493633746,0.00798222682278118,0.6875762804806151,0.7333333333333333,-0.001328629678838178,1.0,1.0,False,True
T,2025-04-17,False,108.99,-0.001328629678838178,0.5079582555347117,0.5606660563139457,0.022001937424787604,0.13504737631880323,0.6,0.00032113037893388707,1.0,1.0,False,True
T,2025-04-18,False,109.025,0.00032113037893388707,0.5258778595716433,0.5815626466171977,0.028518869956069292,0.4730154124967486,0.65,-0.0022471910112360494,1.0,1.0,False,True
T,2025-04-21,False,108.78,-0.0022471910112360494,0.5311356230059328,0.6112175148356267,0.018974823928826656,0.5534402037554225,0.7,0.0017466446037874839,1.0,1.0,False,True
T,2025-04-22,False,108.97,0.0017466446037874839,0.4249709353986052,0.4516818447183185,-0.019971771030214545,-1.4914868137761879,0.08333333333333333,-0.0018353675323483643,1.0,1.0,False,False
T,2025-04-23,False,108.77,-0.0018353675323483643,0.5070553994819578,0.5309520117700496,-0.01027126362785461,0.10914822779600133,0.5666666666666667,-0.0008274340351198672,1.0,1.0,False,False
T,2025-04-24,False,108.68,-0.0008274340351198672,0.45210762063861243,0.4868615081897563,-0.01716207013900368,-0.94616069910576,0.16666666666666666,0.0008281192491716993,1.0,1.0,False,False
T,2025-04-25,False,108.77,0.0008281192491716993,0.5257093954335164,0.5960988105310264,0.0016284230095174434,0.45893728767436515,0.6333333333333333,0.0006435598050933411,1.0,1.0,False,True
T,2025-04-28,False,108.84,0.0006435598050933411,0.5590068869337792,0.6040453903352723,0.02867258990219066,1.0764531521105014,0.8833333333333333,0.0025725836089673937,0.0,1.0,True,True
T,2025-04-29,False,109.12,0.0025725836089673937,0.4702436088125091,0.5019700137094867,0.0033275684956269426,-0.6077849535882507,0.2833333333333333,-0.0010997067448680342,1.0,0.0,False,True
T,2025-04-30,False,109.0,-0.0010997067448680342,0.4556615133744437,0.5033528707975142,-0.0048358001149344685,-0.8665484718407842,0.21666666666666667,0.00041284403669727965,1.0,1.0,False,False
T,2025-05-06,False,109.045,0.00041284403669727965,0.4788128398579087,0.5299068464635688,-0.019713848471055083,-0.4068736178770335,0.36666666666666664,-0.00178825255628412,1.0,1.0,False,False
T,2025-05-07,False,108.85,-0.00178825255628412,0.5753630488354597,0.6342318462369013,0.004128155484876067,1.4058364077184184,0.9166666666666666,0.0019292604501608412,0.0,1.0,True,True
T,2025-05-08,False,109.06,0.0019292604501608412,0.3726192208326878,0.42103171699226305,-0.00755472404986266,-2.311619934033017,0.03333333333333333,0.0,1.0,0.0,False,False
T,2025-05-09,False,109.06,0.0,0.4706450666415096,0.5749378582737956,-0.007622651249108908,-0.46343107520945864,0.3333333333333333,-0.004859710251237881,1.0,1.0,False,False
T,2025-05-12,False,108.53,-0.004859710251237881,0.5834668398087727,0.647127368910057,0.010459001770777788,1.6272825641483102,0.9833333333333333,0.001704597807058006,0.0,1.0,True,True
T,2025-05-13,False,108.715,0.001704597807058006,0.5495596570731495,0.6074740872006819,0.015924083545146434,0.9635507412639878,0.8666666666666667,-0.0016557052844594633,0.0,0.0,True,True
T,2025-05-14,False,108.535,-0.0016557052844594633,0.45327161079697365,0.5455101744294943,0.02402193703602116,-0.8154964901446679,0.18333333333333332,0.0001842723545399938,1.0,0.0,False,True
T,2025-05-15,False,108.555,0.0001842723545399938,0.49861729135095234,0.5868423277462528,-0.0074250779592913594,0.025590770011336007,0.5166666666666667,-0.0006908940168578459,1.0,1.0,False,False
T,2025-05-16,False,108.48,-0.0006908940168578459,0.48379358635437897,0.5201825643720491,-0.025028887263098452,-0.24448138965667712,0.4166666666666667,0.0011522861356931813,1.0,1.0,False,False
T,2025-05-19,False,108.605,0.0011522861356931813,0.47724419746181884,0.5059097015951995,-0.011410894366525592,-0.3527947351822793,0.38333333333333336,,1.0,1.0,False,False
T,2025-05-20,True,108.84,,0.5519101257694169,0.5703892896243558,0.0175903936055753,1.03659436295316,0.8666666666666667,-4.5938993017413665e-05,0.0,1.0,True,True
T,2025-05-21,False,108.835,-4.5938993017413665e-05,0.5174010444930633,0.5537021245697793,0.010568404569925994,0.40290505324366754,0.65,-0.0001837644140212369,1.0,0.0,False,True
T,2025-05-22,False,108.815,-0.0001837644140212369,0.5580030166675919,0.5881981111448552,0.018857570765767034,1.1854889073448664,0.8833333333333333,0.0003216468317785992,0.0,1.0,True,True
T,2025-05-23,False,108.85,0.0003216468317785992,0.4545252540001726,0.5259705708845552,-0.003934499602511754,-0.75903174392625,0.2,4.593477262293533e-05,1.0,0.0,False,False
T,2025-05-26,False,108.855,4.593477262293533e-05,0.5498040332875195,0.5989064983618319,-0.00670879754566856,1.1327745672939586,0.8833333333333333,-0.0011023839051950146,1.0,1.0,True,False
T,2025-05-27,False,108.735,-0.0011023839051950146,0.5245308105303029,0.5806938087322704,0.0006060548694406753,0.6073492207672494,0.6833333333333333,-4.5983354025835865e-05,1.0,1.0,False,True
T,2025-05-28,False,108.73,-4.5983354025835865e-05,0.5647024139234683,0.6048126693049777,0.008340435104188321,1.3579755347305689,0.9333333333333333,-0.0023452588981882627,0.0,1.0,True,True
T,2025-05-29,False,108.475,-0.0023452588981882627,0.41148346058920876,0.4658328051235102,-0.007118520618597879,-1.6104246339042356,0.06666666666666667,0.0023046784973497214,1.0,0.0,False,False
T,2025-05-30,False,108.725,0.0023046784973497214,0.4211545844457146,0.45228889380538917,-0.037034624762470394,-1.368760233640545,0.1,-0.0003679006668199092,1.0,1.0,False,False
T,2025-06-03,False,108.685,-0.0003679006668199092,0.4202538988786164,0.4767423259489133,-0.03521016527811267,-1.3377514078060466,0.1,0.0007360721350693211,1.0,1.0,False,False
T,2025-06-04,False,108.765,0.0007360721350693211,0.4791907730341957,0.586414204722426,-0.016225284348913755,-0.19182653851460668,0.45,-0.0004137360364088183,1.0,1.0,False,False
T,2025-06-05,False,108.72,-0.0004137360364088183,0.5889017377459832,0.6156151944625172,0.041287274290203,1.8438641468046222,1.0,0.001885577630610813,0.0,1.0,True,True
T,2025-06-06,False,108.925,0.001885577630610813,0.5083030469327048,0.5756825185765868,0.03429447638413472,0.32279815826391284,0.65,0.0006885471654809461,1.0,0.0,False,True
T,2025-06-09,False,109.0,0.0006885471654809461,0.568064953519557,0.6189830032451663,0.03247343831803902,1.3917015718727213,0.9333333333333333,-4.587155963298173e-05,0.0,1.0,True,True
T,2025-06-10,False,108.995,-4.587155963298173e-05,0.497683184865826,0.5514074906275667,0.0016148039436834406,0.10795591299764393,0.5333333333333333,0.00045873663929540953,1.0,0.0,False,True
T,2025-06-11,False,109.045,0.00045873663929540953,0.5012798856795487,0.5343146474757848,-0.01858635661997477,0.2042643726903349,0.6,-0.0004585262964831305,1.0,1.0,False,False
T,2025-06-12,False,108.995,-0.0004585262964831305,0.5638682620801896,0.6329285455068998,0.004434536245496135,1.3775598695709843,0.9166666666666666,0.00022936831964770477,0.0,1.0,True,True
T,2025-06-13,False,109.02,0.00022936831964770477,0.5776972719059151,0.6164432646100452,0.008544971398707985,1.5931311180837346,0.9666666666666667,-4.586314437715622e-05,0.0,0.0,True,True
T,2025-06-16,False,109.015,-4.586314437715622e-05,0.46778820846948743,0.5421124740546325,0.001662743343368922,-0.4444574364186174,0.31666666666666665,0.0013300921891481465,1.0,0.0,False,True
T,2025-06-17,False,109.16,0.0013300921891481465,0.5206685493791577,0.5697701854951878,-0.005730272621148414,0.5286987409751398,0.6833333333333333,-0.00018321729571268985,1.0,1.0,False,False
T,2025-06-18,False,109.14,-0.00018321729571268985,0.5151019385652246,0.5745959401951225,-0.015456136955668743,0.401063189326679,0.65,-4.581271761039396e-05,1.0,1.0,False,False
T,2025-06-19,False,109.135,-4.581271761039396e-05,0.44056974286949735,0.4992188572893525,-0.02269413279770984,-0.9838855380572364,0.16666666666666666,0.0001374444495350069,1.0,1.0,False,False
T,2025-06-20,False,109.15,0.0001374444495350069,0.5142603788035687,0.549866169208796,0.0012845534158502092,0.39082523891485504,0.6333333333333333,4.5808520384715834e-05,1.0,1.0,False,True
T,2025-06-23,False,109.155,4.5808520384715834e-05,0.5289617180242188,0.5498216759052192,0.0015744777528466148,0.663443272529315,0.75,-0.0011909669735696848,1.0,1.0,False,True
T,2025-06-24,False,109.025,-0.0011909669735696848,0.5662841513313334,0.6073403607489843,0.0190756400686939,1.311594785623314,0.9166666666666666,-0.0002751662462737725,0.0,1.0,True,True
T,2025-06-25,False,108.995,-0.0002751662462737725,0.5874432302467609,0.6401960108854979,0.034577074728229185,1.6304819938201043,0.9833333333333333,-0.000412862975365913,0.0,0.0,True,True
T,2025-06-26,False,108.95,-0.000412862975365913,0.5614346916596179,0.6173195303406426,0.015283013793464062,1.1271063766871046,0.85,0.0008719596145021491,0.0,0.0,True,True
T,2025-06-27,False,109.045,0.0008719596145021491,0.5374317218628816,0.5680262270532568,0.0012090548005610157,0.7011809150333456,0.75,-0.0013755788894493914,1.0,0.0,False,True
T,2025-06-30,False,108.895,-0.0013755788894493914,0.5200779640301717,0.6084268055296436,-0.014242388298620267,0.3841414725062456,0.6166666666666667,0.0010101473896872992,1.0,1.0,False,False
T,2025-07-01,False,109.005,0.0010101473896872992,0.47843264787014533,0.5595452066565338,-0.025937789238267738,-0.35116735739375365,0.36666666666666664,0.0011467363882391446,1.0,1.0,False,False
T,2025-07-02,False,109.13,0.0011467363882391446,0.5332605585127979,0.5885978848979911,-0.011534734028637634,0.610666216695291,0.7166666666666667,-0.000229084578026173,1.0,1.0,False,False
T,2025-07-03,False,109.105,-0.000229084578026173,0.5590706422371359,0.6243661810729474,0.005646043523113475,1.033949894669232,0.8333333333333334,-4.5827413959087515e-05,0.0,1.0,True,True
T,2025-07-04,False,109.1,-4.5827413959087515e-05,0.5395472055417774,0.5636570119971265,0.011957647739020189,0.6721354279551885,0.7333333333333333,4.582951420717407e-05,1.0,0.0,False,True
T,2025-07-07,False,109.105,4.582951420717407e-05,0.5199411564934315,0.5853981859527063,0.008930366427555191,0.2752594800900517,0.55,-0.0007790660373035996,1.0,1.0,False,True
T,2025-07-08,False,109.02,-0.0007790660373035996,0.5097184965520453,0.5701013792200922,-0.008621360966520952,0.06267942751803596,0.48333333333333334,0.00027517886626315935,1.0,1.0,False,False
T,2025-07-09,False,109.05,0.00027517886626315935,0.5365829397490103,0.5789917052198428,-0.00748041139659833,0.570039839135203,0.7,-0.0018798716185235431,1.0,1.0,False,False
T,2025-07-10,False,108.845,-0.0018798716185235431,0.48768654176884135,0.5443006530918285,-0.00870795442902933,-0.3980435746189247,0.35,-0.000137810648169423,1.0,1.0,False,False
T,2025-07-11,False,108.83,-0.000137810648169423,0.5997788473967355,0.634487293070798,0.013764342702340398,1.7457388534064182,1.0,-0.0009188642837452132,0.0,1.0,True,True
T,2025-07-14,False,108.73,-0.0009188642837452132,0.4995566671671847,0.6253347239424474,0.004287224887800411,-0.2502338328399192,0.36666666666666664,0.0014715349949414591,1.0,0.0,False,True
T,2025-07-15,False,108.89,0.0014715349949414591,0.4546837770334474,0.49111494981446313,-0.015192820003278235,-1.1132512379877773,0.16666666666666666,-0.0005050968867664762,1.0,1.0,False,False
T,2025-07-16,False,108.835,-0.0005050968867664762,0.4030671209180373,0.4866987877780666,-0.031433391206489615,-2.028872818208954,0.03333333333333333,0.0004594110350530922,1.0,1.0,False,False
T,2025-07-17,False,108.885,0.0004594110350530922,0.5710684504335151,0.6167093760449525,-0.015391034017558824,1.1639625073421962,0.9,-0.0008724801395968429,1.0,1.0,True,False
T,2025-07-18,False,108.79,-0.0008724801395968429,0.43772030891355296,0.5104454209065501,-0.0007288043107195885,-1.3164432313522385,0.11666666666666667,-0.00027576063976464393,1.0,1.0,False,False
T,2025-07-21,False,108.76,-0.00027576063976464393,0.48052210172181176,0.5059865749242334,0.008632983737224431,-0.5434366330202248,0.3333333333333333,-0.0011493196027951846,1.0,1.0,False,True
T,2025-07-22,False,108.635,-0.0011493196027951846,0.4755149802017075,0.5170665517076496,0.00543493698556371,-0.6267009507319109,0.26666666666666666,-0.001058590693607142,1.0,1.0,False,True
T,2025-07-23,False,108.52,-0.001058590693607142,0.531860291782042,0.5942695182346621,-0.0040621646014791625,0.42157304864352974,0.6333333333333333,-0.0027644673792849295,1.0,1.0,False,False
T,2025-07-24,False,108.22,-0.0027644673792849295,0.4011338126323388,0.4633369653371712,-0.0021834802502198047,-1.9739640762346982,0.03333333333333333,-0.00036961744594332657,1.0,1.0,False,False
T,2025-07-25,False,108.18,-0.00036961744594332657,0.5408472800554839,0.6268356431413334,0.004626918909797556,0.6206655742660283,0.7166666666666667,0.0019874283601404308,1.0,1.0,False,True
T,2025-07-28,False,108.395,0.0019874283601404308,0.500995395461533,0.6393527606844297,0.005994781879309297,-0.13040156466221411,0.43333333333333335,-0.0024447622122791834,1.0,1.0,False,True
T,2025-07-29,False,108.13,-0.0024447622122791834,0.4049065876722126,0.477088314044253,-0.015404582539046452,-1.8657344000963059,0.06666666666666667,0.0015721816332192606,1.0,1.0,False,False
T,2025-07-30,False,108.3,0.0015721816332192606,0.45392111468525026,0.48428259519634603,-0.003036608827744841,-0.9581657570485131,0.18333333333333332,0.0017082179132041908,1.0,1.0,False,False
T,2025-07-31,False,108.485,0.0017082179132041908,0.4413320995937101,0.4790255852464748,-0.024610464169983033,-1.1484479367961382,0.16666666666666666,-0.00046089321104292313,1.0,1.0,False,False
T,2025-08-01,False,108.435,-0.00046089321104292313,0.3995152937337655,0.4372002997631209,-0.01665346915340376,-1.9522726936880883,0.016666666666666666,0.0003227740120810285,1.0,1.0,False,False
T,2025-08-04,False,108.47,0.0003227740120810285,0.4125581529829221,0.4455261871323403,-0.00391026903300658,-1.6579820050620482,0.1,0.0006453397252697002,1.0,1.0,False,False
T,2025-08-05,False,108.54,0.0006453397252697002,0.4470269586091261,0.5151774960561344,-0.004256225876303632,-1.0010325844539005,0.2,0.00013819789939195637,1.0,1.0,False,False
T,2025-08-06,False,108.555,0.00013819789939195637,0.4822358513750939,0.5261534484972259,0.012931916843812818,-0.33764833508725883,0.38333333333333336,0.0005527152134860991,1.0,1.0,False,True
T,2025-08-07,False,108.615,0.0005527152134860991,0.45268528663918867,0.5317923658364446,0.017601768420301818,-0.8815448585398089,0.21666666666666667,0.00023017078672382674,1.0,1.0,False,True
T,2025-08-08,False,108.64,0.00023017078672382674,0.49846962891830776,0.5455341663646022,0.01774812799008339,-0.03844750453095697,0.45,-0.0013346833578792294,1.0,1.0,False,True
T,2025-08-11,False,108.495,-0.0013346833578792294,0.5287387515343476,0.554050471832912,0.017965736339365677,0.5044255663602196,0.65,-0.0006912760956726549,1.0,1.0,False,True
T,2025-08-12,False,108.42,-0.0006912760956726549,0.5485430294284589,0.5946184026538331,0.020866782100188892,0.8429616596831654,0.7666666666666667,0.00013835085777524903,1.0,1.0,False,True
T,2025-08-13,False,108.435,0.00013835085777524903,0.5026120991236475,0.5310163844490817,0.014992702547906873,0.01730640754497338,0.48333333333333334,-0.0010144326093973755,1.0,1.0,False,True
T,2025-08-14,False,108.325,-0.0010144326093973755,0.5578206861445454,0.5967555648082271,0.009257546204177514,1.0143697262062157,0.8,-0.0002769443803369853,0.0,1.0,True,True
T,2025-08-15,False,108.295,-0.0002769443803369853,0.4930200908492558,0.5827080934084097,-0.006215966465409705,-0.15207875130583626,0.4,-0.0025855302645552136,1.0,0.0,False,False
T,2025-08-18,False,108.015,-0.0025855302645552136,0.3468370019186046,0.45013650493763696,-0.041300406329410025,-2.656008002581884,0.016666666666666666,0.0003703189371846438,1.0,1.0,False,False
T,2025-08-19,False,108.055,0.0003703189371846438,0.44320101055874367,0.4892792183798648,-0.032980586135574835,-0.9471494882517729,0.21666666666666667,-0.0018509092591736387,1.0,1.0,False,False
T,2025-08-20,False,107.855,-0.0018509092591736387,0.4378386429388466,0.5364667492849385,-0.02897831667019097,-1.0082015394265302,0.18333333333333332,0.0013443975708127276,1.0,1.0,False,False
T,2025-08-21,False,108.0,0.0013443975708127276,0.5624565111364194,0.5947685521873233,0.022987448159456914,1.1443569452764164,0.8666666666666667,,0.0,1.0,True,True
T,2025-08-22,True,107.66,,0.5323409445686605,0.5419168680081118,0.04902633858777876,0.5986699318271813,0.7,0.0026936652424298657,1.0,0.0,False,True
T,2025-08-25,False,107.95,0.0026936652424298657,0.5034413069699578,0.5600158746887658,0.021498289445224222,0.06856478316863227,0.5166666666666667,0.00041685965724869156,1.0,1.0,False,True
T,2025-08-26,False,107.995,0.00041685965724869156,0.5247434683065055,0.5670206275269932,0.01147944465688563,0.4240712767172764,0.6333333333333333,0.00023149219871276827,1.0,1.0,False,True
T,2025-08-27,False,108.02,0.00023149219871276827,0.5289749021427845,0.5634169314410978,-0.007456069424942468,0.4853900824183893,0.6666666666666666,-0.0020829476022957705,1.0,1.0,False,False
T,2025-08-28,False,107.795,-0.0020829476022957705,0.4647064717652132,0.5293053484079119,-0.010973535043406802,-0.652460438979613,0.26666666666666666,0.00013915302193989731,1.0,1.0,False,False
T,2025-08-29,False,107.81,0.00013915302193989731,0.5140355107127328,0.573463671973976,-0.00388485890557424,0.25511039887350767,0.5333333333333333,0.0017623597068916474,1.0,1.0,False,False
T,2025-09-01,False,108.0,0.0017623597068916474,0.5402575706028844,0.6124011239852101,0.0016088813162705939,0.7534685511669553,0.8,-0.0004166666666667318,0.0,1.0,True,True
T,2025-09-02,False,107.955,-0.0004166666666667318,0.499337217516743,0.5380455182727781,0.0016275729585588095,-0.0078022208866532425,0.4166666666666667,0.0018989393728867654,1.0,0.0,False,True
T,2025-09-03,False,108.16,0.0018989393728867654,0.5371581912768091,0.5972855009333803,0.013020514582720199,0.6814866387294791,0.75,0.0009245562130177909,1.0,1.0,False,True
T,2025-09-04,False,108.26,0.0009245562130177909,0.41531784526697346,0.4856289015334764,-0.020053471021759396,-1.5163669516572416,0.11666666666666667,-0.002863476815074817,1.0,1.0,False,False
T,2025-09-05,False,107.95,-0.002863476815074817,0.49447124803297826,0.5202140248470544,-0.017559201738958176,-0.037819412966626435,0.4166666666666667,-0.0007874015748031704,1.0,1.0,False,False
T,2025-09-08,False,107.865,-0.0007874015748031704,0.5276299795175604,0.552375298589254,0.0013898580757804035,0.5639780575169941,0.65,-0.0008343763037128582,1.0,1.0,False,True
T,2025-09-09,False,107.775,-0.0008343763037128582,0.504541928976304,0.5353653207673404,0.00470796096495768,0.13719533381225643,0.5166666666666667,-0.0026443980514962995,1.0,1.0,False,True
T,2025-09-10,False,107.49,-0.0026443980514962995,0.5527816563957947,0.6036531659261427,0.02849983032009682,1.0210829580907115,0.8666666666666667,0.0008372871895059308,0.0,1.0,True,True
T,2025-09-11,False,107.58,0.0008372871895059308,0.543827708308553,0.5842587387571133,0.012386459742938371,0.8259182332189533,0.8333333333333334,0.0012084030488939135,0.0,0.0,True,True
T,2025-09-12,False,107.71,0.0012084030488939135,0.49538376819867086,0.5646302292477581,-0.002520664330553013,-0.072283231163733,0.4,0.0008819979574785641,1.0,0.0,False,False
T,2025-09-15,False,107.805,0.0008819979574785641,0.456263661704854,0.5104073094349896,-0.015395442274002386,-0.778117696909783,0.26666666666666666,0.0018088214832334693,1.0,1.0,False,False
T,2025-09-16,False,108.0,0.0018088214832334693,0.506118402733635,0.5725108915288546,-0.018089055392801846,0.17143148482536777,0.55,0.0014351851851852615,1.0,1.0,False,False
T,2025-09-17,False,108.155,0.0014351851851852615,0.5210441734145491,0.5495858392556094,-0.003483243525304364,0.48558351063119765,0.6333333333333333,-0.0006934492164024642,1.0,1.0,False,False
T,2025-09-18,False,108.08,-0.0006934492164024642,0.44632615906159095,0.4754680761587178,-0.003333470656446469,-0.9282629246975602,0.2,-0.00226683937823835,1.0,1.0,False,False
T,2025-09-19,False,107.835,-0.00226683937823835,0.5559619655506306,0.6856155770683049,0.01396043640195092,1.192341366172265,0.9166666666666666,0.0012982797792924217,0.0,1.0,True,True
T,2025-09-22,False,107.975,0.0012982797792924217,0.5769906437860058,0.7034648576328019,0.017666227424082324,1.5509802349143744,0.9833333333333333,-0.0024079648066681614,0.0,0.0,True,True
T,2025-09-23,False,107.715,-0.0024079648066681614,0.49169643800038165,0.5290927307178038,0.0071969013896079955,-0.07213255639504455,0.38333333333333336,-0.000603444274242193,1.0,0.0,False,True
T,2025-09-24,False,107.65,-0.000603444274242193,0.45895080488892326,0.47998995823864327,-0.003901623589558434,-0.6710038326580097,0.3,-0.0003715745471435383,1.0,1.0,False,False
T,2025-09-25,False,107.61,-0.0003715745471435383,0.48406507931967874,0.5438695133595726,-0.02618336113589863,-0.1721403413873894,0.38333333333333336,0.0006504971656910996,1.0,1.0,False,False
T,2025-09-26,False,107.68,0.0006504971656910996,0.5461452290371083,0.5795311693936833,-0.006932218817849806,1.0189843932136728,0.8666666666666667,-0.00018573551263012522,1.0,1.0,True,False
T,2025-09-29,False,107.66,-0.00018573551263012522,0.5263358041088835,0.5605156997431201,0.015647315636518867,0.635532324515201,0.6833333333333333,0.0017183726546534661,1.0,1.0,False,True
T,2025-09-30,False,107.845,0.0017183726546534661,0.500985831634685,0.5336310232579792,0.012634077828072826,0.15190467666367025,0.5333333333333333,0.0018545134220409043,1.0,1.0,False,True
T,2025-10-09,False,108.045,0.0018545134220409043,0.5444946747880841,0.5862124619672457,0.00756997935343875,0.9826584754008312,0.85,-0.000601601184691547,0.0,1.0,True,True
T,2025-10-10,False,107.98,-0.000601601184691547,0.5014124297550313,0.5422439258579874,-0.007130672788495329,0.15279783026371346,0.55,0.0007871828116317037,1.0,0.0,False,False
T,2025-10-13,False,108.065,0.0007871828116317037,0.4607772554911298,0.5411579015159339,-0.013069049911516107,-0.6014098115700225,0.31666666666666665,0.0009716374404293848,1.0,1.0,False,False
T,2025-10-14,False,108.17,0.0009716374404293848,0.48570614047520705,0.5776946395139468,-0.011427680161591024,-0.10274764623035886,0.4166666666666667,-0.0003697882962004906,1.0,1.0,False,False
T,2025-10-15,False,108.13,-0.0003697882962004906,0.5096197590228703,0.5691135109340304,-0.008545612081025195,0.3543464992554622,0.6333333333333333,0.00032368445389807654,1.0,1.0,False,False
T,2025-10-16,False,108.165,0.00032368445389807654,0.4681827269347789,0.5336185247020018,-0.001761690210876432,-0.5040856704213096,0.31666666666666665,0.0012018675172189575,1.0,1.0,False,False
T,2025-10-17,False,108.295,0.0012018675172189575,0.5656144847317166,0.5965002914885996,0.01921510449407455,1.4899260525460993,0.9833333333333333,-0.00170829678193829,0.0,1.0,True,True
T,2025-10-20,False,108.11,-0.00170829678193829,0.44524011789504414,0.5748766419546744,-0.0024937319451479477,-0.978392795120885,0.16666666666666666,0.00032374433447412976,1.0,0.0,False,False
T,2025-10-21,False,108.145,0.00032374433447412976,0.4682909112890092,0.511784221412172,-0.010560030450745694,-0.5004486768777883,0.3333333333333333,0.0,1.0,1.0,False,False
T,2025-10-22,False,108.145,0.0,0.5678953367970393,0.6096528712828145,0.010210164628181334,1.481214384501305,0.9833333333333333,-0.0010171528965740029,0.0,1.0,True,True
T,2025-10-23,False,108.035,-0.0010171528965740029,0.5614943798743894,0.5876811388490826,0.011441500918734082,1.3285076161507945,0.9333333333333333,-0.0002776877863654992,0.0,0.0,True,True
T,2025-10-24,False,108.005,-0.0002776877863654992,0.5361229115473907,0.5690196808524857,0.02749690558900733,0.7986676630837038,0.75,0.0015740012036480344,1.0,0.0,False,True
T,2025-10-27,False,108.175,0.0015740012036480344,0.4871246645484068,0.5291276431259155,0.0005895081269146618,-0.18464846976265475,0.38333333333333336,0.002218627224404912,1.0,1.0,False,True
T,2025-10-28,False,108.415,0.002218627224404912,0.5591294794608392,0.5880634836098186,-0.009190142999838275,1.2579407686333648,0.9166666666666666,0.0014296914633582514,1.0,1.0,True,False
T,2025-10-29,False,108.57,0.0014296914633582514,0.5117068897537462,0.5542763210407923,-0.007656841232783785,0.2685287334285595,0.6,0.0005526388505112667,1.0,1.0,False,False
T,2025-10-30,False,108.63,0.0005526388505112667,0.4789896817962625,0.52387194920401,-0.008968423429691692,-0.42652897488945857,0.3,0.0004602780079168145,1.0,1.0,False,False
T,2025-10-31,False,108.68,0.0004602780079168145,0.5183788905876632,0.5535329973960038,-0.0017631345586063996,0.3790860155863833,0.6166666666666667,0.0,1.0,1.0,False,False
T,2025-11-03,False,108.68,0.0,0.5244815474855409,0.5517079318833472,-0.006262386311667978,0.4833145758730874,0.6333333333333333,-0.0001840264998160812,1.0,1.0,False,False
T,2025-11-04,False,108.66,-0.0001840264998160812,0.5379353940015364,0.5706140257250297,0.009794887418485882,0.7575776808807829,0.7666666666666667,-0.00036812074360381697,1.0,1.0,False,True
T,2025-11-05,False,108.62,-0.00036812074360381697,0.4790120553705114,0.5053858217903782,0.0019601250562371053,-0.6062193815127415,0.25,-0.0007825446510771883,1.0,1.0,False,True
T,2025-11-06,False,108.535,-0.0007825446510771883,0.5561831580660775,0.5950311310557399,0.003013904284179925,1.1372290856470681,0.8833333333333333,-0.0008292255954300831,0.0,1.0,True,True
T,2025-11-07,False,108.445,-0.0008292255954300831,0.4499262692598549,0.524430561883591,-0.013086279238683085,-1.2920314395107713,0.11666666666666667,0.0003688505694130484,1.0,0.0,False,False
T,2025-11-10,False,108.485,0.0003688505694130484,0.541861045999455,0.5685059817337985,-0.0021234482114819487,0.7888099927567925,0.7666666666666667,-9.217864220867344e-05,1.0,1.0,False,False
T,2025-11-11,False,108.475,-9.217864220867344e-05,0.5303888428273295,0.5626258239694271,0.008843146284701352,0.527122063636738,0.6666666666666666,0.00041484212952291877,1.0,1.0,False,True
T,2025-11-12,False,108.52,0.00041484212952291877,0.526142218754205,0.5659883254242357,0.0020380694943729406,0.44170393464903546,0.6166666666666667,-0.0010136380390711741,1.0,1.0,False,True
T,2025-11-13,False,108.41,-0.0010136380390711741,0.5545655176210567,0.599895814968677,0.019355966947715353,1.0615752442666277,0.85,4.612120653080254e-05,0.0,1.0,True,True
T,2025-11-14,False,108.415,4.612120653080254e-05,0.45526571280968986,0.5163708828811704,-0.014901399158580297,-1.148447337051555,0.13333333333333333,0.0006456671124843716,1.0,0.0,False,False
T,2025-11-17,False,108.485,0.0006456671124843716,0.5083962666229046,0.5388769307470198,-0.011486165835336482,0.04881964674196712,0.48333333333333334,0.00013826796331284363,1.0,1.0,False,False
T,2025-11-18,False,108.5,0.00013826796331284363,0.5353820677921405,0.5675238721185718,-0.0027689552922281037,0.6665474081022897,0.7,-0.0006912442396314056,1.0,1.0,False,False
T,2025-11-19,False,108.425,-0.0006912442396314056,0.4285413240211647,0.48526424418352726,-0.017193203221733334,-2.0420942349804565,0.03333333333333333,0.0005533779109982984,1.0,1.0,False,False
T,2025-11-20,False,108.485,0.0005533779109982984,0.5038514051359931,0.5411000040460351,0.0017316442050866632,-0.16658144473668446,0.4166666666666667,-0.0005069825321472043,1.0,1.0,False,True
T,2025-11-21,False,108.43,-0.0005069825321472043,0.5363269994719807,0.5967835111648784,0.0024330803042004858,0.6999067995262808,0.7333333333333333,0.0006916904915612587,1.0,1.0,False,True
T,2025-11-24,False,108.505,0.0006916904915612587,0.4955294050860029,0.5174994491113707,0.0028080350038540867,-0.3612175866694734,0.35,,1.0,1.0,False,True
T,2025-11-25,True,108.22,,0.5350596341569184,0.5436852059338932,0.020471462022151714,0.667593580627027,0.6833333333333333,-0.003418961374976992,1.0,1.0,False,True
T,2025-11-26,False,107.85,-0.003418961374976992,0.5398066832187824,0.5865440316590964,0.007064319085051629,0.7829294648225894,0.7666666666666667,0.0004172461752434131,1.0,1.0,False,True
T,2025-11-27,False,107.895,0.0004172461752434131,0.5458380106127546,0.5813088210872206,0.006329930041432735,0.9288387308905167,0.8333333333333334,0.0004170721534826338,0.0,1.0,True,True
T,2025-11-28,False,107.94,0.0004170721534826338,0.4536782180944712,0.531321791850816,-0.0072923997527227225,-1.4622627712102663,0.1,0.0009264406151565652,1.0,0.0,False,False
T,2025-12-01,False,108.04,0.0009264406151565652,0.5673076956632463,0.6066970943161263,-0.002163234211165532,1.4353160126349362,0.9666666666666667,-0.0005553498704183868,1.0,1.0,True,False
T,2025-12-02,False,107.98,-0.0005553498704183868,0.46003097939658516,0.5377453488714732,-0.013808172259390284,-1.2518025907785544,0.16666666666666666,0.0005556584552695032,1.0,1.0,False,False
T,2025-12-03,False,108.04,0.0005556584552695032,0.5450009610443812,0.5787197340050321,0.000467866216536722,0.8688532876386791,0.8,-0.003424657534246589,0.0,1.0,True,True
T,2025-12-04,False,107.67,-0.003424657534246589,0.5703894260766569,0.6480706202994304,0.02111156813455063,1.4697637025638104,0.9833333333333333,0.0018575276307235544,0.0,0.0,True,True
T,2025-12-05,False,107.87,0.0018575276307235544,0.45577793360226565,0.4978631966600773,-0.011270107744188967,-1.4260462111134489,0.11666666666666667,0.0003708167238340998,1.0,0.0,False,False
T,2025-12-08,False,107.91,0.0003708167238340998,0.49241543444786806,0.5424849045528952,-0.0024454117339549773,-0.48912353374371764,0.3333333333333333,0.0006486887220833459,1.0,1.0,False,False
T,2025-12-09,False,107.98,0.0006486887220833459,0.38494230058896695,0.5070202091802688,-0.03980913125396174,-2.932245958274203,0.016666666666666666,0.000463048712724623,1.0,1.0,False,False
T,2025-12-10,False,108.03,0.000463048712724623,0.46185675835389917,0.5424574486733781,-0.028790096845881415,-1.0891393970178977,0.21666666666666667,0.000647968156993306,1.0,1.0,False,False
T,2025-12-11,False,108.1,0.000647968156993306,0.5686692688167448,0.6002503849804041,0.019522399433498948,1.3891315288955715,0.9666666666666667,-0.0010638297872339608,0.0,1.0,True,True
T,2025-12-12,False,107.985,-0.0010638297872339608,0.5575276689231473,0.5827141243581974,0.03139514371783364,1.119721955215371,0.8666666666666667,-0.0010649627263045192,0.0,0.0,True,True
T,2025-12-15,False,107.87,-0.0010649627263045192,0.5589228477372821,0.5941434078847712,0.04436320048658784,1.116248043071086,0.8666666666666667,0.00032446463335489284,0.0,0.0,True,True
T,2025-12-16,False,107.905,0.00032446463335489284,0.5884271928306579,0.62104319339419,0.024339444787405472,1.7172818351388386,1.0,0.000926741114869456,0.0,0.0,True,True
T,2025-12-17,False,108.005,0.000926741114869456,0.4774714905375711,0.554531147776351,-0.015149603265083689,-0.769021295895999,0.25,4.629415304857609e-05,1.0,0.0,False,False
T,2025-12-18,False,108.01,4.629415304857609e-05,0.5122895898400539,0.5659198766419841,-0.01719275153658978,0.015157770996484422,0.5,0.0012961762799741372,1.0,1.0,False,False
T,2025-12-19,False,108.15,0.0012961762799741372,0.5139595973923822,0.5866772003690839,-0.01660641036804038,0.02785563821958343,0.5,-0.0015718908922792707,1.0,1.0,False,False
T,2025-12-22,False,107.98,-0.0015718908922792707,0.497616470610074,0.5644645023577951,-0.014513333758635671,-0.326023043253515,0.38333333333333336,0.0022226338210780128,1.0,1.0,False,False
T,2025-12-23,False,108.22,0.0022226338210780128,0.5993436304476523,0.6605370822440065,0.022907116059018247,1.9787613248710667,1.0,9.240436148583164e-05,0.0,1.0,True,True
T,2025-12-24,False,108.23,9.240436148583164e-05,0.5445653631177889,0.6227711953699802,0.014993557961074011,0.7139332624363918,0.7333333333333333,-0.0003233853829808231,1.0,0.0,False,True
T,2025-12-25,False,108.195,-0.0003233853829808231,0.5163740867196553,0.5522392923313825,0.005177787116226124,0.054909297224337586,0.5,0.0009704699847497,1.0,1.0,False,True
T,2025-12-26,False,108.3,0.0009704699847497,0.5762747960860193,0.6047354954997851,0.007434710722389359,1.3759277394189333,0.9666666666666667,-0.0030009233610341912,0.0,1.0,True,True
T,2025-12-29,False,107.975,-0.0030009233610341912,0.6345365453117773,0.7183103871213793,0.01020952626964804,2.522251001203416,1.0,-0.00032414910858991064,0.0,0.0,True,True
T,2025-12-30,False,107.94,-0.00032414910858991064,0.4271178046819709,0.5303352912090264,-0.011673265827951407,-1.8376511476951132,0.03333333333333333,-0.0007411524921252521,1.0,0.0,False,False
T,2025-12-31,False,107.86,-0.0007411524921252521,0.5816047445315197,0.6391557123848134,-0.001869567578031972,1.332607910682466,0.95,-4.63563879101736e-05,1.0,1.0,True,False
T,2026-01-05,False,107.855,-4.63563879101736e-05,0.49054492361028,0.5176038172211558,-0.022439154573173616,-0.5182235530624119,0.31666666666666665,-0.0014371146446617855,1.0,1.0,False,False
T,2026-01-06,False,107.7,-0.0014371146446617855,0.4650944532108843,0.49338393040821626,-0.02754570652734769,-1.01993519274523,0.2,-0.0008356545961003548,1.0,1.0,False,False
T,2026-01-07,False,107.61,-0.0008356545961003548,0.5185129434561989,0.5551584276116464,0.006627998622782061,0.04889927463305009,0.5166666666666667,0.0016727069974911135,1.0,1.0,False,True
T,2026-01-08,False,107.79,0.0016727069974911135,0.44777742779752755,0.49079443568559783,-0.023968661362206534,-1.3758589468564602,0.08333333333333333,-0.0002319324612672924,1.0,1.0,False,False
T,2026-01-09,False,107.765,-0.0002319324612672924,0.5496760620854655,0.5961987486716434,0.010094525153701423,0.6779842528017566,0.7333333333333333,0.0007423560525217088,1.0,1.0,False,True
T,2026-01-12,False,107.845,0.0007423560525217088,0.5443991729320683,0.5977745535772315,0.018977255807163463,0.5485537624494277,0.6666666666666666,4.636283555092824e-05,1.0,1.0,False,True
T,2026-01-13,False,107.85,4.636283555092824e-05,0.4996282147127823,0.5226317167214193,0.00588522876477075,-0.3426570020880426,0.36666666666666664,0.0007417709782104875,1.0,1.0,False,True
T,2026-01-14,False,107.93,0.0007417709782104875,0.4718687174472255,0.5745060389143916,-0.00018652680732872406,-0.9311213575019894,0.21666666666666667,0.0009728527749466309,1.0,1.0,False,False
T,2026-01-15,False,108.035,0.0009728527749466309,0.49700763600540504,0.5795161424101543,-0.017786730764496366,-0.4229862052825388,0.3333333333333333,0.0002776877863654992,1.0,1.0,False,False
T,2026-01-16,False,108.065,0.0002776877863654992,0.5451037021253833,0.6189671459652404,-0.00012115203207472835,0.5931337563960664,0.7333333333333333,-0.00023134224772114464,1.0,1.0,False,False
T,2026-01-19,False,108.04,-0.00023134224772114464,0.40443189148907105,0.4563393501015427,-0.011715766176926472,-2.2249691097451225,0.03333333333333333,0.0012958163643095322,1.0,1.0,False,False
T,2026-01-20,False,108.18,0.0012958163643095322,0.4616357110505326,0.5913871136464736,-0.011304175730971987,-1.0331606415051926,0.18333333333333332,0.00018487705675718225,1.0,1.0,False,False
T,2026-01-21,False,108.2,0.00018487705675718225,0.522348051011427,0.5964039570579888,-0.003278716106280677,0.17595732862962377,0.5333333333333333,-0.00046210720887240875,1.0,1.0,False,False
T,2026-01-22,False,108.15,-0.00046210720887240875,0.5014069834912817,0.5388653073799867,0.00305227222541527,-0.22809087739108883,0.4,0.0004160887656032841,1.0,1.0,False,True
T,2026-01-23,False,108.195,0.0004160887656032841,0.5329640061258883,0.5935273781069329,0.029683550171438366,0.4042611132400749,0.6,-0.0001386385692498937,1.0,1.0,False,True
T,2026-01-26,False,108.18,-0.0001386385692498937,0.5510203081199062,0.6088474405618773,0.018938514925320858,0.7451639694294963,0.8,4.621926418924005e-05,0.0,1.0,True,True
T,2026-01-27,False,108.185,4.621926418924005e-05,0.5546675059749671,0.6159205536862239,0.011425223455570465,0.8023077202466606,0.8166666666666667,0.00023108564033824663,0.0,0.0,True,True
T,2026-01-28,False,108.21,0.00023108564033824663,0.5656818398538206,0.6148479569781092,0.015025321257415658,1.0017568245620918,0.8666666666666667,0.00036965160336399627,0.0,0.0,True,True
T,2026-01-29,False,108.25,0.00036965160336399627,0.5383729122347382,0.5861534612193366,0.0025479343951613997,0.4564465380153044,0.6166666666666667,0.0005542725173210972,1.0,0.0,False,True
T,2026-01-30,False,108.31,0.0005542725173210972,0.5173075564225422,0.5456843336120363,-0.008372009713495688,0.023340130377510405,0.4666666666666667,-0.0005539654694857177,1.0,1.0,False,False
T,2026-02-02,False,108.25,-0.0005539654694857177,0.5154250369183864,0.5429589282744686,-0.012685922154443974,-0.0007914758853175743,0.45,9.237875288681252e-05,1.0,1.0,False,False
T,2026-02-03,False,108.26,9.237875288681252e-05,0.5189281220858226,0.5859753349968374,-0.011645531085234773,0.047374456416723096,0.5,-0.00018474043968230713,1.0,1.0,False,False
T,2026-02-04,False,108.24,-0.00018474043968230713,0.4648703831301993,0.5068674830759019,-0.014538449254579732,-1.0261169497342733,0.2,0.0007390983000739038,1.0,1.0,False,False
T,2026-02-05,False,108.32,0.0007390983000739038,0.5091951045343831,0.5708697593550438,-0.006677955756450532,-0.11767418218382802,0.4166666666666667,0.0009231905465287849,1.0,1.0,False,False
T,2026-02-06,False,108.42,0.0009231905465287849,0.5064885360162152,0.5671293398675399,-0.0027606019355781775,-0.1661189330708477,0.4,0.0006456373362848655,1.0,1.0,False,False
T,2026-02-09,False,108.49,0.0006456373362848655,0.4620315940407943,0.507090574691077,-0.007217490320404069,-1.0358211554229668,0.2,-4.608719697662966e-05,1.0,1.0,False,False
T,2026-02-10,False,108.485,-4.608719697662966e-05,0.42519408987081164,0.47749187011496397,-0.01265160970123641,-1.746326858123264,0.05,0.0005069825321473154,1.0,1.0,False,False
T,2026-02-11,False,108.54,0.0005069825321473154,0.5494596967793579,0.605124458570778,-7.652616554539859e-05,0.7193831036343824,0.7666666666666667,0.00041459369817564706,1.0,1.0,False,False
T,2026-02-12,False,108.585,0.00041459369817564706,0.46991174284140613,0.5335208332019103,0.001427451638894539,-0.8374050010547627,0.25,-0.0007367500115117442,1.0,1.0,False,True
T,2026-02-13,False,108.505,-0.0007367500115117442,0.5765542471458411,0.6282303936977042,0.027376295918068817,1.238843747173531,0.9333333333333333,-4.6080825768402e-05,0.0,1.0,True,True
T,2026-02-24,False,108.5,-4.6080825768402e-05,0.5601716934595268,0.7012135966977163,0.02970497575439135,0.8864081971261285,0.8333333333333334,,0.0,0.0,True,True
T,2026-02-25,True,108.48,,0.4596041011632086,0.473394547370079,-0.008945124061417797,-1.0790303230645868,0.13333333333333333,-0.001014011799410075,1.0,0.0,False,False
T,2026-02-26,False,108.37,-0.001014011799410075,0.4967434541726394,0.5426113386296801,-0.006328672332016605,-0.3471629970869983,0.3333333333333333,0.00023069115068730106,1.0,1.0,False,False
T,2026-02-27,False,108.395,0.00023069115068730106,0.4858628684757541,0.5387674190345211,-0.024481099662706146,-0.5449544678145718,0.3,0.001245444900595194,1.0,1.0,False,False
T,2026-03-02,False,108.53,0.001245444900595194,0.4437636414068025,0.5139980901060015,-0.0206557336792903,-1.3253078370163662,0.08333333333333333,-0.0002764212660094634,1.0,1.0,False,False
T,2026-03-03,False,108.5,-0.0002764212660094634,0.47719110305609935,0.5739534792557308,-0.0017805808980055349,-0.6531703604090522,0.3,0.0005069124423964233,1.0,1.0,False,False
T,2026-03-04,False,108.555,0.0005069124423964233,0.5120174007536116,0.5620326958079414,0.002187612774228964,0.005162148646350869,0.48333333333333334,-9.211920224772019e-05,1.0,1.0,False,True
T,2026-03-05,False,108.545,-9.211920224772019e-05,0.535724752885907,0.5890072004974858,0.016797752816711493,0.4855007985400556,0.65,-9.212768897692847e-05,1.0,1.0,False,True
T,2026-03-06,False,108.535,-9.212768897692847e-05,0.5863293299675435,0.611998191069174,0.03436650269512896,1.433649116047098,0.95,-0.002026995899940154,0.0,1.0,True,True
T,2026-03-09,False,108.315,-0.002026995899940154,0.5690997751392217,0.7094439123681597,0.025812927338017665,1.079990973523889,0.8666666666666667,-9.232331625341761e-05,0.0,0.0,True,True
T,2026-03-10,False,108.305,-9.232331625341761e-05,0.49468922580618807,0.5237650980837463,-0.0001281327641532326,-0.3502505921186165,0.35,-0.0004154932828586144,1.0,0.0,False,False
T,2026-03-11,False,108.26,-0.0004154932828586144,0.41899051627211475,0.484942390863388,-0.032510857738894,-1.7968221337964536,0.05,0.0004618510992056013,1.0,1.0,False,False
T,2026-03-12,False,108.31,0.0004618510992056013,0.4946236178336758,0.5606591030428407,-0.03335206831348424,-0.33428764475103734,0.3333333333333333,-0.0008309482042286875,1.0,1.0,False,False
T,2026-03-13,False,108.22,-0.0008309482042286875,0.5481172707258751,0.5669769332943345,-0.0042030616799205445,0.6821896084079402,0.7166666666666667,-0.0009240436148585385,1.0,1.0,False,False
T,2026-03-16,False,108.12,-0.0009240436148585385,0.5619164140706217,0.6343493549948342,0.026358113098262755,0.9315661632268336,0.8333333333333334,0.0001849796522381819,0.0,1.0,True,True
T,2026-03-17,False,108.14,0.0001849796522381819,0.4758765350505696,0.5396427928395964,0.01810648337938555,-0.7968781211861192,0.23333333333333334,0.0011559090068429256,1.0,0.0,False,True
T,2026-03-18,False,108.265,0.0011559090068429256,0.5102952636055411,0.5400505090695333,-0.004089744413157492,-0.07545196320578806,0.4666666666666667,0.000600378700410964,1.0,1.0,False,False
T,2026-03-19,False,108.33,0.000600378700410964,0.5106339611193375,0.5322331015173775,-0.012658776967815588,-0.05223556187799168,0.48333333333333334,-0.0006923289947383671,1.0,1.0,False,False
T,2026-03-20,False,108.255,-0.0006923289947383671,0.4894703094515701,0.5668115522076569,-0.011013478316933523,-0.4671838262475725,0.3,-0.0010161193478360753,1.0,1.0,False,False
T,2026-03-23,False,108.145,-0.0010161193478360753,0.6080531680420226,0.6690071494851528,0.024352831182893497,1.9442834966375064,0.9833333333333333,0.00018493689028620253,0.0,1.0,True,True
T,2026-03-24,False,108.165,0.00018493689028620253,0.502350791329269,0.529069196619852,0.008153026237014083,-0.22972285926779248,0.43333333333333335,-9.245134747848383e-05,1.0,0.0,False,True
T,2026-03-25,False,108.155,-9.245134747848383e-05,0.43835833643970995,0.5100360428523499,-0.013167076748155615,-1.4919906351506795,0.08333333333333333,0.0008321390596828238,1.0,1.0,False,False
T,2026-03-26,False,108.245,0.0008321390596828238,0.5394730028295631,0.5811774944030811,-0.006968944484632661,0.5347504478170979,0.6833333333333333,-9.238302000091902e-05,1.0,1.0,False,False
T,2026-03-27,False,108.235,-9.238302000091902e-05,0.4946994658333572,0.5164784836717066,-0.018958519291703658,-0.3413344585850685,0.36666666666666664,0.0014320691088833826,1.0,1.0,False,False
T,2026-03-30,False,108.39,0.0014320691088833826,0.43163674688433545,0.4962558746032247,-0.008508695949621975,-1.5784929054323413,0.08333333333333333,9.225943352708654e-05,1.0,1.0,False,False
T,2026-03-31,False,108.4,9.225943352708654e-05,0.550752987592917,0.5811989882356708,0.011695304636118647,0.8255608379329857,0.8,-0.0017988929889299898,0.0,1.0,True,True
T,2026-04-01,False,108.205,-0.0017988929889299898,0.5471499115103179,0.6234718151742182,0.007140733912106933,0.7707002632580225,0.75,-4.620858555515195e-05,1.0,0.0,False,True
T,2026-04-02,False,108.2,-4.620858555515195e-05,0.5550082535608676,0.5882589439940663,0.023613074008100317,1.0082124536019386,0.8666666666666667,0.0006469500924213278,0.0,1.0,True,True
T,2026-04-03,False,108.27,0.0006469500924213278,0.5476968991468637,0.6034207607960043,0.023637557049300706,0.8250034887475984,0.75,0.0002309042209291956,1.0,0.0,False,True
T,2026-04-07,False,108.295,0.0002309042209291956,0.5304077037242082,0.5846989472104132,-0.004014358010087182,0.47369554479204834,0.6333333333333333,0.00027702109977378875,1.0,1.0,False,False
T,2026-04-08,False,108.325,0.00027702109977378875,0.4214507406784216,0.5037796264742819,-0.027599889150045197,-1.8812346058262208,0.05,-0.0003231017770597422,1.0,1.0,False,False
T,2026-04-09,False,108.29,-0.0003231017770597422,0.5939271617946256,0.6329499523880009,-0.004840834200092614,1.780466072831201,0.9833333333333333,-0.0002770338904792835,1.0,1.0,True,False
T,2026-04-10,False,108.26,-0.0002770338904792835,0.5761175595921431,0.6121627702692616,0.012036077896097609,1.3593616415385281,0.9333333333333333,0.0009698873083316961,0.0,1.0,True,True
T,2026-04-13,False,108.365,0.0009698873083316961,0.5319295033369016,0.610447201042669,0.015771041813910824,0.4105076540186463,0.6,0.0011996493332719904,1.0,0.0,False,True
T,2026-04-14,False,108.495,0.0011996493332719904,0.512693525644625,0.5565794079891816,0.012048791147468286,0.015256188246216319,0.5166666666666667,0.0007834462417621868,1.0,1.0,False,True
T,2026-04-15,False,108.58,0.0007834462417621868,0.4359109145872816,0.5164196010253396,-0.0379456528362206,-1.5581028081741177,0.1,-0.00018419598452745767,1.0,1.0,False,False
T,2026-04-16,False,108.56,-0.00018419598452745767,0.569108246137744,0.627017436732228,-0.011003721565841807,1.1977410830991524,0.9166666666666666,0.0016120117907147957,1.0,1.0,True,False
T,2026-04-17,False,108.735,0.0016120117907147957,0.5191126938881143,0.598409619773025,0.003078110159554448,0.14585294191773313,0.5666666666666667,-0.00018393341610334346,1.0,1.0,False,True
T,2026-04-20,False,108.715,-0.00018393341610334346,0.589023909126239,0.6249244632197072,0.023586254626406077,1.5401313685373976,0.9666666666666667,0.0003679345076574858,0.0,1.0,True,True
T,2026-04-21,False,108.755,0.0003679345076574858,0.5112629391714262,0.5601215548471066,0.017061971215678418,-0.037377228925407346,0.4666666666666667,0.0007815732609994797,1.0,0.0,False,True
T,2026-04-22,False,108.84,0.0007815732609994797,0.5195167643930014,0.558107918129593,-0.010703271820617333,0.09676879097967662,0.5666666666666667,-0.0008269018743108925,1.0,1.0,False,False
T,2026-04-23,False,108.75,-0.0008269018743108925,0.5013064582321639,0.556635442003824,-0.010511961604513842,-0.3111525539506589,0.3333333333333333,-0.0002758620689655711,1.0,1.0,False,False
T,2026-04-24,False,108.72,-0.0002758620689655711,0.5418745403793629,0.5671550394211455,-0.010425521843301455,0.5595029678483524,0.6833333333333333,-0.0020235467255335093,1.0,1.0,False,False
T,2026-04-27,False,108.5,-0.0020235467255335093,0.5246870885362918,0.5410889520322558,0.004920607471609262,0.17970199469460604,0.5666666666666667,0.0008294930875576423,1.0,1.0,False,True
T,2026-04-28,False,108.59,0.0008294930875576423,0.4637862320703521,0.5287609913217889,-0.008808043434117086,-1.1020518698335997,0.16666666666666666,0.000782760843539787,1.0,1.0,False,False
T,2026-04-29,False,108.675,0.000782760843539787,0.4848679353430259,0.5590224778745424,-0.01109653540872868,-0.6278260680124222,0.25,-0.0005060961582700196,1.0,1.0,False,False
T,2026-04-30,False,108.62,-0.0005060961582700196,0.5192792295511806,0.5563973374309564,-0.008500977484963052,0.12411136824375124,0.5833333333333334,-0.0005984164978825035,1.0,1.0,False,False
T,2026-05-06,False,108.555,-0.0005984164978825035,0.5391153328421526,0.5997678266903279,0.008434948609255023,0.5667888993385044,0.7,9.211920224760917e-05,1.0,1.0,False,True
T,2026-05-07,False,108.565,9.211920224760917e-05,0.45430312262036837,0.5152403211509954,0.00352811785991593,-1.236446062674344,0.13333333333333333,0.00023027679270493095,1.0,1.0,False,True
T,2026-05-08,False,108.59,0.00023027679270493095,0.5354188935141972,0.5642781195620603,0.0036125809411530485,0.503738774955501,0.6666666666666666,0.0009208951100470042,1.0,1.0,False,True
T,2026-05-11,False,108.69,0.0009208951100470042,0.5114783877215411,0.5597654624718857,-0.0019298122987234322,-0.009608080707445387,0.5,0.00046002392124377955,1.0,1.0,False,False
T,2026-05-12,False,108.74,0.00046002392124377955,0.42044092498924535,0.5034831174619433,-0.018017355060464185,-1.8729133707221213,0.03333333333333333,0.0008276623137759564,1.0,1.0,False,False
T,2026-05-13,False,108.83,0.0008276623137759564,0.5076080287649919,0.5539347401253668,-0.000836815623570486,-0.07117762743123819,0.43333333333333335,-0.0003216024993107913,1.0,1.0,False,False
T,2026-05-14,False,108.795,-0.0003216024993107913,0.483643219060521,0.5568510948975393,-0.01074217078639017,-0.5641498358311631,0.26666666666666666,0.00018383197757243508,1.0,1.0,False,False
T,2026-05-15,False,108.815,0.00018383197757243508,0.5004352562389891,0.5772841366672004,0.004111603110617168,-0.21015765182047058,0.4,0.001332536874511847,1.0,1.0,False,True
T,2026-05-18,False,108.96,0.001332536874511847,0.569827557726688,0.6214921871357548,0.029160049294888257,1.2012128756761697,0.9,0.001376651982378796,0.0,1.0,True,True
T,2026-05-19,False,109.11,0.001376651982378796,0.45356950741524327,0.502684382545375,-0.002189270403333021,-1.2541178305860168,0.13333333333333333,0.0,1.0,0.0,False,False
T,2026-05-20,False,109.11,0.0,0.47162364616906466,0.5124463981329948,-0.007090489460665849,-0.8431834320711629,0.21666666666666667,-0.0011456328475849542,1.0,1.0,False,False
T,2026-05-21,False,108.985,-0.0011456328475849542,0.5410229510769267,0.585728704139413,-0.0017028521881748248,0.6034629977842626,0.7166666666666667,-0.000504656604119802,1.0,1.0,False,False
T,2026-05-22,False,108.93,-0.000504656604119802,0.5195701881065032,0.6191749918893512,-0.0013061295578686183,0.17043296144238687,0.6,0.0003672082989074621,1.0,1.0,False,False
T,2026-05-25,False,108.97,0.0003672082989074621,0.5532323139488182,0.6180463424558994,0.02472721550045885,0.9020109091856309,0.8333333333333334,0.00018353675323479202,0.0,1.0,True,True
T,2026-05-26,False,108.99,0.00018353675323479202,0.4952643324849334,0.5512858401687489,0.005949073550362905,-0.36924852851385903,0.35,,1.0,0.0,False,True
T,2026-05-27,True,109.005,,0.4077528156652564,0.4249227674163817,-0.029084612644491036,-2.159630744388072,0.016666666666666666,0.0007339112884729992,1.0,1.0,False,False
T,2026-05-28,False,109.085,0.0007339112884729992,0.4603702371494338,0.5272350085325099,-0.026387940019770066,-1.0392524339606153,0.18333333333333332,0.0008250446899207287,1.0,1.0,False,False
T,2026-05-29,False,109.175,0.0008250446899207287,0.5119372262307766,0.5362400481942668,-0.011748427077158275,0.011725363780600285,0.5,0.0002747881841080879,1.0,1.0,False,False
T,2026-06-01,False,109.205,0.0002747881841080879,0.5107873751125159,0.5588235371071423,0.013523049582068531,-0.024615685368522006,0.45,0.000778352639531299,1.0,1.0,False,True
T,2026-06-02,False,109.29,0.000778352639531299,0.43146918525352407,0.529577915530242,0.009784987713961746,-1.6446643687134335,0.08333333333333333,-0.0007777472778845995,1.0,1.0,False,True
T,2026-06-03,False,109.205,-0.0007777472778845995,0.5970620517639887,0.6326790486124155,0.01929155882518573,1.733225735504455,0.9833333333333333,0.000778352639531299,0.0,1.0,True,True
T,2026-06-04,False,109.29,0.000778352639531299,0.5020614902128726,0.602226291209304,0.006652320461566474,-0.16882332494935598,0.4,-0.0005947479183824322,1.0,0.0,False,True
T,2026-06-05,False,109.225,-0.0005947479183824322,0.5227441673105501,0.5941455346116111,0.009450588935541682,0.278598452363117,0.6333333333333333,-0.0010070954451819603,1.0,1.0,False,True
T,2026-06-08,False,109.115,-0.0010070954451819603,0.5380615514759213,0.6163923049881769,0.013886684799135574,0.5831341016623957,0.7,-0.0010539339229252986,1.0,1.0,False,True
T,2026-06-09,False,109.0,-0.0010539339229252986,0.43369360159411785,0.47330921653412455,-0.02907368390766931,-1.6188579792561169,0.1,-0.0015137614678899514,1.0,1.0,False,False
T,2026-06-10,False,108.835,-0.0015137614678899514,0.4926352290320169,0.5290589957401068,-0.010790308807814364,-0.374359912155981,0.3,-0.0006431754490742181,1.0,1.0,False,False
T,2026-06-11,False,108.765,-0.0006431754490742181,0.5626205588375238,0.6115022213931502,0.003432646061004313,1.0915586461771625,0.8833333333333333,0.0005056773778329138,0.0,1.0,True,True
T,2026-06-12,False,108.82,0.0005056773778329138,0.5146892101170613,0.5951506324711057,0.008218227452568594,0.1029063146739361,0.55,0.00013784230839930522,1.0,0.0,False,True
T,2026-06-15,False,108.835,0.00013784230839930522,0.5272952676952462,0.5789064755823203,0.020925731328730095,0.3532317307591377,0.65,0.0012863508981486582,1.0,1.0,False,True
T,2026-06-16,False,108.975,0.0012863508981486582,0.5407500170171816,0.602163045664928,0.006090428482805177,0.6265657091014406,0.75,0.0005964670796054783,1.0,1.0,False,True
T,2026-06-17,False,109.04,0.0005964670796054783,0.5477267692756314,0.5856855169321162,-0.00037267722236645763,0.7576169243726595,0.8166666666666667,0.0001375641966250285,1.0,1.0,True,False
T,2026-06-18,False,109.055,0.0001375641966250285,0.45472440545493265,0.5195582412364306,-0.009949810774387202,-1.18026519519414,0.18333333333333332,4.584842510646503e-05,1.0,1.0,False,False
T,2026-06-22,False,109.06,4.584842510646503e-05,0.5952832009622998,0.6296947125784234,0.004995025497185834,1.7748467295652337,0.9833333333333333,-0.0009627727856226231,0.0,1.0,True,True
T,2026-06-23,False,108.955,-0.0009627727856226231,0.4371443988569249,0.4887130303314809,-0.015965480463384495,-1.5036823421755812,0.13333333333333333,0.00032123353678126243,1.0,0.0,False,False
T,2026-06-24,False,108.99,0.00032123353678126243,0.47754922680769885,0.5007539969329546,-0.015793509153387276,-0.6929145077304741,0.25,0.0008257638315443128,1.0,1.0,False,False
T,2026-06-25,False,109.08,0.0008257638315443128,0.5399319713174546,0.5696623180202725,0.005268115757044301,0.6149967273290677,0.7166666666666667,0.0009625962596260251,1.0,1.0,False,True
T,2026-06-26,False,109.185,0.0009625962596260251,0.4317855537740675,0.4592163021857478,-0.022420772191593486,-1.5959020233399555,0.1,0.001373815084489527,1.0,1.0,False,False
T,2026-06-29,False,109.335,0.001373815084489527,0.5087895788815099,0.5470402891901677,0.009752668701553863,-0.042997805335680886,0.4,-0.0010518132345542774,1.0,1.0,False,True
T,2026-06-30,False,109.22,-0.0010518132345542774,0.49477088405896974,0.5448998275663208,0.0003300922066597045,-0.3193108838468263,0.31666666666666665,-0.002151620582310887,1.0,1.0,False,True
T,2026-07-01,False,108.985,-0.002151620582310887,0.5142287203251926,0.5746303910198918,0.0011578828300378209,0.10333999037674248,0.5166666666666667,0.0007799238427306232,1.0,1.0,False,True
T,2026-07-02,False,109.07,0.0007799238427306232,0.45087601275975203,0.48234353372676175,0.004362005941505176,-1.1982822950048577,0.15,-0.00032089483817732134,1.0,1.0,False,True
T,2026-07-03,False,109.035,-0.00032089483817732134,0.49571970005768823,0.5727798376033982,-0.007003462894686102,-0.23436522359943998,0.36666666666666664,0.0012381345439538283,1.0,1.0,False,False
T,2026-07-06,False,109.17,0.0012381345439538283,0.5550220816257059,0.5949173349753998,0.010199337486596788,1.009645135184118,0.8666666666666667,-4.5800128240292004e-05,0.0,1.0,True,True
T,2026-07-07,False,109.165,-4.5800128240292004e-05,0.5294597083524237,0.5610371575662285,0.013460804492041605,0.4443447920110478,0.6833333333333333,0.0009160445197635703,1.0,0.0,False,True
T,2026-07-08,False,109.265,0.0009160445197635703,0.48670243916751016,0.555228153711418,0.010539286111025175,-0.4566858747810634,0.3,-0.00045760307509268294,1.0,1.0,False,True
T,2026-07-09,False,109.215,-0.00045760307509268294,0.5165633614158576,0.5459048621434066,-0.0026632319741857037,0.23622322291185222,0.5833333333333334,-0.00013734377146001897,1.0,1.0,False,False
T,2026-07-10,False,109.2,-0.00013734377146001897,0.5277188291586283,0.5730345130836321,-0.006750285187072125,0.49217148780091646,0.7166666666666667,-0.000366300366300476,1.0,1.0,False,False
T,2026-07-13,False,109.16,-0.000366300366300476,0.5486742555098761,0.5932833882892297,0.0079445484306023,0.9486541884508438,0.8666666666666667,0.00027482594356897927,0.0,1.0,True,True
T,2026-07-14,False,109.19,0.00027482594356897927,0.5778556799349829,0.6313303570192047,0.021441737562896402,1.556869636666941,0.95,-9.15834783403735e-05,0.0,0.0,True,True
T,2026-07-15,False,109.18,-9.15834783403735e-05,0.4665374242557192,0.5329136176903274,-0.004991502354392219,-0.932362481361068,0.21666666666666667,-0.00036636746656903973,1.0,0.0,False,False
T,2026-07-16,False,109.14,-0.00036636746656903973,0.4858660033038889,0.5212228395040245,-0.01658424829636358,-0.4777316205180176,0.3,0.00036650174088337373,1.0,1.0,False,False
T,2026-07-17,False,109.18,0.00036650174088337373,0.5366387042870395,0.5769166792626977,-0.011606077907676721,0.7188996065083684,0.75,-0.0005495511998534486,1.0,1.0,False,False
T,2026-07-20,False,109.12,-0.0005495511998534486,0.5134550120311286,0.590226827621452,-0.005870005577638815,0.17503850758875678,0.5333333333333333,0.0005498533724339616,1.0,1.0,False,False
T,2026-07-21,False,109.18,0.0005498533724339616,0.5133291955917592,0.6230622630711425,0.012117255139931966,0.17461256786245563,0.5333333333333333,0.0013280820663124082,1.0,1.0,False,True
T,2026-07-22,False,109.325,0.0013280820663124082,0.5267397538428059,0.6088545429249302,0.005843799238255365,0.4780191623687029,0.6666666666666666,-0.0010061742510861782,1.0,1.0,False,True
T,2026-07-23,False,109.215,-0.0010061742510861782,0.5421326932591476,0.5888834335010444,0.00242727197558934,0.8378585853262646,0.85,0.0006867188572998728,0.0,1.0,True,True
T,2026-07-24,False,109.29,0.0006867188572998728,0.5886722562698823,0.6572905740693344,0.01792379861448957,1.847468164463527,0.9666666666666667,-0.0005947479183824322,0.0,0.0,True,True
T,2026-07-27,False,109.225,-0.0005947479183824322,0.4894329771804886,0.5859164821562655,0.001414006560453529,-0.4202900326900682,0.31666666666666665,,1.0,0.0,False,True
TL,2023-04-21,False,96.21,,0.3931911650288358,0.4129888240184904,,,,0.001663028791186072,1.0,1.0,False,False
TL,2023-04-24,False,96.37,0.001663028791186072,0.46613856228521394,0.5307039361581672,,,,0.00031130019715686075,1.0,1.0,False,False
TL,2023-04-25,False,96.4,0.00031130019715686075,0.45885297559766103,0.5378817965318905,,,,0.0003112033195020736,1.0,1.0,False,False
TL,2023-04-26,False,96.43,0.0003112033195020736,0.5181266846331745,0.5942593974948482,,,,0.0037332780255108222,1.0,1.0,False,False
TL,2023-04-27,False,96.79,0.0037332780255108222,0.474283424867146,0.5513543305916878,0.02141726420245809,,,-0.001549746874677238,1.0,1.0,False,True
TL,2023-04-28,False,96.64,-0.001549746874677238,0.4219455366001581,0.4969938092303519,-0.007295560210062673,,,0.004759933774834302,1.0,1.0,False,False
TL,2023-05-04,False,97.1,0.004759933774834302,0.368862456220791,0.4359754993293292,-0.02761621867867564,,,0.003604531410916767,1.0,1.0,False,False
TL,2023-05-05,False,97.45,0.003604531410916767,0.36515533330531785,0.5686934973287476,-0.04113636713020682,,,-0.0035915854284249704,1.0,1.0,False,False
TL,2023-05-08,False,97.1,-0.0035915854284249704,0.5496796389590338,0.63005008240056,0.009400222488893545,,,0.0007209062821833534,1.0,1.0,False,True
TL,2023-05-09,False,97.17,0.0007209062821833534,0.5054331719150205,0.5423465861795828,0.03477924533679676,,,0.001029124215292665,1.0,1.0,False,True
TL,2023-05-10,False,97.27,0.001029124215292665,0.5053071368605854,0.5298532113266315,0.041316719988929135,,,0.001850519173434817,1.0,1.0,False,True
TL,2023-05-11,False,97.45,0.001850519173434817,0.40870380183989163,0.5314555266257343,0.004272443497069911,,,-0.0010261672652642773,1.0,1.0,False,True
TL,2023-05-12,False,97.35,-0.0010261672652642773,0.4599247342880349,0.5925428198240357,-0.02762391794171267,,,-0.0012326656394452407,1.0,1.0,False,False
TL,2023-05-15,False,97.23,-0.0012326656394452407,0.5404345798826505,0.6142108563976966,0.002462041336270965,,,0.000308546744831828,1.0,1.0,False,True
TL,2023-05-16,False,97.26,0.000308546744831828,0.467926395985517,0.5345604703731709,0.005696929629262215,,,-0.0005140859551717725,1.0,1.0,False,True
TL,2023-05-17,False,97.21,-0.0005140859551717725,0.5229106132407865,0.5957960116221043,0.02364152844992718,,,-0.00041148030038051786,1.0,1.0,False,True
TL,2023-05-18,False,97.17,-0.00041148030038051786,0.511152021382006,0.5938567949948695,0.008493060754607817,,,,1.0,1.0,False,True
TL,2023-05-19,True,96.97,,0.5863978944627454,0.5946269974039984,0.013515225455667867,,,-0.00010312467773543332,1.0,1.0,False,True
TL,2023-05-22,False,96.96,-0.00010312467773543332,0.5287158017932071,0.6225663489448511,0.01850660928373391,,,0.0019595709570958686,1.0,1.0,False,True
TL,2023-05-23,False,97.15,0.0019595709570958686,0.46212587822938267,0.510157510806874,-0.01040056896116065,,,0.0004117344312917215,1.0,1.0,False,False
TL,2023-05-24,False,97.19,0.0004117344312917215,0.4748948719039175,0.5094239275942553,-0.019678631518953972,,,-0.0015433686593270268,1.0,1.0,False,False
TL,2023-05-25,False,97.04,-0.0015433686593270268,0.5644344583959275,0.6091896382127856,-0.009774780202292527,,,-0.0023701566364385807,1.0,1.0,False,False
TL,2023-05-26,False,96.81,-0.0023701566364385807,0.5890736649961777,0.6333276635668927,0.022302430657248618,,,0.001859312054539819,1.0,1.0,False,True
TL,2023-05-29,False,96.99,0.001859312054539819,0.49586470627865453,0.6078670818419496,0.018165644919080397,,,-0.0012372409526754113,1.0,1.0,False,True
TL,2023-05-30,False,96.87,-0.0012372409526754113,0.4295162939131679,0.5391832727215032,-0.015932690809877213,,,0.0019613915556930817,1.0,1.0,False,False
TL,2023-05-31,False,97.06,0.0019613915556930817,0.5247605091967732,0.5884241158636281,-0.023890526948131853,,,0.0013393777045125344,1.0,1.0,False,False
TL,2023-06-01,False,97.19,0.0013393777045125344,0.5212321160021051,0.5941122930587014,-0.01067872950700267,,,-0.005041670953801813,1.0,1.0,False,False
TL,2023-06-02,False,96.7,-0.005041670953801813,0.5321959919326795,0.5648467768286398,0.016437839339698713,,,0.002275077559462213,1.0,1.0,False,True
TL,2023-06-05,False,96.92,0.002275077559462213,0.5292833297285372,0.6138207839075558,0.02069695543666449,,,0.0015476681799422298,1.0,1.0,False,True
TL,2023-06-06,False,97.07,0.0015476681799422298,0.3915135651702547,0.4304963179049508,-0.025844267432660484,-1.5387640125674662,0.1,0.0016482950448131195,1.0,1.0,False,False
TL,2023-06-07,False,97.23,0.0016482950448131195,0.525979569661182,0.6146204822944643,-0.013118751944427099,0.645314625844485,0.7419354838709677,-0.0008227913195515413,1.0,1.0,False,False
TL,2023-06-08,False,97.15,-0.0008227913195515413,0.48696827514275676,0.5453986665822617,-0.009375919364720075,0.0010490271916306039,0.46875,0.0038085434894492565,1.0,1.0,False,False
TL,2023-06-09,False,97.52,0.0038085434894492565,0.5132485375163786,0.6282326403105503,0.006338512554818476,0.43436101646470576,0.6060606060606061,0.001025430680886119,1.0,1.0,False,True
TL,2023-06-12,False,97.62,0.001025430680886119,0.5467534726580452,0.636884126616102,0.029774878283077753,0.974867673775135,0.8823529411764706,0.004302397049784856,0.0,1.0,True,True
TL,2023-06-13,False,98.04,0.004302397049784856,0.4654015785148612,0.5061446969882948,-0.006137078477735314,-0.40220049679076725,0.3142857142857143,0.0029579763361893274,1.0,0.0,False,False
TL,2023-06-14,False,98.33,0.0029579763361893274,0.31821553899296,0.4082149719082171,-0.038535243130111085,-2.5948618436754,0.027777777777777776,-0.005796806671412469,1.0,1.0,False,False
TL,2023-06-15,False,97.76,-0.005796806671412469,0.385343290790399,0.46062582109933803,-0.04843484271170444,-1.475727243467701,0.10810810810810811,-0.003887070376432211,1.0,1.0,False,False
TL,2023-06-16,False,97.38,-0.003887070376432211,0.5179430951386389,0.5619816847158994,-0.013767904276327481,0.5528689867825876,0.631578947368421,-0.0023618812897924224,1.0,1.0,False,False
TL,2023-06-19,False,97.15,-0.0023618812897924224,0.544171578948569,0.5790591089866323,0.03572675570130946,0.9365029014424772,0.8717948717948718,0.0021616057642819264,0.0,1.0,True,True
TL,2023-06-20,False,97.36,0.0021616057642819264,0.4736296266208107,0.5470506337545403,0.04696564634138715,-0.15755717979226264,0.4,0.0014379622021363225,1.0,0.0,False,True
TL,2023-06-21,False,97.5,0.0014379622021363225,0.452315832578161,0.5015674372837737,0.008963161505769585,-0.4855763332723125,0.24390243902439024,0.002051282051282133,1.0,1.0,False,True
TL,2023-06-26,False,97.7,0.002051282051282133,0.5367589429578756,0.5855179998537756,-0.005422405073193459,0.8385915536610797,0.8333333333333334,-0.001432958034800369,1.0,1.0,True,False
TL,2023-06-27,False,97.56,-0.001432958034800369,0.4827352390764633,0.5352264171768149,-0.005974336340714653,-0.02247366898454098,0.46511627906976744,0.0022550225502255827,1.0,1.0,False,False
TL,2023-06-28,False,97.78,0.0022550225502255827,0.4656788587257811,0.5048815270715585,0.0014517870708243064,-0.2940801397714207,0.3409090909090909,0.00040908161178143665,1.0,1.0,False,True
TL,2023-06-29,False,97.82,0.00040908161178143665,0.4775135972134449,0.5549527003382475,-0.002068455496152677,-0.09993141357857677,0.4666666666666667,0.0028624003271315868,1.0,1.0,False,False
TL,2023-06-30,False,98.1,0.0028624003271315868,0.5529692431819764,0.6076201479365816,0.0027198958585183063,1.1165082756337277,0.9347826086956522,-0.0018348623853210455,0.0,1.0,True,True
TL,2023-07-03,False,97.92,-0.0018348623853210455,0.4981371228269913,0.5324987431617524,0.011809415195725126,0.21238948033627172,0.5319148936170213,-0.002144607843137303,1.0,0.0,False,True
TL,2023-07-04,False,97.71,-0.002144607843137303,0.5009019427916017,0.6728028054005717,0.00910696937451877,0.25551021281775776,0.5416666666666666,0.003377341111452381,1.0,1.0,False,True
TL,2023-07-05,False,98.04,0.003377341111452381,0.5488481976699926,0.6569603100358314,0.009060190052272077,1.037651477915303,0.8979591836734694,-0.0007139942880457495,0.0,1.0,True,True
TL,2023-07-06,False,97.97,-0.0007139942880457495,0.4431136458344839,0.6569515861651624,-0.01690001198519836,-0.7242228744433882,0.2,0.0014290088802695333,1.0,0.0,False,False
TL,2023-07-07,False,98.11,0.0014290088802695333,0.6335449352581932,0.6985720090988684,0.021302732790528606,2.3214336748933695,1.0,0.0017327489552543263,0.0,1.0,True,True
TL,2023-07-10,False,98.28,0.0017327489552543263,0.5183948295942216,0.5837951554173387,0.01196825111934403,0.46679440293784524,0.6538461538461539,0.0007122507122505617,1.0,0.0,False,True
TL,2023-07-11,False,98.35,0.0007122507122505617,0.5025511713800295,0.564944099083131,-0.001731286882018862,0.20835208673234965,0.5283018867924528,0.00142348754448407,1.0,1.0,False,False
TL,2023-07-12,False,98.49,0.00142348754448407,0.5465594282210341,0.6012588614373139,0.007589780089493658,0.9113542336012518,0.8518518518518519,-0.0009137983551628093,0.0,1.0,True,True
TL,2023-07-13,False,98.4,-0.0009137983551628093,0.49271177563373825,0.5534085795406279,-0.02535017206220974,0.030237397272353094,0.45454545454545453,-0.0003048780487805436,1.0,0.0,False,False
TL,2023-07-14,False,98.37,-0.0003048780487805436,0.5737225036647043,0.6435807184429623,0.010081595239467434,1.3333074838698515,0.9464285714285714,0.0027447392497712553,0.0,1.0,True,True
TL,2023-07-17,False,98.64,0.0027447392497712553,0.46740543006234625,0.5718763824676368,-0.00431284071916962,-0.4047900742814185,0.3157894736842105,0.0015206812652068802,1.0,0.0,False,False
TL,2023-07-18,False,98.79,0.0015206812652068802,0.5035619595114704,0.6147238240336185,-0.011130128299051934,0.19048931925698576,0.5344827586206896,-0.0005061241016298679,1.0,1.0,False,False
TL,2023-07-19,False,98.74,-0.0005061241016298679,0.4964132307276661,0.5981895513023924,-0.006275763396537825,0.07084631067531134,0.4745762711864407,0.001215312943082969,1.0,1.0,False,False
TL,2023-07-20,False,98.86,0.001215312943082969,0.5473102720393598,0.5964604822593254,-0.00238166625853693,0.9115469974078443,0.8666666666666667,0.004147278980376257,1.0,1.0,True,False
TL,2023-07-21,False,99.27,0.004147278980376257,0.5093730658543708,0.5680921156204736,0.012768358411193847,0.2468562947831006,0.5666666666666667,0.0027198549410698547,1.0,1.0,False,True
TL,2023-07-24,False,99.54,0.0027198549410698547,0.44359571693826044,0.4857925054399929,-0.010697265001971523,-0.8763923219489406,0.16666666666666666,-0.008941129194293795,1.0,1.0,False,False
TL,2023-07-25,False,98.65,-0.008941129194293795,0.32621389233138404,0.450839966179823,-0.044411323189366345,-2.678941759600311,0.03333333333333333,0.004561581348200505,1.0,1.0,False,False
TL,2023-07-26,False,99.1,0.004561581348200505,0.4477956417926673,0.5662634498013375,-0.03821884340163718,-0.6989676149887658,0.2,0.0016145307769930284,1.0,1.0,False,False
TL,2023-07-27,False,99.26,0.0016145307769930284,0.4969937757481967,0.5525799931125139,-0.002055865535794138,0.08559567857448108,0.4666666666666667,-0.0016119282691920978,1.0,1.0,False,False
TL,2023-07-28,False,99.1,-0.0016119282691920978,0.5395451154652482,0.6269231263890739,0.036267868047078815,0.7428341101690414,0.7833333333333333,-0.0012108980827446603,1.0,1.0,False,True
TL,2023-07-31,False,98.98,-0.0012108980827446603,0.455870775196848,0.65353185905409,0.03510632394035088,-0.6554371666065845,0.2,0.0007072135785006761,1.0,1.0,False,True
TL,2023-08-01,False,99.05,0.0007072135785006761,0.395023221877777,0.5031533023475985,-0.014666784038112928,-1.7089890636396574,0.08333333333333333,0.0015143866733973166,1.0,1.0,False,False
TL,2023-08-02,False,99.2,0.0015143866733973166,0.43374383480372924,0.48430598617789744,-0.02710217754764061,-1.0163988000427413,0.13333333333333333,0.0017137096774193505,1.0,1.0,False,False
TL,2023-08-03,False,99.37,0.0017137096774193505,0.467351001029015,0.5058359571336871,-0.016651516926558512,-0.43483459037215877,0.3,0.0010063399416322394,1.0,1.0,False,False
TL,2023-08-04,False,99.47,0.0010063399416322394,0.5167250694925742,0.551105843057435,0.01940363677426905,0.39822861639461404,0.6166666666666667,0.0007037297677692234,1.0,1.0,False,True
TL,2023-08-07,False,99.54,0.0007037297677692234,0.42989210824985186,0.5337598588116302,0.015271900743299472,-1.0860555239569634,0.11666666666666667,-0.0006027727546714656,1.0,1.0,False,True
TL,2023-08-08,False,99.48,-0.0006027727546714656,0.431835897189703,0.4912147019943665,-0.004127476800721563,-1.0381077603607667,0.13333333333333333,0.0005026135906713858,1.0,1.0,False,False
TL,2023-08-09,False,99.53,0.0005026135906713858,0.522695393563149,0.558671776827977,0.0025799612765396718,0.5085355592169609,0.6833333333333333,-0.0009042499748820321,1.0,1.0,False,True
TL,2023-08-10,False,99.44,-0.0009042499748820321,0.4753264842048234,0.5415670692498123,0.001000611473779539,-0.2993165059884343,0.36666666666666664,0.0011061946902655162,1.0,1.0,False,True
TL,2023-08-11,False,99.55,0.0011061946902655162,0.47367055541239683,0.5163099479861285,0.013104748134021033,-0.31397081843812696,0.35,0.0031140130587643533,1.0,1.0,False,True
TL,2023-08-14,False,99.86,0.0031140130587643533,0.3801574093035725,0.4979467369782891,-0.015238181392301315,-1.8180343502537266,0.05,0.007009813739234927,1.0,1.0,False,False
TL,2023-08-15,False,100.56,0.007009813739234927,0.3314447250790101,0.35612347065882044,-0.04776704118695286,-2.4713793074294808,0.05,0.002287191726332516,1.0,1.0,False,False
TL,2023-08-16,False,100.79,0.002287191726332516,0.30671438372053533,0.3907282623636243,-0.04794500313019628,-2.6445650547681727,0.016666666666666666,-0.002976485762476555,1.0,1.0,False,False
TL,2023-08-17,False,100.49,-0.002976485762476555,0.4683080361295992,0.5351323622963166,-0.008416806414863243,-0.20767006159662338,0.36666666666666664,0.002686834510896796,1.0,1.0,False,False
TL,2023-08-18,False,100.76,0.002686834510896796,0.48159668704265346,0.5403636239849884,0.0339741866528751,-0.008744040955774914,0.45,,1.0,1.0,False,True
TL,2023-08-21,True,101.16,,0.6094619164061758,0.6129775765325272,0.07309166859764493,1.876666797782311,0.9833333333333333,-0.00029655990510080166,0.0,1.0,True,True
TL,2023-08-22,False,101.13,-0.00029655990510080166,0.5524766013560792,0.6299839594333657,0.06326783155476642,1.0533021771636404,0.9333333333333333,0.000889943636902979,0.0,0.0,True,True
TL,2023-08-23,False,101.22,0.000889943636902979,0.42052315352776853,0.45737727590350596,-0.0024689850890235567,-0.9027536356048445,0.15,0.0013831258644536604,1.0,0.0,False,False
TL,2023-08-24,False,101.36,0.0013831258644536604,0.4557313725347425,0.48352949239040754,-0.024066939189422914,-0.38570938471397537,0.2833333333333333,-0.0024664561957379316,1.0,1.0,False,False
TL,2023-08-25,False,101.11,-0.0024664561957379316,0.5113084279820979,0.574838131484123,-0.02930522056694925,0.45045682979914076,0.65,-0.0007912174859063814,1.0,1.0,False,False
TL,2023-08-28,False,101.03,-0.0007912174859063814,0.39301402476989905,0.5869506855932556,-0.022813987871803103,-1.2773063042966661,0.13333333333333333,-0.0024745125210333674,1.0,1.0,False,False
TL,2023-08-29,False,100.78,-0.0024745125210333674,0.45039155180569346,0.5899031387317847,-0.00029805512089935984,-0.4077017970787704,0.2833333333333333,0.0001984520738240736,1.0,1.0,False,False
TL,2023-08-30,False,100.8,0.0001984520738240736,0.5269486269405488,0.5829587370526932,0.008151763263520817,0.7331145254421234,0.8,0.000694444444444553,0.0,1.0,True,True
TL,2023-08-31,False,100.87,0.000694444444444553,0.48477928533794856,0.5400142274542178,0.008087631688235114,0.0829755335134342,0.5166666666666667,-0.004758600178447536,1.0,0.0,False,True
TL,2023-09-01,False,100.39,-0.004758600178447536,0.4176406875783932,0.48097941892695517,0.008364105914924336,-0.9018396732373836,0.15,-0.0061759139356509785,1.0,1.0,False,True
TL,2023-09-04,False,99.77,-0.0061759139356509785,0.37753413416535275,0.42016832631432527,-0.025502277464283702,-1.4519122188318725,0.08333333333333333,-0.001804149543951028,1.0,1.0,False,False
TL,2023-09-05,False,99.59,-0.001804149543951028,0.4481855732135255,0.5608244642223327,-0.026477125862664243,-0.3909961173194545,0.3,-0.0036148207651370834,1.0,1.0,False,False
TL,2023-09-06,False,99.23,-0.0036148207651370834,0.5938328243368095,0.6377989133287703,0.024865196363285418,1.726780948897443,0.9666666666666667,-0.002720951325204224,0.0,1.0,True,True
TL,2023-09-07,False,98.96,-0.002720951325204224,0.576628481506667,0.614799185172417,0.053427427802800444,1.4237249304357313,0.95,0.0027283751010509505,0.0,0.0,True,True
TL,2023-09-08,False,99.23,0.0027283751010509505,0.5146969341956168,0.5826875632223218,0.04027685083536696,0.5122232059917639,0.7,-0.0011085357250831818,1.0,0.0,False,True
TL,2023-09-11,False,99.12,-0.0011085357250831818,0.47113082950476937,0.4977745487971342,-0.0033245377558704936,-0.16437443809727562,0.4166666666666667,0.00020177562550438566,1.0,1.0,False,False
TL,2023-09-12,False,99.14,0.00020177562550438566,0.49533937411884515,0.5262371328963141,-0.030248455243782633,0.2107400340671453,0.5666666666666667,0.0017147468226750284,1.0,1.0,False,False
TL,2023-09-13,False,99.31,0.0017147468226750284,0.4413656910400263,0.5042678630956223,-0.028988314101005302,-0.5903141819631473,0.21666666666666667,0.005336824086194847,1.0,1.0,False,False
TL,2023-09-14,False,99.84,0.005336824086194847,0.5297695853736136,0.5923422319605692,3.801638912506178e-05,0.7485763988403672,0.8,-0.0070112179487179516,0.0,1.0,True,True
TL,2023-09-15,False,99.14,-0.0070112179487179516,0.6485803917524271,0.6949595170368589,0.03893293357500839,2.390363365548403,1.0,-0.002118216663304362,0.0,0.0,True,True
TL,2023-09-18,False,98.93,-0.002118216663304362,0.49830505582235146,0.5598596522265119,0.02131460641194134,0.21763947237595446,0.6166666666666667,0.0009097341554633598,1.0,0.0,False,True
TL,2023-09-19,False,99.02,0.0009097341554633598,0.5163660112942072,0.5646320940701282,0.011853611095709964,0.4721498096888778,0.7166666666666667,-0.0008079175924055049,1.0,1.0,False,True
TL,2023-09-20,False,98.94,-0.0008079175924055049,0.41415108973040915,0.5228623726557001,-0.03634513717446288,-0.996283947455672,0.13333333333333333,0.0020214271275520446,1.0,1.0,False,False
TL,2023-09-21,False,99.14,0.0020214271275520446,0.47941059397419,0.5957407823536248,-0.04224935616484165,-0.05369916321599271,0.4666666666666667,-0.005951180149283863,1.0,1.0,False,False
TL,2023-09-22,False,98.55,-0.005951180149283863,0.5997414745645488,0.6471029983705385,0.016591742016437754,1.6488013460601867,0.95,-0.0025367833587012223,0.0,1.0,True,True
TL,2023-09-25,False,98.3,-0.0025367833587012223,0.6140408684458369,0.6477425739669062,0.038094009913739915,1.7752169709298162,0.9666666666666667,0.0003051881993896277,0.0,0.0,True,True
TL,2023-09-26,False,98.33,0.0003051881993896277,0.5801687604847253,0.6118603173024122,0.04666656159802793,1.2703379025143668,0.9,0.0007118885385946072,0.0,0.0,True,True
TL,2023-09-27,False,98.4,0.0007118885385946072,0.532935036605795,0.5684640674157019,0.008747617118338647,0.6305486732198455,0.7833333333333333,0.004268292682926722,1.0,0.0,False,True
TL,2023-09-28,False,98.82,0.004268292682926722,0.5226148523493217,0.5969198836379112,-0.023535907627049622,0.4716241045195192,0.7166666666666667,0.0011131349929165424,1.0,1.0,False,False
TL,2023-10-09,False,98.93,0.0011131349929165424,0.5950621849175859,0.6503960116304318,-0.009551127519190572,1.4971724143514755,0.9333333333333333,-0.001617305165268479,1.0,1.0,True,False
TL,2023-10-10,False,98.77,-0.001617305165268479,0.48741881161167194,0.5164503992648583,-0.012337274943431587,0.004991298793359723,0.5,-0.0031386048395262156,1.0,1.0,False,False
TL,2023-10-11,False,98.46,-0.0031386048395262156,0.49462295374053306,0.5308793883224331,-0.011182020646817364,0.10737460166945129,0.5333333333333333,0.0006093845216332827,1.0,1.0,False,False
TL,2023-10-12,False,98.52,0.0006093845216332827,0.5250589208706347,0.5561464506554934,-0.009555109413442692,0.5390060619583714,0.75,0.0019285424279333885,1.0,1.0,False,False
TL,2023-10-13,False,98.71,0.0019285424279333885,0.4642301113135155,0.5128137434187218,-0.022402403794917806,-0.305989054010796,0.35,0.0017222165940633527,1.0,1.0,False,False
TL,2023-10-16,False,98.88,0.0017222165940633527,0.508883722461321,0.5446369645273209,0.001253697927228048,0.33809622110664733,0.6333333333333333,-0.0020226537216827545,1.0,1.0,False,True
TL,2023-10-17,False,98.68,-0.0020226537216827545,0.49743966686293845,0.5500808913347119,-0.0010541772164502916,0.16895016920463488,0.5833333333333334,-0.0017227401702473166,1.0,1.0,False,False
TL,2023-10-18,False,98.51,-0.0017227401702473166,0.48535206610455994,0.5742637787462096,-0.0046204153982726485,0.0019814865231370105,0.5,-0.004466551619125125,1.0,1.0,False,False
TL,2023-10-19,False,98.07,-0.004466551619125125,0.5762159960802948,0.6212135476059126,0.020044011317679765,1.2542276996957848,0.8666666666666667,0.0036708473539310837,0.0,1.0,True,True
TL,2023-10-20,False,98.43,0.0036708473539310837,0.5257483197573033,0.592415962724982,0.011250552380932106,0.5553792707640692,0.7666666666666667,0.0023366859697244724,1.0,0.0,False,True
TL,2023-10-23,False,98.66,0.0023366859697244724,0.5295015755950456,0.589604899405135,0.010452007111695772,0.6020172263267388,0.7833333333333333,-0.0033448205959861754,1.0,1.0,False,True
TL,2023-10-24,False,98.33,-0.0033448205959861754,0.46693967124936014,0.5472778472373927,-0.008353921019564881,-0.2803527356572876,0.35,0.0008135869012508845,1.0,1.0,False,False
TL,2023-10-25,False,98.41,0.0008135869012508845,0.6492053904261608,0.7039654978522067,0.008717014018378872,2.207620618873724,1.0,-0.0010161568946244204,0.0,1.0,True,True
TL,2023-10-26,False,98.31,-0.0010161568946244204,0.4397731930671677,0.5754038830139593,-0.0052246438549156,-0.736024912190813,0.21666666666666667,-0.001627504831654969,1.0,0.0,False,False
TL,2023-10-27,False,98.15,-0.001627504831654969,0.5594598797427002,0.6467782250966752,0.003275013011311667,0.9241771446012316,0.8333333333333334,0.0007131940906774936,0.0,1.0,True,True
TL,2023-10-30,False,98.22,0.0007131940906774936,0.5603951088419736,0.6388335433119233,0.009716536450176639,0.9287677518530332,0.8333333333333334,0.0026471187130931995,0.0,0.0,True,True
TL,2023-10-31,False,98.48,0.0026471187130931995,0.4385645230338516,0.5464634538827947,-0.030065981900981236,-0.7578882824802375,0.21666666666666667,0.0008123476848089783,1.0,0.0,False,False
TL,2023-11-01,False,98.56,0.0008123476848089783,0.506883655562087,0.5520483542056244,0.0013325568280990075,0.16561848969552953,0.5666666666666667,0.0041599025974026205,1.0,1.0,False,True
TL,2023-11-02,False,98.97,0.0041599025974026205,0.46751231184410563,0.5378508457604663,-0.023740658907707567,-0.3987106894000786,0.3333333333333333,-0.00030312215822980715,1.0,1.0,False,False
TL,2023-11-03,False,98.94,-0.00030312215822980715,0.5387277239548098,0.5689491426768831,-0.0014386980964073593,0.5913773603736527,0.7833333333333333,0.0003032140691328067,1.0,1.0,False,False
TL,2023-11-06,False,98.97,0.0003032140691328067,0.5169281321848148,0.557960227895435,0.01885712866946492,0.2833061547751887,0.6333333333333333,-0.0006062443164595033,1.0,1.0,False,True
TL,2023-11-07,False,98.91,-0.0006062443164595033,0.48634787337537044,0.5690854674544313,0.0008344255967276005,-0.16329783568480824,0.45,0.002224244262460706,1.0,1.0,False,True
TL,2023-11-08,False,99.13,0.002224244262460706,0.5326494459695598,0.6150565361794574,0.007789441767146887,0.4746598198349452,0.75,-0.00010087763542809824,1.0,1.0,False,True
TL,2023-11-09,False,99.12,-0.00010087763542809824,0.4833766942047009,0.5390657902878566,-0.009498074571547287,-0.22156777622406837,0.4,0.002320419693300879,1.0,1.0,False,False
TL,2023-11-10,False,99.35,0.002320419693300879,0.5066608123560917,0.540746635976873,-0.00235058188281157,0.1046043977137133,0.5333333333333333,0.0015098137896327746,1.0,1.0,False,False
TL,2023-11-13,False,99.5,0.0015098137896327746,0.5488711499539283,0.5746784116789356,0.009905791954364761,0.6898252556574138,0.7833333333333333,-0.0020100502512563345,1.0,1.0,False,True
TL,2023-11-14,False,99.3,-0.0020100502512563345,0.5014927908397911,0.5435632793922578,0.00031811454896901183,-0.01685126238648925,0.5,0.0007049345417926567,1.0,1.0,False,True
TL,2023-11-15,False,99.37,0.0007049345417926567,0.49868946443321505,0.5699385572600647,0.0025457518940727674,-0.10475585670694632,0.48333333333333334,0.002113313877427636,1.0,1.0,False,True
TL,2023-11-16,False,99.58,0.002113313877427636,0.46394548469324887,0.48580753247370767,-0.013561234084639894,-0.7464172633935099,0.2,0.00150632657160088,1.0,1.0,False,False
TL,2023-11-17,False,99.73,0.00150632657160088,0.5273125129073012,0.5601776024973233,-0.008066458023979645,0.3103334994488465,0.6833333333333333,-0.0004010829238946245,1.0,1.0,False,False
TL,2023-11-20,False,99.69,-0.0004010829238946245,0.5557794003724618,0.613066284124282,0.013719626753942737,0.7700944424770008,0.8,-0.0009027986758952666,0.0,1.0,True,True
TL,2023-11-21,False,99.6,-0.0009027986758952666,0.4594045637941982,0.5419402592161806,0.0013264114401179195,-0.8339422296306173,0.2,-0.00230923694779106,1.0,0.0,False,True
TL,2023-11-22,False,99.37,-0.00230923694779106,0.5117689424383459,0.5471717013481906,0.0027738966377091113,0.08110458433017845,0.5666666666666667,,1.0,1.0,False,True
TL,2023-11-23,True,98.78,,0.5144081485287632,0.5217917115722946,-0.006981918669119192,0.10171005226392478,0.5666666666666667,0.0007086454747924353,1.0,1.0,False,False
TL,2023-11-24,False,98.85,0.0007086454747924353,0.4769335859112039,0.5406923125546882,-0.01026880441879508,-0.5696647618413267,0.26666666666666666,-0.0019221041982802056,1.0,1.0,False,False
TL,2023-11-27,False,98.66,-0.0019221041982802056,0.5073109194608377,0.5306764723106542,0.006097735480613703,-0.028948426836381796,0.5166666666666667,0.004257044394891496,1.0,1.0,False,True
TL,2023-11-28,False,99.08,0.004257044394891496,0.40517257330817164,0.47247453457250327,-0.022028996732827398,-1.8599868420607966,0.03333333333333333,0.002018570851836987,1.0,1.0,False,False
TL,2023-11-29,False,99.28,0.002018570851836987,0.4563876652195241,0.5679997445245615,-0.01878019792215103,-0.947283063628323,0.15,0.0013094278807412874,1.0,1.0,False,False
TL,2023-11-30,False,99.41,0.0013094278807412874,0.5686926445557887,0.6403993287732714,0.013259486304785606,1.0439537674120885,0.85,-0.00010059350165969594,0.0,1.0,True,True
TL,2023-12-01,False,99.4,-0.00010059350165969594,0.4200309104220195,0.4898615822016582,-0.0011039946830019355,-1.5480721371233066,0.08333333333333333,-0.0009054325955735187,1.0,0.0,False,False
TL,2023-12-04,False,99.31,-0.0009054325955735187,0.45687904161244514,0.5058523918717923,0.006705618181104239,-0.9309215603777281,0.16666666666666666,0.002114590675662109,1.0,1.0,False,True
TL,2023-12-05,False,99.52,0.002114590675662109,0.5417336580916234,0.5958631935389892,0.005887838280085505,0.5463959714206503,0.7666666666666667,-0.0011053054662378825,1.0,1.0,False,True
TL,2023-12-06,False,99.41,-0.0011053054662378825,0.5415854725831489,0.5975741761026039,0.0067488403724324355,0.519955512006785,0.75,0.0007041545116186487,1.0,1.0,False,True
TL,2023-12-07,False,99.48,0.0007041545116186487,0.5388771605760874,0.6142802052887408,0.03223989312788395,0.49504434363364674,0.75,0.0007036590269400289,1.0,1.0,False,True
TL,2023-12-08,False,99.55,0.0007036590269400289,0.5487535937081065,0.6005767934780364,0.018089260667578665,0.6980607572289627,0.8,0.0026117528879960883,0.0,1.0,True,True
TL,2023-12-11,False,99.81,0.0026117528879960883,0.5375477828052254,0.5876035077609709,-0.00012036294478384724,0.47449463908312955,0.7166666666666667,-0.0011020939785592043,1.0,0.0,False,False
TL,2023-12-12,False,99.7,-0.0011020939785592043,0.4335116804779155,0.4891171197116166,-0.021747696198132882,-1.4879467255491157,0.06666666666666667,0.0056168505516549505,1.0,1.0,False,False
TL,2023-12-13,False,100.26,0.0056168505516549505,0.4319150881241566,0.5142882806363824,-0.03291660581340526,-1.4712259034464585,0.06666666666666667,-0.0013963694394574233,1.0,1.0,False,False
TL,2023-12-14,False,100.12,-0.0013963694394574233,0.4406207565743478,0.5203490339491282,-0.032189836894858624,-1.308895567586006,0.13333333333333333,0.004794246903715438,1.0,1.0,False,False
TL,2023-12-15,False,100.6,0.004794246903715438,0.5520016071884449,0.6013857426876654,0.003601672486287133,0.7495160992243117,0.8166666666666667,0.0008946322067595602,0.0,1.0,True,True
TL,2023-12-18,False,100.69,0.0008946322067595602,0.4894295780272767,0.5163072718151261,0.023192231416301078,-0.3800803090009175,0.36666666666666664,0.0007945178269936903,1.0,0.0,False,True
TL,2023-12-19,False,100.77,0.0007945178269936903,0.4694874189244936,0.4937427732141949,0.012395348305360293,-0.7578805950854244,0.26666666666666666,0.000992358836955587,1.0,1.0,False,True
TL,2023-12-20,False,100.87,0.000992358836955587,0.6044929762863868,0.6406105081026263,0.024523025116012658,1.794760343619154,0.9666666666666667,0.004362050163576825,0.0,1.0,True,True
TL,2023-12-21,False,101.31,0.004362050163576825,0.45958691733005325,0.561378599607456,-0.006976598145767332,-0.9868120799745512,0.18333333333333332,0.0015793110255650777,1.0,0.0,False,False
TL,2023-12-22,False,101.47,0.0015793110255650777,0.49596154811885973,0.5676137936746662,0.00031634385887256976,-0.28886259998412905,0.4,0.007095693308367013,1.0,1.0,False,True
TL,2023-12-25,False,102.19,0.007095693308367013,0.49916894067003736,0.6081740608599232,-0.004916838467643947,-0.1992238697988144,0.45,-0.0036207065270574823,1.0,1.0,False,False
TL,2023-12-26,False,101.82,-0.0036207065270574823,0.6097737919692606,0.6394762547959643,0.005014365470573184,2.0104050768361916,0.9833333333333333,0.00019642506383821257,0.0,1.0,True,True
TL,2023-12-27,False,101.84,0.00019642506383821257,0.5702670479517674,0.6112732330169328,0.03351725050938292,1.2302067426517715,0.9166666666666666,-0.0011783189316575404,0.0,0.0,True,True
TL,2023-12-28,False,101.72,-0.0011783189316575404,0.4856250195052899,0.5243355019378466,0.005042505005459041,-0.45193929351158585,0.3333333333333333,-0.0003932363350372947,1.0,0.0,False,True
TL,2023-12-29,False,101.68,-0.0003932363350372947,0.5044857851730287,0.5505161523730081,-0.011351508345798811,-0.06750066157450028,0.5,-0.0006884343036979157,1.0,1.0,False,False
TL,2024-01-02,False,101.61,-0.0006884343036979157,0.4146033311509563,0.4906682403267127,-0.045612218441534735,-1.808389730390816,0.03333333333333333,0.00019683102056888835,1.0,1.0,False,False
TL,2024-01-03,False,101.63,0.00019683102056888835,0.5514906529918207,0.6067834367426691,-0.010857447827422711,0.9079411273727623,0.8333333333333334,0.0012791498573256899,1.0,1.0,True,False
TL,2024-01-04,False,101.76,0.0012791498573256899,0.5545297428055828,0.639797687929508,0.018481431441937767,0.9417200126042463,0.85,0.003930817610062753,0.0,1.0,True,True
TL,2024-01-05,False,102.16,0.003930817610062753,0.48989426636895317,0.5273956281033033,0.011074337404647545,-0.324879792000126,0.4,-9.788566953794486e-05,1.0,0.0,False,True
TL,2024-01-08,False,102.15,-9.788566953794486e-05,0.4921434029771733,0.5371346868826719,0.009348375702956647,-0.2911293428875058,0.4,0.006363191385217792,1.0,1.0,False,True
TL,2024-01-09,False,102.8,0.006363191385217792,0.44169217678186634,0.48718254187025806,-0.028198329224831807,-1.2546281967837107,0.15,-0.0018482490272373475,1.0,1.0,False,False
TL,2024-01-10,False,102.61,-0.0018482490272373475,0.5368831435065519,0.5695919820829394,-0.008349528818514862,0.5976207630397244,0.6833333333333333,-0.0008771074943962898,1.0,1.0,False,False
TL,2024-01-11,False,102.52,-0.0008771074943962898,0.46768428378686644,0.5734752269975013,3.197753652051105e-05,-0.7473130345429597,0.2833333333333333,-0.00438938743659778,1.0,1.0,False,True
TL,2024-01-12,False,102.07,-0.00438938743659778,0.5055092701908107,0.5940658465761302,0.005272384143227493,0.013057835270269876,0.5166666666666667,0.002449299500342894,1.0,1.0,False,True
TL,2024-01-15,False,102.32,0.002449299500342894,0.5850600365792936,0.6294620566230257,0.02553618462791134,1.539390415643573,0.95,0.0,0.0,1.0,True,True
TL,2024-01-16,False,102.32,0.0,0.4516377595353397,0.541434667221864,-0.005311501514999717,-1.020580983489487,0.16666666666666666,0.0028342455043002257,1.0,0.0,False,False
TL,2024-01-17,False,102.61,0.0028342455043002257,0.5193487734453758,0.5748981995072547,0.004945746866154765,0.26987140848344376,0.6333333333333333,0.0,1.0,1.0,False,True
TL,2024-01-18,False,102.61,0.0,0.5384650629284136,0.5936355663713886,2.0032234128786187e-05,0.7228455026955661,0.7166666666666667,0.003508429977584937,1.0,1.0,False,True
TL,2024-01-19,False,102.97,0.003508429977584937,0.5380578282072472,0.5704974742378652,-0.0007177113351018894,0.6881313754342583,0.7,0.006895212197727485,1.0,1.0,False,False
TL,2024-01-22,False,103.68,0.006895212197727485,0.535926330998721,0.5907264777948739,0.01872861976886341,0.6566222810144592,0.6666666666666666,-0.0011574074074074403,1.0,1.0,False,True
TL,2024-01-23,False,103.56,-0.0011574074074074403,0.536194876741883,0.6011129391061961,0.003115347466332197,0.6762211753315605,0.6833333333333333,0.0010621861722672765,1.0,1.0,False,True
TL,2024-01-24,False,103.67,0.0010621861722672765,0.48002057110547036,0.5693157652939203,-0.01187519351112506,-0.5415203986769488,0.3,-0.001157519050834388,1.0,1.0,False,False
TL,2024-01-25,False,103.55,-0.001157519050834388,0.5730478465469206,0.6493954123163139,0.0014074276786096185,1.417948624275337,0.95,0.0,0.0,1.0,True,True
TL,2024-01-26,False,103.55,0.0,0.4353534182056933,0.4639009999429923,-0.016429285578101784,-1.4720654865493763,0.1,0.0023177209077740457,1.0,0.0,False,False
TL,2024-01-29,False,103.79,0.0023177209077740457,0.4770530809390436,0.5313360493065898,-0.0162950744505456,-0.5782833678993322,0.3,0.007804220059735911,1.0,1.0,False,False
TL,2024-01-30,False,104.6,0.007804220059735911,0.5319029894174861,0.6225366643128416,0.0007770071016154512,0.5649800477022203,0.6333333333333333,0.00793499043977075,1.0,1.0,False,True
TL,2024-01-31,False,105.43,0.00793499043977075,0.40920285772281595,0.46741508645873053,-0.023114040643641653,-1.9136310571975685,0.03333333333333333,-0.0027506402352271975,1.0,1.0,False,False
TL,2024-02-01,False,105.14,-0.0027506402352271975,0.47106371950182424,0.5306080292343279,0.0003570379376034272,-0.6384998500234704,0.3,0.0,1.0,1.0,False,True
TL,2024-02-02,False,105.14,0.0,0.4887678829601963,0.560250336936376,-0.003740966587335648,-0.2818028367700141,0.38333333333333336,0.004755564009891522,1.0,1.0,False,False
TL,2024-02-05,False,105.64,0.004755564009891522,0.3578011218114925,0.5257558418873426,-0.0268638709974607,-2.69938632145624,0.016666666666666666,-0.009371450208254362,1.0,1.0,False,False
TL,2024-02-06,False,104.65,-0.009371450208254362,0.47163559313721265,0.5538419243740345,0.0011602873138461644,-0.5195098890271995,0.3333333333333333,0.005064500716674747,1.0,1.0,False,True
TL,2024-02-07,False,105.18,0.005064500716674747,0.44432036535455255,0.5285564863762043,-0.007061899811752703,-1.0127783951061935,0.18333333333333332,-0.00370792926411867,1.0,1.0,False,False
TL,2024-02-08,False,104.79,-0.00370792926411867,0.4964610396380049,0.5743015444071066,0.010190555689867731,-0.027365594657514668,0.5166666666666667,0.003530871266342217,1.0,1.0,False,True
TL,2024-02-19,False,105.16,0.003530871266342217,0.4814080818220574,0.5716364465186186,0.02720393665219221,-0.317998956501437,0.4,,1.0,1.0,False,True
TL,2024-02-20,True,105.33,,0.36926942044993555,0.3866222892558207,-0.016764462890704934,-2.2872419833764193,0.03333333333333333,0.0,1.0,1.0,False,False
TL,2024-02-21,False,105.33,0.0,0.5170448124261757,0.6242543328952294,0.0018257274955176984,0.40425158360557806,0.65,0.001993733978923551,1.0,1.0,False,True
TL,2024-02-22,False,105.54,0.001993733978923551,0.5068176850245352,0.6122812094878879,0.0056350021377178814,0.20360355799393787,0.5833333333333334,0.0027477733560734574,1.0,1.0,False,True
TL,2024-02-23,False,105.83,0.0027477733560734574,0.5583682445377534,0.6148241037739253,0.02914685900059915,1.1228740296348598,0.9,0.004724558253803357,0.0,1.0,True,True
TL,2024-02-26,False,106.33,0.004724558253803357,0.5029182540067957,0.5530361213565681,0.03086210992252979,0.12024678008047476,0.55,0.0022571240477757826,1.0,0.0,False,True
TL,2024-02-27,False,106.57,0.0022571240477757826,0.5079053525469998,0.5809370733995969,-0.0022178350776091427,0.20158417019153554,0.6166666666666667,0.0031903912921085187,1.0,1.0,False,False
TL,2024-02-28,False,106.91,0.0031903912921085187,0.42630260550197796,0.5326682417400469,-0.021149305103586803,-1.240482258319257,0.11666666666666667,0.004022074642222595,1.0,1.0,False,False
TL,2024-02-29,False,107.34,0.004022074642222595,0.5340645330483291,0.5633813090254314,-0.012522307148366617,0.6665730737226098,0.6666666666666666,-0.011086267933668736,1.0,1.0,False,False
TL,2024-03-01,False,106.15,-0.011086267933668736,0.4948981974706398,0.5999561586839386,0.001011906742901758,-0.06164430542377631,0.4666666666666667,0.008478568064060221,1.0,1.0,False,True
TL,2024-03-04,False,107.05,0.008478568064060221,0.47339829472802086,0.4993264232106017,-4.18523669295956e-05,-0.43313312385001684,0.3333333333333333,-0.003643157403082631,1.0,1.0,False,False
TL,2024-03-05,False,106.66,-0.003643157403082631,0.5064786937376491,0.5891589599295688,0.0099685938151034,0.15865105778915486,0.5833333333333334,0.0058128633039564725,1.0,1.0,False,True
TL,2024-03-06,False,107.28,0.0058128633039564725,0.5504568010437059,0.5805645226604768,0.004436503225776278,0.9597656187924944,0.85,-0.000838926174496657,0.0,1.0,True,True
TL,2024-03-07,False,107.19,-0.000838926174496657,0.5452483097018775,0.5763096275031062,0.01777587307781605,0.859438173612097,0.8166666666666667,-0.0027987685418415786,0.0,0.0,True,True
TL,2024-03-08,False,106.89,-0.0027987685418415786,0.4489881354763978,0.545707709158516,-0.0010050702539017632,-0.9267808144010082,0.2,-0.006081017868837191,1.0,0.0,False,False
TL,2024-03-11,False,106.24,-0.006081017868837191,0.5168452205228735,0.6288605737655221,-0.008073561199685919,0.35998981286337595,0.6333333333333333,-0.011295180722891485,1.0,1.0,False,False
TL,2024-03-12,False,105.04,-0.011295180722891485,0.6040636914505654,0.6724153964092635,0.0078810691634715,1.9420450635435882,0.9666666666666667,0.00628332063975634,0.0,1.0,True,True
TL,2024-03-13,False,105.7,0.00628332063975634,0.5620588199502339,0.6287604333422251,0.018869657647088024,1.15178417908729,0.9,-0.0008514664143803863,0.0,0.0,True,True
TL,2024-03-14,False,105.61,-0.0008514664143803863,0.5364604205728507,0.5938861426572699,0.02201581696202661,0.6575445219508651,0.7333333333333333,0.0031247040999904385,1.0,0.0,False,True
TL,2024-03-15,False,105.94,0.0031247040999904385,0.5125528432811438,0.5571370562577036,-0.007618802536117408,0.19381902441627946,0.6,0.0037757221068530633,1.0,1.0,False,False
TL,2024-03-18,False,106.34,0.0037757221068530633,0.5047839376284163,0.5407062684046535,-0.024806548431338817,0.028630687126652225,0.5166666666666667,0.006488621403046846,1.0,1.0,False,False
TL,2024-03-19,False,107.03,0.006488621403046846,0.4909386386555968,0.5614388445595969,-0.017391684553370857,-0.2159023906127321,0.4,-0.004484723909184418,1.0,1.0,False,False
TL,2024-03-20,False,106.55,-0.004484723909184418,0.46606631813657623,0.5243901194134327,-0.0162402409498096,-0.6806249471318562,0.2,-0.0015016424213983859,1.0,1.0,False,False
TL,2024-03-21,False,106.39,-0.0015016424213983859,0.47236792793203014,0.4963193700978562,-0.011908745019006744,-0.5620372095891062,0.26666666666666666,-0.008459441676849422,1.0,1.0,False,False
TL,2024-03-22,False,105.49,-0.008459441676849422,0.5015982984559029,0.6141170095797516,-0.002494198906859357,0.02754238148986173,0.5,0.0004739785761684878,1.0,1.0,False,False
TL,2024-03-25,False,105.54,0.0004739785761684878,0.5570372363033401,0.6115105110183853,0.016772917561481332,1.0815370156010005,0.8833333333333333,-0.0017055144968732838,0.0,1.0,True,True
TL,2024-03-26,False,105.36,-0.0017055144968732838,0.499319214510385,0.5299518906307232,0.015117510111892756,-0.050143016543417775,0.4666666666666667,0.004365983295368192,1.0,0.0,False,True
TL,2024-03-27,False,105.82,0.004365983295368192,0.49611384989904433,0.5358034223993805,0.004521275998851054,-0.11192855294129837,0.43333333333333335,9.45000945000718e-05,1.0,1.0,False,True
TL,2024-03-28,False,105.83,9.45000945000718e-05,0.5345791002482909,0.572662007516746,0.0005038217180480309,0.6904788335175803,0.7166666666666667,0.007370310875933095,1.0,1.0,False,True
TL,2024-03-29,False,106.61,0.007370310875933095,0.4834649980583951,0.5530300655685183,-0.011188459075198415,-0.3233899678938554,0.3333333333333333,-0.007597786323984668,1.0,1.0,False,False
TL,2024-04-01,False,105.8,-0.007597786323984668,0.5154271957153113,0.595052872556812,0.001956711056920324,0.3261891380534501,0.6333333333333333,0.0023629489603025355,1.0,1.0,False,True
TL,2024-04-02,False,106.05,0.0023629489603025355,0.38010948827797464,0.4226547392746103,-0.025116062777511904,-2.3102075986875725,0.05,0.0032060348892033463,1.0,1.0,False,False
TL,2024-04-03,False,106.39,0.0032060348892033463,0.46057416093634945,0.5345185935070046,-0.02513653884043034,-0.7563468370762797,0.18333333333333332,0.002349844910235932,1.0,1.0,False,False
TL,2024-04-08,False,106.64,0.002349844910235932,0.5448475189501614,0.5805827675498078,0.006791200700457073,0.9367397575615173,0.85,0.0022505626406601476,0.0,1.0,True,True
TL,2024-04-09,False,106.88,0.0022505626406601476,0.5024619950006074,0.5237745295417129,0.0138807629242779,0.10402732085387856,0.5166666666666667,-0.004116766467065824,1.0,0.0,False,True
TL,2024-04-10,False,106.44,-0.004116766467065824,0.45519640486388985,0.5274410291064205,0.019206166723608836,-0.8391107308389598,0.18333333333333332,-0.005449079293498693,1.0,1.0,False,True
TL,2024-04-11,False,105.86,-0.005449079293498693,0.47301901861185197,0.5495003900986194,-0.006476139873526648,-0.47199880567416236,0.3,0.0029283959947099536,1.0,1.0,False,False
TL,2024-04-12,False,106.17,0.0029283959947099536,0.451671133713618,0.5199207602747331,-0.021579574686184218,-0.908642034988198,0.16666666666666666,0.0,1.0,1.0,False,False
TL,2024-04-15,False,106.17,0.0,0.5342242170311942,0.5872342426897693,0.005999917291090168,0.7620324294752719,0.75,0.004050108316850265,1.0,1.0,False,True
TL,2024-04-16,False,106.6,0.004050108316850265,0.5409782529451864,0.571501483841147,0.023276889458193534,0.8708160081947597,0.85,0.0006566604127580256,0.0,1.0,True,True
TL,2024-04-17,False,106.67,0.0006566604127580256,0.5331905261338578,0.5956112765347055,0.020965013427558,0.7016543057861667,0.7,0.007124777350707934,1.0,0.0,False,True
TL,2024-04-18,False,107.43,0.007124777350707934,0.5522352322217462,0.580698034834247,0.020009450611892,1.1128390707366713,0.9166666666666666,9.308386856554662e-05,0.0,1.0,True,True
TL,2024-04-19,False,107.44,9.308386856554662e-05,0.5256470248024088,0.5558059736084824,-0.0005897405181011006,0.5478863052471886,0.6666666666666666,0.0035368577810870327,1.0,0.0,False,False
TL,2024-04-22,False,107.82,0.0035368577810870327,0.4572772056088313,0.49074810015855913,-0.017494559600415925,-0.8294512701028457,0.18333333333333332,0.004915600074197668,1.0,1.0,False,False
TL,2024-04-23,False,108.35,0.004915600074197668,0.4776228248458425,0.5710607665559527,-0.02060934291889454,-0.3951269930995455,0.3333333333333333,-0.011536686663590201,1.0,1.0,False,False
TL,2024-04-24,False,107.1,-0.011536686663590201,0.5429281771322694,0.6489745940961162,-0.0066638310135519905,0.9413886548624267,0.85,-0.0031746031746030523,1.0,1.0,True,False
TL,2024-04-25,False,106.76,-0.0031746031746030523,0.4990433877378337,0.6328704279084177,0.003244369739428793,0.055436328483652125,0.48333333333333334,-0.004683402023229699,1.0,1.0,False,True
TL,2024-04-26,False,106.26,-0.004683402023229699,0.531898356485438,0.6217811094005312,0.01706628646452047,0.7344073151037787,0.7166666666666667,-0.00818746470920384,1.0,1.0,False,True
TL,2024-04-29,False,105.39,-0.00818746470920384,0.5495082946638876,0.5892344712615185,0.013274111898925888,1.064125922614592,0.8833333333333333,0.0076857386848847575,0.0,1.0,True,True
TL,2024-04-30,False,106.2,0.0076857386848847575,0.3860380218863512,0.4842887627133799,-0.026331540356578236,-2.166559981082472,0.06666666666666667,-0.0035781544256121567,1.0,0.0,False,False
TL,2024-05-06,False,105.82,-0.0035781544256121567,0.4724861087706526,0.5106188362651307,-0.019897489253344898,-0.4539473953480146,0.2833333333333333,0.003874503874504054,1.0,1.0,False,False
TL,2024-05-07,False,106.23,0.003874503874504054,0.4964512959743032,0.5465826320672547,-0.014791630691550466,0.02404052643636801,0.45,0.0015061658665160849,1.0,1.0,False,False
TL,2024-05-08,False,106.39,0.0015061658665160849,0.4988980388370938,0.5230821712477396,0.0009192762434364399,0.08509350398238746,0.48333333333333334,-0.005075665006109675,1.0,1.0,False,True
TL,2024-05-09,False,105.85,-0.005075665006109675,0.458111526493728,0.49753617135573575,0.017055893928119476,-0.777421624595904,0.18333333333333332,-0.0014170996693433358,1.0,1.0,False,True
TL,2024-05-10,False,105.7,-0.0014170996693433358,0.5435357735952681,0.6078717348209343,0.010375956016865567,0.9666530366783693,0.85,0.006906338694418146,0.0,1.0,True,True
TL,2024-05-13,False,106.43,0.006906338694418146,0.5425832378999835,0.6120014948400039,0.013690161860953487,0.9218424486911051,0.8166666666666667,0.0012214601146292026,0.0,0.0,True,True
TL,2024-05-14,False,106.56,0.0012214601146292026,0.45510688938324173,0.5170400761658658,-0.00031105875014486584,-0.9693664175589014,0.13333333333333333,-0.0012199699699699806,1.0,0.0,False,False
TL,2024-05-15,False,106.43,-0.0012199699699699806,0.45620269528286256,0.49212686838867575,-0.00922465466337572,-0.9355135567455818,0.16666666666666666,,1.0,1.0,False,False
TL,2024-05-16,True,105.72,,0.5847370109184211,0.5884373764204761,-0.0003978067970814847,1.794053605807091,0.9833333333333333,-0.002837684449489175,1.0,1.0,True,False
TL,2024-05-17,False,105.42,-0.002837684449489175,0.5566321081689996,0.6060162113375615,0.015772786207321143,1.1545111449985674,0.9166666666666666,0.0030354771390628255,0.0,1.0,True,True
TL,2024-05-20,False,105.74,0.0030354771390628255,0.401097841064204,0.49928462505045645,-0.0007588683751938496,-2.0496337782847744,0.06666666666666667,-0.000662001134859036,1.0,0.0,False,False
TL,2024-05-21,False,105.67,-0.000662001134859036,0.4686246158146792,0.5359260834769685,-0.01587953287905839,-0.7432628310152228,0.23333333333333334,0.002839027160026486,1.0,1.0,False,False
TL,2024-05-22,False,105.97,0.002839027160026486,0.5356481909032722,0.5594102672450313,-0.01861851323846182,0.7111779184598678,0.7333333333333333,0.004152118524110682,1.0,1.0,False,False
TL,2024-05-23,False,106.41,0.004152118524110682,0.4845281994494571,0.532973816458874,-0.0009657467600016733,-0.3927152182597051,0.35,-0.0015975942110704189,1.0,1.0,False,False
TL,2024-05-24,False,106.24,-0.0015975942110704189,0.5161297017175509,0.5650970494389049,0.024596730494147172,0.31315551523377083,0.6166666666666667,0.001506024096385561,1.0,1.0,False,True
TL,2024-05-27,False,106.4,0.001506024096385561,0.5344528683196557,0.5649651985950405,0.011213801582423166,0.7016452724364697,0.7166666666666667,0.004793233082706738,1.0,1.0,False,True
TL,2024-05-28,False,106.91,0.004793233082706738,0.534026434401246,0.5733637323848265,0.004668115586614613,0.680126940958132,0.6666666666666666,0.0017771957721448572,1.0,1.0,False,True
TL,2024-05-29,False,107.1,0.0017771957721448572,0.4565897743953106,0.538514791732496,-0.0037980117424597838,-1.036145590771646,0.15,-0.0018674136321193968,1.0,1.0,False,False
TL,2024-05-30,False,106.9,-0.0018674136321193968,0.4571219517243907,0.5843785622377236,-0.019587859391066546,-0.9914340890159327,0.16666666666666666,-0.004115996258185373,1.0,1.0,False,False
TL,2024-05-31,False,106.46,-0.004115996258185373,0.5507670413555106,0.6621549078766535,-0.004427613660514545,1.04359127317266,0.9,0.0028179597971069725,1.0,1.0,True,False
TL,2024-06-03,False,106.76,0.0028179597971069725,0.38796399912812507,0.47192233907010583,-0.019794760358604186,-2.368206442313454,0.05,0.001217684526039653,1.0,1.0,False,False
TL,2024-06-04,False,106.89,0.001217684526039653,0.5257985628739781,0.5692557742324993,0.006925962436106931,0.49699129790246993,0.6166666666666667,0.0011226494527083464,1.0,1.0,False,True
TL,2024-06-05,False,107.01,0.0011226494527083464,0.5190655198542303,0.5568565224733264,0.009891865777814679,0.3706583700088341,0.6,0.0004672460517707311,1.0,1.0,False,True
TL,2024-06-06,False,107.06,0.0004672460517707311,0.4487487287179277,0.5245135117352229,-0.007293510454906049,-1.0668096790458088,0.08333333333333333,0.0014944890715486991,1.0,1.0,False,False
TL,2024-06-07,False,107.22,0.0014944890715486991,0.49771511527107387,0.5506754647402998,0.014245239812984723,-0.06061706887015728,0.43333333333333335,0.002051855997015517,1.0,1.0,False,True
TL,2024-06-11,False,107.44,0.002051855997015517,0.6329944676551376,0.6609211382873179,0.01930414049791625,2.5927834608767384,1.0,-0.001396128071481706,0.0,1.0,True,True
TL,2024-06-12,False,107.29,-0.001396128071481706,0.4893510064512299,0.5644352187793333,0.012481671213120904,-0.23192760001514234,0.38333333333333336,0.0030757759343833513,1.0,0.0,False,True
TL,2024-06-13,False,107.62,0.0030757759343833513,0.4875513637784291,0.5654872122591477,0.006924116130115887,-0.24672171654626052,0.38333333333333336,0.0022300687604535074,1.0,1.0,False,True
TL,2024-06-14,False,107.86,0.0022300687604535074,0.471287533104068,0.5330891645541295,-0.019829826821072018,-0.5649836190368615,0.2833333333333333,0.0016688299647691363,1.0,1.0,False,False
TL,2024-06-17,False,108.04,0.0016688299647691363,0.47833622620666255,0.5144851272932982,-0.032737995624411195,-0.40525968992878747,0.36666666666666664,0.0025916327286188423,1.0,1.0,False,False
TL,2024-06-18,False,108.32,0.0025916327286188423,0.46576029192892143,0.5095360554322377,-0.005639656661638353,-0.6524106242597912,0.25,0.0006462333825703048,1.0,1.0,False,False
TL,2024-06-19,False,108.39,0.0006462333825703048,0.5336464339299591,0.574030057264551,0.008666289912791347,0.7442314366629154,0.7166666666666667,0.0035058584740288445,1.0,1.0,False,True
TL,2024-06-20,False,108.77,0.0035058584740288445,0.4853152595643919,0.5722450221031834,0.008336566064394441,-0.2659437569132701,0.4166666666666667,-0.004137170175599891,1.0,1.0,False,True
TL,2024-06-21,False,108.32,-0.004137170175599891,0.4452202166687685,0.4948748584640898,-0.004667705144031764,-1.0825597677465202,0.08333333333333333,0.003785081240768262,1.0,1.0,False,False
TL,2024-06-24,False,108.73,0.003785081240768262,0.5733647575997074,0.5939867822423094,0.012678271408038127,1.5086605197189056,0.9666666666666667,0.002851099052699313,0.0,1.0,True,True
TL,2024-06-25,False,109.04,0.002851099052699313,0.45230174374462273,0.5349786079931242,-0.0074639882335357345,-0.9111525463680096,0.13333333333333333,-0.000550256786500336,1.0,0.0,False,False
TL,2024-06-26,False,108.98,-0.000550256786500336,0.5427895361854351,0.618849995456614,0.012203008031794065,0.9083523773394387,0.8333333333333334,0.004496237841805861,0.0,1.0,True,True
TL,2024-06-27,False,109.47,0.004496237841805861,0.5726801350693306,0.632949436960874,0.02243446153868519,1.4588022248951964,0.95,0.00018269845619811598,0.0,0.0,True,True
TL,2024-06-28,False,109.49,0.00018269845619811598,0.5407127433912158,0.5750769577164,0.005507436290772461,0.8217599251142194,0.7666666666666667,-0.009589916887386973,1.0,0.0,False,True
TL,2024-07-01,False,108.44,-0.009589916887386973,0.5694543589994484,0.663149811125685,0.0232228437715432,1.3420836885261358,0.9333333333333333,0.0028587237181851854,0.0,1.0,True,True
TL,2024-07-02,False,108.75,0.0028587237181851854,0.43454603114056106,0.5441939403131003,-0.02197127861596303,-1.246174445693992,0.08333333333333333,0.002390804597701246,1.0,0.0,False,False
TL,2024-07-03,False,109.01,0.002390804597701246,0.5208898566037664,0.6284790367382967,-0.020974726918178303,0.3883859978200353,0.5833333333333334,-0.0022016328777176852,1.0,1.0,False,False
TL,2024-07-04,False,108.77,-0.0022016328777176852,0.4690781355079074,0.5622181747552194,-0.019183371816229876,-0.6605204036214531,0.3,-0.003309736140479913,1.0,1.0,False,False
TL,2024-07-05,False,108.41,-0.003309736140479913,0.5363040765412495,0.5751342620299683,-0.003176846054905158,0.7023099474164649,0.75,-0.003043999631030303,1.0,1.0,False,False
TL,2024-07-08,False,108.08,-0.003043999631030303,0.43534932049708475,0.5320614684292234,0.0017020798650530411,-1.3002232669612241,0.08333333333333333,0.0028682457438933273,1.0,1.0,False,True
TL,2024-07-09,False,108.39,0.0028682457438933273,0.464899544455995,0.5000965339964895,-0.014570943930636543,-0.7156796523304624,0.26666666666666666,0.0006458160346893838,1.0,1.0,False,False
TL,2024-07-10,False,108.46,0.0006458160346893838,0.4712724239567593,0.549210924200938,-0.006701595518755066,-0.5873893213038696,0.3333333333333333,0.0005531993361607146,1.0,1.0,False,False
TL,2024-07-11,False,108.52,0.0005531993361607146,0.5107163573620515,0.5509167454747076,-0.0015252334898721465,0.18333020380261003,0.5333333333333333,0.003317360855142004,1.0,1.0,False,False
TL,2024-07-12,False,108.88,0.003317360855142004,0.45683809520302543,0.4919512828695567,0.00887943623179378,-0.8744740342023055,0.2,0.0018368846436445097,1.0,1.0,False,True
TL,2024-07-15,False,109.08,0.0018368846436445097,0.49642416292637886,0.52391724389401,0.004861490818703384,-0.06404775367947037,0.48333333333333334,-9.167583425018222e-05,1.0,1.0,False,True
TL,2024-07-16,False,109.07,-9.167583425018222e-05,0.550090064979105,0.6340716008785743,0.014334308760901877,1.0104689545865366,0.8666666666666667,0.00018336847895850106,0.0,1.0,True,True
TL,2024-07-17,False,109.09,0.00018336847895850106,0.4306239162651605,0.5346138467348891,-0.006693291241770238,-1.3443488666945898,0.06666666666666667,-0.0024750206251720197,1.0,0.0,False,False
TL,2024-07-18,False,108.82,-0.0024750206251720197,0.4322062818740743,0.5029022326490659,-0.011506387331912065,-1.2670825361966973,0.08333333333333333,0.0024811615511854956,1.0,1.0,False,False
TL,2024-07-19,False,109.09,0.0024811615511854956,0.5707216917527127,0.6139025448602093,0.0030711274547637,1.416599106890706,0.9333333333333333,0.002933357777981316,0.0,1.0,True,True
TL,2024-07-22,False,109.41,0.002933357777981316,0.5512058476661609,0.6200114171286716,0.014232934086166405,1.004112002526943,0.8833333333333333,0.0014623891783200893,0.0,0.0,True,True
TL,2024-07-23,False,109.57,0.0014623891783200893,0.441831139038651,0.47641539910355224,0.014141401133906762,-1.0791150656415183,0.13333333333333333,0.0010039244318702512,1.0,0.0,False,True
TL,2024-07-24,False,109.68,0.0010039244318702512,0.5621259776629045,0.61469152895801,0.013094883886359876,1.2077461990531382,0.9,0.0040116703136396925,0.0,1.0,True,True
TL,2024-07-25,False,110.12,0.0040116703136396925,0.5015126098838978,0.6195091666156798,-0.01274980337408862,0.06210042449417644,0.5666666666666667,0.002724300762804166,1.0,0.0,False,False
TL,2024-07-26,False,110.42,0.002724300762804166,0.35077670293438634,0.39550426466677185,-0.03411768186183023,-2.612386975254786,0.016666666666666666,0.0046187284912153626,1.0,1.0,False,False
TL,2024-07-29,False,110.93,0.0046187284912153626,0.4109175338848631,0.5623854091108393,-0.027317648503609404,-1.551094943031594,0.06666666666666667,0.003876318398990275,1.0,1.0,False,False
TL,2024-07-30,False,111.36,0.003876318398990275,0.5224185278024261,0.5718397991626749,-0.017000997571999143,0.4813050378413084,0.65,-0.0024245689655172376,1.0,1.0,False,False
TL,2024-07-31,False,111.09,-0.0024245689655172376,0.5530860198983979,0.587930675241188,0.027478864489704,1.0177627385956376,0.8666666666666667,0.0041407867494822614,0.0,1.0,True,True
TL,2024-08-01,False,111.55,0.0041407867494822614,0.5110335617258028,0.5643947327235332,0.04626822035963678,0.2488740885469303,0.5666666666666667,0.003137606454504782,1.0,0.0,False,True
TL,2024-08-02,False,111.9,0.003137606454504782,0.40116562977068304,0.439506331045776,-0.003088877430498338,-1.695689089649694,0.06666666666666667,0.009562109025915921,1.0,1.0,False,False
TL,2024-08-05,False,112.97,0.009562109025915921,0.4455048168374981,0.46782504100267314,-0.030574781205757094,-0.8766118506949608,0.2,-0.008940426661945722,1.0,1.0,False,False
TL,2024-08-06,False,111.96,-0.008940426661945722,0.35402737450558774,0.4561472101622122,-0.046364603567392505,-2.3444142803349632,0.03333333333333333,0.004912468738835329,1.0,1.0,False,False
TL,2024-08-07,False,112.51,0.004912468738835329,0.37024933716075537,0.5081530814298104,-0.03287067043951902,-1.980250458519295,0.05,-0.006221669184961365,1.0,1.0,False,False
TL,2024-08-08,False,111.81,-0.006221669184961365,0.47610815168459164,0.5241140727860931,0.0074629564151074464,-0.2387541333213597,0.43333333333333335,-0.0032197477864234214,1.0,1.0,False,True
TL,2024-08-09,False,111.45,-0.0032197477864234214,0.40998119773924224,0.48532912083719937,0.005103353898249219,-1.2933287578844002,0.11666666666666667,-0.011754149842978956,1.0,1.0,False,True
TL,2024-08-12,False,110.14,-0.011754149842978956,0.4108090375499257,0.4408647765282592,0.01532951866671628,-1.2367769653919425,0.13333333333333333,0.006809515162520485,1.0,1.0,False,True
TL,2024-08-13,False,110.89,0.006809515162520485,0.42650093920897864,0.44765787922785744,0.004720408996178061,-0.9914044871033659,0.15,0.0058616647127784915,1.0,1.0,False,True
TL,2024-08-14,False,111.54,0.0058616647127784915,0.3771120565052439,0.4174004382518379,-0.018147244888895915,-1.7474416315552181,0.06666666666666667,-0.004124081047158001,1.0,1.0,False,False
TL,2024-08-15,False,111.08,-0.004124081047158001,0.42801064712827785,0.4845395438164944,0.0002361917733389396,-0.8861736232407419,0.18333333333333332,,1.0,1.0,False,True
TL,2024-08-16,True,110.68,,0.5411130846332325,0.5463432382219234,0.02621178020859128,0.9374440943203514,0.8166666666666667,0.0055113841705818345,0.0,1.0,True,True
TL,2024-08-19,False,111.29,0.0055113841705818345,0.5378112990252035,0.5945840081931647,0.03866217477604384,0.8744397304041654,0.7833333333333333,0.0015275406595380847,1.0,0.0,False,True
TL,2024-08-20,False,111.46,0.0015275406595380847,0.5024406960604089,0.5377671378626026,0.036045793100725566,0.31402306698869387,0.6166666666666667,-0.004844787367665471,1.0,1.0,False,True
TL,2024-08-21,False,110.92,-0.004844787367665471,0.5805714069897182,0.6016859414448766,0.02664491311500571,1.5446425215371873,0.9833333333333333,0.006220699603317614,0.0,1.0,True,True
TL,2024-08-22,False,111.61,0.006220699603317614,0.37990558133441615,0.5876492586303933,-0.0279654898633118,-1.605278831385205,0.08333333333333333,0.0016127587133769605,1.0,0.0,False,False
TL,2024-08-23,False,111.79,0.0016127587133769605,0.4421855089045893,0.5902280328785565,-0.03137866949672212,-0.6262849345486057,0.3,-0.000357813757939085,1.0,1.0,False,False
TL,2024-08-26,False,111.75,-0.000357813757939085,0.5681037559076553,0.5938826524321478,-0.0007059778390636096,1.3268379737227012,0.9,-0.005816554809843444,1.0,1.0,True,False
TL,2024-08-27,False,111.1,-0.005816554809843444,0.5643674201258831,0.6212012034173949,0.015579020084556899,1.2302544220772957,0.8833333333333333,0.0032403240324032634,0.0,1.0,True,True
TL,2024-08-28,False,111.46,0.0032403240324032634,0.5695365819609354,0.6556316631268262,0.05014439124743323,1.2853036018643382,0.9166666666666666,-0.0012560559842096364,0.0,0.0,True,True
TL,2024-08-29,False,111.32,-0.0012560559842096364,0.48280906801724643,0.5140292933295654,0.008267994427859438,-0.04431710253581534,0.5,-0.0005389867049945263,1.0,0.0,False,True
TL,2024-08-30,False,111.26,-0.0005389867049945263,0.4960046994376517,0.5367502636062239,-0.022575646504864388,0.14804148007942744,0.55,0.005302894121876678,1.0,1.0,False,False
TL,2024-09-02,False,111.85,0.005302894121876678,0.48930387070126863,0.5905637103233322,-0.02236589813725127,0.04628307243203349,0.5333333333333333,0.0004470272686634136,1.0,1.0,False,False
TL,2024-09-03,False,111.9,0.0004470272686634136,0.46412772156912374,0.5626013751854939,-0.020432291809960108,-0.3148027521948119,0.36666666666666664,0.0020554066130473725,1.0,1.0,False,False
TL,2024-09-04,False,112.13,0.0020554066130473725,0.5522931263929292,0.5837710514386198,0.01070911388828375,1.0891555564084934,0.8333333333333334,0.0008918219923303994,0.0,1.0,True,True
TL,2024-09-05,False,112.23,0.0008918219923303994,0.5311393018855844,0.6218801485425751,0.013325846058752606,0.7339253423779456,0.6833333333333333,0.0029403902699811635,1.0,0.0,False,True
TL,2024-09-06,False,112.56,0.0029403902699811635,0.556083666234257,0.5932085266717249,0.020057117138243742,1.0993767749459389,0.85,0.0034648187633261607,0.0,1.0,True,True
TL,2024-09-09,False,112.95,0.0034648187633261607,0.5385427604694052,0.5714325786404896,0.015262061764189072,0.8012156393367268,0.7166666666666667,0.0029216467463479834,1.0,0.0,False,True
TL,2024-09-10,False,113.28,0.0029216467463479834,0.5199474236631965,0.6043530747195289,-0.005728794687564464,0.49342420805807163,0.6,0.002030367231638408,1.0,1.0,False,False
TL,2024-09-11,False,113.51,0.002030367231638408,0.5518688053484403,0.596136861912245,0.0005322764354651177,0.9870600896628685,0.8,0.0007047837194960049,0.0,1.0,True,True
TL,2024-09-12,False,113.59,0.0007047837194960049,0.5115397396261712,0.5610637771867911,-0.007576180833713653,0.3476260641951139,0.5833333333333334,0.006514657980456029,1.0,0.0,False,False
TL,2024-09-13,False,114.33,0.006514657980456029,0.42051025071166187,0.48744648599885176,-0.024447270355251193,-1.0653831216323024,0.16666666666666666,0.006997288550686598,1.0,1.0,False,False
TL,2024-09-18,False,115.13,0.006997288550686598,0.3740315284947885,0.42220716356401317,-0.04231903449735944,-1.718379057806401,0.06666666666666667,-0.0037349083644575565,1.0,1.0,False,False
TL,2024-09-19,False,114.7,-0.0037349083644575565,0.5857267589555462,0.6708843150157132,-0.006979230391717095,1.4822004538477378,1.0,0.006451612903225712,1.0,1.0,True,False
TL,2024-09-20,False,115.44,0.006451612903225712,0.5188998931175962,0.616395443959739,0.017993681522673437,0.47833920319378914,0.6,0.001645876645876676,1.0,1.0,False,True
TL,2024-09-23,False,115.63,0.001645876645876676,0.4580038021445115,0.5176714022440716,0.02198554674885069,-0.4238735190361698,0.36666666666666664,-0.010204964109660097,1.0,1.0,False,True
TL,2024-09-24,False,114.45,-0.010204964109660097,0.6857221227432156,0.7598610431099164,0.04956582316858196,2.8438851993113903,1.0,0.003494975972040182,0.0,1.0,True,True
TL,2024-09-25,False,114.85,0.003494975972040182,0.5230134886687039,0.6577896892422034,0.004139568905193491,0.5204447052257688,0.6833333333333333,-0.011057901610796672,1.0,0.0,False,True
TL,2024-09-26,False,113.58,-0.011057901610796672,0.5194396796826168,0.578860780462309,0.006608925965423368,0.44950358362153775,0.6166666666666667,-0.022803310441979252,1.0,1.0,False,True
TL,2024-09-27,False,110.99,-0.022803310441979252,0.555958834275751,0.6215009658489153,0.0029627621201880226,0.9669156477446718,0.85,-0.006126678079106163,0.0,1.0,True,True
TL,2024-09-30,False,110.31,-0.006126678079106163,0.4870959674265374,0.5782239976010979,-0.03643069650263094,-0.03432414178739783,0.45,0.0022663403136615745,1.0,0.0,False,False
TL,2024-10-08,False,110.56,0.0022663403136615745,0.49306706116322185,0.5252989584509105,-0.009223656726704355,0.06286342756183758,0.48333333333333334,0.010311143270622214,1.0,1.0,False,False
TL,2024-10-09,False,111.7,0.010311143270622214,0.43676711376145605,0.5163871656136383,-0.02282369049548507,-0.7565023248409888,0.26666666666666666,0.006535362578334869,1.0,1.0,False,False
TL,2024-10-10,False,112.43,0.006535362578334869,0.5050806483919198,0.5576616071930564,-0.015208522543274372,0.22770004920852,0.55,0.00017788846393318458,1.0,1.0,False,False
TL,2024-10-11,False,112.45,0.00017788846393318458,0.47078064216886745,0.5056608185069665,-0.002061706328664192,-0.27145658983498444,0.38333333333333336,-0.0016007114273011158,1.0,1.0,False,False
TL,2024-10-14,False,112.27,-0.0016007114273011158,0.502283604574379,0.5575398220489711,0.005244661522972577,0.18924240440276097,0.5333333333333333,0.0030284136456757427,1.0,1.0,False,True
TL,2024-10-15,False,112.61,0.0030284136456757427,0.526229023342358,0.5821916344208578,0.017612677534426312,0.5209119981965312,0.6833333333333333,-0.004706509191013231,1.0,1.0,False,True
TL,2024-10-16,False,112.08,-0.004706509191013231,0.5133992685875832,0.5897582105639981,0.007208562156481741,0.3297371251979923,0.5833333333333334,0.006691648822269913,1.0,1.0,False,True
TL,2024-10-17,False,112.83,0.006691648822269913,0.5303686830130819,0.6119722871099395,0.013029174570163315,0.5833860977075788,0.7,-0.0034565275192768308,1.0,1.0,False,True
TL,2024-10-18,False,112.44,-0.0034565275192768308,0.5461892207366319,0.6242376253433786,0.009195089199522966,0.7871626055799497,0.7666666666666667,0.0012451085023124087,1.0,1.0,False,True
TL,2024-10-21,False,112.58,0.0012451085023124087,0.5467162037319981,0.6404117474837644,0.007376431292832897,0.7681900151096743,0.7666666666666667,-0.005862497779356879,1.0,1.0,False,True
TL,2024-10-22,False,111.92,-0.005862497779356879,0.5050076411538581,0.5895666210715876,-4.357341485340393e-05,0.1755802100225561,0.5,-0.003484631879914213,1.0,1.0,False,False
TL,2024-10-23,False,111.53,-0.003484631879914213,0.6200329483967348,0.661255502685201,0.013814695118453202,1.8181337354775917,0.9833333333333333,-0.0008966197435666956,0.0,1.0,True,True
TL,2024-10-24,False,111.43,-0.0008966197435666956,0.5046440102382127,0.6251223572895084,-0.0009773676332101688,0.13527063218499072,0.48333333333333334,-0.00206407610158843,1.0,0.0,False,False
TL,2024-10-25,False,111.2,-0.00206407610158843,0.5555029110918669,0.6039094189676547,0.0017209783804092104,0.8771072527891988,0.85,-0.003147482014388525,0.0,1.0,True,True
TL,2024-10-28,False,110.85,-0.003147482014388525,0.5555520909052487,0.5889410715797322,0.0036558862197913268,0.859259905364887,0.85,0.005322507893549933,0.0,0.0,True,True
TL,2024-10-29,False,111.44,0.005322507893549933,0.5075201746412942,0.552870153300488,-0.017411746684384534,0.13211613723620683,0.5,-0.000717875089734421,1.0,0.0,False,False
TL,2024-10-30,False,111.36,-0.000717875089734421,0.5482656502178725,0.5992518392956054,0.003926054350874697,0.7182284644585052,0.7666666666666667,0.0018857758620689502,1.0,1.0,False,True
TL,2024-10-31,False,111.57,0.0018857758620689502,0.5307323398523471,0.5915877892477307,-0.0056827583166415676,0.4491783799438784,0.65,0.0058259388724568595,1.0,1.0,False,False
TL,2024-11-01,False,112.22,0.0058259388724568595,0.5376149483784862,0.5851957119981621,-0.0012662119842472008,0.5591510862072336,0.6833333333333333,-0.0008019960791303404,1.0,1.0,False,False
TL,2024-11-04,False,112.13,-0.0008019960791303404,0.47330167227298175,0.5046395095612896,-0.007908770657601117,-0.4103756196878185,0.3,0.004726656559350673,1.0,1.0,False,False
TL,2024-11-05,False,112.66,0.004726656559350673,0.5251096525678144,0.5536425070796185,-0.010374266287948169,0.3529642822072509,0.6,-0.0011539144328066575,1.0,1.0,False,False
TL,2024-11-06,False,112.53,-0.0011539144328066575,0.48148225480948337,0.5576265235068365,-0.011100546589639937,-0.3346312901714969,0.3,0.0009775171065493637,1.0,1.0,False,False
TL,2024-11-07,False,112.64,0.0009775171065493637,0.5567645224295718,0.6044812591525531,0.004647973063867267,0.8210687179481954,0.8833333333333333,0.0015092329545454142,0.0,1.0,True,True
TL,2024-11-08,False,112.81,0.0015092329545454142,0.5277160733322336,0.5507309503608658,0.014048367198026102,0.319043754969753,0.6,0.0016842478503678038,1.0,0.0,False,True
TL,2024-11-11,False,113.0,0.0016842478503678038,0.5432208929523978,0.5690105997754886,0.00824562992919171,0.5635419288758976,0.7166666666666667,0.006637168141592875,1.0,1.0,False,True
TL,2024-11-12,False,113.75,0.006637168141592875,0.4724987937129145,0.5240086514537787,-0.003151055167031169,-0.670577322298191,0.21666666666666667,-0.0028131868131867632,1.0,1.0,False,False
TL,2024-11-13,False,113.43,-0.0028131868131867632,0.5710797469045618,0.599602532966087,-0.002658683066933909,1.0132998453748765,0.9333333333333333,-0.0019395221722648959,1.0,1.0,True,False
TL,2024-11-14,False,113.21,-0.0019395221722648959,0.5281373961197945,0.5469891505353756,0.0028701499527285733,0.2286189447453645,0.5666666666666667,-0.0009716456143450403,1.0,1.0,False,True
TL,2024-11-15,False,113.1,-0.0009716456143450403,0.48138562718946115,0.5896098218399216,-0.006803192911899336,-0.6817010700796353,0.2,-0.010344827586206806,1.0,1.0,False,False
TL,2024-11-18,False,111.93,-0.010344827586206806,0.5769200413065543,0.6288017228254209,0.011914837547217899,1.1052950139954316,0.9333333333333333,0.005271151612614933,0.0,1.0,True,True
TL,2024-11-19,False,112.52,0.005271151612614933,0.4739926611413682,0.5249430620079498,-0.014539152633962738,-0.8567962110012373,0.18333333333333332,-0.0016885886953430518,1.0,0.0,False,False
TL,2024-11-20,False,112.33,-0.0016885886953430518,0.5102108120593323,0.5416232927600865,-0.00432461341690174,-0.15201379324206285,0.4166666666666667,0.005252381376301907,1.0,1.0,False,False
TL,2024-11-21,False,112.92,0.005252381376301907,0.5255355670239886,0.568466744619532,0.0021590650421832946,0.13548707417954714,0.5333333333333333,,1.0,1.0,False,True
TL,2024-11-22,True,113.41,,0.59705707237632,0.6043769664427013,0.00918169680221519,1.496173382812056,0.9666666666666667,0.006084119566175827,0.0,1.0,True,True
TL,2024-11-25,False,114.1,0.006084119566175827,0.5732123472417725,0.6337458370544838,0.02852856325177964,1.0346475530723098,0.9166666666666666,0.0002629272567922225,0.0,0.0,True,True
TL,2024-11-26,False,114.13,0.0002629272567922225,0.5038564167450328,0.5773161287947622,0.00349679895891849,-0.3955935732684592,0.3,-0.0028038202050293393,1.0,0.0,False,True
TL,2024-11-27,False,113.81,-0.0028038202050293393,0.5585478310268072,0.5964069417301673,-0.0027176127625650136,0.7386451057327922,0.85,0.005447675951146591,1.0,1.0,True,False
TL,2024-11-28,False,114.43,0.005447675951146591,0.5277209678927682,0.5575528967366322,-0.015333672518206887,0.11392124902406169,0.5666666666666667,0.0009612863759502766,1.0,1.0,False,False
TL,2024-11-29,False,114.54,0.0009612863759502766,0.48147036781625824,0.5092286478460355,-0.015961940770329308,-0.821002084492632,0.18333333333333332,0.00785751702462023,1.0,1.0,False,False
TL,2024-12-02,False,115.44,0.00785751702462023,0.49249336378673375,0.5437474461218186,-0.0099803569127147,-0.595592696406273,0.25,-0.0042446292446292055,1.0,1.0,False,False
TL,2024-12-03,False,114.95,-0.0042446292446292055,0.48212551975243917,0.5205543856683892,-0.018807222665477047,-0.8051509997673505,0.21666666666666667,0.007307525010874283,1.0,1.0,False,False
TL,2024-12-04,False,115.79,0.007307525010874283,0.40895043617400656,0.48062554961728676,-0.02368859115013424,-2.212841922549768,0.03333333333333333,-0.0006909059504276449,1.0,1.0,False,False
TL,2024-12-05,False,115.71,-0.0006909059504276449,0.4817795564050711,0.51211079076223,-0.00829245504351015,-0.7635674136998145,0.21666666666666667,-0.0028519574799066305,1.0,1.0,False,False
TL,2024-12-06,False,115.38,-0.0028519574799066305,0.5297678938073154,0.6641808322436858,0.007420309669379515,0.21179216615077265,0.6166666666666667,0.00043335066736016614,1.0,1.0,False,True
TL,2024-12-09,False,115.43,0.00043335066736016614,0.5868966572098517,0.648025420709149,0.033035973254813396,1.3281586306372606,0.95,0.01316815385948189,0.0,1.0,True,True
TL,2024-12-10,False,116.95,0.01316815385948189,0.3606584885717886,0.45787683213980934,0.0008533205600344762,-2.893087099876135,0.016666666666666666,0.0005130397605814796,1.0,0.0,False,True
TL,2024-12-11,False,117.01,0.0005130397605814796,0.39323564107895037,0.4401997948973262,-0.03461972358877682,-2.156399356268975,0.05,0.0006837022476711141,1.0,1.0,False,False
TL,2024-12-12,False,117.09,0.0006837022476711141,0.4895953489180048,0.5272617647548985,-0.027400610590952244,-0.4338286784940232,0.3,0.005636689725851962,1.0,1.0,False,False
TL,2024-12-13,False,117.75,0.005636689725851962,0.4507901155899331,0.5073228677034091,-0.014327622289362107,-1.0857410280602073,0.11666666666666667,0.004755838641189003,1.0,1.0,False,False
TL,2024-12-16,False,118.31,0.004755838641189003,0.46402604024694877,0.49937850744174056,0.026428957786130303,-0.8333135404471487,0.15,-0.0008452370890035255,1.0,1.0,False,True
TL,2024-12-17,False,118.21,-0.0008452370890035255,0.5615350022428051,0.5985954198760931,0.031102941365665333,0.848489318312711,0.8666666666666667,-0.005583283986126397,0.0,1.0,True,True
TL,2024-12-18,False,117.55,-0.005583283986126397,0.5004240057633712,0.6097599171791189,0.013240220034360473,-0.29381085880529095,0.35,-0.0034878774989366423,1.0,0.0,False,True
TL,2024-12-19,False,117.14,-0.0034878774989366423,0.4212416019256462,0.48717504839141507,-0.0022699061812151366,-1.715160458074458,0.06666666666666667,0.010756359911217483,1.0,1.0,False,False
TL,2024-12-20,False,118.4,0.010756359911217483,0.4296661298278797,0.47434827381031386,-0.020901322115529697,-1.5005941500283846,0.08333333333333333,-0.0026182432432432234,1.0,1.0,False,False
TL,2024-12-23,False,118.09,-0.0026182432432432234,0.47364652410868907,0.49241908713799454,-0.024653483220372346,-0.7046139792281867,0.2,-0.005419595223981721,1.0,1.0,False,False
TL,2024-12-24,False,117.45,-0.005419595223981721,0.4789322870427402,0.5761271806721388,0.0009421484741780894,-0.5975196231414557,0.23333333333333334,-0.0011068539804173216,1.0,1.0,False,True
TL,2024-12-25,False,117.32,-0.0011068539804173216,0.5475469347356917,0.6087383928227251,0.030187682283495155,0.772539897446852,0.7833333333333333,-0.0012785543811796307,1.0,1.0,False,True
TL,2024-12-26,False,117.17,-0.0012785543811796307,0.4706786269074215,0.5114991267469795,0.015592540478608623,-0.748884087820543,0.15,0.011607066655287213,1.0,1.0,False,True
TL,2024-12-27,False,118.53,0.011607066655287213,0.4496943475530592,0.5013278751862611,-0.005615801324657843,-1.128725688584436,0.11666666666666667,-0.004387075002109109,1.0,1.0,False,False
TL,2024-12-30,False,118.01,-0.004387075002109109,0.48264859694035916,0.5545555795207922,-0.00904199673873946,-0.4713326232345963,0.36666666666666664,0.006948563681044018,1.0,1.0,False,False
TL,2024-12-31,False,118.83,0.006948563681044018,0.4240367770376725,0.5341275465733183,-0.023505034536310077,-1.5796419205322443,0.08333333333333333,0.009677690818816753,1.0,1.0,False,False
TL,2025-01-02,False,119.98,0.009677690818816753,0.43932331449158785,0.4627535904824582,-0.008836819534705404,-1.2843899515927026,0.11666666666666667,0.0015002500416736453,1.0,1.0,False,False
TL,2025-01-03,False,120.16,0.0015002500416736453,0.44587159098994433,0.520202784657662,-0.005097079557500106,-1.1251055799680327,0.13333333333333333,0.004327563249001409,1.0,1.0,False,False
TL,2025-01-06,False,120.68,0.004327563249001409,0.45714389955882057,0.5497122424496269,-0.002917458081080537,-0.9004179371805071,0.18333333333333332,-0.0033145508783560818,1.0,1.0,False,False
TL,2025-01-07,False,120.28,-0.0033145508783560818,0.4401374564026393,0.5063800896823745,0.005002194379716629,-1.1922367929603637,0.13333333333333333,8.31393415363646e-05,1.0,1.0,False,True
TL,2025-01-08,False,120.29,8.31393415363646e-05,0.45736937233618286,0.49997691697964364,0.003035798110188498,-0.8399011547536042,0.21666666666666667,-0.005569872807382192,1.0,1.0,False,True
TL,2025-01-09,False,119.62,-0.005569872807382192,0.5274759751907405,0.5596298700292263,0.016343424117895466,0.47870711069288796,0.6166666666666667,0.0011703728473499986,1.0,1.0,False,True
TL,2025-01-10,False,119.76,0.0011703728473499986,0.39028890905037594,0.48098743790655507,-0.004637146222878802,-1.9964080559554809,0.03333333333333333,0.001586506346025418,1.0,1.0,False,False
TL,2025-01-13,False,119.95,0.001586506346025418,0.46582545188247815,0.5787800037457521,-0.0015704472326129205,-0.5961746481361404,0.26666666666666666,0.0,1.0,1.0,False,False
TL,2025-01-14,False,119.95,0.0,0.48353789644352724,0.5260434170142311,-0.0009313475093573609,-0.2544182731399029,0.48333333333333334,0.00541892455189652,1.0,1.0,False,False
TL,2025-01-15,False,120.6,0.00541892455189652,0.4277521224715735,0.480728417820602,-0.010619871804518271,-1.2411450893712395,0.11666666666666667,-0.00033167495854058426,1.0,1.0,False,False
TL,2025-01-16,False,120.56,-0.00033167495854058426,0.4446600686055585,0.5056694016555656,0.007066898969946051,-0.9154159721310566,0.18333333333333332,-0.00497677504976779,1.0,1.0,False,True
TL,2025-01-17,False,119.96,-0.00497677504976779,0.4727331171098644,0.506207744772125,-0.002506249738319627,-0.37506063241065857,0.35,-0.0013337779259753324,1.0,1.0,False,False
TL,2025-01-20,False,119.8,-0.0013337779259753324,0.5541390535556102,0.5782773723670966,0.018618330886245683,1.161643171758675,0.85,0.005425709515859856,0.0,1.0,True,True
TL,2025-01-21,False,120.45,0.005425709515859856,0.5361586453476676,0.5832038114927539,0.032629203070223975,0.8336103156042663,0.7833333333333333,-0.0006641760066417035,1.0,0.0,False,True
TL,2025-01-22,False,120.37,-0.0006641760066417035,0.5175933446808357,0.579814285798623,0.020929208038835762,0.4772112629949457,0.6333333333333333,-0.0011630805017861512,1.0,1.0,False,True
TL,2025-01-23,False,120.23,-0.0011630805017861512,0.5658800397262302,0.6391537166879163,0.014974813635795725,1.3781131625649399,0.9166666666666666,0.0024952174997920906,0.0,1.0,True,True
TL,2025-01-24,False,120.53,0.0024952174997920906,0.5881460209270445,0.6595956023291889,0.009773532912143123,1.7402066413669866,0.9833333333333333,0.005890649630797329,0.0,0.0,True,True
TL,2025-01-27,False,121.24,0.005890649630797329,0.5132935188910865,0.5612966201689862,0.0024822423333046737,0.3703311710675238,0.6333333333333333,0.0037116463213460182,1.0,0.0,False,True
TL,2025-02-05,False,121.69,0.0037116463213460182,0.4673309896312005,0.5053200246741034,-0.015311123093441414,-0.47802605207118115,0.31666666666666665,0.003369216862519453,1.0,1.0,False,False
TL,2025-02-06,False,122.1,0.003369216862519453,0.4901529307875442,0.5614598756096887,-0.02722692491732161,-0.045382878491961647,0.5666666666666667,-0.0023751023751023004,1.0,1.0,False,False
TL,2025-02-07,False,121.81,-0.0023751023751023004,0.552395488951104,0.610403704446023,-0.00946416520554233,1.0765719019399043,0.8166666666666667,-0.003940563172153411,1.0,1.0,True,False
TL,2025-02-10,False,121.33,-0.003940563172153411,0.5610049502774364,0.6122322173308946,0.018048736209260313,1.231464526109544,0.8666666666666667,0.003956152641556132,0.0,1.0,True,True
TL,2025-02-11,False,121.81,0.003956152641556132,0.49668840463765357,0.5297506457741604,0.012956684950279828,0.06169338631039274,0.5833333333333334,-0.001477711189557529,1.0,0.0,False,True
TL,2025-02-12,False,121.63,-0.001477711189557529,0.4626213926497601,0.5452558562921935,-0.011077016058901861,-0.5429707319753401,0.2833333333333333,0.0021376305187865707,1.0,1.0,False,False
TL,2025-02-13,False,121.89,0.0021376305187865707,0.5377438907928028,0.5737526483490201,-0.012768675394427864,0.8218071157423716,0.7833333333333333,-0.005168594634506474,1.0,1.0,False,False
TL,2025-02-14,False,121.26,-0.005168594634506474,0.4984148764455173,0.579713986421895,-0.008412466150868885,0.12263460247462327,0.6,-0.007504535708395266,1.0,1.0,False,False
TL,2025-02-17,False,120.35,-0.007504535708395266,0.5626973491776153,0.5998022842554693,0.01678113728756806,1.3018542811523186,0.9,-0.0014125467386787438,0.0,1.0,True,True
TL,2025-02-18,False,120.18,-0.0014125467386787438,0.5349800341754609,0.6033952828301836,0.01696707414362141,0.7680191031383495,0.75,,1.0,0.0,False,True
TL,2025-02-19,True,119.89,,0.5438569377884278,0.5577092775830323,0.0048791251721193585,0.95422625440187,0.8,-0.0066727833847693985,0.0,1.0,True,True
TL,2025-02-20,False,119.09,-0.0066727833847693985,0.5366727586770744,0.592349921121752,0.00576753530739268,0.7969281938515952,0.7666666666666667,-0.009068771517339758,1.0,0.0,False,True
TL,2025-02-21,False,118.01,-0.009068771517339758,0.6799531926209619,0.728621296597403,0.02362044113883067,3.114085478716326,1.0,-0.009321243962376102,0.0,1.0,True,True
TL,2025-02-24,False,116.91,-0.009321243962376102,0.5349862185922126,0.6268576862441783,0.013610862366603749,0.6474668689198567,0.7166666666666667,0.006415191172696844,1.0,0.0,False,True
TL,2025-02-25,False,117.66,0.006415191172696844,0.5568866479155088,0.5964024322701278,0.002437288016930017,1.04697190802781,0.85,0.000594934557198723,0.0,1.0,True,True
TL,2025-02-26,False,117.73,0.000594934557198723,0.5032062588082342,0.5577904296894975,-0.01899995444431335,0.14395488675050128,0.6,-0.002972904102607754,1.0,0.0,False,False
TL,2025-02-27,False,117.38,-0.002972904102607754,0.47540097737225273,0.5267347161452403,-0.04408843902813967,-0.33415504624178477,0.4,0.005367183506560069,1.0,1.0,False,False
TL,2025-02-28,False,118.01,0.005367183506560069,0.5698162109095675,0.6212250477970571,-0.001182568590854638,1.3085112099159357,0.95,0.005677484958901857,1.0,1.0,True,False
TL,2025-03-03,False,118.68,0.005677484958901857,0.5555579658237314,0.6021987727309568,0.006395258791777847,1.0451047613597781,0.85,-0.0005055611729019027,0.0,1.0,True,True
TL,2025-03-04,False,118.62,-0.0005055611729019027,0.567963484112717,0.6166135187879355,0.020967143906044428,1.219479139497691,0.9333333333333333,0.0021075703928510325,0.0,0.0,True,True
TL,2025-03-05,False,118.87,0.0021075703928510325,0.5140161406644037,0.6088131326244977,0.007537759978745151,0.29127461069969934,0.6166666666666667,-0.006141162614621054,1.0,0.0,False,True
TL,2025-03-06,False,118.14,-0.006141162614621054,0.5202647981885747,0.5531548086780628,-0.014064465060131315,0.3868401594345912,0.6333333333333333,-0.013373963094633456,1.0,1.0,False,False
TL,2025-03-07,False,116.56,-0.013373963094633456,0.5264567651347082,0.5680141261544809,-0.010590108730218872,0.46752745399112366,0.6333333333333333,0.00042896362388455955,1.0,1.0,False,False
TL,2025-03-10,False,116.61,0.00042896362388455955,0.5045391706052652,0.5323544515307935,-0.011440800254459916,0.08011357037293973,0.55,-0.010547980447646044,1.0,1.0,False,False
TL,2025-03-11,False,115.38,-0.010547980447646044,0.5607116671936103,0.6039804918664545,0.007766542547510369,1.040647886542335,0.85,0.006933610677760438,0.0,1.0,True,True
TL,2025-03-12,False,116.18,0.006933610677760438,0.5481959666777322,0.6259826739295793,0.009011723903721703,0.8469037399569079,0.7833333333333333,-0.0024100533654674017,1.0,0.0,False,True
TL,2025-03-13,False,115.9,-0.0024100533654674017,0.525702627563234,0.613855259163196,0.004214852092951871,0.4268820230536241,0.6166666666666667,-0.00474547023295957,1.0,1.0,False,True
TL,2025-03-14,False,115.35,-0.00474547023295957,0.4778475583354708,0.5130582079567366,-0.008839226416996504,-0.4983584541103693,0.36666666666666664,-0.014997832683138146,1.0,1.0,False,False
TL,2025-03-17,False,113.62,-0.014997832683138146,0.47758494070987745,0.5103816422814931,-0.02366018613097271,-0.498800990202,0.36666666666666664,0.0007041013906001758,1.0,1.0,False,False
TL,2025-03-18,False,113.7,0.0007041013906001758,0.5219194231032234,0.5490606182185115,-0.010067077400237424,0.3259096585738846,0.6,0.0033421284080914493,1.0,1.0,False,False
TL,2025-03-19,False,114.08,0.0033421284080914493,0.4586620029611708,0.4970457510220921,-0.00900093844363739,-0.8859554160323397,0.21666666666666667,0.010869565217391353,1.0,1.0,False,False
TL,2025-03-20,False,115.32,0.010869565217391353,0.45054402177876207,0.49611269958531673,-0.007353001086212413,-1.0076290290606176,0.18333333333333332,-0.001994450225459521,1.0,1.0,False,False
TL,2025-03-21,False,115.09,-0.001994450225459521,0.500758341832912,0.5832052429281824,-0.0025028599078392166,-0.04335782555056692,0.5,0.004344426101311916,1.0,1.0,False,False
TL,2025-03-24,False,115.59,0.004344426101311916,0.5389806891576644,0.5954958266043585,0.007621887098062325,0.6648216757453372,0.75,0.0025953802232026035,1.0,1.0,False,True
TL,2025-03-25,False,115.89,0.0025953802232026035,0.46803956715199024,0.5175928278714639,0.010719179576054116,-0.7452703459436241,0.26666666666666666,0.007593407541634178,1.0,1.0,False,True
TL,2025-03-26,False,116.77,0.007593407541634178,0.4547821288118096,0.5757303279045516,-0.002424256061482666,-0.9968057185074103,0.16666666666666666,-0.0038537295538237926,1.0,1.0,False,False
TL,2025-03-27,False,116.32,-0.0038537295538237926,0.5815672664109776,0.6315211498205171,0.007741928881027632,1.4475409540941855,0.9666666666666667,-0.0027510316368637433,0.0,1.0,True,True
TL,2025-03-28,False,116.0,-0.0027510316368637433,0.5473183525428282,0.602265346364535,0.013020302602931499,0.7826775831567161,0.7666666666666667,0.0012068965517242347,1.0,0.0,False,True
TL,2025-03-31,False,116.14,0.0012068965517242347,0.6007492223455255,0.6384784615664895,0.035795553411808914,1.7386029016021967,0.9833333333333333,0.0006027208541414808,0.0,1.0,True,True
TL,2025-04-01,False,116.21,0.0006027208541414808,0.46843042791028544,0.4941763851597372,0.00464785541314996,-0.7841022930821637,0.2833333333333333,0.008346958093107482,1.0,0.0,False,True
TL,2025-04-02,False,117.18,0.008346958093107482,0.4975421730621642,0.5575265535292554,-0.02469381113301695,-0.2333278448844331,0.4166666666666667,0.013398190817545563,1.0,1.0,False,False
TL,2025-04-03,False,118.75,0.013398190817545563,0.4422103669118214,0.5934948043092381,-0.031342302054537495,-1.3090521743208368,0.08333333333333333,0.01726315789473687,1.0,1.0,False,False
TL,2025-04-07,False,120.8,0.01726315789473687,0.2844185168824135,0.32602741463975754,-0.0658881471924688,-3.793864965207147,0.016666666666666666,-0.006456953642384078,1.0,1.0,False,False
TL,2025-04-08,False,120.02,-0.006456953642384078,0.3316466527822674,0.4404177393065907,-0.04866912064357868,-2.780436637678492,0.03333333333333333,0.002582902849525004,1.0,1.0,False,False
TL,2025-04-09,False,120.33,0.002582902849525004,0.5166171096956191,0.5853398436761031,-0.007241384086264413,0.1617986088758322,0.5166666666666667,-0.00382282057674721,1.0,1.0,False,False
TL,2025-04-10,False,119.87,-0.00382282057674721,0.48970593632610265,0.5834439974935277,0.03271897316417681,-0.28649277921124805,0.35,-0.0028364061066155077,1.0,1.0,False,True
TL,2025-04-11,False,119.53,-0.0028364061066155077,0.4440944369625155,0.48359202023978165,0.047741112370403925,-1.019136211737868,0.1,0.0036810842466326044,1.0,1.0,False,True
TL,2025-04-14,False,119.97,0.0036810842466326044,0.471453169035181,0.5219239269482754,0.02070903597727235,-0.5608703562077118,0.26666666666666666,-0.0015837292656497581,1.0,1.0,False,True
TL,2025-04-15,False,119.78,-0.0015837292656497581,0.462190876546799,0.5021127629763082,-0.012710523358856191,-0.7490288412171754,0.16666666666666666,0.002170646184671998,1.0,1.0,False,False
TL,2025-04-16,False,120.04,0.002170646184671998,0.5375740509784661,0.5873402144123165,0.011383266888901044,0.48067447400810975,0.6833333333333333,-0.004998333888703854,1.0,1.0,False,True
TL,2025-04-17,False,119.44,-0.004998333888703854,0.49192481198257487,0.5532511287100292,0.016178163198340388,-0.27951432571002693,0.36666666666666664,0.002176825184192932,1.0,1.0,False,True
TL,2025-04-18,False,119.7,0.002176825184192932,0.5254339646090269,0.5592122806132314,0.013769552658346774,0.2539042488964185,0.5666666666666667,-0.003091060985797811,1.0,1.0,False,True
TL,2025-04-21,False,119.33,-0.003091060985797811,0.5109913065968261,0.5504434553630261,0.008546077373061501,-0.008430495432871216,0.45,0.004944272186373944,1.0,1.0,False,True
TL,2025-04-22,False,119.92,0.004944272186373944,0.5008079502877937,0.533731668803502,-0.005446570676709362,-0.19067335601887195,0.4,-0.00433622414943291,1.0,1.0,False,False
TL,2025-04-23,False,119.4,-0.00433622414943291,0.5281426780498971,0.6098419883711614,0.004780971781341126,0.2854442854173781,0.6166666666666667,-0.0011725293132328618,1.0,1.0,False,True
TL,2025-04-24,False,119.26,-0.0011725293132328618,0.41065106005141094,0.4355783354513135,-0.021241443766216096,-1.6581335692566836,0.05,0.0035217172564145915,1.0,1.0,False,False
TL,2025-04-25,False,119.68,0.0035217172564145915,0.5182895073779819,0.619598347360801,-0.007556048867407128,0.14854381828111654,0.5333333333333333,0.004177807486630991,1.0,1.0,False,False
TL,2025-04-28,False,120.18,0.004177807486630991,0.5485931806794627,0.6232915530010905,0.008571729011142282,0.6646953636956023,0.8,0.006656681644200413,0.0,1.0,True,True
TL,2025-04-29,False,120.98,0.006656681644200413,0.4580491894554783,0.4875524925441519,-0.00022448565607858796,-0.8325648545144659,0.13333333333333333,-0.0018184823937841266,1.0,0.0,False,False
TL,2025-04-30,False,120.76,-0.0018184823937841266,0.5612402514386665,0.5862575666503882,0.024093806485200757,0.9031840926652915,0.9,0.0017389864193440019,0.0,1.0,True,True
TL,2025-05-06,False,120.97,0.0017389864193440019,0.54497650381162,0.5691399908945007,0.006602106362648008,0.6070559701517937,0.75,-0.00686120525750189,1.0,0.0,False,True
TL,2025-05-07,False,120.14,-0.00686120525750189,0.5747445947719811,0.6097001770346486,0.013923014254117854,1.0766321439221358,0.95,0.002413850507741122,0.0,1.0,True,True
TL,2025-05-08,False,120.43,0.002413850507741122,0.45126680414623055,0.507361749210129,-6.042728518085294e-06,-0.9603850516984832,0.11666666666666667,-0.000498214730548896,1.0,0.0,False,False
TL,2025-05-09,False,120.37,-0.000498214730548896,0.5093361744739037,0.5476082183922978,-0.019751785359491514,0.02345395413206134,0.4666666666666667,-0.013541580127938935,1.0,1.0,False,False
TL,2025-05-12,False,118.74,-0.013541580127938935,0.376272424377255,0.5134171718082319,-0.040281657916680744,-2.0952301032313674,0.05,0.00471618662624218,1.0,1.0,False,False
TL,2025-05-13,False,119.3,0.00471618662624218,0.4659161213050637,0.49058430710623474,-0.02926513267028104,-0.6479322352071113,0.21666666666666667,-0.0031014249790443094,1.0,1.0,False,False
TL,2025-05-14,False,118.93,-0.0031014249790443094,0.48108791581447297,0.5975525163964779,0.0016222170167644878,-0.38772932398411203,0.3333333333333333,0.001513495333389292,1.0,1.0,False,True
TL,2025-05-15,False,119.11,0.001513495333389292,0.5626077853902726,0.6295003857713476,0.021135871326995577,0.9079235986195109,0.8833333333333333,-0.0016791201410460976,0.0,1.0,True,True
TL,2025-05-16,False,118.91,-0.0016791201410460976,0.5368620261413029,0.5743231500422271,0.04178708676133046,0.5035842400796467,0.7,0.0034479858716676137,1.0,0.0,False,True
TL,2025-05-19,False,119.32,0.0034479858716676137,0.4012144849259116,0.43130573787893683,-0.0073629162431474325,-1.6168161875779927,0.06666666666666667,-0.0005028494803888117,1.0,1.0,False,False
TL,2025-05-20,False,119.26,-0.0005028494803888117,0.4923790566278671,0.5244725490321542,-0.013881101883757274,-0.1621046104538783,0.4,,1.0,1.0,False,False
TL,2025-05-21,True,119.62,,0.6549180570529555,0.6610509791519377,0.014013757381193004,2.2817328254296947,0.9833333333333333,-0.0008359806052500307,0.0,1.0,True,True
TL,2025-05-22,False,119.52,-0.0008359806052500307,0.5614715340041028,0.6536243529944048,0.03029225878526437,0.9462900453302061,0.8833333333333333,0.0006693440428380271,0.0,0.0,True,True
TL,2025-05-23,False,119.6,0.0006693440428380271,0.5728902275803024,0.6828511346214635,0.04124439626850172,1.1102915571081817,0.9333333333333333,0.0013377926421405117,0.0,0.0,True,True
TL,2025-05-26,False,119.76,0.0013377926421405117,0.5680616756902173,0.6761602841031772,0.00693374086520473,1.027449516893727,0.9,-0.0025050100200402214,0.0,0.0,True,True
TL,2025-05-27,False,119.46,-0.0025050100200402214,0.4296821810635064,0.5057518778430604,-0.04438816102927836,-1.139252383730113,0.1,-0.000502260170768376,1.0,0.0,False,False
TL,2025-05-28,False,119.4,-0.000502260170768376,0.550567540023076,0.5768414864655474,-0.016501603447884962,0.738212527066132,0.7833333333333333,-0.005946398659966601,1.0,1.0,False,False
TL,2025-05-29,False,118.69,-0.005946398659966601,0.49639403268269255,0.5262579843708273,-0.0170486525462361,-0.09200871281847306,0.4166666666666667,0.006066222933692744,1.0,1.0,False,False
TL,2025-05-30,False,119.41,0.006066222933692744,0.37847979249105584,0.4816395773305712,-0.03124519147791367,-1.8630379353995306,0.06666666666666667,0.00033498031990619737,1.0,1.0,False,False
TL,2025-06-03,False,119.45,0.00033498031990619737,0.41034001224693833,0.5027502634084788,-0.02107720851651563,-1.3236999627085742,0.1,0.0010046044370028984,1.0,1.0,False,False
TL,2025-06-04,False,119.57,0.0010046044370028984,0.4860678600515157,0.5374644500504271,-0.021505338037887473,-0.15501363829746403,0.4,-0.0021744584762063424,1.0,1.0,False,False
TL,2025-06-05,False,119.31,-0.0021744584762063424,0.5369038480631625,0.5683194074369655,0.018860769832139974,0.6195039486252945,0.7166666666666667,0.003939317743692827,1.0,1.0,False,True
TL,2025-06-06,False,119.78,0.003939317743692827,0.44252197350835687,0.5115527609509248,0.02546481978508262,-0.8013064939681392,0.16666666666666666,0.003005510101853348,1.0,1.0,False,True
TL,2025-06-09,False,120.14,0.003005510101853348,0.5505454445230121,0.6056750957837965,0.023686497800898876,0.8301194722329372,0.8166666666666667,0.00016647244880974021,0.0,1.0,True,True
TL,2025-06-10,False,120.16,0.00016647244880974021,0.5106669494483669,0.5575954750955303,0.0062839775253552,0.23981314121363267,0.5666666666666667,0.0023302263648468102,1.0,0.0,False,True
TL,2025-06-11,False,120.44,0.0023302263648468102,0.42087214544824747,0.5102619057024029,-0.016391842928982003,-1.0953541775733333,0.13333333333333333,0.00041514447027557466,1.0,1.0,False,False
TL,2025-06-12,False,120.49,0.00041514447027557466,0.46627121645962044,0.5533353501443046,-0.008217481317223751,-0.38981351944063136,0.3333333333333333,8.299443937254125e-05,1.0,1.0,False,False
TL,2025-06-13,False,120.5,8.299443937254125e-05,0.5247692529890589,0.5495007626615954,-0.009594811605665299,0.48832968397804966,0.6666666666666666,0.00016597510373439484,1.0,1.0,False,False
TL,2025-06-16,False,120.52,0.00016597510373439484,0.4640102389550632,0.5123253521982487,0.0010583686554204053,-0.43149096954657623,0.31666666666666665,0.002489213408562785,1.0,1.0,False,True
TL,2025-06-17,False,120.82,0.002489213408562785,0.5617255758739181,0.6007874837981634,0.02794458833467841,1.034481647590639,0.8833333333333333,0.0006621420294654623,0.0,1.0,True,True
TL,2025-06-18,False,120.9,0.0006621420294654623,0.5004422580381644,0.5762535774374548,0.01052984060419473,0.10058146387294689,0.5166666666666667,0.001323407775020602,1.0,0.0,False,True
TL,2025-06-19,False,121.06,0.001323407775020602,0.44320541956742204,0.48751004392428365,-0.01266956477601724,-0.7611364089129813,0.2,0.0021476953576737845,1.0,1.0,False,False
TL,2025-06-20,False,121.32,0.0021476953576737845,0.44372077979595337,0.5105334418081149,-0.01590990746247158,-0.7356395925994047,0.21666666666666667,-0.0002472799208703691,1.0,1.0,False,False
TL,2025-06-23,False,121.29,-0.0002472799208703691,0.42962424932885085,0.4945313504915777,-0.03209241313323456,-0.9170779868108484,0.15,-0.0029680930002473627,1.0,1.0,False,False
TL,2025-06-24,False,120.93,-0.0029680930002473627,0.5486819102002414,0.5943789436854979,0.008289813408558267,0.8407023067549472,0.8,-0.0021500041346234067,0.0,1.0,True,True
TL,2025-06-25,False,120.67,-0.0021500041346234067,0.5681043640260742,0.6179438999880617,0.035475901932159236,1.0933551949956293,0.9166666666666666,0.0004143531946632084,0.0,0.0,True,True
TL,2025-06-26,False,120.72,0.0004143531946632084,0.5166906212778234,0.581826321416565,0.028441979766096342,0.35428295895245476,0.6166666666666667,0.0014082173624916372,1.0,0.0,False,True
TL,2025-06-27,False,120.89,0.0014082173624916372,0.4835691161382851,0.5267099601924548,0.007589844469645057,-0.12665208389175808,0.4166666666666667,-0.0038878319133096584,1.0,1.0,False,True
TL,2025-06-30,False,120.42,-0.0038878319133096584,0.6111218393794048,0.6441533460081393,0.004034461047053772,1.7840509254566879,0.9833333333333333,0.002657365886065355,0.0,1.0,True,True
TL,2025-07-01,False,120.74,0.002657365886065355,0.4711422130768993,0.5108904834884762,-0.009949308379676846,-0.3157721579827212,0.36666666666666664,0.0036441941361604613,1.0,0.0,False,False
TL,2025-07-02,False,121.18,0.0036441941361604613,0.4530676270178855,0.5062228335868002,-0.013967289158126162,-0.5741492295429232,0.2833333333333333,-0.00041260934147557826,1.0,1.0,False,False
TL,2025-07-03,False,121.13,-0.00041260934147557826,0.4753329270910164,0.5599916526399266,-0.017452659045605678,-0.25041879676402173,0.4,0.00057789152150578,1.0,1.0,False,False
TL,2025-07-04,False,121.2,0.00057789152150578,0.5143037225972272,0.5604625140951969,-0.018944551955023804,0.3037491592324866,0.6,-0.0004125412541253759,1.0,1.0,False,False
TL,2025-07-07,False,121.15,-0.0004125412541253759,0.5112627962458013,0.5656333884213766,0.01414772619171457,0.21860791340592162,0.5833333333333334,-0.00189847296739587,1.0,1.0,False,True
TL,2025-07-08,False,120.92,-0.00189847296739587,0.4472399505853743,0.49109127411390446,0.0024274516289762515,-0.8816459049447635,0.21666666666666667,0.0014058881905392173,1.0,1.0,False,True
TL,2025-07-09,False,121.09,0.0014058881905392173,0.48964724033911106,0.5249893768379922,-0.003843514551566357,-0.14030838727520872,0.45,-0.00462465934428935,1.0,1.0,False,False
TL,2025-07-10,False,120.53,-0.00462465934428935,0.5342085681261557,0.589982288001834,0.0018194135151166691,0.615077692266393,0.7,0.0006637351696672233,1.0,1.0,False,True
TL,2025-07-11,False,120.61,0.0006637351696672233,0.5593009491283805,0.621772965820846,0.018304492330593974,1.0226850645763925,0.8333333333333334,-0.0026531796700107746,0.0,1.0,True,True
TL,2025-07-14,False,120.29,-0.0026531796700107746,0.49346786172414625,0.6007346766095356,0.01621095310668133,-0.13462019509655374,0.45,0.003907224208163695,1.0,0.0,False,True
TL,2025-07-15,False,120.76,0.003907224208163695,0.41460756983856467,0.43786803990406015,-0.019082004740310222,-1.4565423635053847,0.1,-0.0004140443855582543,1.0,1.0,False,False
TL,2025-07-16,False,120.71,-0.0004140443855582543,0.47397316010667584,0.5359112757198844,-0.02651641953287755,-0.42751858844462093,0.35,0.00016568635572866697,1.0,1.0,False,False
TL,2025-07-17,False,120.73,0.00016568635572866697,0.49885665356347253,0.5287519904671013,-0.014038329274728627,0.008402614257396478,0.5,-0.002236395262155355,1.0,1.0,False,False
TL,2025-07-18,False,120.46,-0.002236395262155355,0.49974541411602214,0.5485822986848553,0.009680418850865962,0.02696992391871236,0.5166666666666667,-0.0040677403287397995,1.0,1.0,False,True
TL,2025-07-21,False,119.97,-0.0040677403287397995,0.5874606069398058,0.6246848688666518,0.03714783282118286,1.4860255075457325,0.9666666666666667,-0.004334416937567642,0.0,1.0,True,True
TL,2025-07-22,False,119.45,-0.004334416937567642,0.47781870417228495,0.5637280269807013,0.009629504150755152,-0.35508542054531717,0.38333333333333336,-0.0015069066555044586,1.0,0.0,False,True
TL,2025-07-23,False,119.27,-0.0015069066555044586,0.49547374728950966,0.598091698976291,-0.002869252249166293,-0.08163122304960528,0.48333333333333334,-0.008552024817640613,1.0,1.0,False,False
TL,2025-07-24,False,118.25,-0.008552024817640613,0.42379427513786017,0.4688773685044787,-0.02438891376066201,-1.2750264321990015,0.11666666666666667,-0.0025369978858350573,1.0,1.0,False,False
TL,2025-07-25,False,117.95,-0.0025369978858350573,0.5238347070413565,0.5576059956737374,-0.018127622883132348,0.4385713499186739,0.6666666666666666,0.007036880033912674,1.0,1.0,False,False
TL,2025-07-28,False,118.78,0.007036880033912674,0.48190794926634073,0.5574984648147403,0.003653944993995839,-0.2868863814037249,0.4,-0.007661222428018144,1.0,1.0,False,True
TL,2025-07-29,False,117.87,-0.007661222428018144,0.43849509695875644,0.5583323459211538,-0.005584362653302588,-0.9987852103633632,0.16666666666666666,0.00415712225332987,1.0,1.0,False,False
TL,2025-07-30,False,118.36,0.00415712225332987,0.5768895130453907,0.6146108115706235,0.022085086573246104,1.35852848769269,0.95,0.006421088205474934,0.0,1.0,True,True
TL,2025-07-31,False,119.12,0.006421088205474934,0.4730119016348506,0.548730116039928,-0.000666404703396184,-0.38658204808183,0.35,-0.000671591672263272,1.0,0.0,False,False
TL,2025-08-01,False,119.04,-0.000671591672263272,0.4504932902696618,0.5394376003830126,-0.0028312513317263754,-0.7750295834001759,0.25,0.0012600806451612545,1.0,1.0,False,False
TL,2025-08-04,False,119.19,0.0012600806451612545,0.4215431656620648,0.5361155830207343,-0.016030008536911222,-1.2336529118096358,0.11666666666666667,0.0010906955281482222,1.0,1.0,False,False
TL,2025-08-05,False,119.32,0.0010906955281482222,0.4152914705938529,0.5111719194871636,-0.03746648208758614,-1.3775982346005744,0.08333333333333333,8.380824673159815e-05,1.0,1.0,False,False
TL,2025-08-06,False,119.33,8.380824673159815e-05,0.44914869557318987,0.5028872248356279,-0.008292823179913028,-0.7819883746080128,0.26666666666666666,0.0004190061174893511,1.0,1.0,False,False
TL,2025-08-07,False,119.38,0.0004190061174893511,0.512650159958953,0.5552620599938525,0.015191926928970756,0.3086707831681839,0.65,-0.0005025967498744066,1.0,1.0,False,True
TL,2025-08-08,False,119.32,-0.0005025967498744066,0.47602555407310826,0.5581728066077705,0.020632346618718704,-0.30385976683035143,0.4166666666666667,-0.006034193764666407,1.0,1.0,False,True
TL,2025-08-11,False,118.6,-0.006034193764666407,0.530499797866315,0.5721756414300079,0.025729351304484248,0.6526866076972778,0.75,-0.0038785834738617186,1.0,1.0,False,True
TL,2025-08-12,False,118.14,-0.0038785834738617186,0.5322224543777917,0.5761747814273575,0.018399715551656558,0.6571272982905364,0.75,0.0011003893685457289,1.0,1.0,False,True
TL,2025-08-13,False,118.27,0.0011003893685457289,0.4414849429748573,0.5119664810375562,-0.008613353366350801,-0.9422378675857938,0.18333333333333332,-0.0032975395281982234,1.0,1.0,False,False
TL,2025-08-14,False,117.88,-0.0032975395281982234,0.5636156832878618,0.6217869387155127,0.008616540353804946,1.3277714613172598,0.9,-0.0033932813030199682,0.0,1.0,True,True
TL,2025-08-15,False,117.48,-0.0033932813030199682,0.4988289467489369,0.6157341568620365,-0.0031948473324685976,0.1295988793718166,0.5666666666666667,-0.011831801157643818,1.0,0.0,False,False
TL,2025-08-18,False,116.09,-0.011831801157643818,0.42731567529743025,0.47428936307634734,-0.015246955438664328,-1.199882414183481,0.13333333333333333,0.0038763028684640766,1.0,1.0,False,False
TL,2025-08-19,False,116.54,0.0038763028684640766,0.5070334891101083,0.5359136505012253,-0.0005202915719929646,0.3618144402559719,0.65,-0.0042045649562383325,1.0,1.0,False,False
TL,2025-08-20,False,116.05,-0.0042045649562383325,0.4442424217357349,0.49647306336509145,-0.023054198074308245,-0.8797301575527355,0.25,,1.0,1.0,False,False
TL,2025-08-21,True,116.11,,0.5059227758061023,0.5134766243395391,0.0031114404552635535,0.3557805065735972,0.65,-0.0011196279390233155,1.0,1.0,False,True
TL,2025-08-22,False,115.98,-0.0011196279390233155,0.5250244626478471,0.568111635105677,0.019430686139682775,0.7244008604670757,0.7833333333333333,0.007070184514571309,1.0,1.0,False,True
TL,2025-08-25,False,116.8,0.007070184514571309,0.5264171911190642,0.5927077742769656,0.011954944493002394,0.7306314353860925,0.7833333333333333,0.004023972602739789,1.0,1.0,False,True
TL,2025-08-26,False,117.27,0.004023972602739789,0.47935891446512513,0.5186279820516355,0.009072740077174225,-0.2714393399959331,0.43333333333333335,0.0011085529120833382,1.0,1.0,False,True
TL,2025-08-27,False,117.4,0.0011085529120833382,0.5163734676144587,0.5579371792691161,-0.002476416456600927,0.49982704052754123,0.7,-0.008006814310051236,1.0,1.0,False,False
TL,2025-08-28,False,116.46,-0.008006814310051236,0.5161502855849703,0.5651033941843429,-0.002779207763035896,0.5051171055176984,0.7,0.0007727975270479526,1.0,1.0,False,False
TL,2025-08-29,False,116.55,0.0007727975270479526,0.5489052036588347,0.5775988510456359,0.008176739619938622,1.1603318609796531,0.8666666666666667,0.003088803088802994,0.0,1.0,True,True
TL,2025-09-01,False,116.91,0.003088803088802994,0.5371868441892003,0.58862132614285,0.014818759549252625,0.9215193242088167,0.85,-0.001967325292960287,0.0,0.0,True,True
TL,2025-09-02,False,116.68,-0.001967325292960287,0.493093353081635,0.5197244031134949,-0.0025523670461417456,-0.010968552183275929,0.48333333333333334,0.004028111073020257,1.0,0.0,False,False
TL,2025-09-03,False,117.15,0.004028111073020257,0.5185843465574825,0.5754649355329028,-0.005094372863217528,0.5071094877425396,0.7166666666666667,0.0015364916773366044,1.0,1.0,False,False
TL,2025-09-04,False,117.33,0.0015364916773366044,0.46455073018236537,0.5133718717623529,-0.01873114445846563,-0.6655938316454252,0.2833333333333333,-0.008352510014489112,1.0,1.0,False,False
TL,2025-09-05,False,116.35,-0.008352510014489112,0.4665447576737879,0.5311943544817107,-0.016982679593009437,-0.6014947672325036,0.3,-0.0024924795874515793,1.0,1.0,False,False
TL,2025-09-08,False,116.06,-0.0024924795874515793,0.5509185636701356,0.5899130229779118,0.006361083229330655,1.1893817706534833,0.8833333333333333,-0.002929519214199594,0.0,1.0,True,True
TL,2025-09-09,False,115.72,-0.002929519214199594,0.474970864485394,0.5275770646497608,-8.591306564068591e-05,-0.42172178538174365,0.35,-0.00829588662288272,1.0,0.0,False,False
TL,2025-09-10,False,114.76,-0.00829588662288272,0.5768090091131817,0.6286068387974737,0.02329426646732387,1.7328555591488726,0.95,-0.00017427675148140587,0.0,1.0,True,True
TL,2025-09-11,False,114.74,-0.00017427675148140587,0.5610678447169575,0.6090712525987966,0.021493661952938524,1.3485683955891068,0.9,0.0046191389227818735,0.0,0.0,True,True
TL,2025-09-12,False,115.27,0.0046191389227818735,0.4794315068007656,0.5437801724318942,-0.005687713350717644,-0.39927056212240813,0.4,0.0011277869350221348,1.0,0.0,False,False
TL,2025-09-15,False,115.4,0.0011277869350221348,0.47974759383152654,0.5344688584727273,-0.008782404362015096,-0.4175848477011941,0.4,0.0006932409012132545,1.0,1.0,False,False
TL,2025-09-16,False,115.48,0.0006932409012132545,0.46545246509467775,0.5629535990451172,-0.030403333892243877,-0.703090212588634,0.23333333333333334,0.003463803255975062,1.0,1.0,False,False
TL,2025-09-17,False,115.88,0.003463803255975062,0.42705353124497974,0.46953117340071215,-0.028200766865004334,-1.49556284806243,0.08333333333333333,-0.0022437003797031174,1.0,1.0,False,False
TL,2025-09-18,False,115.62,-0.0022437003797031174,0.5180855888878496,0.5510602713913167,0.0024614101587621174,0.5025039758425929,0.7166666666666667,-0.007092198581560294,1.0,1.0,False,True
TL,2025-09-19,False,114.8,-0.007092198581560294,0.542042796253411,0.6725423834023933,0.01772235286369408,0.9988490231150676,0.85,0.0028745644599303954,0.0,1.0,True,True
TL,2025-09-22,False,115.13,0.0028745644599303954,0.5994261217512105,0.7103208128144333,0.03829365783214967,2.2759879916351733,1.0,-0.007035525058629366,0.0,0.0,True,True
TL,2025-09-23,False,114.32,-0.007035525058629366,0.5903090824216708,0.626788385988265,0.04078516352167429,1.9678112094789348,0.9833333333333333,-0.0021868439468160084,0.0,0.0,True,True
TL,2025-09-24,False,114.07,-0.0021868439468160084,0.49602084984221473,0.5543286167769939,0.00041368080769900174,-0.05699647262568395,0.5,0.00035066187428767215,1.0,0.0,False,True
TL,2025-09-25,False,114.11,0.00035066187428767215,0.46480099536910857,0.5109190872942798,-0.025788887367760062,-0.7220586001295272,0.23333333333333334,0.0007010779072824658,1.0,1.0,False,False
TL,2025-09-26,False,114.19,0.0007010779072824658,0.5094160327375301,0.5424438277835754,-0.030552826507992292,0.2357861908323571,0.6,-0.004115947105701068,1.0,1.0,False,False
TL,2025-09-29,False,113.72,-0.004115947105701068,0.5121020819733503,0.5556314274192918,-0.014301881800132565,0.2930450112003748,0.6166666666666667,0.0015828350334154973,1.0,1.0,False,False
TL,2025-09-30,False,113.9,0.0015828350334154973,0.5377960727936493,0.5748945965306232,0.013085153250711079,0.8153208828365002,0.8166666666666667,0.005531167690956851,0.0,1.0,True,True
TL,2025-10-09,False,114.53,0.005531167690956851,0.547285423944716,0.6204727362415797,0.019334889720733404,0.9909407695660756,0.8333333333333334,-0.004889548589889103,0.0,0.0,True,True
TL,2025-10-10,False,113.97,-0.004889548589889103,0.539736681149564,0.5855467774914731,0.009582463879543346,0.826429649851229,0.8,0.0041238922523469945,0.0,0.0,True,True
TL,2025-10-13,False,114.44,0.0041238922523469945,0.49209085864855945,0.5901584891991267,-0.0038081838293666957,-0.168229122091315,0.4166666666666667,0.0027962250961202084,1.0,0.0,False,False
TL,2025-10-14,False,114.76,0.0027962250961202084,0.4424349427446569,0.4901633863563014,-0.024591682539414135,-1.2079251293382278,0.15,-0.0015684907633322087,1.0,1.0,False,False
TL,2025-10-15,False,114.58,-0.0015684907633322087,0.44775583209280323,0.46948373628668416,-0.029636092210873266,-1.1259472636525236,0.16666666666666666,0.003316460115203368,1.0,1.0,False,False
TL,2025-10-16,False,114.96,0.003316460115203368,0.48260080308595604,0.5279104976043658,-0.015860678268297207,-0.3725021197097024,0.4166666666666667,0.007915796798886765,1.0,1.0,False,False
TL,2025-10-17,False,115.87,0.007915796798886765,0.5260313186259556,0.5501762397213493,0.010804678029609155,0.5611773646651447,0.7166666666666667,-0.004919306118926436,1.0,1.0,False,True
TL,2025-10-20,False,115.3,-0.004919306118926436,0.5379560945230172,0.5703950146578616,0.0269317790089873,0.8016629801267497,0.8,0.002515177797051127,0.0,1.0,True,True
TL,2025-10-21,False,115.59,0.002515177797051127,0.48893974210055613,0.52743748544068,0.013772311145256694,-0.2275772889392695,0.43333333333333335,0.0001730253482135069,1.0,0.0,False,True
TL,2025-10-22,False,115.61,0.0001730253482135069,0.514696633199667,0.5587358780766772,0.0027100083702022324,0.3322230448993919,0.6,-0.0034599083124298158,1.0,1.0,False,True
TL,2025-10-23,False,115.21,-0.0034599083124298158,0.5888577962923369,0.6207768529465496,0.010239349400941233,1.8887131514381394,0.9666666666666667,-0.0017359604201023782,0.0,1.0,True,True
TL,2025-10-24,False,115.01,-0.0017359604201023782,0.5614638614369595,0.5800862407895317,0.014693358801966538,1.2616105692030626,0.9,0.003391009477436757,0.0,0.0,True,True
TL,2025-10-27,False,115.4,0.003391009477436757,0.4750219821421587,0.5719501669453457,0.001893170832049762,-0.6054947077604914,0.3,0.004852686308492116,1.0,0.0,False,True
TL,2025-10-28,False,115.96,0.004852686308492116,0.5002216406965319,0.5369394606466799,-0.014278579915644846,-0.06333596358789412,0.48333333333333334,-0.0011210762331838042,1.0,1.0,False,False
TL,2025-10-29,False,115.83,-0.0011210762331838042,0.4692196058694608,0.5439959902549792,-0.030051860158617983,-0.7604035427665904,0.25,0.0027626694293361176,1.0,1.0,False,False
TL,2025-10-30,False,116.15,0.0027626694293361176,0.5655347975786839,0.6015725382354266,0.00023394960107508966,1.3805778924503112,0.9333333333333333,0.004563065002152422,0.0,1.0,True,True
TL,2025-10-31,False,116.68,0.004563065002152422,0.4849781261081643,0.6072299137026814,0.008522544481416327,-0.41613196143199405,0.38333333333333336,-0.0014569763455605234,1.0,0.0,False,True
TL,2025-11-03,False,116.51,-0.0014569763455605234,0.4626248684892231,0.5038573227998564,-0.005943502417591407,-0.9233744452764875,0.16666666666666666,8.582954252855934e-05,1.0,1.0,False,False
TL,2025-11-04,False,116.52,8.582954252855934e-05,0.5101739890017216,0.5480175044864352,-0.002100116282493919,0.11191090734863589,0.5333333333333333,-0.0007723995880534185,1.0,1.0,False,False
TL,2025-11-05,False,116.43,-0.0007723995880534185,0.5161036833372248,0.5928018447757257,-0.007366636558936085,0.21819479229914862,0.5833333333333334,-0.0027484325345702443,1.0,1.0,False,False
TL,2025-11-06,False,116.11,-0.0027484325345702443,0.4830493087823618,0.5203688944253568,0.004962118019639666,-0.596290952366398,0.3333333333333333,-0.0013780036172594823,1.0,1.0,False,True
TL,2025-11-07,False,115.95,-0.0013780036172594823,0.5184314017237082,0.5372748800073385,0.008448838624961036,0.26162770816409436,0.6333333333333333,0.002846054333764503,1.0,1.0,False,True
TL,2025-11-10,False,116.28,0.002846054333764503,0.49473928814700946,0.5338683319248759,-0.0028541683322940935,-0.32316872086431275,0.4,0.00017199862401096055,1.0,1.0,False,False
TL,2025-11-11,False,116.3,0.00017199862401096055,0.507462844464974,0.5356777326151468,-0.0005591698379853848,-0.003241694508148884,0.5,0.0012897678417884695,1.0,1.0,False,False
TL,2025-11-12,False,116.45,0.0012897678417884695,0.5423004464736998,0.5834438465980822,0.010753371812394186,0.8426605728329944,0.8166666666666667,-0.002747960498067914,0.0,1.0,True,True
TL,2025-11-13,False,116.13,-0.002747960498067914,0.5438646043715936,0.5703491332776788,0.009842756362246113,0.8533621979252004,0.8166666666666667,0.00025833118057350113,0.0,0.0,True,True
TL,2025-11-14,False,116.16,0.00025833118057350113,0.5201594160698751,0.5494324871963854,0.008724201575235091,0.28749590470298003,0.6666666666666666,0.0024965564738292922,1.0,0.0,False,True
TL,2025-11-17,False,116.45,0.0024965564738292922,0.588979134872719,0.6353268424221454,0.014089155041166534,1.9200617415253263,0.9666666666666667,0.0006869901245170063,0.0,1.0,True,True
TL,2025-11-18,False,116.53,0.0006869901245170063,0.5269598213097917,0.563685634408363,0.001443328017330925,0.38025533349990587,0.7,-0.0037758517120054513,1.0,0.0,False,True
TL,2025-11-19,False,116.09,-0.0037758517120054513,0.48065650156985984,0.5884020515268736,-0.01196158003635509,-0.7745132204878397,0.26666666666666666,-0.0018950814023602769,1.0,1.0,False,False
TL,2025-11-20,False,115.87,-0.0018950814023602769,0.4982285636445714,0.5955526942579311,-0.015218433815346665,-0.3640993409812826,0.4,-0.0025891084836455747,1.0,1.0,False,False
TL,2025-11-21,False,115.57,-0.0025891084836455747,0.5554303508386177,0.6207466311556388,-0.009582882573342295,1.0768920159285669,0.8666666666666667,0.0016440252660725463,1.0,1.0,True,False
TL,2025-11-24,False,115.76,0.0016440252660725463,0.530005261916984,0.5783086074641743,0.008086473048314257,0.42618537384244176,0.6833333333333333,,1.0,1.0,False,True
TL,2025-11-25,True,115.16,,0.5247708342011908,0.5341973979886544,0.012000536353507446,0.29359377324765223,0.6333333333333333,-0.007554706495310759,1.0,1.0,False,True
TL,2025-11-26,False,114.29,-0.007554706495310759,0.5309781761189911,0.5701511063273491,0.0034839708311412477,0.4319426089039131,0.6833333333333333,0.0011374573453495351,1.0,1.0,False,True
TL,2025-11-27,False,114.42,0.0011374573453495351,0.6037685863404474,0.6514418205451379,0.009764938520566646,2.1654254159645245,1.0,0.0006117811571402232,0.0,1.0,True,True
TL,2025-11-28,False,114.49,0.0006117811571402232,0.5037264119867868,0.5395419690630971,0.0026440052278862147,-0.2853944037743068,0.4166666666666667,-0.001048126473927824,1.0,0.0,False,True
TL,2025-12-01,False,114.37,-0.001048126473927824,0.5501684860609914,0.5768626035448381,0.002354353958739708,0.8530993835563778,0.8166666666666667,-0.004196904782722721,0.0,1.0,True,True
TL,2025-12-02,False,113.89,-0.004196904782722721,0.5676787504166846,0.6329164176752942,0.001980104831593099,1.2557553621840625,0.9,-0.0024585125998770607,0.0,0.0,True,True
TL,2025-12-03,False,113.61,-0.0024585125998770607,0.6012086824553604,0.6572840656661321,0.005883253065972383,1.9619065748394084,0.9833333333333333,-0.010210368805562808,0.0,0.0,True,True
TL,2025-12-04,False,112.45,-0.010210368805562808,0.5479639187826029,0.6524684808719784,0.013951520998600109,0.6967140328639585,0.7666666666666667,0.0005335704757669646,1.0,0.0,False,True
TL,2025-12-05,False,112.51,0.0005335704757669646,0.4601545902917184,0.506102968334738,-0.01997426231726278,-1.352566826380726,0.06666666666666667,-0.0023997866856280137,1.0,1.0,False,False
TL,2025-12-08,False,112.24,-0.0023997866856280137,0.5763247584212897,0.6181551367321875,-0.012376207615443174,1.3128575209711297,0.8833333333333333,0.0031183178902352005,1.0,1.0,True,False
TL,2025-12-09,False,112.59,0.0031183178902352005,0.4218742250289829,0.6056858116789402,-0.033030807521406816,-2.1517687513342016,0.016666666666666666,0.0017763566924238194,1.0,1.0,False,False
TL,2025-12-10,False,112.79,0.0017763566924238194,0.48893687459406104,0.5158648533180002,-0.015633445363981913,-0.6552573577060569,0.2833333333333333,0.0035464136891567577,1.0,1.0,False,False
TL,2025-12-11,False,113.19,0.0035464136891567577,0.44147578964195616,0.4838700141948016,-0.012474548512675316,-1.658910943193738,0.05,-0.00636098595282264,1.0,1.0,False,False
TL,2025-12-12,False,112.47,-0.00636098595282264,0.5699502604987088,0.6264347765783249,0.0006852568767811374,1.2022781556742848,0.8833333333333333,-0.00835778429803502,0.0,1.0,True,True
TL,2025-12-15,False,111.53,-0.00835778429803502,0.5021519834019386,0.5891828295601496,0.0241568902650559,-0.3160674628424733,0.4,-0.0012552676409934849,1.0,0.0,False,True
TL,2025-12-16,False,111.39,-0.0012552676409934849,0.5355725725384606,0.5589364870544993,0.015394758964878148,0.4120704426043749,0.65,0.00673309991920279,1.0,1.0,False,True
TL,2025-12-17,False,112.14,0.00673309991920279,0.49907176748661475,0.5300758641205695,0.008081426772906897,-0.42438591513023705,0.35,0.0009809167112537764,1.0,1.0,False,True
TL,2025-12-18,False,112.25,0.0009809167112537764,0.4945649754694178,0.5530897329383176,-0.015385078597390578,-0.5718529255334556,0.2833333333333333,0.003652561247216024,1.0,1.0,False,False
TL,2025-12-19,False,112.66,0.003652561247216024,0.5278800346325688,0.5680489437635019,0.0010448505392217755,0.2069319015701474,0.6,-0.006035860110065627,1.0,1.0,False,True
TL,2025-12-22,False,111.98,-0.006035860110065627,0.5059539947785076,0.5704121128719233,-0.0030428888373951967,-0.2943986211340303,0.4166666666666667,0.007590641185926117,1.0,1.0,False,False
TL,2025-12-23,False,112.83,0.007590641185926117,0.5542187463062453,0.6044280850903118,0.012168297694835096,0.8810649227718836,0.8166666666666667,8.862891075067658e-05,0.0,1.0,True,True
TL,2025-12-24,False,112.84,8.862891075067658e-05,0.49656464932850386,0.5411385943786995,0.0030338059391848637,-0.484782111594438,0.3333333333333333,-0.002924494859978699,1.0,0.0,False,True
TL,2025-12-25,False,112.51,-0.002924494859978699,0.5067487437849224,0.5622608674725781,-0.005165192714529654,-0.23754071779488578,0.43333333333333335,0.003999644476046393,1.0,1.0,False,False
TL,2025-12-26,False,112.96,0.003999644476046393,0.5787188204255712,0.6272858134212512,0.009805964877280438,1.4917203320846493,0.9333333333333333,-0.010092067988668574,0.0,1.0,True,True
TL,2025-12-29,False,111.82,-0.010092067988668574,0.6330229048936118,0.6872021964194612,0.023976248827180024,2.612511522992044,1.0,8.942944017165111e-05,0.0,0.0,True,True
TL,2025-12-30,False,111.83,8.942944017165111e-05,0.39188575740976905,0.4564565619231038,-0.008308362272878022,-2.7347437014243527,0.016666666666666666,-0.0037557006170080287,1.0,0.0,False,False
TL,2025-12-31,False,111.41,-0.0037557006170080287,0.5814743635354331,0.608599738170266,-0.00373818235147807,1.332590561070804,0.9166666666666666,-0.0008078269455166209,1.0,1.0,True,False
TL,2026-01-05,False,111.32,-0.0008078269455166209,0.4185788005807773,0.5044103976314133,-0.03718285810477665,-2.0276836447535582,0.03333333333333333,-0.003503413582464865,1.0,1.0,False,False
TL,2026-01-06,False,110.93,-0.003503413582464865,0.5312630544362239,0.5793506828908398,-0.017682665774376754,0.3002161722551583,0.6666666666666666,-0.004146759217524609,1.0,1.0,False,False
TL,2026-01-07,False,110.47,-0.004146759217524609,0.4932420914481632,0.5404720098205968,0.015250135897757911,-0.48553682297799355,0.2833333333333333,0.004797682628767896,1.0,1.0,False,True
TL,2026-01-08,False,111.0,0.004797682628767896,0.5193148555844573,0.5565505771356472,-0.004965572503456567,0.02714826979030721,0.5333333333333333,-0.0011711711711711592,1.0,1.0,False,False
TL,2026-01-09,False,110.87,-0.0011711711711711592,0.49914311858170196,0.5206761676828454,0.014918043715008277,-0.42379273522383953,0.35,0.002976458915847413,1.0,1.0,False,True
TL,2026-01-12,False,111.2,0.002976458915847413,0.49102788582773055,0.5402978721667641,-0.007456931008344797,-0.6022989569967651,0.23333333333333334,0.0013489208633092886,1.0,1.0,False,False
TL,2026-01-13,False,111.35,0.0013489208633092886,0.583538488310844,0.6154884897196253,0.015230582396863474,1.346032063043734,0.9166666666666666,-0.0007184553210597411,0.0,1.0,True,True
TL,2026-01-14,False,111.27,-0.0007184553210597411,0.5761556500496514,0.6390067734507097,0.019807695865953018,1.1638314546491495,0.85,-0.0007189718702255155,0.0,0.0,True,True
TL,2026-01-15,False,111.19,-0.0007189718702255155,0.4583551798924753,0.5708632656587449,0.00035518868434675774,-1.2806037533561259,0.08333333333333333,-0.0002698084360104325,1.0,0.0,False,True
TL,2026-01-16,False,111.16,-0.0002698084360104325,0.5121456885196721,0.5348227328083301,-0.008294770303448551,-0.1642509588869764,0.48333333333333334,-0.0021590500179919925,1.0,1.0,False,False
TL,2026-01-19,False,110.92,-0.0021590500179919925,0.4164959964450797,0.5052933038758806,-0.03980949452615079,-2.0473039989087303,0.03333333333333333,0.005138838802740686,1.0,1.0,False,False
TL,2026-01-20,False,111.49,0.005138838802740686,0.5146322555600411,0.5387493676341695,-0.016490597242661626,-0.03648264478618014,0.5166666666666667,0.006816754865907271,1.0,1.0,False,False
TL,2026-01-21,False,112.25,0.006816754865907271,0.5050312105169701,0.5401887277189426,0.009583862828935853,-0.24469030164902172,0.4166666666666667,-0.0007126948775055819,1.0,1.0,False,True
TL,2026-01-22,False,112.17,-0.0007126948775055819,0.46521849746111177,0.49612405313615227,-0.0005319168045230305,-1.0436177005162857,0.15,0.0011589551573503165,1.0,1.0,False,False
TL,2026-01-23,False,112.3,0.0011589551573503165,0.5537695014727946,0.6524688364298654,0.022513325195650045,0.738099492888788,0.7666666666666667,0.001869991095280632,1.0,1.0,False,True
TL,2026-01-26,False,112.51,0.001869991095280632,0.5723051163149897,0.6344157669789882,0.01640840124657217,1.1127724878191882,0.85,-0.0037330015109767745,0.0,1.0,True,True
TL,2026-01-27,False,112.09,-0.0037330015109767745,0.5446326773412744,0.6006045100189898,0.018628955250248658,0.5277373867531406,0.7166666666666667,0.0,1.0,0.0,False,True
TL,2026-01-28,False,112.09,0.0,0.5487315847232164,0.5856851950895123,0.015788935039268905,0.5872624107385831,0.7333333333333333,0.000713712195557159,1.0,1.0,False,True
TL,2026-01-29,False,112.17,0.000713712195557159,0.5504541051250672,0.5777057412398825,-0.003020432428722808,0.6072509370904766,0.75,-0.0022287599179816597,1.0,1.0,False,False
TL,2026-01-30,False,111.92,-0.0022287599179816597,0.5736308406638156,0.616574714013524,0.000847287648144468,1.0544349326280122,0.85,0.0012508934953538997,0.0,1.0,True,True
TL,2026-02-02,False,112.06,0.0012508934953538997,0.4925000668093272,0.5416203400000752,-0.00793659651232952,-0.6042474151376074,0.2,-0.000892379082634398,1.0,0.0,False,False
TL,2026-02-03,False,111.96,-0.000892379082634398,0.5956708197592309,0.6185226920180179,0.0035924431756288954,1.4507181458811262,0.95,-0.0023222579492675477,0.0,1.0,True,True
TL,2026-02-04,False,111.7,-0.0023222579492675477,0.49175316527100554,0.5258474934930246,-0.009536190061270811,-0.6326383107359762,0.2,0.004207699194270331,1.0,0.0,False,False
TL,2026-02-05,False,112.17,0.004207699194270331,0.5418947962876667,0.6099625698170615,-0.006421899029061956,0.3610639800304987,0.6,0.003566015868770478,1.0,1.0,False,False
TL,2026-02-06,False,112.57,0.003566015868770478,0.4877873797924464,0.5992593274800633,-0.006320139750532572,-0.7030750632996133,0.16666666666666666,0.0014213378342364802,1.0,1.0,False,False
TL,2026-02-09,False,112.73,0.0014213378342364802,0.48152708292155394,0.5419680609436006,-0.0232253259153913,-0.8041047419000796,0.16666666666666666,-0.0004435376563469706,1.0,1.0,False,False
TL,2026-02-10,False,112.68,-0.0004435376563469706,0.5165406445381063,0.565562398443038,-0.0010792754831911167,-0.1061160479465067,0.48333333333333334,0.0006212282570110528,1.0,1.0,False,False
TL,2026-02-11,False,112.75,0.0006212282570110528,0.5154875894103984,0.5559998180562034,-0.0024061149008876626,-0.10430306118787402,0.48333333333333334,-0.00044345898004427564,1.0,1.0,False,False
TL,2026-02-12,False,112.7,-0.00044345898004427564,0.439697040074226,0.5301873774040193,-0.006222017294759635,-1.5722334255297397,0.08333333333333333,0.001242236024844745,1.0,1.0,False,False
TL,2026-02-13,False,112.84,0.001242236024844745,0.5955974824169821,0.6719604119425993,0.015129719452697593,1.4533837351258296,0.9333333333333333,0.0010634526763557695,0.0,1.0,True,True
TL,2026-02-24,False,112.96,0.0010634526763557695,0.4499860142509863,0.599896559593448,-0.005299936756765644,-1.3525843883671222,0.11666666666666667,,1.0,0.0,False,False
TL,2026-02-25,True,112.7,,0.5769075877364297,0.5888736082972302,0.013312897082882285,1.0752379987244938,0.8666666666666667,-0.0054125998225377225,0.0,1.0,True,True
TL,2026-02-26,False,112.09,-0.0054125998225377225,0.5579063889330032,0.6063194643206663,0.02177288030370019,0.700307619771684,0.75,-0.00017842804888934527,1.0,0.0,False,True
TL,2026-02-27,False,112.07,-0.00017842804888934527,0.5598773375780126,0.5954997167792324,0.0036480085004077954,0.7234412213731345,0.75,0.005978406353172039,1.0,1.0,False,True
TL,2026-03-02,False,112.74,0.005978406353172039,0.42638051726971943,0.49641765345453226,-0.006424124412095078,-1.728319682979209,0.08333333333333333,0.00026609898882390404,1.0,1.0,False,False
TL,2026-03-03,False,112.77,0.00026609898882390404,0.5056631523437004,0.5666860146474934,-0.02740147424487423,-0.2388876916311741,0.43333333333333335,0.0,1.0,1.0,False,False
TL,2026-03-04,False,112.77,0.0,0.5034506370487846,0.5318196638845745,-0.016312568900274937,-0.2805022109553721,0.4,0.0,1.0,1.0,False,False
TL,2026-03-05,False,112.77,0.0,0.5557105197103935,0.5895755084501209,0.006873648404382699,0.7020718809586954,0.7333333333333333,8.867606632967373e-05,1.0,1.0,False,True
TL,2026-03-06,False,112.78,8.867606632967373e-05,0.5060853995393307,0.5438041693796061,0.020945713190591575,-0.2144915634378114,0.4666666666666667,-0.011172193651356688,1.0,1.0,False,True
TL,2026-03-09,False,111.52,-0.011172193651356688,0.5927231991089289,0.6990984528208576,0.017675485602100315,1.436981766451923,0.95,-0.00026901004304158427,0.0,1.0,True,True
TL,2026-03-10,False,111.49,-0.00026901004304158427,0.43597271751387073,0.48339577616752466,-0.00979431596712923,-1.4874377801793248,0.1,-0.0021526594313391323,1.0,0.0,False,False
TL,2026-03-11,False,111.25,-0.0021526594313391323,0.46643117123293326,0.4883626275960861,-0.024867137898038055,-0.9207140513370455,0.2,0.001438202247191045,1.0,1.0,False,False
TL,2026-03-12,False,111.41,0.001438202247191045,0.4873644845321944,0.5241229606605962,-0.016373385789026834,-0.5046520156006447,0.23333333333333334,-0.003141549232564378,1.0,1.0,False,False
TL,2026-03-13,False,111.06,-0.003141549232564378,0.5174019814689775,0.5839497343356506,-0.009925066826157907,0.035002533551575545,0.5833333333333334,-0.003871781019268883,1.0,1.0,False,False
TL,2026-03-16,False,110.63,-0.003871781019268883,0.5382914364749037,0.6217225399570185,0.02556082481581103,0.4257502927206515,0.65,0.0005423483684352526,1.0,1.0,False,True
TL,2026-03-17,False,110.69,0.0005423483684352526,0.4183232647786701,0.47236058697158384,-0.004528886096581697,-1.8786539217959184,0.05,0.0026199295329298877,1.0,1.0,False,False
TL,2026-03-18,False,110.98,0.0026199295329298877,0.48943176862939425,0.5255978172662203,-0.00949441484959077,-0.48929929744958106,0.25,0.0008109569291763208,1.0,1.0,False,False
TL,2026-03-19,False,111.07,0.0008109569291763208,0.525657557395683,0.5584353600437469,-0.003234851599209859,0.20469283842481575,0.6,-0.0036013324930223023,1.0,1.0,False,False
TL,2026-03-20,False,110.67,-0.0036013324930223023,0.5203267695587764,0.6042524841044454,0.007140495878475828,0.10649726273431057,0.6,0.00036143489653928107,1.0,1.0,False,True
TL,2026-03-23,False,110.71,0.00036143489653928107,0.6300275757903194,0.6573803436872974,0.04543036229526808,2.1077456593645207,0.9833333333333333,0.004787282088339007,0.0,1.0,True,True
TL,2026-03-24,False,111.24,0.004787282088339007,0.46658074664516175,0.5210679026908139,0.005866797442617144,-0.9264868714664938,0.2,-0.0005393743257819938,1.0,0.0,False,True
TL,2026-03-25,False,111.18,-0.0005393743257819938,0.4770128188331555,0.546841666063892,-0.015103550003866966,-0.7144607176373422,0.21666666666666667,0.0022486058643640394,1.0,1.0,False,False
TL,2026-03-26,False,111.43,0.0022486058643640394,0.5483534352153945,0.6066749851692447,-0.009696142564392784,0.5882583035160762,0.6833333333333333,-0.002333303419187027,1.0,1.0,False,False
TL,2026-03-27,False,111.17,-0.002333303419187027,0.5127699518861026,0.5665054780862299,-0.015274255923820085,-0.05454674309351332,0.5,0.00386794998650708,1.0,1.0,False,False
TL,2026-03-30,False,111.6,0.00386794998650708,0.4705638509471632,0.5343864418241563,0.004372334165695002,-0.8230895557393928,0.21666666666666667,0.0008064516129031585,1.0,1.0,False,True
TL,2026-03-31,False,111.69,0.0008064516129031585,0.5181970772499341,0.5872871264923901,0.00045789325653259884,0.050070453959255315,0.5666666666666667,-0.003133673560748451,1.0,1.0,False,True
TL,2026-04-01,False,111.34,-0.003133673560748451,0.5349380308820916,0.587677484789888,-0.0021403683302774314,0.3756298765231971,0.65,-0.0013472247170828178,1.0,1.0,False,False
TL,2026-04-02,False,111.19,-0.0013472247170828178,0.5549354109535573,0.5862168462788006,0.014870509806983762,0.8017728651632464,0.7833333333333333,0.0024282759240938923,1.0,1.0,False,True
TL,2026-04-03,False,111.46,0.0024282759240938923,0.5493682248796017,0.6030574919898327,0.01943470815685001,0.673789059929009,0.7333333333333333,0.0017943656917280837,1.0,1.0,False,True
TL,2026-04-07,False,111.66,0.0017943656917280837,0.5359075739566863,0.6088058989048517,0.004985118741101446,0.4225615104963089,0.65,0.0038509761776823748,1.0,1.0,False,True
TL,2026-04-08,False,112.09,0.0038509761776823748,0.5300368450953846,0.5624981424080877,-0.0028830208570284842,0.2732733095286674,0.6,0.0003568560977784685,1.0,1.0,False,False
TL,2026-04-09,False,112.13,0.0003568560977784685,0.45923616325567795,0.5311585015306506,-0.021072987517997566,-1.1908993804621553,0.13333333333333333,0.0021403727815929585,1.0,1.0,False,False
TL,2026-04-10,False,112.37,0.0021403727815929585,0.567830828028058,0.6166734023505646,-0.003974620440409582,1.054420688472192,0.85,0.003381685503248244,1.0,1.0,True,False
TL,2026-04-13,False,112.75,0.003381685503248244,0.4753405261514145,0.5046214810115757,-0.008334011267787034,-0.8515635980946393,0.21666666666666667,0.001152993348115361,1.0,1.0,False,False
TL,2026-04-14,False,112.88,0.001152993348115361,0.48675417913979574,0.536606792583195,-0.007046096901544124,-0.6097412465819607,0.26666666666666666,0.0007973068745570355,1.0,1.0,False,False
TL,2026-04-15,False,112.97,0.0007973068745570355,0.5018548728372184,0.5496818909034918,0.00041607702748187034,-0.3020104898139657,0.36666666666666664,-0.0030096485792688865,1.0,1.0,False,True
TL,2026-04-16,False,112.63,-0.0030096485792688865,0.5208943456707513,0.5540809552300104,-0.006735861802880933,0.115416060001879,0.5833333333333334,0.006747758146142369,1.0,1.0,False,False
TL,2026-04-17,False,113.39,0.006747758146142369,0.4818357503251502,0.5115648464762729,0.004713061487842701,-0.6802107066290645,0.26666666666666666,-0.0010582943822207147,1.0,1.0,False,True
TL,2026-04-20,False,113.27,-0.0010582943822207147,0.4817771339354502,0.5170592656668304,-0.0029973212920759327,-0.6952588391817259,0.25,0.004502516111944965,1.0,1.0,False,False
TL,2026-04-21,False,113.78,0.004502516111944965,0.5038674650731626,0.5472956856354974,-0.003509202726341276,-0.21891449298060506,0.4166666666666667,0.0035155563367903486,1.0,1.0,False,False
TL,2026-04-22,False,114.18,0.0035155563367903486,0.4518893999511707,0.5302974108995021,-0.01159781766911488,-1.375469003647539,0.1,-0.0030653354352777606,1.0,1.0,False,False
TL,2026-04-23,False,113.83,-0.0030653354352777606,0.46843298785596676,0.504054928957995,-0.005669325892264631,-0.9877839301353752,0.18333333333333332,-0.00483176666959495,1.0,1.0,False,False
TL,2026-04-24,False,113.28,-0.00483176666959495,0.5340924522390881,0.6014633102877144,0.006919615939007995,0.427353741515332,0.6333333333333333,-0.004237288135593209,1.0,1.0,False,True
TL,2026-04-27,False,112.8,-0.004237288135593209,0.5464014393589937,0.610531321099376,0.016727100085957947,0.6690539587709715,0.7166666666666667,0.002570921985815655,1.0,1.0,False,True
TL,2026-04-28,False,113.09,0.002570921985815655,0.4401382205285658,0.4751237740418948,0.00544660926578171,-1.5831086035664994,0.08333333333333333,0.0027411795914757953,1.0,1.0,False,True
TL,2026-04-29,False,113.4,0.0027411795914757953,0.49257792793457483,0.5170332033905479,-0.004566435155330612,-0.4335933693883779,0.4,-0.0030864197530865445,1.0,1.0,False,False
TL,2026-04-30,False,113.05,-0.0030864197530865445,0.5170079675049597,0.5541307782953816,-0.008799248089267558,0.10793818497647886,0.55,-0.006015037593984918,1.0,1.0,False,False
TL,2026-05-06,False,112.37,-0.006015037593984918,0.5006293816680899,0.5417266941549624,-0.001467436840541364,-0.23326371216936134,0.4166666666666667,0.0005339503426180503,1.0,1.0,False,False
TL,2026-05-07,False,112.43,0.0005339503426180503,0.43375842053411556,0.5315695107315126,-0.00047081462553854594,-1.6297481044462796,0.05,-0.000622609623765924,1.0,1.0,False,False
TL,2026-05-08,False,112.36,-0.000622609623765924,0.5024804840661299,0.5358255530026484,-0.006344443470773403,-0.12392781049909907,0.4666666666666667,0.0038269846920613304,1.0,1.0,False,False
TL,2026-05-11,False,112.79,0.0038269846920613304,0.4634226387166664,0.5710108640783653,-0.010531955517854663,-0.9631616975465205,0.16666666666666666,0.0012412447912049096,1.0,1.0,False,False
TL,2026-05-12,False,112.93,0.0012412447912049096,0.4744898547042751,0.5432908064273895,-0.002261483574507872,-0.6977477740397048,0.25,0.0007084034357567326,1.0,1.0,False,False
TL,2026-05-13,False,113.01,0.0007084034357567326,0.6077775944853443,0.6813776604662717,0.03200477185406027,2.1557763107072305,0.9833333333333333,-0.0019467303778426537,0.0,1.0,True,True
TL,2026-05-14,False,112.79,-0.0019467303778426537,0.5218778636308176,0.5885721368709184,0.018314971489805328,0.31638452849338095,0.6833333333333333,-0.0017732068445784899,1.0,0.0,False,True
TL,2026-05-15,False,112.59,-0.0017732068445784899,0.5646869393663031,0.6055059437706091,0.024991661022581584,1.199812846183907,0.9,0.0018651745270450437,0.0,1.0,True,True
TL,2026-05-18,False,112.8,0.0018651745270450437,0.6118394339652504,0.6555782158799092,0.023160850340290938,2.084000223414117,0.9833333333333333,0.005585106382978822,0.0,0.0,True,True
TL,2026-05-19,False,113.43,0.005585106382978822,0.4521630628169041,0.5052538272117777,-0.022126749300244754,-1.16952577388178,0.15,-0.0006171206911752547,1.0,0.0,False,False
TL,2026-05-20,False,113.36,-0.0006171206911752547,0.4774059306560688,0.5323647541067725,-0.020146774249889653,-0.6404768815452621,0.31666666666666665,-0.0021171489061396764,1.0,1.0,False,False
TL,2026-05-21,False,113.12,-0.0021171489061396764,0.4931627925213216,0.5164670354277593,-0.02774817969991446,-0.34442179928385686,0.4166666666666667,0.0012376237623763497,1.0,1.0,False,False
TL,2026-05-22,False,113.26,0.0012376237623763497,0.5378163160361288,0.5615805958035381,-0.010704650615382578,0.6111098731207713,0.75,,1.0,1.0,False,False
TL,2026-05-25,True,113.22,,0.4644457855657496,0.4751122078929085,0.008497583087775101,-0.9500027342302562,0.16666666666666666,0.002208090443384547,1.0,1.0,False,True
TL,2026-05-26,False,113.47,0.002208090443384547,0.462458624838459,0.5286211492470674,-0.005861161859079156,-0.9614310735199877,0.15,0.0014100643341852237,1.0,1.0,False,False
TL,2026-05-27,False,113.63,0.0014100643341852237,0.5435138806239375,0.5809701092434318,0.0025344485007561925,0.7880395224748096,0.8,0.000704039426207892,0.0,1.0,True,True
TL,2026-05-28,False,113.71,0.000704039426207892,0.4739449617690455,0.5133531567210607,-0.004867461347597873,-0.6872161315292129,0.26666666666666666,0.0018468032714802352,1.0,0.0,False,False
TL,2026-05-29,False,113.92,0.0018468032714802352,0.47337807211479743,0.5148292066710625,0.002935091002868212,-0.7321807427610205,0.25,0.002633426966292207,1.0,1.0,False,True
TL,2026-06-01,False,114.22,0.002633426966292207,0.44553258638236404,0.5246634340517793,-0.010398788542132997,-1.308607349672952,0.08333333333333333,0.00017510068289272596,1.0,1.0,False,False
TL,2026-06-02,False,114.24,0.00017510068289272596,0.5082265263315602,0.5382463516818851,-0.009898708397143602,0.06134726226004516,0.5666666666666667,-0.0021883753501400482,1.0,1.0,False,False
TL,2026-06-03,False,113.99,-0.0021883753501400482,0.5541334267835887,0.5796564687851262,0.01952253842458491,1.0669899765531365,0.8833333333333333,0.002982717782261668,0.0,1.0,True,True
TL,2026-06-04,False,114.33,0.002982717782261668,0.4992170856149025,0.5181177494861036,0.016027886740143483,-0.13275382128732996,0.48333333333333334,-0.003236245954692629,1.0,0.0,False,True
TL,2026-06-05,False,113.96,-0.003236245954692629,0.5272886315073809,0.5857048629156747,0.015450264953337612,0.5211268878339655,0.7166666666666667,-0.0019305019305019266,1.0,1.0,False,True
TL,2026-06-08,False,113.74,-0.0019305019305019266,0.6022454261580206,0.6567654412773236,0.0161193004376713,2.1092321397729736,0.95,-0.0028134341480569036,0.0,1.0,True,True
TL,2026-06-09,False,113.42,-0.0028134341480569036,0.44623775371361885,0.521606815306141,-0.011276300559682161,-1.3256111205556904,0.08333333333333333,-0.0030858755069653743,1.0,0.0,False,False
TL,2026-06-10,False,113.07,-0.0030858755069653743,0.48535514052122,0.552518761212752,-0.010877476798112717,-0.4660353408881217,0.38333333333333336,-0.0010612894667019201,1.0,1.0,False,False
TL,2026-06-11,False,112.95,-0.0010612894667019201,0.561705075615426,0.5911497464017843,-0.0048057397420710355,1.1793830832845789,0.9,0.003098716246126454,1.0,1.0,True,False
TL,2026-06-12,False,113.3,0.003098716246126454,0.5114261828985774,0.568268091763793,-0.0066171164617079056,0.09891805460368863,0.5666666666666667,0.0010591350397175514,1.0,1.0,False,False
TL,2026-06-15,False,113.42,0.0010591350397175514,0.5490059442882846,0.5916146670794361,0.023160742352668906,0.892807583018804,0.8333333333333334,0.002027861047434243,0.0,1.0,True,True
TL,2026-06-16,False,113.65,0.002027861047434243,0.5199975994028768,0.583870193395931,0.005658578643617229,0.23333377748954445,0.6,0.002199736031676114,1.0,0.0,False,True
TL,2026-06-17,False,113.9,0.002199736031676114,0.5275455567123746,0.5793699123016072,-0.005974762130180356,0.40142584506790613,0.6833333333333333,-0.00026338893766464366,1.0,1.0,False,False
TL,2026-06-18,False,113.87,-0.00026338893766464366,0.46928021172689277,0.5191596471291691,-0.010575232991927941,-0.8775829037915539,0.21666666666666667,0.0010538333186966842,1.0,1.0,False,False
TL,2026-06-22,False,113.99,0.0010538333186966842,0.5958242254327095,0.6410385429319735,0.004291917461286571,2.009712512943114,0.95,-0.003158171769453433,0.0,1.0,True,True
TL,2026-06-23,False,113.63,-0.003158171769453433,0.5063531299328985,0.5373927383531721,0.004098972978037829,-0.05756943942558013,0.5166666666666667,-0.0011440640675877134,1.0,0.0,False,True
TL,2026-06-24,False,113.5,-0.0011440640675877134,0.5385025036069826,0.5732698965442261,0.005898681199522177,0.6623696490320445,0.7666666666666667,0.0038766519823787426,1.0,1.0,False,True
TL,2026-06-25,False,113.94,0.0038766519823787426,0.5992567422963803,0.6331472902809963,0.020263133931324805,1.9906077130925575,0.95,0.00087765490609093,0.0,1.0,True,True
TL,2026-06-26,False,114.04,0.00087765490609093,0.4181307573524759,0.4937023079018011,-0.026248332379698546,-1.976108340612271,0.016666666666666666,0.0018414591371447298,1.0,0.0,False,False
TL,2026-06-29,False,114.25,0.0018414591371447298,0.5103136156454646,0.5394432630246767,-0.011245077482937443,0.011167535877535448,0.5333333333333333,-0.0047264770240700305,1.0,1.0,False,False
TL,2026-06-30,False,113.71,-0.0047264770240700305,0.5035673270270864,0.5570303259140883,-0.015881347981070805,-0.13090224150137209,0.48333333333333334,-0.0030780054524667255,1.0,1.0,False,False
TL,2026-07-01,False,113.36,-0.0030780054524667255,0.49784314960033177,0.5401022915839927,-0.011739061571748649,-0.24298235707537788,0.4166666666666667,0.0005292872265350024,1.0,1.0,False,False
TL,2026-07-02,False,113.42,0.0005292872265350024,0.45113018499759394,0.48444825923511114,0.005352838924510323,-1.2227307756996455,0.1,-0.0014988538176688992,1.0,1.0,False,True
TL,2026-07-03,False,113.25,-0.0014988538176688992,0.5156556445977589,0.5600607935990064,-0.0041753084124903864,0.19776734189888198,0.6166666666666667,0.003002207505518717,1.0,1.0,False,False
TL,2026-07-06,False,113.59,0.003002207505518717,0.5546473695589836,0.6334365643467723,0.011997258006122164,1.0409141333906549,0.8666666666666667,0.000440179593274026,0.0,1.0,True,True
TL,2026-07-07,False,113.64,0.000440179593274026,0.49060376707434145,0.5296917014490524,0.008903841950940905,-0.3430998882646524,0.4,0.0026399155227032622,1.0,0.0,False,True
TL,2026-07-08,False,113.94,0.0026399155227032622,0.49579956905333494,0.5302873956023534,0.006428689058806452,-0.2449874589451776,0.43333333333333335,-0.0007021239248726774,1.0,1.0,False,True
TL,2026-07-09,False,113.86,-0.0007021239248726774,0.5258957612923342,0.5476107455336955,-0.003836756711649819,0.44004420761377444,0.7166666666666667,0.0010539258738802015,1.0,1.0,False,False
TL,2026-07-10,False,113.98,0.0010539258738802015,0.6036571790419264,0.6735895504105718,0.013331161318387824,2.0598895045509242,0.9666666666666667,-0.002807510089489429,0.0,1.0,True,True
TL,2026-07-13,False,113.66,-0.002807510089489429,0.5678808897948951,0.6779711158898188,0.026241185542969885,1.2428891641467634,0.9,0.0012317437972901857,0.0,0.0,True,True
TL,2026-07-14,False,113.8,0.0012317437972901857,0.5483828841242511,0.591720832798226,0.014715175864439323,0.8054177308113868,0.8,8.787346221450498e-05,0.0,0.0,True,True
TL,2026-07-15,False,113.81,8.787346221450498e-05,0.5022160553314783,0.55318550585672,-0.01026337068393871,-0.16902328789315427,0.4666666666666667,-0.0019330463052456004,1.0,0.0,False,False
TL,2026-07-16,False,113.59,-0.0019330463052456004,0.5242336665731594,0.5613550910418386,-0.022451185940095087,0.2845986027439729,0.65,0.002553041640989351,1.0,1.0,False,False
TL,2026-07-17,False,113.88,0.002553041640989351,0.5612184084445093,0.6136923722688838,-0.0037474180251863332,1.038056564803196,0.85,-0.0015806111696522462,1.0,1.0,True,False
TL,2026-07-20,False,113.7,-0.0015806111696522462,0.5215839046836316,0.5659212201339376,0.0005404394231792065,0.1924676190245548,0.6,0.0013192612137202797,1.0,1.0,False,True
TL,2026-07-21,False,113.85,0.0013192612137202797,0.5126125956829684,0.5622248312226029,0.0018143318813452324,-0.019210403632338374,0.5333333333333333,0.006587615283267567,1.0,1.0,False,True
TL,2026-07-22,False,114.6,0.006587615283267567,0.5803743389413225,0.6520337080446782,0.006367553197478526,1.384384263721191,0.9,0.0010471204188482464,0.0,1.0,True,True
TL,2026-07-23,False,114.72,0.0010471204188482464,0.5551248836698888,0.6107274804975789,0.004660338470844983,0.8352495531210773,0.8166666666666667,0.0010460251046024993,0.0,0.0,True,True
TL,2026-07-24,False,114.84,0.0010460251046024993,0.5623969435549713,0.6271022393017527,0.012413836572959979,0.9791661610961823,0.85,0.0,0.0,0.0,True,True
TL,2026-07-27,False,114.84,0.0,0.5587834672931421,0.5925294063374291,0.007436434783399626,0.8750334833557618,0.8,,0.0,0.0,True,True
